Gene_set,Term,Overlap,P-value,Adjusted P-value,Old P-value,Old Adjusted P-value,Odds Ratio,Combined Score,Genes,Library
GO_Biological_Process_2023,DNA Metabolic Process (GO:0006259),30/288,3.526299390905449e-08,6.448031030343871e-05,0,0,3.4933162424464386,59.94681497391745,TOP2A;PRIM2;PRKDC;OGG1;PRIM1;NUDT1;BRCA1;RAD51AP1;RECQL5;SLX4;TRIM28;EXO1;HLTF;MEN1;NPM1;RRM1;PARP1;XRCC3;LIG3;FAM111B;DDB1;POLA1;ERCC3;GRWD1;UBE2T;DMC1;CDK1;MCM5;RAD18;RAN,GO_Biological_Process_2023
GO_Biological_Process_2023,Ribosome Biogenesis (GO:0042254),21/155,4.792293593715252e-08,6.448031030343871e-05,0,0,4.672534068786503,78.74935481712473,UTP15;NOM1;NPM1;DDX27;PNO1;POP4;PIH1D1;HEATR1;NOL7;NAT10;URB2;UTP18;WDR43;RRP9;BYSL;EXOSC5;EXOSC4;GRWD1;DHX37;RRS1;DCAF13,GO_Biological_Process_2023
GO_Biological_Process_2023,Sister Chromatid Segregation (GO:0000819),10/34,9.8313472056088e-08,8.217160199687182e-05,0,0,12.284351145038167,198.20929274149964,TOP2A;KIF18A;KIF18B;SPAG5;ESPL1;ZNF207;KNTC1;TUBG1;ZWINT;RAN,GO_Biological_Process_2023
GO_Biological_Process_2023,Mitotic Sister Chromatid Segregation (GO:0000070),17/111,1.501208623015637e-07,8.217160199687182e-05,0,0,5.369992776464407,84.37238739203062,SPAG5;KIF14;KIF11;TUBG1;ZWINT;EML4;CCNB1;KIF18A;KIF18B;ESPL1;NUP62;ZNF207;RRS1;PHF13;KNTC1;NCAPD2;RAN,GO_Biological_Process_2023
GO_Biological_Process_2023,DNA Repair (GO:0006281),29/291,1.5523035106949468e-07,8.217160199687182e-05,0,0,3.319392433626194,52.0426152401307,PRKDC;OGG1;NUDT1;RNF8;BRCA1;RAD51AP1;RECQL5;SLX4;TRIM28;EME1;EXO1;HLTF;MEN1;NPM1;RRM1;PARP1;XRCC3;LIG3;FANCE;FANCF;DDB1;POLA1;ERCC3;FANCD2;UBE2T;ERCC2;CDK1;RAD18;TP73,GO_Biological_Process_2023
GO_Biological_Process_2023,Mitotic Nuclear Division (GO:0140014),11/45,1.832142742405169e-07,8.217160199687182e-05,0,0,9.548075193380104,148.1155616802021,KIF18A;KIF18B;SPAG5;ESPL1;UBE2S;NUP62;ZNF207;KNTC1;TUBG1;ZWINT;RAN,GO_Biological_Process_2023
GO_Biological_Process_2023,Positive Regulation Of Cell Cycle Process (GO:0090068),17/118,3.706747053845432e-07,0.00014249794745568655,0,0,4.995996821904413,73.98042599434596,GPSM2;RRM1;SPAG5;DDX11;XRCC3;PDGFB;KIF14;DBF4B;AURKB;CIT;RACGAP1;NUP62;BIRC5;NCAPD2;RAD18;E2F7;E2F8,GO_Biological_Process_2023
GO_Biological_Process_2023,DNA Damage Response (GO:0006974),33/384,6.942459771450445e-07,0.00023352699056216437,0,0,2.824083089905874,40.0467394143789,TOP2A;PRKDC;STXBP4;OGG1;SUV39H1;NUDT1;RNF8;BRCA1;RPTOR;RAD51AP1;RECQL5;SLX4;TRIM28;EXO1;HLTF;UBR5;UBQLN4;MEN1;NPM1;RRM1;PARP1;NCOA6;CBX3;DDX11;XRCC3;FANCF;DDB1;POLA1;ERCC3;UBE2T;CDK1;RAD18;TP73,GO_Biological_Process_2023
GO_Biological_Process_2023,Ribonucleoprotein Complex Biogenesis (GO:0022613),15/118,8.707758855704804e-06,0.0026036198978557,0,0,4.308887229275578,50.20412100102198,UTP15;NOM1;NPM1;PNO1;HEATR1;NOL7;NAT10;URB2;UTP18;WDR43;RRP9;BYSL;GRWD1;DHX37;RRS1,GO_Biological_Process_2023
GO_Biological_Process_2023,Positive Regulation Of DNA-templated Transcription (GO:0045893),69/1243,1.9664207053749312e-05,0.0052916381181639,0,0,1.7909130146461931,19.407605826725455,CRTC2;PTPRN;HNRNPU;BRCA1;FOXM1;WDR43;RPTOR;TRIM28;CREB3L4;NUP62;KAT7;ATXN7L3;MEN1;HMGN1;HTATIP2;ARHGEF11;UTP15;OSR2;SMARCC1;PARP1;NCOA6;NME2;SOX12;PPRC1;ETV4;SREBF2;HCFC1;JMJD6;METTL23;ILF3;PRPF6;ELF3;PPARG;PLCB1;ZP3;ENY2;AIRE;PRKDC;SHC1;HEATR1;PDGFB;FOXK2;MED30;HLTF;SPP1;LEO1;DVL3;E2F2;E2F3;OTX1;MTA3;E2F7;E2F8;NPM1;SMAD3;NFYA;CDX2;TRIP4;USF1;APLN;BCL9;CDK7;TFAP4;UBA2;HOXD4;LHX4;HOXD8;TAF2;TP73,GO_Biological_Process_2023
GO_Biological_Process_2023,Regulation Of Cell Cycle Process (GO:0010564),15/130,2.8185419223321248e-05,0.0068951784663597,0,0,3.85685618729097,40.40714744273504,SMARCE1;SMARCC1;CUL7;SPAG5;KIF11;DBF4B;FBXO43;PKMYT1;AURKB;RACGAP1;DPF2;ZNF207;CEP250;NEK2;GIT1,GO_Biological_Process_2023
GO_Biological_Process_2023,Cell Cycle G2/M Phase Transition (GO:0044839),8/40,4.293143353950436e-05,0.0094079087171145,0,0,7.345129375951294,73.86193264693387,CCNB1;ENSA;CDK1;FOXM1;PKMYT1;PLCB1;AURKB;TAF2,GO_Biological_Process_2023
GO_Biological_Process_2023,"Maturation Of SSU-rRNA From Tricistronic rRNA Transcript (SSU-rRNA, 5.8S rRNA, LSU-rRNA) (GO:0000462)",7/30,4.544883438219603e-05,0.0094079087171145,0,0,8.932469935245143,89.31508251084499,HEATR1;RPP40;DHX37;RRS1;NOL10;WDR43;DCAF13,GO_Biological_Process_2023
GO_Biological_Process_2023,Placenta Development (GO:0001890),6/22,6.24863856941929e-05,0.0120107759930766,0,0,10.99336115326252,106.42191262579254,CUL7;LEP;PDGFB;PPARG;E2F7;E2F8,GO_Biological_Process_2023
GO_Biological_Process_2023,tRNA Modification (GO:0006400),10/67,6.920625271667376e-05,0.0124156017373712,0,0,5.163519485737244,49.45835491624585,METTL2B;CTU1;AARS2;METTL1;WDR4;CDKAL1;DUS4L;PUS7;TRMT61A;TARBP1,GO_Biological_Process_2023
GO_Biological_Process_2023,Regulation Of DNA-templated Transcription (GO:0006355),94/1922,8.69063682187268e-05,0.0146165648047871,0,0,1.5766209230226829,14.742476544078892,GPI;ZNF692;OGG1;SUV39H1;NKAP;BRCA1;FOXM1;CELSR2;TRIM28;CREB3L4;SIX5;SIX2;NUP62;DPF2;KAT7;ZFPL1;ATXN7L3;TEAD3;MEN1;HTATIP2;ARHGEF11;ZNF165;PIAS3;OSR2;SMARCC1;PARP1;ZNF282;NCOA6;SOX13;NME2;CBFA2T2;ETV4;HCFC1;JMJD6;RFX8;ILF3;BRMS1;ELF3;BIRC5;PPARG;TRIB3;PLCB1;ZP3;ENY2;HOXD1;AIRE;SHC1;PDGFB;TULP3;FOXK2;MED30;SPP1;DVL3;E2F2;BRD9;E2F3;MSX1;OTX1;MTA3;NKX2-3;ZNF146;E2F7;E2F8;SMARCE1;ZNF341;NPM1;SMAD3;NFYA;CDX2;ATP8B1;BRPF3;CBX3;FBXL19;NONO;PRRX2;TRIP4;YY1AP1;USF1;TARBP1;ZBTB9;GON4L;TFAP4;ZFAT;MAFG;POLR3F;UBA2;GTF2IRD1;HOXD4;ZNF138;LHX4;HOXD9;HOXD8;TAF2;TP73,GO_Biological_Process_2023
GO_Biological_Process_2023,Chromatin Organization (GO:0006325),22/268,9.692820050273696e-05,0.0151536740668046,0,0,2.654970982058188,24.536020674352383,SMARCE1;SMARCC1;NPM1;CHTOP;CBX3;DDX11;PIH1D1;SUV39H1;HNRNPU;HCFC1;CHAF1B;CHAF1A;CHRAC1;TRIM28;GRWD1;DPF2;KAT7;BRD9;HDGF;MTA3;HMGN1;FAM50A,GO_Biological_Process_2023
GO_Biological_Process_2023,Ribosomal Small Subunit Biogenesis (GO:0042274),11/84,0.00010354778624308602,0.0151536740668046,0,0,4.438062921536592,40.72134580990282,UTP15;NOM1;NPM1;PNO1;HEATR1;NOL7;DHX37;NAT10;UTP18;WDR43;RRP9,GO_Biological_Process_2023
GO_Biological_Process_2023,Negative Regulation Of Cell Cycle Process (GO:0010948),7/34,0.00010699361102537656,0.0151536740668046,0,0,7.607565011820331,69.55399985552351,ESPL1;NME6;NEK2;FBXO43;AURKB;E2F7;E2F8,GO_Biological_Process_2023
GO_Biological_Process_2023,Regulation Of Attachment Of Spindle Microtubules To Kinetochore (GO:0051988),4/9,0.0001335537898099638,0.0171329749445823,0,0,23.394856278366117,208.70565887478057,CCNB1;RACGAP1;SPAG5;NEK2,GO_Biological_Process_2023
GO_Biological_Process_2023,Microtubule Cytoskeleton Organization Involved In Mitosis (GO:1902850),9/59,0.000133702145609896,0.0171329749445823,0,0,5.291615853658537,47.20066322439368,GPSM2;CCNB1;ESPL1;CDK1;BIRC5;KIF11;TUBG1;AURKB;RAN,GO_Biological_Process_2023
GO_Biological_Process_2023,Positive Regulation Of DNA-templated DNA Replication (GO:2000105),4/10,0.00021673653352033255,0.0261686266348901,0,0,19.494704992435704,164.47347436129246,DBF4B;SSBP1;E2F7;E2F8,GO_Biological_Process_2023
GO_Biological_Process_2023,G2/M Transition Of Mitotic Cell Cycle (GO:0000086),7/38,0.0002236634755118819,0.0261686266348901,0,0,6.624571036376115,55.68195725197847,CCNB1;ENSA;CDK1;FOXM1;PKMYT1;PLCB1;TAF2,GO_Biological_Process_2023
GO_Biological_Process_2023,DNA-templated DNA Replication (GO:0006261),9/69,0.0004490854025944019,0.0484418361255121,0,0,4.407393292682927,33.973498620547524,PRIM2;POLA1;RRM1;CHRAC1;RECQL5;POLG2;PRIM1;MCM5;SSBP1,GO_Biological_Process_2023
GO_Biological_Process_2023,ncRNA Processing (GO:0034470),11/100,0.00048918057313203,0.0484418361255121,0,0,3.6371851699137543,27.725458246562884,UTP15;EXOSC5;DDX27;EXOSC4;POP4;PIH1D1;INTS7;INTS8;DCAF13;RRP9;BYSL,GO_Biological_Process_2023
GO_Biological_Process_2023,protein-RNA Complex Assembly (GO:0022618),14/150,0.000491863826815799,0.0484418361255121,0,0,3.035895003162556,23.125349281882503,HSP90AA1;PRKDC;CELF3;EIF2S2;NLE1;SRPK1;COIL;SART1;EIF3M;PRPF6;RRS1;SNRPF;SNRNP200;SNRPB,GO_Biological_Process_2023
GO_Biological_Process_2023,Regulation Of Mitotic Nuclear Division (GO:0007088),8/56,0.0004969637394239133,0.0484418361255121,0,0,4.892694063926941,37.21869190965972,CUL7;CCNB1;NME6;NUP62;PDGFB;NEK2;FBXO43;PKMYT1,GO_Biological_Process_2023
GO_Biological_Process_2023,rRNA Processing (GO:0006364),11/101,0.0005328235250494145,0.0484418361255121,0,0,3.596585117227319,27.10861396473248,UTP15;SART1;EXOSC5;DDX27;EXOSC4;PRKDC;POP4;PIH1D1;NAT10;DCAF13;RRP9,GO_Biological_Process_2023
GO_Biological_Process_2023,Regulation Of Mitotic Cell Cycle Phase Transition (GO:1901990),10/86,0.0005617066056577757,0.0484418361255121,0,0,3.868822820409803,28.95632393970684,DDB1;SMARCE1;SMARCC1;CDK7;TFAP4;ERCC3;ERCC2;KIF14;DPF2;KNTC1,GO_Biological_Process_2023
GO_Biological_Process_2023,Histone Lysine Methylation (GO:0034968),6/32,0.0005718513148490776,0.0484418361255121,0,0,6.761643515816505,50.486700733709945,SETDB1;NCOA6;SUV39H1;DPY30;MEN1;HCFC1,GO_Biological_Process_2023
GO_Biological_Process_2023,Phosphorylation (GO:0016310),28/429,0.0005749099570874923,0.0484418361255121,0,0,2.0754706639993423,15.485703299978422,GPI;GSK3A;GMFB;PRKAA2;PRKDC;PKN3;PDGFB;PRKAG1;STK39;WNK4;AURKB;STK3;RPTOR;PPP4R1;IRAK1;PGK1;NEK2;CSNK2A1;DAPK2;CSNK1D;YWHAZ;SRPK1;CLK2;ILF3;CSNK2B;CDK1;BIRC5;TAF2,GO_Biological_Process_2023
GO_Biological_Process_2023,Protein Stabilization (GO:0050821),17/208,0.0006116981402604122,0.0484418361255121,0,0,2.629500355503846,19.45638738681585,GPI;HSP90AA1;CSNK2A1;STXBP4;PIH1D1;ATP1B1;HCFC1;PDRG1;STK3;PDCL3;CDK7;BAG3;ZNF207;DVL3;PFDN2;MSX1;CCT7,GO_Biological_Process_2023
GO_Biological_Process_2023,Positive Regulation Of Protein Localization To Nucleus (GO:1900182),9/72,0.0006175183353754601,0.0484418361255121,0,0,4.196864111498257,31.01399395286109,SMAD3;TRIM28;BAG3;UBR5;TESK1;CDK1;KAT7;CCT7;RAN,GO_Biological_Process_2023
GO_Biological_Process_2023,Peptidyl-Threonine Phosphorylation (GO:0018107),8/58,0.00063269271738089,0.0484418361255121,0,0,4.696499238964992,34.59218580827779,GPI;GSK3A;CSNK2A1;PRKDC;CAD;CSNK2B;STK39;CDK1,GO_Biological_Process_2023
GO_Biological_Process_2023,Mitochondrial DNA Metabolic Process (GO:0032042),4/13,0.0006813633957390169,0.0484418361255121,0,0,12.994452849218357,94.74794547674875,RRM1;PARP1;POLG2;SSBP1,GO_Biological_Process_2023
GO_Biological_Process_2023,Outer Mitochondrial Membrane Organization (GO:0007008),4/13,0.0006813633957390169,0.0484418361255121,0,0,12.994452849218357,94.74794547674875,MTCH1;SAMM50;TOMM20;TOMM22,GO_Biological_Process_2023
GO_Biological_Process_2023,Protein Insertion Into Mitochondrial Outer Membrane (GO:0045040),4/13,0.0006813633957390169,0.0484418361255121,0,0,12.994452849218357,94.74794547674875,MTCH1;SAMM50;TOMM20;TOMM22,GO_Biological_Process_2023
GO_Biological_Process_2023,Protein Phosphorylation (GO:0006468),31/500,0.0007070216142567456,0.0484418361255121,0,0,1.96688706086512,14.268682502671735,GPI;GSK3A;GMFB;PRKAA2;PNCK;PRKDC;PKN3;PDGFB;PRKAG1;STK39;WNK4;AURKB;STK3;PPP4R1;IRAK1;PBK;NEK2;HTATIP2;CSNK2A1;DAPK2;CAD;DCLK3;CSNK1D;YWHAZ;SRPK1;CLK2;ILF3;CSNK2B;CDK1;BIRC5;TAF2,GO_Biological_Process_2023
GO_Biological_Process_2023,Mitotic Cytokinesis (GO:0000281),8/59,0.0007109660615546124,0.0484418361255121,0,0,4.604172262512311,33.37511922314935,CUL7;ESPL1;RACGAP1;BIRC5;EXOC6;CENPA;AURKB;CIT,GO_Biological_Process_2023
GO_Biological_Process_2023,Positive Regulation Of Cellular Biosynthetic Process (GO:0031328),15/174,0.0007270680621925856,0.0484418361255121,0,0,2.783164005805516,20.11250814823138,ADSL;HSP90AA1;NPM1;YTHDF1;LPGAT1;SMAD3;PRKDC;ELOVL5;NSUN5;PRMT1;MID1IP1;PDGFB;NAT10;DDB1;METTL5,GO_Biological_Process_2023
GO_Biological_Process_2023,Positive Regulation Of DNA Repair (GO:0045739),10/89,0.0007380584470999622,0.0484418361255121,0,0,3.7213257319547774,26.836294147853767,SMARCE1;SMARCC1;TRIM28;PARP1;DDX11;DPF2;RNF8;SPIRE2;BRCA1;FOXM1,GO_Biological_Process_2023
GO_Biological_Process_2023,Protein Localization To Nucleus (GO:0034504),12/122,0.0007651650307892252,0.0490252166155667,0,0,3.2117499651956005,23.045651790579992,IPO9;NXT1;NUP133;NUP62;RRS1;HNRNPU;E2F3;MSX1;TOR1B;LMNB2;RAN;STK3,GO_Biological_Process_2023
GO_Biological_Process_2023,Negative Regulation Of Transcription Elongation By RNA Polymerase II (GO:0034244),4/14,0.0009289380054504876,0.0581342365736572,0,0,11.694402420574889,81.6441027563461,RECQL5;PARP1;RNF8;HNRNPU,GO_Biological_Process_2023
GO_Biological_Process_2023,Positive Regulation Of Cell Cycle G2/M Phase Transition (GO:1902751),5/24,0.0010059070161375,0.060437233761662,0,0,7.701754385964913,53.156473970858094,NPM1;RRM1;CCNB1;CDK1;DBF4B,GO_Biological_Process_2023
GO_Biological_Process_2023,Regulation Of Transcription Elongation By RNA Polymerase II (GO:0034243),9/77,0.0010106560829709,0.060437233761662,0,0,3.88726237446198,26.81105334553312,RECQL5;PARP1;MED30;RNF8;LEO1;HNRNPU;INTS7;INTS8;WDR43,GO_Biological_Process_2023
GO_Biological_Process_2023,Interstrand Cross-Link Repair (GO:0036297),6/36,0.0010981682276769,0.0632989765123273,0,0,5.858877086494689,39.92304310789357,RAD51AP1;FANCD2;XRCC3;RNF8;FANCE;FANCF,GO_Biological_Process_2023
GO_Biological_Process_2023,Positive Regulation Of Mitotic Cell Cycle Phase Transition (GO:1901992),8/63,0.0011055562601558,0.0632989765123273,0,0,4.268437802684378,29.056991959173544,RPTOR;CCNB1;RRM1;ESPL1;NSMCE2;CDK1;DBF4B;PLCB1,GO_Biological_Process_2023
GO_Biological_Process_2023,Regulation Of Cell Cycle Phase Transition (GO:1901987),5/25,0.0012233302878137,0.0672417719247175,0,0,7.316287878787879,49.06433170515032,DDB1;TFAP4;ERCC3;ERCC2;DBF4B,GO_Biological_Process_2023
GO_Biological_Process_2023,Positive Regulation Of Mitotic Sister Chromatid Separation (GO:1901970),4/15,0.0012336122739647,0.0672417719247175,0,0,10.63072479713932,71.20256002890396,ESPL1;NSMCE2;BIRC5;AURKB,GO_Biological_Process_2023
GO_Biological_Process_2023,Regulation Of DNA Repair (GO:0006282),12/129,0.0012503587073241,0.0672417719247175,0,0,3.018494522323006,20.176597803209265,SMARCE1;SMARCC1;ENY2;TRIM28;PARP1;UBR5;DPF2;RNF8;KAT7;BRCA1;ATXN7L3;TAF2,GO_Biological_Process_2023
GO_Biological_Process_2023,Negative Regulation Of Endothelial Cell Migration (GO:0010596),6/37,0.0012743702594428,0.0672417719247175,0,0,5.669587351314308,37.78951835565963,DLL4;ANGPT2;CSNK2B;STC1;PPARG;ADAMTS9,GO_Biological_Process_2023
GO_Biological_Process_2023,RNA Export From Nucleus (GO:0006405),8/65,0.0013596384119723,0.0695701610057323,0,0,4.118240807498197,27.18259871681653,CHTOP;NXT1;NUP133;NUP62;SMG7;RAE1;THOC7;RAN,GO_Biological_Process_2023
GO_Biological_Process_2023,RNA Modification (GO:0009451),7/51,0.0014129095639237,0.0695701610057323,0,0,4.6641682785299805,30.606758157757707,METTL2B;AARS2;METTL1;WDR4;NAT10;PUS7;JMJD6,GO_Biological_Process_2023
GO_Biological_Process_2023,Cytoskeleton-Dependent Cytokinesis (GO:0061640),9/81,0.0014536348356849,0.0695701610057323,0,0,3.670541158536585,23.98217100021328,CUL7;ESPL1;RACGAP1;SPIRE2;BIRC5;EXOC6;CENPA;AURKB;CIT,GO_Biological_Process_2023
GO_Biological_Process_2023,Maturation Of SSU-rRNA (GO:0030490),6/38,0.0014713785482829,0.0695701610057323,0,0,5.492128224582701,35.81721919280637,HEATR1;DHX37;NAT10;NOL10;WDR43;DCAF13,GO_Biological_Process_2023
GO_Biological_Process_2023,Regulation Of Fatty Acid Biosynthetic Process (GO:0042304),5/26,0.0014736154505116,0.0695701610057323,0,0,6.967532467532467,45.42856535974864,LPGAT1;ELOVL5;MID1IP1;TRIB3;BRCA1,GO_Biological_Process_2023
GO_Biological_Process_2023,Histone H3-K4 Methylation (GO:0051568),5/26,0.0014736154505116,0.0695701610057323,0,0,6.967532467532467,45.42856535974864,NFYA;NCOA6;DPY30;MEN1;HCFC1,GO_Biological_Process_2023
GO_Biological_Process_2023,Peptidyl-Threonine Modification (GO:0018210),8/66,0.0015029837694801,0.0697332642012234,0,0,4.0470267149530255,26.306899762813117,GPI;GSK3A;CSNK2A1;PRKDC;CAD;CSNK2B;STK39;CDK1,GO_Biological_Process_2023
GO_Biological_Process_2023,Regulation Of Epidermis Development (GO:0045682),3/8,0.0018082000968688,0.0810977743445686,0,0,17.51963746223565,110.64392751409744,MAFG;TMEM79;NME2,GO_Biological_Process_2023
GO_Biological_Process_2023,Regulation Of Mitotic Sister Chromatid Segregation (GO:0033047),3/8,0.0018082000968688,0.0810977743445686,0,0,17.51963746223565,110.64392751409744,CCNB1;CDK1;AURKB,GO_Biological_Process_2023
GO_Biological_Process_2023,Positive Regulation Of Double-Strand Break Repair (GO:2000781),9/84,0.0018788153832706,0.0828834786291998,0,0,3.523170731707317,22.11534367622528,RAD51AP1;SMARCE1;SMARCC1;PARP1;PRKDC;DDX11;DPF2;SPIRE2;FOXM1,GO_Biological_Process_2023
GO_Biological_Process_2023,Transcription By RNA Polymerase II (GO:0006366),15/192,0.0019579768042179,0.084459969085069,0,0,2.497783572359844,15.575787657963753,PARP1;NFYA;HSF2BP;CDK7;ERCC3;HLTF;TAF1A;ERCC2;TRIM24;LEO1;E2F2;PPARG;E2F3;POLR2H;TAF2,GO_Biological_Process_2023
GO_Biological_Process_2023,Positive Regulation Of Nucleic Acid-Templated Transcription (GO:1903508),32/557,0.0020160682725053,0.084459969085069,0,0,1.811238997968856,11.24164694817647,ENY2;AIRE;SHC1;PDGFB;FOXK2;BRCA1;FOXM1;MED30;TRIM28;NUP62;SPP1;DVL3;ATXN7L3;MTA3;ARHGEF11;OSR2;SMARCC1;NPM1;SMAD3;NFYA;NCOA6;NME2;TRIP4;HCFC1;JMJD6;ILF3;TFAP4;PPARG;PLCB1;ZP3;TAF2;TP73,GO_Biological_Process_2023
GO_Biological_Process_2023,DNA Modification (GO:0006304),4/17,0.00204009587162,0.084459969085069,0,0,8.994297684161527,55.7175018176679,EXOSC5;EXOSC4;PARP1;OGG1,GO_Biological_Process_2023
GO_Biological_Process_2023,Regulation Of Mitotic Cell Cycle Spindle Assembly Checkpoint (GO:0090266),4/17,0.00204009587162,0.084459969085069,0,0,8.994297684161527,55.7175018176679,CCNB1;XRCC3;BIRC5;AURKB,GO_Biological_Process_2023
GO_Biological_Process_2023,Protein Insertion Into Mitochondrial Membrane (GO:0051204),5/28,0.0020842989154803,0.0849825512357198,0,0,6.361001317523057,39.26851403075983,MTCH1;HSP90AA1;SAMM50;TOMM20;TOMM22,GO_Biological_Process_2023
GO_Biological_Process_2023,Protein K48-linked Ubiquitination (GO:0070936),8/70,0.002200289761009,0.0871793246174553,0,0,3.785142632690136,23.161916927289628,UBE2Q2;UBE2T;UBR5;ARIH2;RNF8;NEDD4L;RFFL;TRIM32,GO_Biological_Process_2023
GO_Biological_Process_2023,DNA Duplex Unwinding (GO:0032508),6/41,0.0022029706703779,0.0871793246174553,0,0,5.0205939735530025,30.715735493828163,RECQL5;ERCC3;DDX11;MCM5;SSBP1;DTD1,GO_Biological_Process_2023
GO_Biological_Process_2023,"Negative Regulation Of DNA-templated Transcription, Elongation (GO:0032785)",4/18,0.0025546384826871,0.0949215287709749,0,0,8.351415604063108,49.85665300715098,RECQL5;PARP1;RNF8;HNRNPU,GO_Biological_Process_2023
GO_Biological_Process_2023,Positive Regulation Of Chromosome Segregation (GO:0051984),4/18,0.0025546384826871,0.0949215287709749,0,0,8.351415604063108,49.85665300715098,CCNB1;CDK1;NCAPD2;RAD18,GO_Biological_Process_2023
GO_Biological_Process_2023,Regulation Of Protein Localization To Centrosome (GO:1904779),3/9,0.0026455275577194,0.0949215287709749,0,0,14.59894259818731,86.6430422132278,NUP62;CEP250;CEP72,GO_Biological_Process_2023
GO_Biological_Process_2023,Mitochondrial DNA Replication (GO:0006264),3/9,0.0026455275577194,0.0949215287709749,0,0,14.59894259818731,86.6430422132278,RRM1;POLG2;SSBP1,GO_Biological_Process_2023
GO_Biological_Process_2023,Positive Regulation Of Protein Sumoylation (GO:0033235),3/9,0.0026455275577194,0.0949215287709749,0,0,14.59894259818731,86.6430422132278,PIAS3;UBA2;SAE1,GO_Biological_Process_2023
GO_Biological_Process_2023,Positive Regulation Of rRNA Processing (GO:2000234),3/9,0.0026455275577194,0.0949215287709749,0,0,14.59894259818731,86.6430422132278,UTP15;HEATR1;WDR43,GO_Biological_Process_2023
GO_Biological_Process_2023,Protein K6-linked Ubiquitination (GO:0085020),3/9,0.0026455275577194,0.0949215287709749,0,0,14.59894259818731,86.6430422132278,UBE2S;UBE2T;BRCA1,GO_Biological_Process_2023
GO_Biological_Process_2023,Positive Regulation Of Protein Targeting To Mitochondrion (GO:1903955),5/30,0.002861379030258,0.1001625346042418,0,0,5.851515151515152,34.269115224405446,GSK3A;PDCD5;ARIH2;SAE1;SREBF2,GO_Biological_Process_2023
GO_Biological_Process_2023,DNA Replication (GO:0006260),8/73,0.0028728511154709,0.1001625346042418,0,0,3.609881746868048,21.12665359292646,FAM111B;POLA1;CHRAC1;RECQL5;POLG2;GRWD1;CDK1;MCM5,GO_Biological_Process_2023
GO_Biological_Process_2023,Negative Regulation Of Nucleic Acid-Templated Transcription (GO:1903507),27/456,0.0029032618725867,0.1001625346042418,0,0,1.8650283885393604,10.895347371746931,SHC1;SUV39H1;PDGFB;NKAP;FOXK2;BRCA1;FOXM1;TRIM28;MTA3;MEN1;SMARCE1;PARP1;ZNF282;ATP8B1;CBX3;NONO;SOX13;CBFA2T2;ILF3;TFAP4;BRMS1;ELF3;BIRC5;PPARG;TRIB3;PLCB1;ZP3,GO_Biological_Process_2023
GO_Biological_Process_2023,Regulation Of Mitotic Cell Cycle (GO:0007346),11/125,0.003044521968703,0.1033852944290749,0,0,2.8358683405762117,16.43218778219616,DDB1;CUL7;CCNB1;TFAP4;ERCC3;ERCC2;HNRNPU;NEK2;FBXO43;PKMYT1;TP73,GO_Biological_Process_2023
GO_Biological_Process_2023,Import Into Nucleus (GO:0051170),8/74,0.0031294237255112,0.1033852944290749,0,0,3.555002075550021,20.50136423798437,NXT1;IPO9;NUP133;NUP62;E2F3;RAN;HTATIP2;STK3,GO_Biological_Process_2023
GO_Biological_Process_2023,Regulation Of Nuclear Division (GO:0051783),4/19,0.0031516650651339,0.1033852944290749,0,0,7.794251134644478,44.893517660018766,CUL7;NEK2;FBXO43;PKMYT1,GO_Biological_Process_2023
GO_Biological_Process_2023,Regulation Of DNA-templated Transcription Elongation (GO:0032784),6/44,0.0031798450797453,0.1033852944290749,0,0,4.623512499001677,26.589463448618737,PARP1;KAT7;INTS7;INTS8;WDR43;HMGN1,GO_Biological_Process_2023
GO_Biological_Process_2023,Regulation Of Translation (GO:0006417),15/202,0.0031887697649993,0.1033852944290749,0,0,2.362978198272316,13.582682454132458,NPM1;YTHDF1;CSNK2A1;PRKDC;NSUN5;PRMT1;NAT10;PUS7;MRPL13;ILF3;TCOF1;METTL5;PAIP2;EIF4G2;PAIP1,GO_Biological_Process_2023
GO_Biological_Process_2023,rRNA Metabolic Process (GO:0016072),9/91,0.0032604931771965,0.1044522278551907,0,0,3.221241076740036,18.4444295926333,UTP15;EXOSC5;DDX27;EXOSC4;POP4;PIH1D1;DCAF13;RRP9;BYSL,GO_Biological_Process_2023
GO_Biological_Process_2023,Protein Targeting To Mitochondrion (GO:0006626),7/59,0.0033137400956331,0.1049091129099868,0,0,3.9449672667757776,22.5244919823694,MTCH1;HSP90AA1;SAMM50;MFF;TOMM20;GDAP1;TOMM22,GO_Biological_Process_2023
GO_Biological_Process_2023,Positive Regulation Of Transcription By RNA Polymerase II (GO:0045944),47/938,0.0034523942121079,0.1080278235439811,0,0,1.5742974513201051,8.924199990924238,CRTC2;AIRE;PRKDC;PTPRN;HNRNPU;FOXK2;BRCA1;FOXM1;MED30;CREB3L4;HLTF;LEO1;DVL3;E2F2;E2F3;OTX1;E2F7;MEN1;E2F8;HTATIP2;OSR2;NPM1;SMAD3;PARP1;NFYA;CDX2;NCOA6;NME2;SOX12;PPRC1;ETV4;SREBF2;USF1;HCFC1;JMJD6;METTL23;BCL9;CDK7;PRPF6;ELF3;UBA2;HOXD4;PPARG;LHX4;HOXD8;TAF2;TP73,GO_Biological_Process_2023
GO_Biological_Process_2023,Regulation Of Mitotic Sister Chromatid Separation (GO:0010965),3/10,0.0036864427648088,0.1090133789022033,0,0,12.512731981009926,70.11000480598744,CCNB1;BIRC5;AURKB,GO_Biological_Process_2023
GO_Biological_Process_2023,T-Circle Formation (GO:0090656),3/10,0.0036864427648088,0.1090133789022033,0,0,12.512731981009926,70.11000480598744,SLX4;EXO1;XRCC3,GO_Biological_Process_2023
GO_Biological_Process_2023,Formation Of Extrachromosomal Circular DNA (GO:0001325),3/10,0.0036864427648088,0.1090133789022033,0,0,12.512731981009926,70.11000480598744,SLX4;EXO1;XRCC3,GO_Biological_Process_2023
GO_Biological_Process_2023,Telomere Maintenance Via Telomere Trimming (GO:0090737),3/10,0.0036864427648088,0.1090133789022033,0,0,12.512731981009926,70.11000480598744,SLX4;EXO1;XRCC3,GO_Biological_Process_2023
GO_Biological_Process_2023,Positive Regulation Of Attachment Of Spindle Microtubules To Kinetochore (GO:0051987),3/10,0.0036864427648088,0.1090133789022033,0,0,12.512731981009926,70.11000480598744,CCNB1;BIRC5;HNRNPU,GO_Biological_Process_2023
GO_Biological_Process_2023,Protein Polyubiquitination (GO:0000209),16/226,0.0037898522855222,0.110853179351526,0,0,2.24521241470394,12.518020691508802,PPIL2;SMURF1;RNF26;RNF8;NEDD4L;TRAF2;BRCA1;RNF144A;UBE2S;UBE2Q2;UBE2T;UBR5;ARIH2;RBCK1;RFFL;TRIM32,GO_Biological_Process_2023
GO_Biological_Process_2023,Mitotic Cell Cycle Phase Transition (GO:0044772),10/111,0.0039093827556644,0.1131198816719686,0,0,2.907414405562694,16.11979801392728,CCNB1;UBE2S;CUL2;ENSA;CDK1;E2F3;PKMYT1;FOXM1;PLCB1;TAF2,GO_Biological_Process_2023
GO_Biological_Process_2023,Protein Sumoylation (GO:0016925),6/46,0.0039899927510306,0.1142241541810997,0,0,4.391881638846738,24.260604255522544,PIAS3;TRIM28;NSMCE2;UBA2;SAE1;STX1A,GO_Biological_Process_2023
GO_Biological_Process_2023,Double-Strand Break Repair (GO:0006302),13/168,0.004126407077201,0.1156937235187684,0,0,2.467247179893133,13.546046132167092,PARP1;PRKDC;NSMCE2;XRCC3;RNF8;LIG3;BRCA1;RAD54B;RAD51AP1;POLA1;RECQL5;SLX4;EME1,GO_Biological_Process_2023
GO_Biological_Process_2023,Chromatin Remodeling (GO:0006338),16/228,0.0041273123217397,0.1156937235187684,0,0,2.2237985870860832,12.208940787125124,SMARCE1;SMARCC1;NPM1;CHTOP;SETDB1;CBX3;PIH1D1;RNF8;HCFC1;CHRAC1;UBR5;DPF2;BRD9;HDGF;ZNF335;MTA3,GO_Biological_Process_2023
GO_Biological_Process_2023,RNA Methylation (GO:0001510),7/62,0.0043863871580286,0.1193539790304404,0,0,3.7292069632495166,20.246794524339244,METTL2B;METTL1;METTL5;SNRPF;TRMT61A;SNRPB;TARBP1,GO_Biological_Process_2023
GO_Biological_Process_2023,mRNA Export From Nucleus (GO:0006406),7/62,0.0043863871580286,0.1193539790304404,0,0,3.7292069632495166,20.246794524339244,ENY2;CHTOP;NXT1;NUP133;SMG7;RAE1;THOC7,GO_Biological_Process_2023
GO_Biological_Process_2023,Positive Regulation Of Chromosome Organization (GO:2001252),5/33,0.0043909490613205,0.1193539790304404,0,0,5.223755411255412,28.3556407767642,SLX4;DDX11;CDK1;NCAPD2;AURKB,GO_Biological_Process_2023
GO_Biological_Process_2023,DNA Replication Initiation (GO:0006270),4/21,0.0046169898769462,0.1230130669194302,0,0,6.876568479131441,36.98227005524674,PRIM2;POLA1;PRIM1;MCM5,GO_Biological_Process_2023
GO_Biological_Process_2023,Positive Regulation Of G2/M Transition Of Mitotic Cell Cycle (GO:0010971),4/21,0.0046169898769462,0.1230130669194302,0,0,6.876568479131441,36.98227005524674,RRM1;CCNB1;CDK1;DBF4B,GO_Biological_Process_2023
GO_Biological_Process_2023,Response To Insulin (GO:0032868),8/79,0.0046900103711104,0.1237335089084127,0,0,3.3037923124745427,17.715993196035836,GSK3A;PARP1;PRKDC;LEP;RAB13;PPARG;TRIB3;USF1,GO_Biological_Process_2023
GO_Biological_Process_2023,Regulation Of Protein Localization (GO:0032880),9/97,0.0049921223495183,0.1296261169587881,0,0,3.000675582039911,15.903262930585118,HSP90AA1;PRKAA2;PARP1;DNAJB6;MMD;TESK1;GPC3;CEP72;DVL3,GO_Biological_Process_2023
GO_Biological_Process_2023,Positive Regulation Of Transcription By RNA Polymerase I (GO:0045943),5/34,0.0050097050032381,0.1296261169587881,0,0,5.043364681295715,26.711566990752416,UTP15;DDX11;PIH1D1;HEATR1;WDR43,GO_Biological_Process_2023
GO_Biological_Process_2023,Regulation Of Mitotic Metaphase/Anaphase Transition (GO:0030071),6/49,0.005478394019174,0.1395427637715409,0,0,4.084836080036701,21.2695097897888,SMARCE1;SMARCC1;CCNB1;ESPL1;NSMCE2;DPF2,GO_Biological_Process_2023
GO_Biological_Process_2023,snRNA 3'-End Processing (GO:0034472),4/22,0.0054966677665489,0.1395427637715409,0,0,6.494200706001009,33.793308718379244,EXOSC5;EXOSC4;INTS7;INTS8,GO_Biological_Process_2023
GO_Biological_Process_2023,Regulation Of G2/M Transition Of Mitotic Cell Cycle (GO:0010389),5/35,0.0056877812132621,0.142151877697267,0,0,4.875,25.20099587770706,CCNB1;RRM1;KIF14;CDK1;DBF4B,GO_Biological_Process_2023
GO_Biological_Process_2023,Cellular Response To Insulin Stimulus (GO:0032869),9/99,0.0057050920814956,0.142151877697267,0,0,2.933689024390244,15.15659969647996,GSK3A;PARP1;PRKDC;SHC1;STXBP4;RAB13;TRIB3;PPARG;USF1,GO_Biological_Process_2023
GO_Biological_Process_2023,Mitotic Metaphase Plate Congression (GO:0007080),6/50,0.0060544011587712,0.1494715001674617,0,0,3.991791971306387,20.385961073899672,EML4;CCNB1;KIF18A;NUP62;KIF14;RRS1,GO_Biological_Process_2023
GO_Biological_Process_2023,"DNA Damage Response, Signal Transduction By P53 Class Mediator (GO:0030330)",5/36,0.0064280433965519,0.1531536563413205,0,0,4.717497556207234,23.809611530656813,TFAP4;FOXM1;NDRG1;GTSE1;E2F7,GO_Biological_Process_2023
GO_Biological_Process_2023,tRNA Methylation (GO:0030488),5/36,0.0064280433965519,0.1531536563413205,0,0,4.717497556207234,23.809611530656813,METTL2B;METTL1;WDR4;TRMT61A;TARBP1,GO_Biological_Process_2023
GO_Biological_Process_2023,DNA Deamination (GO:0045006),3/12,0.006431201474013,0.1531536563413205,0,0,9.731117824773412,49.10899989120697,EXOSC5;EXOSC4;APOBEC3B,GO_Biological_Process_2023
GO_Biological_Process_2023,tRNA 5'-Leader Removal (GO:0001682),3/12,0.006431201474013,0.1531536563413205,0,0,9.731117824773412,49.10899989120697,POP4;RPP40;RPP38,GO_Biological_Process_2023
GO_Biological_Process_2023,Peptidyl-Serine Phosphorylation (GO:0018105),12/158,0.0066308008630166,0.1561544763739732,0,0,2.4152803708909354,12.115118045862612,GPI;PNCK;CSNK2A1;PRKDC;PKN3;PDGFB;STK39;DCLK3;CDK1;PBK;CSNK1D;SRPK1,GO_Biological_Process_2023
GO_Biological_Process_2023,Metaphase Plate Congression (GO:0051310),6/51,0.0066732682211099,0.1561544763739732,0,0,3.902883156297421,19.552061239577966,EML4;CCNB1;KIF18A;NUP62;KIF14;RRS1,GO_Biological_Process_2023
GO_Biological_Process_2023,Negative Regulation Of DNA-templated Transcription (GO:0045892),49/1025,0.0069381409387864,0.1609529074678829,0,0,1.4962858606557377,7.437620172923563,ZNF692;SUV39H1;NKAP;HNRNPU;BRCA1;FOXM1;TRIM28;DPF2;MEN1;OSR2;PARP1;ZNF282;SOX13;SOX12;CBFA2T2;YWHAZ;SREBF2;HCFC1;ILF3;BRMS1;ELF3;BIRC5;PPARG;TRIB3;PLCB1;ZP3;SHC1;PDGFB;FOXK2;AURKB;DLL4;ZNF620;MTA3;E2F7;ZNF343;E2F8;SMARCE1;SMAD3;CDX2;ATP8B1;CBX3;NONO;TFAP4;MAFG;UBA2;GTF2IRD1;MAGED2;HDGF;HOXD9,GO_Biological_Process_2023
GO_Biological_Process_2023,Spliceosomal snRNP Assembly (GO:0000387),5/37,0.0072333069362057,0.1619271695906526,0,0,4.569839015151516,22.5250059273179,COIL;SART1;PRPF6;SNRPF;SNRPB,GO_Biological_Process_2023
GO_Biological_Process_2023,Synaptic Vesicle Cycle (GO:0099504),5/37,0.0072333069362057,0.1619271695906526,0,0,4.569839015151516,22.5250059273179,AP3M2;SNAPIN;DNAJC5;GIT1;STX1A,GO_Biological_Process_2023
GO_Biological_Process_2023,Mitotic Spindle Organization (GO:0007052),8/85,0.007281006139156,0.1619271695906526,0,0,3.0454051275969083,14.990964776116275,GPSM2;CCNB1;ZNF207;BIRC5;KIF11;TUBG1;AURKB;RAN,GO_Biological_Process_2023
GO_Biological_Process_2023,Negative Regulation Of Cell Cycle (GO:0045786),8/85,0.007281006139156,0.1619271695906526,0,0,3.0454051275969083,14.990964776116275,TFAP4;SUV39H1;CDK5RAP1;TP53BP2;BRCA1;NUPR1;FBXO43;MEN1,GO_Biological_Process_2023
GO_Biological_Process_2023,Positive Regulation Of Amide Metabolic Process (GO:0034250),8/85,0.007281006139156,0.1619271695906526,0,0,3.0454051275969083,14.990964776116275,GSK3A;NPM1;YTHDF1;NSUN5;PRMT1;PRKDC;NAT10;METTL5,GO_Biological_Process_2023
GO_Biological_Process_2023,Negative Regulation Of Cellular Process (GO:0048523),29/537,0.0074655571195661,0.1646706082684639,0,0,1.689889441885802,8.276157868199665,NDRG3;SUV39H1;PDCD5;ADRA1D;BRCA1;DLL4;FTH1;NUP62;PLXNA2;TP53BP2;BRD9;MSX1;E2F7;MEN1;PLXNA3;SMARCC1;NPM1;SMAD3;OSGIN2;DYNLL1;NME1;TFAP4;NME6;TMEM115;CSNK2B;NUPR1;EEF1E1;ZP3;APOBEC3B,GO_Biological_Process_2023
GO_Biological_Process_2023,Regulation Of Protein Import Into Nucleus (GO:0042306),5/38,0.0081063285806104,0.1741922477163528,0,0,4.431129476584022,21.336376811634132,SMAD3;TRIM28;BAG3;UBR5;RAN,GO_Biological_Process_2023
GO_Biological_Process_2023,Suppression Of Viral Release By Host (GO:0044790),3/13,0.0081561587559496,0.1741922477163528,0,0,8.757552870090635,42.11491377942649,TRIM28;TRIM32;TRIM11,GO_Biological_Process_2023
GO_Biological_Process_2023,Mitochondrial Fission (GO:0000266),3/13,0.0081561587559496,0.1741922477163528,0,0,8.757552870090635,42.11491377942649,MTFP1;MFF;GDAP1,GO_Biological_Process_2023
GO_Biological_Process_2023,Positive Regulation Of Fatty Acid Biosynthetic Process (GO:0045723),3/13,0.0081561587559496,0.1741922477163528,0,0,8.757552870090635,42.11491377942649,LPGAT1;ELOVL5;MID1IP1,GO_Biological_Process_2023
GO_Biological_Process_2023,Negative Regulation Of Telomere Maintenance Via Telomere Lengthening (GO:1904357),4/25,0.0087868356890347,0.1804273385640726,0,0,5.565593256969959,26.35030473674444,SLX4;PARP1;HNRNPU;NAT10,GO_Biological_Process_2023
GO_Biological_Process_2023,Regulation Of G1/S Transition Of Mitotic Cell Cycle (GO:2000045),9/106,0.0088336985523691,0.1804273385640726,0,0,2.720989439275836,12.86805289060413,RPTOR;SMARCE1;SMARCC1;CDK7;RRM1;DPF2;KIF14;PLCB1;E2F7,GO_Biological_Process_2023
GO_Biological_Process_2023,Regulation Of Double-Strand Break Repair (GO:2000779),8/88,0.0089232157019556,0.1804273385640726,0,0,2.9307458143074583,13.830479326945383,RAD51AP1;SMARCE1;SMARCC1;DDX11;UBR5;DPF2;SPIRE2;FOXM1,GO_Biological_Process_2023
GO_Biological_Process_2023,Regulation Of Protein Targeting To Mitochondrion (GO:1903214),5/39,0.0090497986539796,0.1804273385640726,0,0,4.300579322638146,20.23428063010668,GSK3A;ARIH2;SAE1;PARL;SREBF2,GO_Biological_Process_2023
GO_Biological_Process_2023,Regulation Of Cell Growth (GO:0001558),15/227,0.0091782006736906,0.1804273385640726,0,0,2.081603773584906,9.764645305258268,ARHGEF11;NDRG3;SMAD3;CSNK2A1;KIF14;OSGIN2;BRCA1;RPTOR;EXOSC4;NME6;PLCE1;KAT7;MSX1;TRIM32;EIF4G2,GO_Biological_Process_2023
GO_Biological_Process_2023,Regulation Of Nucleic Acid-Templated Transcription (GO:1903506),25/452,0.0093921589173524,0.1804273385640726,0,0,1.7297277517564402,8.074161743123225,GPI;AIRE;OGG1;FOXK2;TULP3;CELSR2;KAT7;RALY;ZFPL1;ZNF146;ZNF341;SMAD3;NFYA;ZNF282;BRPF3;NONO;PRRX2;SOX13;TRIP4;YY1AP1;HCFC1;GON4L;ZFAT;GTF2IRD1;ZNF138,GO_Biological_Process_2023
GO_Biological_Process_2023,Positive Regulation Of Intracellular Protein Transport (GO:0090316),10/126,0.0094164824248782,0.1804273385640726,0,0,2.5294814424848644,11.800773776548729,GSK3A;SMAD3;TRIM28;BAG3;UBR5;ARIH2;SAE1;MFF;SREBF2;RAN,GO_Biological_Process_2023
GO_Biological_Process_2023,Response To Ionizing Radiation (GO:0010212),7/72,0.0098978934128345,0.1804273385640726,0,0,3.1538461538461537,14.556366659516604,RAD51AP1;FANCD2;RNF8;INTS7;BRCA1;MEN1;CLK2,GO_Biological_Process_2023
GO_Biological_Process_2023,Positive Regulation Of DNA Metabolic Process (GO:0051054),9/108,0.0099298052617385,0.1804273385640726,0,0,2.665742793791574,12.294977332800372,PRIM2;SLX4;TRIM28;ATAD5;BRPF3;PDGFB;RNF8;KAT7;BRCA1,GO_Biological_Process_2023
GO_Biological_Process_2023,Positive Regulation Of Translation (GO:0045727),9/108,0.0099298052617385,0.1804273385640726,0,0,2.665742793791574,12.294977332800372,NPM1;YTHDF1;PRKDC;NSUN5;PRMT1;HNRNPU;NAT10;METTL5;PAIP1,GO_Biological_Process_2023
GO_Biological_Process_2023,Regulation Of Glycolytic Process (GO:0006110),5/40,0.0100663337427669,0.1804273385640726,0,0,4.177489177489178,19.210429266997565,RPTOR;PRKAA2;PRKAG1;NUPR1;GIT1,GO_Biological_Process_2023
GO_Biological_Process_2023,Positive Regulation Of Stem Cell Population Maintenance (GO:1902459),5/40,0.0100663337427669,0.1804273385640726,0,0,4.177489177489178,19.210429266997565,SMARCE1;SMARCC1;BRMS1;DPF2;BRD9,GO_Biological_Process_2023
GO_Biological_Process_2023,Regulation Of Nucleotide-Excision Repair (GO:2000819),4/26,0.0101165155632942,0.1804273385640726,0,0,5.312336679961491,24.402675327786955,SMARCE1;SMARCC1;DPF2;KAT7,GO_Biological_Process_2023
GO_Biological_Process_2023,Spindle Assembly Checkpoint Signaling (GO:0071173),4/26,0.0101165155632942,0.1804273385640726,0,0,5.312336679961491,24.402675327786955,ZNF207;KNTC1;ZWINT;SPC24,GO_Biological_Process_2023
GO_Biological_Process_2023,Mitotic Spindle Assembly Checkpoint Signaling (GO:0007094),4/26,0.0101165155632942,0.1804273385640726,0,0,5.312336679961491,24.402675327786955,ZNF207;KNTC1;ZWINT;SPC24,GO_Biological_Process_2023
GO_Biological_Process_2023,Mitotic Spindle Checkpoint Signaling (GO:0071174),4/26,0.0101165155632942,0.1804273385640726,0,0,5.312336679961491,24.402675327786955,ZNF207;KNTC1;ZWINT;SPC24,GO_Biological_Process_2023
GO_Biological_Process_2023,Resolution Of Meiotic Recombination Intermediates (GO:0000712),3/14,0.0101272250841887,0.1804273385640726,0,0,7.960999725350178,36.56111357929986,TOP2A;SLX4;EME1,GO_Biological_Process_2023
GO_Biological_Process_2023,tRNA 5'-End Processing (GO:0099116),3/14,0.0101272250841887,0.1804273385640726,0,0,7.960999725350178,36.56111357929986,POP4;RPP40;RPP38,GO_Biological_Process_2023
GO_Biological_Process_2023,Mitotic Recombination (GO:0006312),3/14,0.0101272250841887,0.1804273385640726,0,0,7.960999725350178,36.56111357929986,NSMCE2;XRCC3;RAD54B,GO_Biological_Process_2023
GO_Biological_Process_2023,DNA Replication-Dependent Chromatin Assembly (GO:0006335),2/5,0.0103254589888023,0.1804273385640726,0,0,19.43891402714932,88.89692752651465,CHAF1B;CHAF1A,GO_Biological_Process_2023
GO_Biological_Process_2023,Regulation Of Monoatomic Anion Transport (GO:0044070),2/5,0.0103254589888023,0.1804273385640726,0,0,19.43891402714932,88.89692752651465,ATP8B1;STC1,GO_Biological_Process_2023
GO_Biological_Process_2023,Regulation Of Type B Pancreatic Cell Proliferation (GO:0061469),2/5,0.0103254589888023,0.1804273385640726,0,0,19.43891402714932,88.89692752651465,PTPRN;NUPR1,GO_Biological_Process_2023
GO_Biological_Process_2023,Response To DNA Damage Checkpoint Signaling (GO:0072423),2/5,0.0103254589888023,0.1804273385640726,0,0,19.43891402714932,88.89692752651465,SLX4;EME1,GO_Biological_Process_2023
GO_Biological_Process_2023,Double-Strand Break Repair Via Synthesis-Dependent Strand Annealing (GO:0045003),2/5,0.0103254589888023,0.1804273385640726,0,0,19.43891402714932,88.89692752651465,DMC1;XRCC3,GO_Biological_Process_2023
GO_Biological_Process_2023,Type B Pancreatic Cell Proliferation (GO:0044342),2/5,0.0103254589888023,0.1804273385640726,0,0,19.43891402714932,88.89692752651465,SERPINB1;BTBD10,GO_Biological_Process_2023
GO_Biological_Process_2023,Hepatocyte Differentiation (GO:0070365),2/5,0.0103254589888023,0.1804273385640726,0,0,19.43891402714932,88.89692752651465,E2F7;E2F8,GO_Biological_Process_2023
GO_Biological_Process_2023,Negative Regulation Of Cytokinesis (GO:0032466),2/5,0.0103254589888023,0.1804273385640726,0,0,19.43891402714932,88.89692752651465,E2F7;E2F8,GO_Biological_Process_2023
GO_Biological_Process_2023,Positive Regulation Of Mitotic Cytokinesis (GO:1903490),2/5,0.0103254589888023,0.1804273385640726,0,0,19.43891402714932,88.89692752651465,NUP62;BIRC5,GO_Biological_Process_2023
GO_Biological_Process_2023,Regulation Of Stem Cell Population Maintenance (GO:2000036),6/56,0.0104709623832318,0.1806241011107501,0,0,3.5116843702579668,16.010293479493086,SMARCE1;SMARCC1;BRMS1;DPF2;BRD9;WDR43,GO_Biological_Process_2023
GO_Biological_Process_2023,Nucleotide-Excision Repair (GO:0006289),6/56,0.0104709623832318,0.1806241011107501,0,0,3.5116843702579668,16.010293479493086,DDB1;POLA1;SLX4;ERCC3;OGG1;ERCC2,GO_Biological_Process_2023
GO_Biological_Process_2023,Regulation Of Cell Cycle (GO:0051726),18/298,0.0111767594327092,0.1915710804676474,0,0,1.8932987414440277,8.508330632555188,PNPT1;SUV39H1;PRCC;HNRNPU;BRCA1;FOXM1;YY1AP1;HCFC1;CDK7;LEP;TP53BP2;KAT7;NUPR1;PRR11;TRIM32;EIF4G2;TP73;MEN1,GO_Biological_Process_2023
GO_Biological_Process_2023,Microtubule Polymerization Or Depolymerization (GO:0031109),4/27,0.0115698899506999,0.1970542649198331,0,0,5.081102413997237,22.658410236132468,KIF18A;KIF18B;KIF14;ZNF207,GO_Biological_Process_2023
GO_Biological_Process_2023,Double-Strand Break Repair Via Homologous Recombination (GO:0000724),9/111,0.0117620643086114,0.1978307011439302,0,0,2.5869350789096126,11.493431298278033,RAD51AP1;RECQL5;SLX4;NSMCE2;XRCC3;LIG3;MCM5;BRCA1;RAD54B,GO_Biological_Process_2023
GO_Biological_Process_2023,Modification-Dependent Protein Catabolic Process (GO:0019941),13/192,0.012165092257492,0.1978307011439302,0,0,2.1337697501456625,9.40818497605512,UBL4A;SMURF1;RNF26;RNF8;NEDD4L;DCST1;DDB1;RNF144A;UBE2S;ARIH2;RFFL;UBQLN4;TRIM32,GO_Biological_Process_2023
GO_Biological_Process_2023,Nucleosome Organization (GO:0034728),7/75,0.0122540289681231,0.1978307011439302,0,0,3.0142365456821025,13.268369359692311,SMARCE1;CHAF1B;SMARCC1;NPM1;CHAF1A;CHRAC1;GRWD1,GO_Biological_Process_2023
GO_Biological_Process_2023,DNA Recombination (GO:0006310),5/42,0.0123286564794842,0.1978307011439302,0,0,3.951269451269451,17.36910456920598,EXO1;XRCC3;DMC1;BRCA1;RAD54B,GO_Biological_Process_2023
GO_Biological_Process_2023,mRNA Transport (GO:0051028),6/58,0.0123497053370053,0.1978307011439302,0,0,3.376269405859694,14.835743305543268,CHTOP;NXT1;NUP133;SMG7;RAE1;THOC7,GO_Biological_Process_2023
GO_Biological_Process_2023,Anterograde Synaptic Vesicle Transport (GO:0048490),3/15,0.0123506346310591,0.1978307011439302,0,0,7.297205438066465,32.06426972091619,AP3M2;SNAPIN;BLOC1S3,GO_Biological_Process_2023
GO_Biological_Process_2023,Regulation Of rRNA Processing (GO:2000232),3/15,0.0123506346310591,0.1978307011439302,0,0,7.297205438066465,32.06426972091619,UTP15;HEATR1;WDR43,GO_Biological_Process_2023
GO_Biological_Process_2023,Synaptic Vesicle Transport Along Microtubule (GO:0099517),3/15,0.0123506346310591,0.1978307011439302,0,0,7.297205438066465,32.06426972091619,AP3M2;SNAPIN;BLOC1S3,GO_Biological_Process_2023
GO_Biological_Process_2023,Negative Regulation Of Cation Transmembrane Transport (GO:1904063),3/15,0.0123506346310591,0.1978307011439302,0,0,7.297205438066465,32.06426972091619,STK39;NEDD4L;MMP9,GO_Biological_Process_2023
GO_Biological_Process_2023,Protein Localization To Microtubule Organizing Center (GO:1905508),3/15,0.0123506346310591,0.1978307011439302,0,0,7.297205438066465,32.06426972091619,SPAG5;CEP250;CSNK1D,GO_Biological_Process_2023
GO_Biological_Process_2023,Regulation Of Chromosome Segregation (GO:0051983),4/28,0.013150825483791,0.2048246798083217,0,0,4.869137670196672,21.089553558400432,CSNK2A1;ZNF207;NCAPD2;RAD18,GO_Biological_Process_2023
GO_Biological_Process_2023,Negative Regulation Of Mitotic Metaphase/Anaphase Transition (GO:0045841),4/28,0.013150825483791,0.2048246798083217,0,0,4.869137670196672,21.089553558400432,ZNF207;KNTC1;ZWINT;SPC24,GO_Biological_Process_2023
GO_Biological_Process_2023,Positive Regulation Of Protein Import Into Nucleus (GO:0042307),4/28,0.013150825483791,0.2048246798083217,0,0,4.869137670196672,21.089553558400432,SMAD3;TRIM28;UBR5;RAN,GO_Biological_Process_2023
GO_Biological_Process_2023,DNA-templated Transcription Initiation (GO:0006352),6/59,0.0133726467096821,0.2048246798083217,0,0,3.312394422652962,14.291471311700631,CDK7;ERCC3;NCOA6;E2F2;E2F3;TAF2,GO_Biological_Process_2023
GO_Biological_Process_2023,protein-DNA Complex Assembly (GO:0065004),6/59,0.0133726467096821,0.2048246798083217,0,0,3.312394422652962,14.291471311700631,CHAF1B;NPM1;CHAF1A;CHRAC1;GRWD1;DMC1,GO_Biological_Process_2023
GO_Biological_Process_2023,Recombinational Repair (GO:0000725),8/95,0.0138131034185996,0.2048246798083217,0,0,2.693958956594762,11.535902979263764,RAD51AP1;RECQL5;SLX4;NSMCE2;XRCC3;LIG3;BRCA1;RAD54B,GO_Biological_Process_2023
GO_Biological_Process_2023,Positive Regulation Of Protein Metabolic Process (GO:0051247),13/196,0.0142462987373882,0.2048246798083217,0,0,2.086694156693151,8.871075527120372,NPM1;YTHDF1;GSK3A;HSP90AA1;CSNK2A1;PRKDC;NSUN5;PRMT1;NAT10;DDB1;GPC3;METTL5;TRIM32,GO_Biological_Process_2023
GO_Biological_Process_2023,protein-DNA Complex Organization (GO:0071824),6/60,0.0144533693611105,0.2048246798083217,0,0,3.2508851795649973,13.773440436248134,TRIM28;CBX3;SUV39H1;HNRNPU;HMGN1;FAM50A,GO_Biological_Process_2023
GO_Biological_Process_2023,Non-Membrane-Bounded Organelle Assembly (GO:0140694),10/135,0.0148059058454769,0.2048246798083217,0,0,2.346259541984733,9.884155928903253,SQLE;NPM1;YTHDF1;NUP62;DHX37;NEK2;UBAP2L;CSNK1D;FITM2;CENPA,GO_Biological_Process_2023
GO_Biological_Process_2023,RNA Biosynthetic Process (GO:0032774),4/29,0.0148628720002525,0.2048246798083217,0,0,4.674130105900152,19.67289473038432,PRIM2;POLA1;NCOA6;PRIM1,GO_Biological_Process_2023
GO_Biological_Process_2023,Regulation Of Transcription By RNA Polymerase II (GO:0006357),85/2028,0.0148974909655558,0.2048246798083217,0,0,1.3118000958347382,5.5181690536205545,ZNF692;CRTC2;PTPRN;SUV39H1;NKAP;HNRNPU;BRCA1;FOXM1;CREB3L4;SIX5;SIX2;DPF2;ATXN7L3;TEAD3;MEN1;HTATIP2;ZNF165;PIAS3;OSR2;SMARCC1;PARP1;NCOA6;BUD31;SOX13;NME2;SOX12;PPRC1;YWHAZ;ETV4;SREBF2;HCFC1;JMJD6;METTL23;RFX8;PRPF6;BRMS1;ELF3;PPARG;TRIB3;ENY2;HOXD1;AIRE;PRKDC;FOXK2;AURKB;DLL4;HLTF;LEO1;DVL3;E2F2;BRD9;E2F3;MSX1;OTX1;ZNF620;MTA3;NKX2-3;E2F7;ZNF343;E2F8;SMARCE1;NPM1;SMAD3;NFYA;CDX2;BRPF3;CBX3;FBXL19;USF1;TARBP1;ZBTB9;BCL9;CDK7;TFAP4;MAFG;UBA2;GTF2IRD1;HOXD4;MAGED2;HDGF;LHX4;HOXD9;HOXD8;TAF2;TP73,GO_Biological_Process_2023
GO_Biological_Process_2023,Mitotic Spindle Assembly (GO:0090307),5/44,0.0149125098082602,0.2048246798083217,0,0,3.748251748251748,15.763478258300358,RACGAP1;ZNF207;BIRC5;KIF11;AURKB,GO_Biological_Process_2023
GO_Biological_Process_2023,Positive Regulation Of Nucleocytoplasmic Transport (GO:0046824),5/44,0.0149125098082602,0.2048246798083217,0,0,3.748251748251748,15.763478258300358,SMAD3;TRIM28;BAG3;UBR5;RAN,GO_Biological_Process_2023
GO_Biological_Process_2023,L-methionine Salvage (GO:0071267),2/6,0.0151487641662526,0.2048246798083217,0,0,14.57843137254902,61.08124130492171,APIP;ENOPH1,GO_Biological_Process_2023
GO_Biological_Process_2023,Regulation Of Mitotic Cytokinesis (GO:1902412),2/6,0.0151487641662526,0.2048246798083217,0,0,14.57843137254902,61.08124130492171,BIRC5;AURKB,GO_Biological_Process_2023
GO_Biological_Process_2023,Regulation Of Vascular Associated Smooth Muscle Cell Apoptotic Process (GO:1905459),2/6,0.0151487641662526,0.2048246798083217,0,0,14.57843137254902,61.08124130492171,E2F3;PPARG,GO_Biological_Process_2023
GO_Biological_Process_2023,Ribosomal Large Subunit Export From Nucleus (GO:0000055),2/6,0.0151487641662526,0.2048246798083217,0,0,14.57843137254902,61.08124130492171,NPM1;RAN,GO_Biological_Process_2023
GO_Biological_Process_2023,Ribosomal Small Subunit Export From Nucleus (GO:0000056),2/6,0.0151487641662526,0.2048246798083217,0,0,14.57843137254902,61.08124130492171,NPM1;RAN,GO_Biological_Process_2023
GO_Biological_Process_2023,Spinal Cord Dorsal/Ventral Patterning (GO:0021513),2/6,0.0151487641662526,0.2048246798083217,0,0,14.57843137254902,61.08124130492171,DLL4;RFX8,GO_Biological_Process_2023
GO_Biological_Process_2023,"Fatty Acid Elongation, Monounsaturated Fatty Acid (GO:0034625)",2/6,0.0151487641662526,0.2048246798083217,0,0,14.57843137254902,61.08124130492171,ELOVL5;ELOVL7,GO_Biological_Process_2023
GO_Biological_Process_2023,"Fatty Acid Elongation, Polyunsaturated Fatty Acid (GO:0034626)",2/6,0.0151487641662526,0.2048246798083217,0,0,14.57843137254902,61.08124130492171,ELOVL5;ELOVL7,GO_Biological_Process_2023
GO_Biological_Process_2023,"Fatty Acid Elongation, Saturated Fatty Acid (GO:0019367)",2/6,0.0151487641662526,0.2048246798083217,0,0,14.57843137254902,61.08124130492171,ELOVL5;ELOVL7,GO_Biological_Process_2023
GO_Biological_Process_2023,"Fatty Acid Elongation, Unsaturated Fatty Acid (GO:0019368)",2/6,0.0151487641662526,0.2048246798083217,0,0,14.57843137254902,61.08124130492171,ELOVL5;ELOVL7,GO_Biological_Process_2023
GO_Biological_Process_2023,Free Ubiquitin Chain Polymerization (GO:0010994),2/6,0.0151487641662526,0.2048246798083217,0,0,14.57843137254902,61.08124130492171,UBE2S;TRIM32,GO_Biological_Process_2023
GO_Biological_Process_2023,Transcription-Dependent Tethering Of RNA Polymerase II Gene DNA At Nuclear Periphery (GO:0000972),2/6,0.0151487641662526,0.2048246798083217,0,0,14.57843137254902,61.08124130492171,NUP133;RAE1,GO_Biological_Process_2023
GO_Biological_Process_2023,Intraciliary Transport Involved In Cilium Assembly (GO:0035735),2/6,0.0151487641662526,0.2048246798083217,0,0,14.57843137254902,61.08124130492171,DYNC2LI1;IFT81,GO_Biological_Process_2023
GO_Biological_Process_2023,Polyadenylation-Dependent snoRNA 3'-End Processing (GO:0071051),2/6,0.0151487641662526,0.2048246798083217,0,0,14.57843137254902,61.08124130492171,EXOSC5;EXOSC4,GO_Biological_Process_2023
GO_Biological_Process_2023,Positive Regulation Of Blood Circulation (GO:1903524),2/6,0.0151487641662526,0.2048246798083217,0,0,14.57843137254902,61.08124130492171,GSK3A;APLN,GO_Biological_Process_2023
GO_Biological_Process_2023,Positive Regulation Of Protein Localization To Centrosome (GO:1904781),2/6,0.0151487641662526,0.2048246798083217,0,0,14.57843137254902,61.08124130492171,NUP62;CEP250,GO_Biological_Process_2023
GO_Biological_Process_2023,Positive Regulation Of Spindle Assembly (GO:1905832),2/6,0.0151487641662526,0.2048246798083217,0,0,14.57843137254902,61.08124130492171,GPSM2;SPAG5,GO_Biological_Process_2023
GO_Biological_Process_2023,Pyrimidine Ribonucleotide Biosynthetic Process (GO:0009220),2/6,0.0151487641662526,0.2048246798083217,0,0,14.57843137254902,61.08124130492171,CAD;UMPS,GO_Biological_Process_2023
GO_Biological_Process_2023,Regulation Of Autophagy (GO:0010506),15/241,0.0152229416431305,0.2048246798083217,0,0,1.9512253233492167,8.165783676236995,GSK3A;PRKAA2;DAPK2;FOXK2;SREBF2;RPTOR;LEP;ATP6V1H;TRIB3;NUPR1;ATP6V1E2;ATP6V0D2;TRIM32;EIF4G2;ATP6V0A1,GO_Biological_Process_2023
GO_Biological_Process_2023,Regulation Of Gene Expression (GO:0010468),51/1127,0.0158668600996454,0.2109407443568122,0,0,1.4095046801399804,5.840314518577797,GPI;GSK3A;OGG1;PDCD5;PRKAG1;BRCA1;CELSR2;ACTG2;PTBP1;KAT7;ZFPL1;ATXN7L3;OSR2;ZNF282;SOX13;ATP1B1;HCFC1;PPARG;TRIM11;ENY2;PRKAA2;AIRE;PDGFB;RNF8;TULP3;FOXK2;DLL4;UBR5;ZNF146;ZNF341;SMAD3;SETDB1;NFYA;BRPF3;NONO;PRRX2;TRIP4;FER1L6;YY1AP1;APLN;CLK2;PDCL3;GON4L;ZFAT;ZFP64;GTF2IRD1;UBAP2;ZNF138;ZNF335;TP73;FAM50A,GO_Biological_Process_2023
GO_Biological_Process_2023,Regulation Of Cyclin-Dependent Protein Serine/Threonine Kinase Activity (GO:0000079),7/79,0.0159910486245966,0.2109407443568122,0,0,2.8461879432624118,11.771053973818548,CCNB1;CDK7;TFAP4;CDK5RAP1;PDGFB;PKMYT1;MEN1,GO_Biological_Process_2023
GO_Biological_Process_2023,Positive Regulation Of Catabolic Process (GO:0009896),7/79,0.0159910486245966,0.2109407443568122,0,0,2.8461879432624118,11.771053973818548,DDB1;GSK3A;HSP90AA1;CSNK2A1;SMURF1;GPC3;TRIM32,GO_Biological_Process_2023
GO_Biological_Process_2023,Protein Import Into Nucleus (GO:0006606),7/79,0.0159910486245966,0.2109407443568122,0,0,2.8461879432624118,11.771053973818548,NXT1;IPO9;NUP133;NUP62;E2F3;RAN;STK3,GO_Biological_Process_2023
GO_Biological_Process_2023,Negative Regulation Of Cellular Biosynthetic Process (GO:0031327),10/137,0.0162650432605911,0.2113777704272549,0,0,2.309070144857847,9.510452778207592,ILF3;CSNK2A1;PRMT3;PDGFB;TRIB3;BRCA1;PUS7;PAIP2;MRPL13;CLK2,GO_Biological_Process_2023
GO_Biological_Process_2023,Regulation Of Stem Cell Differentiation (GO:2000736),5/45,0.0163305918202111,0.2113777704272549,0,0,3.654356060606061,15.036634177988692,PRKDC;SMYD5;HNRNPU;PUS7;MTA3,GO_Biological_Process_2023
GO_Biological_Process_2023,Negative Regulation Of Response To Biotic Stimulus (GO:0002832),5/45,0.0163305918202111,0.2113777704272549,0,0,3.654356060606061,15.036634177988692,PARP1;PRKDC;RNF26;YWHAZ;AURKB,GO_Biological_Process_2023
GO_Biological_Process_2023,RNA Splicing (GO:0008380),8/98,0.0164169282866206,0.2113777704272549,0,0,2.603754439370878,10.69997853801552,PRPF6;SCNM1;PRMT1;CELF3;ZCRB1;SNRPF;SNRPB;SRPK1,GO_Biological_Process_2023
GO_Biological_Process_2023,Mitochondrial Translation (GO:0032543),8/98,0.0164169282866206,0.2113777704272549,0,0,2.603754439370878,10.69997853801552,MRPL42;MRPL49;MRPS18A;MRPS10;IARS2;MRPL13;MRPL24;MRPL10,GO_Biological_Process_2023
GO_Biological_Process_2023,Negative Regulation Of Carbohydrate Metabolic Process (GO:0045912),4/30,0.0167092594097495,0.2139657912187551,0,0,4.494123123472594,18.38901820105464,GSK3A;NUPR1;GIT1;CLK2,GO_Biological_Process_2023
GO_Biological_Process_2023,Spliceosomal Complex Assembly (GO:0000245),6/62,0.0167941266707508,0.2139657912187551,0,0,3.134456969434208,12.809666970371577,PRPF6;CELF3;SNRPF;SNRNP200;SNRPB;SRPK1,GO_Biological_Process_2023
GO_Biological_Process_2023,Regulation Of Cytokinesis (GO:0032465),7/80,0.0170389177337682,0.2139657912187551,0,0,2.807053337219469,11.431037753732037,RACGAP1;KIF14;GIT1;AURKB;E2F7;CIT;E2F8,GO_Biological_Process_2023
GO_Biological_Process_2023,Regulation Of Protein Sumoylation (GO:0033233),3/17,0.0175720698102359,0.2139657912187551,0,0,6.254100129477773,25.275599071464487,PIAS3;UBA2;SAE1,GO_Biological_Process_2023
GO_Biological_Process_2023,Regulation Of Single Stranded Viral RNA Replication Via Double Stranded DNA Intermediate (GO:0045091),3/17,0.0175720698102359,0.2139657912187551,0,0,6.254100129477773,25.275599071464487,TOP2A;SETDB1;APOBEC3B,GO_Biological_Process_2023
GO_Biological_Process_2023,Long-Chain fatty-acyl-CoA Biosynthetic Process (GO:0035338),3/17,0.0175720698102359,0.2139657912187551,0,0,6.254100129477773,25.275599071464487,ELOVL5;ACSL3;ELOVL7,GO_Biological_Process_2023
GO_Biological_Process_2023,Microtubule Depolymerization (GO:0007019),3/17,0.0175720698102359,0.2139657912187551,0,0,6.254100129477773,25.275599071464487,KIF18A;KIF18B;KIF14,GO_Biological_Process_2023
GO_Biological_Process_2023,Nuclear Envelope Organization (GO:0006998),3/17,0.0175720698102359,0.2139657912187551,0,0,6.254100129477773,25.275599071464487,TOR1B;LEMD2;LMNB2,GO_Biological_Process_2023
GO_Biological_Process_2023,Positive Regulation By Host Of Viral Process (GO:0044794),3/17,0.0175720698102359,0.2139657912187551,0,0,6.254100129477773,25.275599071464487,TBC1D20;ZDHHC9;PAIP1,GO_Biological_Process_2023
GO_Biological_Process_2023,Positive Regulation Of Fatty Acid Metabolic Process (GO:0045923),3/17,0.0175720698102359,0.2139657912187551,0,0,6.254100129477773,25.275599071464487,LPGAT1;ELOVL5;MID1IP1,GO_Biological_Process_2023
GO_Biological_Process_2023,Protein Localization To Centrosome (GO:0071539),3/17,0.0175720698102359,0.2139657912187551,0,0,6.254100129477773,25.275599071464487,SPAG5;CEP250;CSNK1D,GO_Biological_Process_2023
GO_Biological_Process_2023,Regulation Of Brown Fat Cell Differentiation (GO:0090335),3/17,0.0175720698102359,0.2139657912187551,0,0,6.254100129477773,25.275599071464487,LEP;SOX13;HNRNPU,GO_Biological_Process_2023
GO_Biological_Process_2023,Protein Polymerization (GO:0051258),6/63,0.0180570376416057,0.2188317530104656,0,0,3.0793067646354126,12.361014102198585,DIAPH3;UBE2S;MID1IP1;ZNF207;SPIRE2;TRIM32,GO_Biological_Process_2023
GO_Biological_Process_2023,Positive Regulation Of Growth (GO:0045927),7/81,0.0181343295880096,0.2188317530104656,0,0,2.7689764232317424,11.103452785046246,RPTOR;EXOSC4;CSNK2A1;LEP;PLCB1;TRIM32;EIF4G2,GO_Biological_Process_2023
GO_Biological_Process_2023,Response To UV (GO:0009411),8/100,0.0183385279112551,0.220307940219588,0,0,2.546886374164516,10.18436464426154,DDB1;NPM1;PARP1;ERCC3;TRIM32;AURKB;USF1;MEN1,GO_Biological_Process_2023
GO_Biological_Process_2023,Positive Regulation Of Gene Expression (GO:0010628),25/480,0.0186014599298228,0.2224734607606816,0,0,1.620879120879121,6.458417511512626,GSK3A;PRKDC;PDCD5;HILPDA;PDGFB;PRKAG1;NAT10;DPY30;BRCA1;ACTG2;DLL4;UBR5;METTL5;KAT7;MEN1;OSR2;YTHDF1;NPM1;SMAD3;NSUN5;PRMT1;FER1L6;HCFC1;PDCL3;PPARG,GO_Biological_Process_2023
GO_Biological_Process_2023,Protein Ubiquitination (GO:0016567),23/434,0.0195044787897034,0.2300612913649794,0,0,1.6495440798599268,6.49443840286145,CUL7;PPIL2;SMURF1;RNF26;CUL2;RNF8;NEDD4L;TRAF2;BRCA1;FANCE;FANCF;DDB1;RNF144A;UBE2S;UBE2T;UBR5;HLTF;TRIM24;ARIH2;RBCK1;TRIM32;RAD18;TRIM11,GO_Biological_Process_2023
GO_Biological_Process_2023,Vesicle-Mediated Transport In Synapse (GO:0099003),3/18,0.0205755628145122,0.2300612913649794,0,0,5.836858006042296,22.66832047392284,SNAPIN;DNAJC5;STX1A,GO_Biological_Process_2023
GO_Biological_Process_2023,Nucleosome Disassembly (GO:0006337),3/18,0.0205755628145122,0.2300612913649794,0,0,5.836858006042296,22.66832047392284,SMARCE1;SMARCC1;GRWD1,GO_Biological_Process_2023
GO_Biological_Process_2023,Regulation Of Endodeoxyribonuclease Activity (GO:0032071),2/7,0.0207448070420493,0.2300612913649794,0,0,11.662141779788838,45.1961561293164,NPM1;DDX11,GO_Biological_Process_2023
GO_Biological_Process_2023,U4 snRNA 3'-End Processing (GO:0034475),2/7,0.0207448070420493,0.2300612913649794,0,0,11.662141779788838,45.1961561293164,EXOSC5;EXOSC4,GO_Biological_Process_2023
GO_Biological_Process_2023,Cardiac Atrium Development (GO:0003230),2/7,0.0207448070420493,0.2300612913649794,0,0,11.662141779788838,45.1961561293164,DLL4;DAND5,GO_Biological_Process_2023
GO_Biological_Process_2023,Coronary Vasculature Development (GO:0060976),2/7,0.0207448070420493,0.2300612913649794,0,0,11.662141779788838,45.1961561293164,GPC3;APLN,GO_Biological_Process_2023
GO_Biological_Process_2023,"Endonucleolytic Cleavage In ITS1 To Separate SSU-rRNA From 5.8S rRNA And LSU-rRNA From Tricistronic rRNA Transcript (SSU-rRNA, 5.8S rRNA, LSU-rRNA) (GO:0000447)",2/7,0.0207448070420493,0.2300612913649794,0,0,11.662141779788838,45.1961561293164,RPP40;RRS1,GO_Biological_Process_2023
GO_Biological_Process_2023,Hair Cell Differentiation (GO:0035315),2/7,0.0207448070420493,0.2300612913649794,0,0,11.662141779788838,45.1961561293164,ERCC3;ERCC2,GO_Biological_Process_2023
GO_Biological_Process_2023,Negative Regulation Of Glucose Import (GO:0046325),2/7,0.0207448070420493,0.2300612913649794,0,0,11.662141779788838,45.1961561293164,GSK3A;LEP,GO_Biological_Process_2023
GO_Biological_Process_2023,Nucleolar Chromatin Organization (GO:1990700),2/7,0.0207448070420493,0.2300612913649794,0,0,11.662141779788838,45.1961561293164,DDX11;SUV39H1,GO_Biological_Process_2023
GO_Biological_Process_2023,Positive Regulation Of Attachment Of Mitotic Spindle Microtubules To Kinetochore (GO:1902425),2/7,0.0207448070420493,0.2300612913649794,0,0,11.662141779788838,45.1961561293164,BIRC5;HNRNPU,GO_Biological_Process_2023
GO_Biological_Process_2023,Positive Regulation Of Calcium Ion Import (GO:0090280),2/7,0.0207448070420493,0.2300612913649794,0,0,11.662141779788838,45.1961561293164,PDGFB;STC1,GO_Biological_Process_2023
GO_Biological_Process_2023,Positive Regulation Of Execution Phase Of Apoptosis (GO:1900119),2/7,0.0207448070420493,0.2300612913649794,0,0,11.662141779788838,45.1961561293164,TP53BP2;DYNLL1,GO_Biological_Process_2023
GO_Biological_Process_2023,Protein K27-linked Ubiquitination (GO:0044314),2/7,0.0207448070420493,0.2300612913649794,0,0,11.662141779788838,45.1961561293164,UBE2S;UBE2T,GO_Biological_Process_2023
GO_Biological_Process_2023,Protein Localization To Nucleolus (GO:1902570),2/7,0.0207448070420493,0.2300612913649794,0,0,11.662141779788838,45.1961561293164,RRS1;RAN,GO_Biological_Process_2023
GO_Biological_Process_2023,Regulation Of Attachment Of Mitotic Spindle Microtubules To Kinetochore (GO:1902423),2/7,0.0207448070420493,0.2300612913649794,0,0,11.662141779788838,45.1961561293164,BIRC5;HNRNPU,GO_Biological_Process_2023
GO_Biological_Process_2023,Positive Regulation Of DNA Biosynthetic Process (GO:2000573),6/65,0.0207747654409847,0.2300612913649794,0,0,2.9746148504410894,11.523706204890557,HSP90AA1;POLG2;PDGFB;NEK2;CCT7;AURKB,GO_Biological_Process_2023
GO_Biological_Process_2023,Regulation Of DNA Binding (GO:0051101),5/48,0.0211137099808763,0.2328565309776159,0,0,3.398872445384073,13.112281220028654,TFAP4;CSNK2B;PPARG;MMP9;NME1,GO_Biological_Process_2023
GO_Biological_Process_2023,Mitochondrial Gene Expression (GO:0140053),8/103,0.0215150619927547,0.2363144156020526,0,0,2.466073860450212,9.467262559658565,MRPL42;MRPL49;MRPS18A;MRPS10;IARS2;MRPL13;MRPL24;MRPL10,GO_Biological_Process_2023
GO_Biological_Process_2023,Positive Regulation Of Epithelial Cell Proliferation (GO:0050679),9/123,0.0216774306570477,0.2371299426752664,0,0,2.313181964056483,8.862918808976424,OSR2;PDCL3;STXBP4;PTPRN;PDGFB;NME2;SAAL1;MEN1;NME1,GO_Biological_Process_2023
GO_Biological_Process_2023,Negative Regulation Of Cysteine-Type Endopeptidase Activity Involved In Apoptotic Process (GO:0043154),5/49,0.0228904532757872,0.244246848883653,0,0,3.3214531680440773,12.545246005369783,CSNK2A1;DNAJB6;PIH1D1;RFFL;MMP9,GO_Biological_Process_2023
GO_Biological_Process_2023,Positive Regulation Of miRNA Metabolic Process (GO:2000630),5/49,0.0228904532757872,0.244246848883653,0,0,3.3214531680440773,12.545246005369783,PNPT1;SMAD3;PDGFB;PPARG;APLN,GO_Biological_Process_2023
GO_Biological_Process_2023,Establishment Of Protein Localization To Organelle (GO:0072594),7/85,0.0230112298081786,0.244246848883653,0,0,2.626432078559738,9.906305415554696,NXT1;IPO9;NUP133;NUP62;E2F3;RAN;STK3,GO_Biological_Process_2023
GO_Biological_Process_2023,Negative Regulation Of Blood Vessel Endothelial Cell Migration (GO:0043537),4/33,0.0230819497881776,0.244246848883653,0,0,4.02858782409098,15.182556502746651,DLL4;ANGPT2;CSNK2B;PPARG,GO_Biological_Process_2023
GO_Biological_Process_2023,Negative Regulation Of Small Molecule Metabolic Process (GO:0062014),4/33,0.0230819497881776,0.244246848883653,0,0,4.02858782409098,15.182556502746651,GSK3A;NUPR1;GIT1;CLK2,GO_Biological_Process_2023
GO_Biological_Process_2023,Positive Regulation Of RNA Metabolic Process (GO:0051254),4/33,0.0230819497881776,0.244246848883653,0,0,4.02858782409098,15.182556502746651,UTP15;PNPT1;HEATR1;WDR43,GO_Biological_Process_2023
GO_Biological_Process_2023,Positive Regulation Of Establishment Of Protein Localization To Mitochondrion (GO:1903749),4/33,0.0230819497881776,0.244246848883653,0,0,4.02858782409098,15.182556502746651,GSK3A;ARIH2;SAE1;SREBF2,GO_Biological_Process_2023
GO_Biological_Process_2023,Regulation Of G0 To G1 Transition (GO:0070316),4/33,0.0230819497881776,0.244246848883653,0,0,4.02858782409098,15.182556502746651,SMARCE1;RRM1;SMARCC1;DPF2,GO_Biological_Process_2023
GO_Biological_Process_2023,Peptidyl-Serine Modification (GO:0018209),11/166,0.0231449076422636,0.244246848883653,0,0,2.081286376640032,7.838083898735297,PNCK;CSNK2A1;PRKDC;PKN3;PDGFB;STK39;DCLK3;CDK1;PBK;CSNK1D;SRPK1,GO_Biological_Process_2023
GO_Biological_Process_2023,Negative Regulation Of Cellular Catabolic Process (GO:0031330),6/67,0.0237569030213066,0.2477231785042074,0,0,2.8767879798004925,10.75884797818002,RPTOR;GSK3A;LEP;FOXK2;NUPR1;EIF4G2,GO_Biological_Process_2023
GO_Biological_Process_2023,Regulation Of Centriole Replication (GO:0046599),3/19,0.023842550439461,0.2477231785042074,0,0,5.471771148036254,20.4440880427087,NPM1;NUP62;BRCA1,GO_Biological_Process_2023
GO_Biological_Process_2023,Negative Regulation Of Cyclin-Dependent Protein Serine/Threonine Kinase Activity (GO:0045736),3/19,0.023842550439461,0.2477231785042074,0,0,5.471771148036254,20.4440880427087,TFAP4;CDK5RAP1;MEN1,GO_Biological_Process_2023
GO_Biological_Process_2023,Positive Regulation Of Histone Methylation (GO:0031062),3/19,0.023842550439461,0.2477231785042074,0,0,5.471771148036254,20.4440880427087,SUV39H1;BRCA1;HCFC1,GO_Biological_Process_2023
GO_Biological_Process_2023,Positive Regulation Of Developmental Process (GO:0051094),14/233,0.0243500171643016,0.2520226776505221,0,0,1.8771542200618647,6.974046015866908,SMARCE1;SMARCC1;RBM19;PDGFB;MFF;BRMS1;LEP;TMEM79;DPF2;DVL3;PPARG;BRD9;PLCB1;ZP3,GO_Biological_Process_2023
GO_Biological_Process_2023,"mRNA Splicing, Via Spliceosome (GO:0000398)",13/211,0.0245454581564358,0.2523946858897872,0,0,1.9271007622234615,7.144202763383477,BUD31;RBM19;HNRNPU;SRPK1;COIL;EFTUD2;SART1;SCNM1;PRPF6;RALY;SNRPF;SNRNP200;SNRPB,GO_Biological_Process_2023
GO_Biological_Process_2023,tRNA Processing (GO:0008033),5/50,0.0247611286045722,0.2523946858897872,0,0,3.2474747474747474,12.01072121732726,METTL2B;AARS2;METTL1;WDR4;RPP40,GO_Biological_Process_2023
GO_Biological_Process_2023,Nucleocytoplasmic Transport (GO:0006913),5/50,0.0247611286045722,0.2523946858897872,0,0,3.2474747474747474,12.01072121732726,NPM1;NUP133;NUP62;RAE1;HTATIP2,GO_Biological_Process_2023
GO_Biological_Process_2023,Positive Regulation Of Developmental Growth (GO:0048639),5/50,0.0247611286045722,0.2523946858897872,0,0,3.2474747474747474,12.01072121732726,SMURF1;LEP;NEDD4L;PLCB1;ZP3,GO_Biological_Process_2023
GO_Biological_Process_2023,Histone Deubiquitination (GO:0016578),4/34,0.0254915865305894,0.2588598466181744,0,0,3.894099848714069,14.289036547448635,ENY2;BRCA1;ATXN7L3;TAF2,GO_Biological_Process_2023
GO_Biological_Process_2023,Regulation Of Cellular Response To Stress (GO:0080135),8/107,0.0263304250947717,0.2593680227501575,0,0,2.365942530326092,8.60500434132893,ENY2;NPM1;DNAJB6;AIFM2;NUPR1;BRCA1;ATXN7L3;TAF2,GO_Biological_Process_2023
GO_Biological_Process_2023,Regulation Of Telomere Maintenance Via Telomerase (GO:0032210),5/51,0.0267272032851846,0.2593680227501575,0,0,3.176712779973649,11.506286804566775,HNRNPU;NAT10;NEK2;CCT7;AURKB,GO_Biological_Process_2023
GO_Biological_Process_2023,Regulation Of Mitotic Centrosome Separation (GO:0046602),2/8,0.0270570254921627,0.2593680227501575,0,0,9.717948717948715,35.07993471030808,NEK2;KIF11,GO_Biological_Process_2023
GO_Biological_Process_2023,Regulation Of Sister Chromatid Cohesion (GO:0007063),2/8,0.0270570254921627,0.2593680227501575,0,0,9.717948717948715,35.07993471030808,ESPL1;DDX11,GO_Biological_Process_2023
GO_Biological_Process_2023,Semaphorin-Plexin Signaling Pathway Involved In Axon Guidance (GO:1902287),2/8,0.0270570254921627,0.2593680227501575,0,0,9.717948717948715,35.07993471030808,PLXNA2;PLXNA3,GO_Biological_Process_2023
GO_Biological_Process_2023,Isoprenoid Biosynthetic Process (GO:0008299),2/8,0.0270570254921627,0.2593680227501575,0,0,9.717948717948715,35.07993471030808,GGPS1;MVD,GO_Biological_Process_2023
GO_Biological_Process_2023,Negative Regulation Of Chromosome Organization (GO:2001251),2/8,0.0270570254921627,0.2593680227501575,0,0,9.717948717948715,35.07993471030808,TOP2A;ESPL1,GO_Biological_Process_2023
GO_Biological_Process_2023,Nucleoside Diphosphate Metabolic Process (GO:0009132),2/8,0.0270570254921627,0.2593680227501575,0,0,9.717948717948715,35.07993471030808,RRM1;ENTPD6,GO_Biological_Process_2023
GO_Biological_Process_2023,Plasminogen Activation (GO:0031639),2/8,0.0270570254921627,0.2593680227501575,0,0,9.717948717948715,35.07993471030808,PLAU;PGK1,GO_Biological_Process_2023
GO_Biological_Process_2023,Positive Regulation Of Calcium Ion-Dependent Exocytosis (GO:0045956),2/8,0.0270570254921627,0.2593680227501575,0,0,9.717948717948715,35.07993471030808,ZP3;STX1A,GO_Biological_Process_2023
GO_Biological_Process_2023,Positive Regulation Of Smooth Muscle Cell Apoptotic Process (GO:0034393),2/8,0.0270570254921627,0.2593680227501575,0,0,9.717948717948715,35.07993471030808,E2F3;PPARG,GO_Biological_Process_2023
GO_Biological_Process_2023,Protein K29-linked Ubiquitination (GO:0035519),2/8,0.0270570254921627,0.2593680227501575,0,0,9.717948717948715,35.07993471030808,UBE2S;UBE2T,GO_Biological_Process_2023
GO_Biological_Process_2023,DNA Unwinding Involved In DNA Replication (GO:0006268),3/20,0.0273729165592882,0.2593680227501575,0,0,5.149635685089746,18.52942530765232,RECQL5;MCM5;SSBP1,GO_Biological_Process_2023
GO_Biological_Process_2023,Anterior/Posterior Axis Specification (GO:0009948),3/20,0.0273729165592882,0.2593680227501575,0,0,5.149635685089746,18.52942530765232,CDX2;SIX2;HOXD8,GO_Biological_Process_2023
GO_Biological_Process_2023,Regulation Of Spindle Organization (GO:0090224),3/20,0.0273729165592882,0.2593680227501575,0,0,5.149635685089746,18.52942530765232,GPSM2;NUP62;RAE1,GO_Biological_Process_2023
GO_Biological_Process_2023,Negative Regulation Of Cyclin-Dependent Protein Kinase Activity (GO:1904030),3/20,0.0273729165592882,0.2593680227501575,0,0,5.149635685089746,18.52942530765232,TFAP4;CDK5RAP1;MEN1,GO_Biological_Process_2023
GO_Biological_Process_2023,Negative Regulation Of Phosphate Metabolic Process (GO:0045936),3/20,0.0273729165592882,0.2593680227501575,0,0,5.149635685089746,18.52942530765232,PRKRIP1;TESK1;DYNLL1,GO_Biological_Process_2023
GO_Biological_Process_2023,Positive Regulation Of Lipid Storage (GO:0010884),3/20,0.0273729165592882,0.2593680227501575,0,0,5.149635685089746,18.52942530765232,HILPDA;FITM2;SREBF2,GO_Biological_Process_2023
GO_Biological_Process_2023,protein-DNA Complex Disassembly (GO:0032986),3/20,0.0273729165592882,0.2593680227501575,0,0,5.149635685089746,18.52942530765232,SMARCE1;SMARCC1;GRWD1,GO_Biological_Process_2023
GO_Biological_Process_2023,Positive Regulation Of Mitotic Nuclear Division (GO:0045840),4/35,0.0280469203792949,0.2648219745287111,0,0,3.768288516909863,13.467397562670769,ESPL1;NUP62;NSMCE2;PDGFB,GO_Biological_Process_2023
GO_Biological_Process_2023,Protein Homooligomerization (GO:0051260),9/129,0.0284198550795546,0.2662334995404655,0,0,2.1968368902439024,7.822205180914753,PNPT1;PRMT1;AQP10;APIP;SSBP1;FOXM1;ALDOA;TMEM70;JMJD6,GO_Biological_Process_2023
GO_Biological_Process_2023,Protein Targeting (GO:0006605),9/129,0.0284198550795546,0.2662334995404655,0,0,2.1968368902439024,7.822205180914753,ZDHHC9;PARD3;ZFAND2A;SRPRB;AP1S3;MFF;TOMM20;GDAP1;TOMM22,GO_Biological_Process_2023
GO_Biological_Process_2023,Cellular Response To Peptide Hormone Stimulus (GO:0071375),7/89,0.0287248993448243,0.2662334995404655,0,0,2.497794499221588,8.867147890551013,GSK3A;PARP1;PRKDC;RAB13;PPARG;TRIB3;USF1,GO_Biological_Process_2023
GO_Biological_Process_2023,Regulation Of G Protein-Coupled Receptor Signaling Pathway (GO:0008277),6/70,0.0287463833396109,0.2662334995404655,0,0,2.7415117602427923,9.73029229224374,PLCE1;TULP3;RGS20;PLCB1;MRAP2;GIT1,GO_Biological_Process_2023
GO_Biological_Process_2023,Regulation Of Protein Localization To Nucleus (GO:1900180),5/52,0.0287900216894371,0.2662334995404655,0,0,3.10896196002579,11.029746487440368,TESK1;CDK1;KAT7;YWHAZ;BYSL,GO_Biological_Process_2023
GO_Biological_Process_2023,Negative Regulation Of Innate Immune Response (GO:0045824),5/52,0.0287900216894371,0.2662334995404655,0,0,3.10896196002579,11.029746487440368,PARP1;PRKDC;DCST1;YWHAZ;AURKB,GO_Biological_Process_2023
GO_Biological_Process_2023,Negative Regulation Of Cell Population Proliferation (GO:0008285),20/379,0.0291312504785053,0.2684664213618417,0,0,1.639005851741487,5.795432549172009,NPM1;SMAD3;PDCD5;ADRA1D;DYNLL1;NME1;DLL4;TFAP4;TMEM115;FTH1;CSNK2B;NUP62;PPARG;E2F3;NUPR1;EEF1E1;TRIM32;E2F7;TP73;MEN1,GO_Biological_Process_2023
GO_Biological_Process_2023,Protein Autoubiquitination (GO:0051865),6/71,0.030551444325845,0.2805936405489724,0,0,2.699194583868332,9.41571738802858,UBE2T;RNF8;TRAF2;BRCA1;TRIM11;RAD18,GO_Biological_Process_2023
GO_Biological_Process_2023,Mitochondrial Transport (GO:0006839),5/53,0.0309508040394795,0.2832946043205425,0,0,3.044034090909091,10.579103059914589,HSP90AA1;MFF;TOMM20;GDAP1;TOMM22,GO_Biological_Process_2023
GO_Biological_Process_2023,Sulfur Compound Transport (GO:0072348),3/21,0.0311655778049394,0.2833330063280136,0,0,4.863293051359516,16.86804534848698,SLC35B2;RACGAP1;SLC26A6,GO_Biological_Process_2023
GO_Biological_Process_2023,Positive Regulation Of Heart Contraction (GO:0045823),3/21,0.0311655778049394,0.2833330063280136,0,0,4.863293051359516,16.86804534848698,GSK3A;ADRA1D;APLN,GO_Biological_Process_2023
GO_Biological_Process_2023,Positive Regulation Of Binding (GO:0051099),7/91,0.0319123700956928,0.2891454138973386,0,0,2.43806990881459,8.398569519697473,DDX11;PPARG;TRIB3;MMP9;RAN;NME1;STK3,GO_Biological_Process_2023
GO_Biological_Process_2023,Regulation Of Protein Phosphorylation (GO:0001932),15/265,0.0321941709563205,0.2898083919387554,0,0,1.7616923076923077,6.0531216877154685,NPM1;HSP90AA1;PRKDC;TESK1;CSNK1D;SMG8;MMP9;AURKB;PDCL3;RAP2A;LEP;PLCE1;DVL3;BIRC5;MEN1,GO_Biological_Process_2023
GO_Biological_Process_2023,Regulation Of Cellular Localization (GO:0060341),6/72,0.0324290421302398,0.2898083919387554,0,0,2.658159746171886,9.114034702432388,HSP90AA1;PARP1;DNAJB6;MMD;TESK1;DVL3,GO_Biological_Process_2023
GO_Biological_Process_2023,Cellular Response To Hypoxia (GO:0071456),6/72,0.0324290421302398,0.2898083919387554,0,0,2.658159746171886,9.114034702432388,RPTOR;SUV39H1;HILPDA;PGK1;PPARG;NDRG1,GO_Biological_Process_2023
GO_Biological_Process_2023,Nucleosome Assembly (GO:0006334),5/54,0.0332106455647083,0.2898083919387554,0,0,2.981756338899196,10.152536850283903,CHAF1B;NPM1;CHAF1A;CHRAC1;GRWD1,GO_Biological_Process_2023
GO_Biological_Process_2023,Positive Regulation Of Protein Catabolic Process (GO:0045732),7/92,0.0335914004690288,0.2898083919387554,0,0,2.4092615769712142,8.17579346388697,DDB1;GSK3A;HSP90AA1;CSNK2A1;GPC3;NUPR1;TRIM32,GO_Biological_Process_2023
GO_Biological_Process_2023,Regulation Of Vascular Associated Smooth Muscle Cell Proliferation (GO:1904705),4/37,0.0335997097935526,0.2898083919387554,0,0,3.539540640902214,12.01050327130316,PDGFB;PPARG;MMP9;APLN,GO_Biological_Process_2023
GO_Biological_Process_2023,Melanosome Organization (GO:0032438),4/37,0.0335997097935526,0.2898083919387554,0,0,3.539540640902214,12.01050327130316,SNAPIN;BLOC1S3;AP3B1;AP1S3,GO_Biological_Process_2023
GO_Biological_Process_2023,Aminoglycan Metabolic Process (GO:0006022),2/9,0.0340317546832577,0.2898083919387554,0,0,8.329239388062918,28.156670818107752,HEXB;XYLT2,GO_Biological_Process_2023
GO_Biological_Process_2023,Response To Hydroxyurea (GO:0072710),2/9,0.0340317546832577,0.2898083919387554,0,0,8.329239388062918,28.156670818107752,DDX11;KAT7,GO_Biological_Process_2023
GO_Biological_Process_2023,Synaptic Vesicle Fusion To Presynaptic Active Zone Membrane (GO:0031629),2/9,0.0340317546832577,0.2898083919387554,0,0,8.329239388062918,28.156670818107752,SNAP47;STX1A,GO_Biological_Process_2023
GO_Biological_Process_2023,Telomere Maintenance Via Recombination (GO:0000722),2/9,0.0340317546832577,0.2898083919387554,0,0,8.329239388062918,28.156670818107752,NSMCE2;XRCC3,GO_Biological_Process_2023
GO_Biological_Process_2023,Telomeric Loop Disassembly (GO:0090657),2/9,0.0340317546832577,0.2898083919387554,0,0,8.329239388062918,28.156670818107752,SLX4;XRCC3,GO_Biological_Process_2023
GO_Biological_Process_2023,Mitochondrion Morphogenesis (GO:0070584),2/9,0.0340317546832577,0.2898083919387554,0,0,8.329239388062918,28.156670818107752,PNPT1;MFF,GO_Biological_Process_2023
GO_Biological_Process_2023,Negative Regulation Of Potassium Ion Transmembrane Transporter Activity (GO:1901017),2/9,0.0340317546832577,0.2898083919387554,0,0,8.329239388062918,28.156670818107752,STK39;NEDD4L,GO_Biological_Process_2023
GO_Biological_Process_2023,Negative Regulation Of Sodium Ion Transmembrane Transport (GO:1902306),2/9,0.0340317546832577,0.2898083919387554,0,0,8.329239388062918,28.156670818107752,STK39;NEDD4L,GO_Biological_Process_2023
GO_Biological_Process_2023,Nuclear mRNA Surveillance (GO:0071028),2/9,0.0340317546832577,0.2898083919387554,0,0,8.329239388062918,28.156670818107752,EXOSC5;EXOSC4,GO_Biological_Process_2023
GO_Biological_Process_2023,Positive Regulation Of RNA Biosynthetic Process (GO:1902680),2/9,0.0340317546832577,0.2898083919387554,0,0,8.329239388062918,28.156670818107752,TOP2A;PRIM2,GO_Biological_Process_2023
GO_Biological_Process_2023,Positive Regulation Of Acrosome Reaction (GO:2000344),2/9,0.0340317546832577,0.2898083919387554,0,0,8.329239388062918,28.156670818107752,PLCB1;ZP3,GO_Biological_Process_2023
GO_Biological_Process_2023,Protein Localization To Nuclear Envelope (GO:0090435),2/9,0.0340317546832577,0.2898083919387554,0,0,8.329239388062918,28.156670818107752,TMEM147;LMNB2,GO_Biological_Process_2023
GO_Biological_Process_2023,Protein Modification Process (GO:0036211),33/711,0.0343155671180298,0.2909329417787983,0,0,1.4368418841716142,4.845255233547412,GPI;CHRM3;GSK3A;GMFB;PRKAA2;PRKDC;PKN3;GPAA1;PDGFB;PRKAG1;STK39;WNK4;AURKB;STK3;PPP4R1;IRAK1;NEK2;KAT7;UBL4A;CSNK2A1;PARP1;DAPK2;CSNK1D;YWHAZ;SRPK1;PPP1CA;CLK2;ILF3;UBE2S;CSNK2B;CDK1;BIRC5;TAF2,GO_Biological_Process_2023
GO_Biological_Process_2023,Cellular Response To Decreased Oxygen Levels (GO:0036294),6/73,0.0343800354833362,0.2909329417787983,0,0,2.618349829003692,8.824570089908466,RPTOR;SUV39H1;HILPDA;PGK1;PPARG;NDRG1,GO_Biological_Process_2023
GO_Biological_Process_2023,Organelle Fission (GO:0048285),3/22,0.035218570360249,0.2961661651232196,0,0,4.607091747495628,15.416166411000834,MTFP1;MFF;GDAP1,GO_Biological_Process_2023
GO_Biological_Process_2023,Platelet Dense Granule Organization (GO:0060155),3/22,0.035218570360249,0.2961661651232196,0,0,4.607091747495628,15.416166411000834,BLOC1S3;AP3B1;AP1S3,GO_Biological_Process_2023
GO_Biological_Process_2023,Protein Modification By Small Protein Conjugation (GO:0032446),19/364,0.0360774654693177,0.3024437993082061,0,0,1.618925831202046,5.378212188702075,PIAS3;CUL7;SMURF1;RNF26;NSMCE2;CUL2;NEDD4L;BRCA1;DDB1;RNF144A;TRIM28;HLTF;TRIM24;ARIH2;UBA2;SAE1;TRIM32;STX1A;TRIM11,GO_Biological_Process_2023
GO_Biological_Process_2023,Regulation Of Cell Population Proliferation (GO:0042127),35/766,0.0363431024527224,0.3033016904443429,0,0,1.413892688858489,4.686701987559089,PRKDC;SHC1;CDCA7L;PDCD5;HILPDA;PDGFB;KIF14;ADRA1D;DBF4B;FOXM1;DLL4;ESM1;FTH1;NUP62;BRD9;E2F7;MEN1;OSR2;SMARCC1;NPM1;SMAD3;CSNK2A1;PRMT1;DYNLL1;SHCBP1;NME1;SQLE;TFAP4;TMEM115;CLCF1;CSNK2B;BIRC5;MVD;NUPR1;EEF1E1,GO_Biological_Process_2023
GO_Biological_Process_2023,Regulation Of Cell Cycle G1/S Phase Transition (GO:1902806),6/74,0.0364052196259839,0.3033016904443429,0,0,2.579710791752209,8.546693085822696,SMARCE1;SMARCC1;CDK7;STXBP4;KIF14;DPF2,GO_Biological_Process_2023
GO_Biological_Process_2023,Mitotic DNA Damage Checkpoint Signaling (GO:0044773),5/56,0.0380312595258525,0.3137095243554545,0,0,2.864527629233512,9.365134347914925,EME1;FANCD2;PRKDC;CDK1;BRCA1,GO_Biological_Process_2023
GO_Biological_Process_2023,"Positive Regulation Of DNA-templated Transcription, Elongation (GO:0032786)",5/56,0.0380312595258525,0.3137095243554545,0,0,2.864527629233512,9.365134347914925,PARP1;MED30;LEO1;KAT7;HMGN1,GO_Biological_Process_2023
GO_Biological_Process_2023,Positive Regulation Of Protein Modification Process (GO:0031401),13/225,0.0383611526469973,0.3137095243554545,0,0,1.7985226878110891,5.864460879684894,HSP90AA1;SUV39H1;TESK1;CSNK1D;DYNLL1;MMP9;AURKB;PTBP1;RAP2A;BRMS1;LEP;DVL3;BIRC5,GO_Biological_Process_2023
GO_Biological_Process_2023,Negative Regulation Of Phosphorylation (GO:0042326),6/75,0.0385053254491926,0.3137095243554545,0,0,2.5421917265949725,8.279813521756186,PRKDC;PRKRIP1;TESK1;HNRNPU;DYNLL1;MEN1,GO_Biological_Process_2023
GO_Biological_Process_2023,Ubiquitin-Dependent Protein Catabolic Process (GO:0006511),19/367,0.0386788943832714,0.3137095243554545,0,0,1.6047160243407708,5.219276594127503,UBL4A;GSK3A;SMURF1;ZFAND2A;FBXL19;RNF26;KIF14;RNF8;NEDD4L;DCST1;DDB1;RNF144A;PSMC4;UBE2S;ARIH2;RBCK1;RFFL;UBQLN4;TRIM32,GO_Biological_Process_2023
GO_Biological_Process_2023,Regulation Of Centrosome Cycle (GO:0046605),3/23,0.0395291313236604,0.3137095243554545,0,0,4.376510574018127,14.139268762240729,NPM1;XRCC3;NAT10,GO_Biological_Process_2023
GO_Biological_Process_2023,Long-Chain fatty-acyl-CoA Metabolic Process (GO:0035336),3/23,0.0395291313236604,0.3137095243554545,0,0,4.376510574018127,14.139268762240729,ELOVL5;ACSL3;ELOVL7,GO_Biological_Process_2023
GO_Biological_Process_2023,Protein Alkylation (GO:0008213),3/23,0.0395291313236604,0.3137095243554545,0,0,4.376510574018127,14.139268762240729,PRMT1;PRMT3;SNRPB,GO_Biological_Process_2023
GO_Biological_Process_2023,Protein Targeting To ER (GO:0045047),3/23,0.0395291313236604,0.3137095243554545,0,0,4.376510574018127,14.139268762240729,UBL4A;ZFAND2A;SRPRB,GO_Biological_Process_2023
GO_Biological_Process_2023,Anterograde Axonal Transport (GO:0008089),4/39,0.0397474121606699,0.3137095243554545,0,0,3.33693537929544,10.762319166203946,AP3M2;SNAPIN;BLOC1S3;ARL8B,GO_Biological_Process_2023
GO_Biological_Process_2023,Regulation Of Mitotic Spindle Organization (GO:0060236),4/39,0.0397474121606699,0.3137095243554545,0,0,3.33693537929544,10.762319166203946,GPSM2;NUP62;HNRNPU;RAE1,GO_Biological_Process_2023
GO_Biological_Process_2023,Axonal Transport (GO:0098930),4/39,0.0397474121606699,0.3137095243554545,0,0,3.33693537929544,10.762319166203946,AP3M2;SNAPIN;BLOC1S3;ARL8B,GO_Biological_Process_2023
GO_Biological_Process_2023,Heterochromatin Organization (GO:0070828),4/39,0.0397474121606699,0.3137095243554545,0,0,3.33693537929544,10.762319166203946,SETDB1;CBX3;UBR5;LMNB2,GO_Biological_Process_2023
GO_Biological_Process_2023,Nuclear Transport (GO:0051169),4/39,0.0397474121606699,0.3137095243554545,0,0,3.33693537929544,10.762319166203946,NPM1;NUP133;NUP62;RAE1,GO_Biological_Process_2023
GO_Biological_Process_2023,Positive Regulation Of ATP-dependent Activity (GO:0032781),4/39,0.0397474121606699,0.3137095243554545,0,0,3.33693537929544,10.762319166203946,CHTOP;HNRNPU;SSBP1;ATP1B1,GO_Biological_Process_2023
GO_Biological_Process_2023,Positive Regulation Of Cytokinesis (GO:0032467),4/39,0.0397474121606699,0.3137095243554545,0,0,3.33693537929544,10.762319166203946,RACGAP1;KIF14;BIRC5;CIT,GO_Biological_Process_2023
GO_Biological_Process_2023,Positive Regulation Of Lipid Biosynthetic Process (GO:0046889),4/39,0.0397474121606699,0.3137095243554545,0,0,3.33693537929544,10.762319166203946,RPTOR;LPGAT1;ELOVL5;MID1IP1,GO_Biological_Process_2023
GO_Biological_Process_2023,Transcription Initiation At RNA Polymerase II Promoter (GO:0006367),6/76,0.0406810188095919,0.3137095243554545,0,0,2.5057446347279426,8.02337844307827,CDK7;MED30;ERCC3;E2F2;E2F3;TAF2,GO_Biological_Process_2023
GO_Biological_Process_2023,Regulation Of Ras Protein Signal Transduction (GO:0046578),6/76,0.0406810188095919,0.3137095243554545,0,0,2.5057446347279426,8.02337844307827,NUP62;KIF14;PLCE1;FOXM1;DYNLL1;GIT1,GO_Biological_Process_2023
GO_Biological_Process_2023,Positive Regulation Of Cellular Process (GO:0048522),28/594,0.0411686517380411,0.3137095243554545,0,0,1.4576165883586378,4.649910891385164,PRKAA2;SHC1;CDCA7L;HILPDA;PDGFB;KIF14;ADRA1D;DBF4B;FOXM1;RPTOR;ESM1;EXOSC4;BRD9;SMARCE1;OSR2;SMARCC1;NPM1;CSNK2A1;SPAG5;PRMT1;HCFC1;PARD3;CLCF1;BIRC5;MVD;NUPR1;TRIM32;EIF4G2,GO_Biological_Process_2023
GO_Biological_Process_2023,CRD-mediated mRNA Stabilization (GO:0070934),2/10,0.0416180974340012,0.3137095243554545,0,0,7.287707390648567,23.169226342845047,HNRNPU;PAIP1,GO_Biological_Process_2023
GO_Biological_Process_2023,Regulation Of Cysteine-Type Endopeptidase Activity Involved In Apoptotic Signaling Pathway (GO:2001267),2/10,0.0416180974340012,0.3137095243554545,0,0,7.287707390648567,23.169226342845047,PIH1D1;MMP9,GO_Biological_Process_2023
GO_Biological_Process_2023,Regulation Of Peptidyl-Lysine Acetylation (GO:2000756),2/10,0.0416180974340012,0.3137095243554545,0,0,7.287707390648567,23.169226342845047,PRKAA2;NFYA,GO_Biological_Process_2023
GO_Biological_Process_2023,Cellular Response To UV-A (GO:0071492),2/10,0.0416180974340012,0.3137095243554545,0,0,7.287707390648567,23.169226342845047,MMP1;MMP9,GO_Biological_Process_2023
GO_Biological_Process_2023,Mitotic DNA Replication (GO:1902969),2/10,0.0416180974340012,0.3137095243554545,0,0,7.287707390648567,23.169226342845047,POLA1;RECQL5,GO_Biological_Process_2023
GO_Biological_Process_2023,Mitotic Spindle Elongation (GO:0000022),2/10,0.0416180974340012,0.3137095243554545,0,0,7.287707390648567,23.169226342845047,RACGAP1;BIRC5,GO_Biological_Process_2023
GO_Biological_Process_2023,Mitotic Spindle Midzone Assembly (GO:0051256),2/10,0.0416180974340012,0.3137095243554545,0,0,7.287707390648567,23.169226342845047,RACGAP1;BIRC5,GO_Biological_Process_2023
GO_Biological_Process_2023,Negative Regulation Of Glycolytic Process (GO:0045820),2/10,0.0416180974340012,0.3137095243554545,0,0,7.287707390648567,23.169226342845047,NUPR1;GIT1,GO_Biological_Process_2023
GO_Biological_Process_2023,Negative Regulation Of Nuclear Division (GO:0051784),2/10,0.0416180974340012,0.3137095243554545,0,0,7.287707390648567,23.169226342845047,NME6;FBXO43,GO_Biological_Process_2023
GO_Biological_Process_2023,Negative Regulation Of Sodium Ion Transmembrane Transporter Activity (GO:2000650),2/10,0.0416180974340012,0.3137095243554545,0,0,7.287707390648567,23.169226342845047,STK39;NEDD4L,GO_Biological_Process_2023
GO_Biological_Process_2023,Nuclear RNA Surveillance (GO:0071027),2/10,0.0416180974340012,0.3137095243554545,0,0,7.287707390648567,23.169226342845047,EXOSC5;EXOSC4,GO_Biological_Process_2023
GO_Biological_Process_2023,"Nuclear-Transcribed mRNA Catabolic Process, Exonucleolytic, 3'-5' (GO:0034427)",2/10,0.0416180974340012,0.3137095243554545,0,0,7.287707390648567,23.169226342845047,EXOSC5;EXOSC4,GO_Biological_Process_2023
GO_Biological_Process_2023,Nucleoside Triphosphate Metabolic Process (GO:0009141),2/10,0.0416180974340012,0.3137095243554545,0,0,7.287707390648567,23.169226342845047,NME2;ITPA,GO_Biological_Process_2023
GO_Biological_Process_2023,Positive Regulation Of DNA Methylation-Dependent Heterochromatin Formation (GO:0090309),2/10,0.0416180974340012,0.3137095243554545,0,0,7.287707390648567,23.169226342845047,SETDB1;TRIM28,GO_Biological_Process_2023
GO_Biological_Process_2023,RNA Processing (GO:0006396),11/183,0.0425954132046756,0.32017948864185,0,0,1.8739154398691416,5.914093436454953,EXOSC5;PRPF6;SCNM1;EXOSC4;PRMT1;CELF3;HNRNPU;ZCRB1;SNRPF;SNRPB;SRPK1,GO_Biological_Process_2023
GO_Biological_Process_2023,mRNA 3'-End Processing (GO:0031124),4/40,0.0430453138821722,0.3208724090219543,0,0,3.244074634392335,10.204242948751434,ZNF473;CPSF4;CSTF2;LEO1,GO_Biological_Process_2023
GO_Biological_Process_2023,Positive Regulation Of Catalytic Activity (GO:0043085),4/40,0.0430453138821722,0.3208724090219543,0,0,3.244074634392335,10.204242948751434,APH1A;CHTOP;MID1IP1;SSBP1,GO_Biological_Process_2023
GO_Biological_Process_2023,Positive Regulation Of Cell Cycle G1/S Phase Transition (GO:1902808),4/40,0.0430453138821722,0.3208724090219543,0,0,3.244074634392335,10.204242948751434,RPTOR;RRM1;STXBP4;PLCB1,GO_Biological_Process_2023
GO_Biological_Process_2023,Regulation Of Protein Binding (GO:0043393),8/118,0.043311332753289,0.321963526074864,0,0,2.128130621281306,6.680927610198135,SNAPIN;DDX11;PDGFB;TRIB3;AURKB;RAN;STK3;PPP1CA,GO_Biological_Process_2023
GO_Biological_Process_2023,Regulation Of Cytoplasmic Translation (GO:2000765),3/24,0.0440937749605845,0.3250858860792686,0,0,4.1678895123003885,13.00980313456755,UNK;HNRNPU;PAIP1,GO_Biological_Process_2023
GO_Biological_Process_2023,Negative Regulation Of Ion Transmembrane Transporter Activity (GO:0032413),3/24,0.0440937749605845,0.3250858860792686,0,0,4.1678895123003885,13.00980313456755,STK39;NEDD4L;MMP9,GO_Biological_Process_2023
GO_Biological_Process_2023,Positive Regulation Of p38MAPK Cascade (GO:1900745),3/24,0.0440937749605845,0.3250858860792686,0,0,4.1678895123003885,13.00980313456755,PRMT1;LEP;STK39,GO_Biological_Process_2023
GO_Biological_Process_2023,Mitochondrion Organization (GO:0007005),10/162,0.0444953538086653,0.3271502652981378,0,0,1.926777822418642,5.996846462363022,PNPT1;SAMM50;PARP1;MTFP1;AIFM2;MFF;TOMM20;GDAP1;TMEM70;TOMM22,GO_Biological_Process_2023
GO_Biological_Process_2023,Regulation Of TOR Signaling (GO:0032006),6/78,0.0452615031363822,0.3318765802179961,0,0,2.435887708649469,7.539799395815713,RPTOR;GSK3A;PRKAA2;PIH1D1;LEP;RFFL,GO_Biological_Process_2023
GO_Biological_Process_2023,Anterior/Posterior Pattern Specification (GO:0009952),5/59,0.0460252916301232,0.3323204707619996,0,0,2.70496632996633,8.32741254767882,CDX2;SIX2;HOXD4;CELSR2;HOXD9,GO_Biological_Process_2023
GO_Biological_Process_2023,Double-Strand Break Repair Via Nonhomologous End Joining (GO:0006303),4/41,0.0464925443524197,0.3323204707619996,0,0,3.156233389213722,9.68478637075139,POLA1;PRKDC;NSMCE2;RNF8,GO_Biological_Process_2023
GO_Biological_Process_2023,Synaptic Vesicle Exocytosis (GO:0016079),4/41,0.0464925443524197,0.3323204707619996,0,0,3.156233389213722,9.68478637075139,SNAP47;SNAPIN;DNAJC5;STX1A,GO_Biological_Process_2023
GO_Biological_Process_2023,Non-Canonical Wnt Signaling Pathway (GO:0035567),4/41,0.0464925443524197,0.3323204707619996,0,0,3.156233389213722,9.68478637075139,GPI;SMURF1;DVL3;CELSR2,GO_Biological_Process_2023
GO_Biological_Process_2023,Cellular Response To UV (GO:0034644),6/79,0.0476672961953638,0.3323204707619996,0,0,2.402394661899516,7.31171153018896,DDB1;NPM1;PARP1;MMP1;MMP9;AURKB,GO_Biological_Process_2023
GO_Biological_Process_2023,Positive Regulation Of Cytoskeleton Organization (GO:0051495),6/79,0.0476672961953638,0.3323204707619996,0,0,2.402394661899516,7.31171153018896,GPSM2;BAIAP2L1;SPAG5;NUP62;PFDN2;PLXNA3,GO_Biological_Process_2023
GO_Biological_Process_2023,Protein-Containing Complex Assembly (GO:0065003),17/328,0.0481165908546952,0.3323204707619996,0,0,1.6047794847366124,4.869106749004786,HSP90AA1;SMAD3;GPAA1;PIH1D1;TRAPPC4;MID1IP1;CSNK1D;TRAF2;CENPA;TMEM70;SAMM50;TFAP4;PARD3;CSNK2B;PSMG3;SRPRB;KNTC1,GO_Biological_Process_2023
GO_Biological_Process_2023,Regulation Of Myelination (GO:0031641),3/25,0.0489083640619468,0.3323204707619996,0,0,3.9782340016478983,12.00554183267692,NSUN5;PARD3;KIF14,GO_Biological_Process_2023
GO_Biological_Process_2023,Secretory Granule Organization (GO:0033363),3/25,0.0489083640619468,0.3323204707619996,0,0,3.9782340016478983,12.00554183267692,BLOC1S3;AP3B1;AP1S3,GO_Biological_Process_2023
GO_Biological_Process_2023,fatty-acyl-CoA Biosynthetic Process (GO:0046949),3/25,0.0489083640619468,0.3323204707619996,0,0,3.9782340016478983,12.00554183267692,ELOVL5;ACSL3;ELOVL7,GO_Biological_Process_2023
GO_Biological_Process_2023,Mitotic Cell Cycle Checkpoint Signaling (GO:0007093),3/25,0.0489083640619468,0.3323204707619996,0,0,3.9782340016478983,12.00554183267692,BRCA1;AURKB;ZWINT,GO_Biological_Process_2023
GO_Biological_Process_2023,Negative Regulation Of Lipid Biosynthetic Process (GO:0051055),3/25,0.0489083640619468,0.3323204707619996,0,0,3.9782340016478983,12.00554183267692,PRMT3;TRIB3;BRCA1,GO_Biological_Process_2023
GO_Biological_Process_2023,Negative Regulation Of Smoothened Signaling Pathway (GO:0045879),3/25,0.0489083640619468,0.3323204707619996,0,0,3.9782340016478983,12.00554183267692,RFX8;GPC3;TULP3,GO_Biological_Process_2023
GO_Biological_Process_2023,Positive Regulation Of Release Of Cytochrome C From Mitochondria (GO:0090200),3/25,0.0489083640619468,0.3323204707619996,0,0,3.9782340016478983,12.00554183267692,PDCD5;MFF;MMP9,GO_Biological_Process_2023
GO_Biological_Process_2023,Cell Part Morphogenesis (GO:0032990),2/11,0.0497677999691883,0.3323204707619996,0,0,6.477626948215184,19.43538827601789,PNPT1;MFF,GO_Biological_Process_2023
GO_Biological_Process_2023,Detection Of Light Stimulus Involved In Sensory Perception (GO:0050962),2/11,0.0497677999691883,0.3323204707619996,0,0,6.477626948215184,19.43538827601789,RGS9BP;CEP250,GO_Biological_Process_2023
GO_Biological_Process_2023,Detection Of Light Stimulus Involved In Visual Perception (GO:0050908),2/11,0.0497677999691883,0.3323204707619996,0,0,6.477626948215184,19.43538827601789,RGS9BP;CEP250,GO_Biological_Process_2023
GO_Biological_Process_2023,Dosage Compensation By Inactivation Of X Chromosome (GO:0009048),2/11,0.0497677999691883,0.3323204707619996,0,0,6.477626948215184,19.43538827601789,HNRNPU;CDYL,GO_Biological_Process_2023
GO_Biological_Process_2023,Endosomal Lumen Acidification (GO:0048388),2/11,0.0497677999691883,0.3323204707619996,0,0,6.477626948215184,19.43538827601789,ATP6V1H;ATP6V0A1,GO_Biological_Process_2023
GO_Biological_Process_2023,sno(s)RNA 3'-End Processing (GO:0031126),2/11,0.0497677999691883,0.3323204707619996,0,0,6.477626948215184,19.43538827601789,EXOSC5;EXOSC4,GO_Biological_Process_2023
GO_Biological_Process_2023,Histone H2A Ubiquitination (GO:0033522),2/11,0.0497677999691883,0.3323204707619996,0,0,6.477626948215184,19.43538827601789,RNF8;BRCA1,GO_Biological_Process_2023
GO_Biological_Process_2023,Intestinal Absorption (GO:0050892),2/11,0.0497677999691883,0.3323204707619996,0,0,6.477626948215184,19.43538827601789,LEP;SLC26A6,GO_Biological_Process_2023
GO_Biological_Process_2023,Lipoprotein Transport (GO:0042953),2/11,0.0497677999691883,0.3323204707619996,0,0,6.477626948215184,19.43538827601789,UNC119B;PPARG,GO_Biological_Process_2023
GO_Biological_Process_2023,Negative Regulation Of Cell Division (GO:0051782),2/11,0.0497677999691883,0.3323204707619996,0,0,6.477626948215184,19.43538827601789,E2F7;E2F8,GO_Biological_Process_2023
GO_Biological_Process_2023,Negative Regulation Of Fibrinolysis (GO:0051918),2/11,0.0497677999691883,0.3323204707619996,0,0,6.477626948215184,19.43538827601789,PLAU;USF1,GO_Biological_Process_2023
GO_Biological_Process_2023,Negative Regulation Of Glucose Transmembrane Transport (GO:0010829),2/11,0.0497677999691883,0.3323204707619996,0,0,6.477626948215184,19.43538827601789,GSK3A;LEP,GO_Biological_Process_2023
GO_Biological_Process_2023,"Negative Regulation Of Nuclear-Transcribed mRNA Catabolic Process, Deadenylation-Dependent Decay (GO:1900152)",2/11,0.0497677999691883,0.3323204707619996,0,0,6.477626948215184,19.43538827601789,HNRNPU;PAIP1,GO_Biological_Process_2023
GO_Biological_Process_2023,Negative Regulation Of Potassium Ion Transmembrane Transport (GO:1901380),2/11,0.0497677999691883,0.3323204707619996,0,0,6.477626948215184,19.43538827601789,STK39;NEDD4L,GO_Biological_Process_2023
GO_Biological_Process_2023,Nucleoside Phosphate Catabolic Process (GO:1901292),2/11,0.0497677999691883,0.3323204707619996,0,0,6.477626948215184,19.43538827601789,ENTPD6;ITPA,GO_Biological_Process_2023
GO_Biological_Process_2023,Positive Regulation Of Metaphase/Anaphase Transition Of Cell Cycle (GO:1902101),2/11,0.0497677999691883,0.3323204707619996,0,0,6.477626948215184,19.43538827601789,ESPL1;NSMCE2,GO_Biological_Process_2023
GO_Biological_Process_2023,Positive Regulation Of Mitotic Cell Cycle Spindle Assembly Checkpoint (GO:0090267),2/11,0.0497677999691883,0.3323204707619996,0,0,6.477626948215184,19.43538827601789,XRCC3;BIRC5,GO_Biological_Process_2023
GO_Biological_Process_2023,Positive Regulation Of Mitotic Metaphase/Anaphase Transition (GO:0045842),2/11,0.0497677999691883,0.3323204707619996,0,0,6.477626948215184,19.43538827601789,ESPL1;NSMCE2,GO_Biological_Process_2023
GO_Biological_Process_2023,Positive Regulation Of Spindle Checkpoint (GO:0090232),2/11,0.0497677999691883,0.3323204707619996,0,0,6.477626948215184,19.43538827601789,XRCC3;BIRC5,GO_Biological_Process_2023
GO_Biological_Process_2023,pre-mRNA Cleavage Required For Polyadenylation (GO:0098789),2/11,0.0497677999691883,0.3323204707619996,0,0,6.477626948215184,19.43538827601789,CPSF4;CSTF2,GO_Biological_Process_2023
GO_Biological_Process_2023,Protein Localization To Kinetochore (GO:0034501),2/11,0.0497677999691883,0.3323204707619996,0,0,6.477626948215184,19.43538827601789,CDK1;KNTC1,GO_Biological_Process_2023
GO_Biological_Process_2023,Regulation Of Adipose Tissue Development (GO:1904177),2/11,0.0497677999691883,0.3323204707619996,0,0,6.477626948215184,19.43538827601789,PARP1;PPARG,GO_Biological_Process_2023
GO_Biological_Process_2023,Regulation Of Ubiquitin-Dependent Protein Catabolic Process (GO:2000058),4/42,0.0500887471266415,0.333635689400476,0,0,3.0730153674655627,9.200481722689975,PDCL3;CSNK2A1;SMURF1;UBQLN4,GO_Biological_Process_2023
GO_Biological_Process_2023,Positive Regulation Of Macromolecule Biosynthetic Process (GO:0010557),8/122,0.0509469087250315,0.3385139046396539,0,0,2.053032123688216,6.111817492313265,NPM1;YTHDF1;PRKDC;NSUN5;PRMT1;PDGFB;NAT10;METTL5,GO_Biological_Process_2023
GO_Biological_Process_2023,Negative Regulation Of Transcription By RNA Polymerase II (GO:0000122),34/763,0.0516883592669712,0.3425945191808364,0,0,1.375229076584949,4.074147332419739,ZNF692;SUV39H1;NKAP;HNRNPU;FOXM1;AURKB;DLL4;BAG3;DPF2;ZNF620;MTA3;E2F7;ZNF343;MEN1;E2F8;OSR2;SMAD3;PARP1;CDX2;CBX3;SOX13;SOX12;YWHAZ;SREBF2;HCFC1;BRMS1;MAFG;UBA2;GTF2IRD1;PPARG;TRIB3;MAGED2;HDGF;HOXD9,GO_Biological_Process_2023
GO_Biological_Process_2023,Negative Regulation Of Autophagy (GO:0010507),5/61,0.0518688734197719,0.3429462859277798,0,0,2.608089826839827,7.717432758579993,RPTOR;LEP;FOXK2;NUPR1;EIF4G2,GO_Biological_Process_2023
GO_Biological_Process_2023,Histone Modification (GO:0016570),6/81,0.0527119908414953,0.3476665866530981,0,0,2.3380880121396053,6.880788014104808,ENY2;BRMS1;KAT7;ATXN7L3;MTA3;AURKB,GO_Biological_Process_2023
GO_Biological_Process_2023,Regulation Of RNA Splicing (GO:0043484),7/102,0.0536520599321968,0.3516425268177225,0,0,2.154535274356103,6.302522887173253,PTBP1;ENY2;ATXN7L3;JMJD6;CLK2;SRPK1;FAM50A,GO_Biological_Process_2023
GO_Biological_Process_2023,Energy Derivation By Oxidation Of Organic Compounds (GO:0015980),4/43,0.0538333149247761,0.3516425268177225,0,0,2.994064936576283,8.748246859989452,UQCRB;LEP;CYC1;MRAP2,GO_Biological_Process_2023
GO_Biological_Process_2023,Positive Regulation Of miRNA Transcription (GO:1902895),4/43,0.0538333149247761,0.3516425268177225,0,0,2.994064936576283,8.748246859989452,SMAD3;PDGFB;PPARG;APLN,GO_Biological_Process_2023
GO_Biological_Process_2023,"Wnt Signaling Pathway, Planar Cell Polarity Pathway (GO:0060071)",3/26,0.0539681767282495,0.3516425268177225,0,0,3.805070274530408,11.10837271906672,SMURF1;DVL3;CELSR2,GO_Biological_Process_2023
GO_Biological_Process_2023,Regulation Of Potassium Ion Transmembrane Transporter Activity (GO:1901016),3/26,0.0539681767282495,0.3516425268177225,0,0,3.805070274530408,11.10837271906672,STK39;NEDD4L;ATP1B1,GO_Biological_Process_2023
GO_Biological_Process_2023,Positive Regulation Of Cell Population Proliferation (GO:0008284),23/483,0.0547197479623103,0.3556783617550174,0,0,1.4700155763239875,4.27117525658282,OSR2;SMARCC1;NPM1;CSNK2A1;SHC1;PRMT1;CDCA7L;HILPDA;PDGFB;KIF14;NME2;HNRNPU;ADRA1D;DBF4B;FOXM1;NME1;DLL4;ESM1;CLCF1;SIX2;BIRC5;BRD9;MVD,GO_Biological_Process_2023
GO_Biological_Process_2023,Response To Unfolded Protein (GO:0006986),4/44,0.0577253993917958,0.3598373970521221,0,0,2.919062027231468,8.325334221550763,HSP90AA1;HSPA6;SERPINH1;TOR1B,GO_Biological_Process_2023
GO_Biological_Process_2023,Embryonic Organ Morphogenesis (GO:0048562),4/44,0.0577253993917958,0.3598373970521221,0,0,2.919062027231468,8.325334221550763,OSR2;SIX2;HOXD4;HOXD9,GO_Biological_Process_2023
GO_Biological_Process_2023,Establishment Of Protein Localization To Mitochondrion (GO:0072655),4/44,0.0577253993917958,0.3598373970521221,0,0,2.919062027231468,8.325334221550763,MFF;TOMM20;GDAP1;TOMM22,GO_Biological_Process_2023
GO_Biological_Process_2023,Epigenetic Regulation Of Gene Expression (GO:0040029),6/83,0.0580693962567664,0.3598373970521221,0,0,2.2771219675620284,6.48095439635351,SMYD5;RNF8;DPY30;KAT7;ZNF335;MEN1,GO_Biological_Process_2023
GO_Biological_Process_2023,Positive Regulation Of Ubiquitin-Dependent Protein Catabolic Process (GO:2000060),6/83,0.0580693962567664,0.3598373970521221,0,0,2.2771219675620284,6.48095439635351,RNF144A;GSK3A;SMURF1;ARIH2;CSNK1D;TRIB3,GO_Biological_Process_2023
GO_Biological_Process_2023,DNA Conformation Change (GO:0071103),2/12,0.0584351328546181,0.3598373970521221,0,0,5.829562594268476,16.555013262307646,TOP2A;ERCC3,GO_Biological_Process_2023
GO_Biological_Process_2023,DNA Strand Elongation Involved In DNA Replication (GO:0006271),2/12,0.0584351328546181,0.3598373970521221,0,0,5.829562594268476,16.555013262307646,POLA1;LIG3,GO_Biological_Process_2023
GO_Biological_Process_2023,Regulation Of Hematopoietic Stem Cell Differentiation (GO:1902036),2/12,0.0584351328546181,0.3598373970521221,0,0,5.829562594268476,16.555013262307646,PRKDC;PUS7,GO_Biological_Process_2023
GO_Biological_Process_2023,UV-damage Excision Repair (GO:0070914),2/12,0.0584351328546181,0.3598373970521221,0,0,5.829562594268476,16.555013262307646,DDB1;POLA1,GO_Biological_Process_2023
GO_Biological_Process_2023,V(D)J Recombination (GO:0033151),2/12,0.0584351328546181,0.3598373970521221,0,0,5.829562594268476,16.555013262307646,PRKDC;LIG3,GO_Biological_Process_2023
GO_Biological_Process_2023,Regulation Of Monooxygenase Activity (GO:0032768),2/12,0.0584351328546181,0.3598373970521221,0,0,5.829562594268476,16.555013262307646,HM13;LEP,GO_Biological_Process_2023
GO_Biological_Process_2023,Semaphorin-Plexin Signaling Pathway Involved In Neuron Projection Guidance (GO:1902285),2/12,0.0584351328546181,0.3598373970521221,0,0,5.829562594268476,16.555013262307646,PLXNA2;PLXNA3,GO_Biological_Process_2023
GO_Biological_Process_2023,Fatty Acid Elongation (GO:0030497),2/12,0.0584351328546181,0.3598373970521221,0,0,5.829562594268476,16.555013262307646,ELOVL5;ELOVL7,GO_Biological_Process_2023
GO_Biological_Process_2023,Very Long-Chain Fatty Acid Biosynthetic Process (GO:0042761),2/12,0.0584351328546181,0.3598373970521221,0,0,5.829562594268476,16.555013262307646,ELOVL5;ELOVL7,GO_Biological_Process_2023
GO_Biological_Process_2023,Lipid Droplet Formation (GO:0140042),2/12,0.0584351328546181,0.3598373970521221,0,0,5.829562594268476,16.555013262307646,SQLE;FITM2,GO_Biological_Process_2023
GO_Biological_Process_2023,Lipoprotein Localization (GO:0044872),2/12,0.0584351328546181,0.3598373970521221,0,0,5.829562594268476,16.555013262307646,UNC119B;PPARG,GO_Biological_Process_2023
GO_Biological_Process_2023,mRNA Cleavage Involved In mRNA Processing (GO:0098787),2/12,0.0584351328546181,0.3598373970521221,0,0,5.829562594268476,16.555013262307646,CPSF4;CSTF2,GO_Biological_Process_2023
GO_Biological_Process_2023,Negative Regulation Of Cardiac Muscle Hypertrophy (GO:0010614),2/12,0.0584351328546181,0.3598373970521221,0,0,5.829562594268476,16.555013262307646,GSK3A;PPARG,GO_Biological_Process_2023
GO_Biological_Process_2023,Negative Regulation Of Potassium Ion Transport (GO:0043267),2/12,0.0584351328546181,0.3598373970521221,0,0,5.829562594268476,16.555013262307646,STK39;NEDD4L,GO_Biological_Process_2023
GO_Biological_Process_2023,Positive Regulation Of Cell Morphogenesis Involved In Differentiation (GO:0010770),2/12,0.0584351328546181,0.3598373970521221,0,0,5.829562594268476,16.555013262307646,CUL7;PRKDC,GO_Biological_Process_2023
GO_Biological_Process_2023,Positive Regulation Of Histone H3-K4 Methylation (GO:0051571),2/12,0.0584351328546181,0.3598373970521221,0,0,5.829562594268476,16.555013262307646,BRCA1;HCFC1,GO_Biological_Process_2023
GO_Biological_Process_2023,Regulation Of DNA-templated DNA Replication Initiation (GO:0030174),2/12,0.0584351328546181,0.3598373970521221,0,0,5.829562594268476,16.555013262307646,KAT7;MCM5,GO_Biological_Process_2023
GO_Biological_Process_2023,Regulation Of Acrosome Reaction (GO:0060046),2/12,0.0584351328546181,0.3598373970521221,0,0,5.829562594268476,16.555013262307646,PLCB1;ZP3,GO_Biological_Process_2023
GO_Biological_Process_2023,Monoubiquitinated Histone H2A Deubiquitination (GO:0035522),3/27,0.0592679687629361,0.3633031980434194,0,0,3.6463368580060425,10.303404012540238,ENY2;ATXN7L3;TAF2,GO_Biological_Process_2023
GO_Biological_Process_2023,Monoubiquitinated Histone Deubiquitination (GO:0035521),3/27,0.0592679687629361,0.3633031980434194,0,0,3.6463368580060425,10.303404012540238,ENY2;ATXN7L3;TAF2,GO_Biological_Process_2023
GO_Biological_Process_2023,Intrinsic Apoptotic Signaling Pathway (GO:0097193),7/105,0.0608702171745203,0.3722767145832599,0,0,2.0882544507164567,5.845047739345152,PRKDC;CUL2;TP53BP2;TRIB3;TRAF2;BRCA1;TP73,GO_Biological_Process_2023
GO_Biological_Process_2023,Positive Regulation Of T Cell Differentiation (GO:0045582),5/64,0.0614088992193815,0.3747196095223488,0,0,2.475089881869543,6.905997065304112,SMARCE1;SART1;SMARCC1;NKAP;SOX12,GO_Biological_Process_2023
GO_Biological_Process_2023,Regulation Of Cellular Metabolic Process (GO:0031323),4/45,0.0617639210861228,0.3751844506608498,0,0,2.847717796391277,7.929287626020008,PNPT1;PRKAG1;FOXM1;PARL,GO_Biological_Process_2023
GO_Biological_Process_2023,Regulation Of Telomerase Activity (GO:0051972),4/45,0.0617639210861228,0.3751844506608498,0,0,2.847717796391277,7.929287626020008,HSP90AA1;NEK2;AURKB;MEN1,GO_Biological_Process_2023
GO_Biological_Process_2023,Positive Regulation Of Cell Growth (GO:0030307),7/106,0.0634020899077205,0.3842267449986042,0,0,2.0670535138620245,5.70146782997246,RPTOR;EXOSC4;CSNK2A1;SMURF1;NEDD4L;TRIM32;EIF4G2,GO_Biological_Process_2023
GO_Biological_Process_2023,Endomembrane System Organization (GO:0010256),11/196,0.0635380533349605,0.3842267449986042,0,0,1.7410529795850898,4.798544474354153,CUL7;TBC1D20;ATP8B1;RNF26;COG2;CSNK1D;TLCD1;TOR1B;LEMD2;TJAP1;LMNB2,GO_Biological_Process_2023
GO_Biological_Process_2023,Positive Regulation Of Protein Localization (GO:1903829),6/85,0.0637408641483895,0.3845889359267183,0,0,2.219242811317493,6.109418809175308,PRKAA2;NUP62;TESK1;CDK1;CEP250;KAT7,GO_Biological_Process_2023
GO_Biological_Process_2023,Regulation Of Translational Initiation (GO:0006446),5/65,0.0647950798261133,0.3849498190273364,0,0,2.433712121212121,6.65991554004555,NPM1;YTHDF1;PAIP2;EIF4G2;PAIP1,GO_Biological_Process_2023
GO_Biological_Process_2023,Positive Regulation Of Cell Cycle (GO:0045787),5/65,0.0647950798261133,0.3849498190273364,0,0,2.433712121212121,6.65991554004555,CCNB1;PDGFB;NUPR1;TRIM32;HCFC1,GO_Biological_Process_2023
GO_Biological_Process_2023,Regulation Of Lipid Biosynthetic Process (GO:0046890),3/28,0.0648020319655828,0.3849498190273364,0,0,3.5003021148036253,9.578290827659902,RPTOR;MID1IP1;FITM2,GO_Biological_Process_2023
GO_Biological_Process_2023,Sterol Biosynthetic Process (GO:0016126),3/28,0.0648020319655828,0.3849498190273364,0,0,3.5003021148036253,9.578290827659902,SQLE;MVD;LBR,GO_Biological_Process_2023
GO_Biological_Process_2023,Vesicle Coating (GO:0006901),3/28,0.0648020319655828,0.3849498190273364,0,0,3.5003021148036253,9.578290827659902,AP3M2;TRAPPC4;CSNK1D,GO_Biological_Process_2023
GO_Biological_Process_2023,Positive Regulation Of mRNA Processing (GO:0050685),3/28,0.0648020319655828,0.3849498190273364,0,0,3.5003021148036253,9.578290827659902,DAZAP1;CELF3;LEO1,GO_Biological_Process_2023
GO_Biological_Process_2023,Protein Depolymerization (GO:0051261),3/28,0.0648020319655828,0.3849498190273364,0,0,3.5003021148036253,9.578290827659902,KIF18A;KIF18B;KIF14,GO_Biological_Process_2023
GO_Biological_Process_2023,Replication Fork Processing (GO:0031297),4/46,0.0659475797133532,0.3902341342087245,0,0,2.77977090987681,7.557905504052328,EME1;PARP1;DDX11;BRCA1,GO_Biological_Process_2023
GO_Biological_Process_2023,Negative Regulation Of Translation (GO:0017148),7/107,0.0659971082254241,0.3902341342087245,0,0,2.046276595744681,5.562075172748563,ILF3;YTHDF1;UNK;CSNK2A1;PUS7;PAIP2;MRPL13,GO_Biological_Process_2023
GO_Biological_Process_2023,Response To UV-A (GO:0070141),2/13,0.0675767768640897,0.3902341342087245,0,0,5.299328122857535,14.278991363245597,MMP1;MMP9,GO_Biological_Process_2023
GO_Biological_Process_2023,Signal Peptide Processing (GO:0006465),2/13,0.0675767768640897,0.3902341342087245,0,0,5.299328122857535,14.278991363245597,HM13;PARL,GO_Biological_Process_2023
GO_Biological_Process_2023,"Endonucleolytic Cleavage Of Tricistronic rRNA Transcript (SSU-rRNA, 5.8S rRNA, LSU-rRNA) (GO:0000479)",2/13,0.0675767768640897,0.3902341342087245,0,0,5.299328122857535,14.278991363245597,RPP40;RRS1,GO_Biological_Process_2023
GO_Biological_Process_2023,Intraciliary Retrograde Transport (GO:0035721),2/13,0.0675767768640897,0.3902341342087245,0,0,5.299328122857535,14.278991363245597,DYNC2LI1;DYNLL1,GO_Biological_Process_2023
GO_Biological_Process_2023,Membrane Protein Intracellular Domain Proteolysis (GO:0031293),2/13,0.0675767768640897,0.3902341342087245,0,0,5.299328122857535,14.278991363245597,APH1A;HM13,GO_Biological_Process_2023
GO_Biological_Process_2023,Negative Regulation Of Viral Transcription (GO:0032897),2/13,0.0675767768640897,0.3902341342087245,0,0,5.299328122857535,14.278991363245597,TRIM32;TRIM11,GO_Biological_Process_2023
GO_Biological_Process_2023,Positive Regulation Of Brown Fat Cell Differentiation (GO:0090336),2/13,0.0675767768640897,0.3902341342087245,0,0,5.299328122857535,14.278991363245597,SOX13;HNRNPU,GO_Biological_Process_2023
GO_Biological_Process_2023,Positive Regulation Of Chromosome Separation (GO:1905820),2/13,0.0675767768640897,0.3902341342087245,0,0,5.299328122857535,14.278991363245597,BIRC5;NCAPD2,GO_Biological_Process_2023
GO_Biological_Process_2023,Positive Regulation Of Heterochromatin Formation (GO:0031453),2/13,0.0675767768640897,0.3902341342087245,0,0,5.299328122857535,14.278991363245597,SETDB1;TRIM28,GO_Biological_Process_2023
GO_Biological_Process_2023,Positive Regulation Of Keratinocyte Differentiation (GO:0045618),2/13,0.0675767768640897,0.3902341342087245,0,0,5.299328122857535,14.278991363245597,NME2;ETV4,GO_Biological_Process_2023
GO_Biological_Process_2023,Positive Regulation Of Protein Deacetylation (GO:0090312),2/13,0.0675767768640897,0.3902341342087245,0,0,5.299328122857535,14.278991363245597,BRMS1;SUV39H1,GO_Biological_Process_2023
GO_Biological_Process_2023,Golgi Organization (GO:0007030),8/130,0.0686907990312699,0.3958178590859687,0,0,1.917608603438381,5.135624340494645,CUL7;TBC1D20;ATP8B1;COG2;CDK1;CSNK1D;YWHAZ;TJAP1,GO_Biological_Process_2023
GO_Biological_Process_2023,Regulation Of Cellular Component Organization (GO:0051128),9/153,0.069798615576251,0.3973411062926893,0,0,1.828410823170732,4.86748760655978,RPTOR;ARHGEF11;HSP90AA1;KIF14;HNRNPU;PLCE1;KAT7;TRAF2;HCFC1,GO_Biological_Process_2023
GO_Biological_Process_2023,Regulation Of Apoptotic Process (GO:0042981),31/705,0.0699250307223408,0.3973411062926893,0,0,1.3537780003557087,3.6014983944525083,TOP2A;MTCH1;PRKAA2;PRKDC;SHC1;PDCD5;APIP;KIF14;STK3;MIEN1;AIFM2;BAG3;NUP62;TRIM24;HTATIP2;HSP90AA1;NPM1;DAPK2;NME2;TRAF2;MMP9;YWHAZ;NME1;TFAP4;BRMS1;ERCC3;CDK1;TAX1BP1;BIRC5;NUPR1;EEF1E1,GO_Biological_Process_2023
GO_Biological_Process_2023,Regulation Of Signal Transduction By P53 Class Mediator (GO:1901796),4/47,0.0702748643458919,0.3973411062926893,0,0,2.7149843436653414,7.209209493293302,RRS1;URB2;RFFL;AURKB,GO_Biological_Process_2023
GO_Biological_Process_2023,Protein Monoubiquitination (GO:0006513),4/47,0.0702748643458919,0.3973411062926893,0,0,2.7149843436653414,7.209209493293302,UBE2T;FANCE;RAD18;FANCF,GO_Biological_Process_2023
GO_Biological_Process_2023,Regulation Of Establishment Of Planar Polarity (GO:0090175),3/29,0.070564248562616,0.3973411062926893,0,0,3.3655008133860096,8.92272229824642,SMURF1;DVL3;CELSR2,GO_Biological_Process_2023
GO_Biological_Process_2023,Regulation Of Spindle Assembly (GO:0090169),3/29,0.070564248562616,0.3973411062926893,0,0,3.3655008133860096,8.92272229824642,GPSM2;SPAG5;HNRNPU,GO_Biological_Process_2023
GO_Biological_Process_2023,Vacuolar Acidification (GO:0007035),3/29,0.070564248562616,0.3973411062926893,0,0,3.3655008133860096,8.92272229824642,ATP6V1H;ATP6V0D2;ATP6V0A1,GO_Biological_Process_2023
GO_Biological_Process_2023,Lipid Droplet Organization (GO:0034389),3/29,0.070564248562616,0.3973411062926893,0,0,3.3655008133860096,8.92272229824642,SQLE;PRKAA2;FITM2,GO_Biological_Process_2023
GO_Biological_Process_2023,Positive Regulation Of Viral Genome Replication (GO:0045070),3/29,0.070564248562616,0.3973411062926893,0,0,3.3655008133860096,8.92272229824642,TOP2A;DDB1;SRPK1,GO_Biological_Process_2023
GO_Biological_Process_2023,Protein K11-linked Ubiquitination (GO:0070979),3/29,0.070564248562616,0.3973411062926893,0,0,3.3655008133860096,8.92272229824642,UBE2S;RNF26;UBE2T,GO_Biological_Process_2023
GO_Biological_Process_2023,Gene Expression (GO:0010467),15/296,0.0705793566733205,0.3973411062926893,0,0,1.5647960580344922,4.148301852133146,CHTOP;NXT1;ANGPT2;NUP133;HNRNPU;MRPS18A;SMG7;MRPL13;MRPL24;MRPL10;THOC7;MRPL42;EXOSC5;EXOSC4;RAE1,GO_Biological_Process_2023
GO_Biological_Process_2023,Cellular Response To Chemical Stress (GO:0062197),6/89,0.0760261609702642,0.4237046152807767,0,0,2.1118525696107646,5.441563579419974,RPTOR;PRKAA2;ERMP1;PNPT1;PARP1;PYCR2,GO_Biological_Process_2023
GO_Biological_Process_2023,GPI Anchor Biosynthetic Process (GO:0006506),3/30,0.0765481418820328,0.4237046152807767,0,0,3.2406847935548844,8.328026601339305,PIGC;GPAA1;PIGZ,GO_Biological_Process_2023
GO_Biological_Process_2023,Embryonic Skeletal System Morphogenesis (GO:0048704),3/30,0.0765481418820328,0.4237046152807767,0,0,3.2406847935548844,8.328026601339305,OSR2;HOXD4;HOXD9,GO_Biological_Process_2023
GO_Biological_Process_2023,Regulation Of Transforming Growth Factor Beta Receptor Signaling Pathway (GO:0017015),7/111,0.0770096181568591,0.4237046152807767,0,0,1.9671644844517184,5.043465393468706,BCL9;BRMS1;SMAD3;SMURF1;PPARG;DAND5;MEN1,GO_Biological_Process_2023
GO_Biological_Process_2023,Regulation Of Cholesterol Storage (GO:0010885),2/14,0.0771517136705985,0.4237046152807767,0,0,4.857466063348416,12.4447381339936,PPARG;SREBF2,GO_Biological_Process_2023
GO_Biological_Process_2023,Regulation Of Histone H3-K4 Methylation (GO:0051569),2/14,0.0771517136705985,0.4237046152807767,0,0,4.857466063348416,12.4447381339936,BRCA1;HCFC1,GO_Biological_Process_2023
GO_Biological_Process_2023,Regulation Of Sequestering Of Triglyceride (GO:0010889),2/14,0.0771517136705985,0.4237046152807767,0,0,4.857466063348416,12.4447381339936,FITM2;PPARG,GO_Biological_Process_2023
GO_Biological_Process_2023,Synaptic Vesicle Membrane Organization (GO:0048499),2/14,0.0771517136705985,0.4237046152807767,0,0,4.857466063348416,12.4447381339936,SNAP47;STX1A,GO_Biological_Process_2023
GO_Biological_Process_2023,Mitotic intra-S DNA Damage Checkpoint Signaling (GO:0031573),2/14,0.0771517136705985,0.4237046152807767,0,0,4.857466063348416,12.4447381339936,EME1;FANCD2,GO_Biological_Process_2023
GO_Biological_Process_2023,Negative Regulation Of Fatty Acid Biosynthetic Process (GO:0045717),2/14,0.0771517136705985,0.4237046152807767,0,0,4.857466063348416,12.4447381339936,TRIB3;BRCA1,GO_Biological_Process_2023
GO_Biological_Process_2023,Negative Regulation Of Single Stranded Viral RNA Replication Via Double Stranded DNA Intermediate (GO:0045869),2/14,0.0771517136705985,0.4237046152807767,0,0,4.857466063348416,12.4447381339936,SETDB1;APOBEC3B,GO_Biological_Process_2023
GO_Biological_Process_2023,Positive Regulation Of Cytoplasmic Translation (GO:2000767),2/14,0.0771517136705985,0.4237046152807767,0,0,4.857466063348416,12.4447381339936,HNRNPU;PAIP1,GO_Biological_Process_2023
GO_Biological_Process_2023,Intracellular Protein Transport (GO:0006886),16/325,0.0774368810057528,0.4244045759398794,0,0,1.517973880652834,3.883420606756252,C17ORF75;NPM1;NXT1;NUP133;SMURF1;AP3B1;FAM91A1;STK3;GGA3;IPO9;BAG3;NUP62;E2F3;AP1S3;STX1A;RAN,GO_Biological_Process_2023
GO_Biological_Process_2023,"RNA Splicing, Via Transesterification Reactions With Bulged Adenosine As Nucleophile (GO:0000377)",10/180,0.0784889185416897,0.4292960971457052,0,0,1.7211495285136955,4.379977583946224,EFTUD2;SART1;PRPF6;BUD31;RBM19;HNRNPU;RALY;SNRPF;SNRNP200;SNRPB,GO_Biological_Process_2023
GO_Biological_Process_2023,Positive Regulation Of Proteasomal Protein Catabolic Process (GO:1901800),6/90,0.0792930002512422,0.4322665366952571,0,0,2.0866030782571,5.288715478742909,RNF144A;GSK3A;ARIH2;CSNK1D;TRIB3;NUPR1,GO_Biological_Process_2023
GO_Biological_Process_2023,Nuclear Export (GO:0051168),4/49,0.0793532772677283,0.4322665366952571,0,0,2.5940494200706,6.572920531385478,SMURF1;NUP62;RAE1;RAN,GO_Biological_Process_2023
GO_Biological_Process_2023,Regulation Of Protein Serine/Threonine Kinase Activity (GO:0071900),7/112,0.0799207438067585,0.4344782254221962,0,0,1.948328267477204,4.922879683969027,RPTOR;CCNB1;CDK7;PIH1D1;TESK1;TRIB3;PKMYT1,GO_Biological_Process_2023
GO_Biological_Process_2023,Regulation Of Epithelial Cell Proliferation (GO:0050678),6/91,0.0826375173366501,0.4426878160422578,0,0,2.061947692582344,5.141036648207071,OSR2;PRKDC;LEP;NME2;NUPR1;NME1,GO_Biological_Process_2023
GO_Biological_Process_2023,Regulation Of Centrosome Duplication (GO:0010824),3/31,0.0827469236229118,0.4426878160422578,0,0,3.124784203711696,7.78686362426721,NPM1;XRCC3;NAT10,GO_Biological_Process_2023
GO_Biological_Process_2023,Regulation Of Dendrite Morphogenesis (GO:0048814),3/31,0.0827469236229118,0.4426878160422578,0,0,3.124784203711696,7.78686362426721,CUL7;RAP2A;NEDD4L,GO_Biological_Process_2023
GO_Biological_Process_2023,Regulation Of Gluconeogenesis (GO:0006111),3/31,0.0827469236229118,0.4426878160422578,0,0,3.124784203711696,7.78686362426721,DDB1;ZNF692;CLK2,GO_Biological_Process_2023
GO_Biological_Process_2023,Regulation Of Protein Autophosphorylation (GO:0031952),3/31,0.0827469236229118,0.4426878160422578,0,0,3.124784203711696,7.78686362426721,RAP2A;PDGFB;TESK1,GO_Biological_Process_2023
GO_Biological_Process_2023,Negative Regulation Of DNA Biosynthetic Process (GO:2000279),3/31,0.0827469236229118,0.4426878160422578,0,0,3.124784203711696,7.78686362426721,HNRNPU;NAT10;MEN1,GO_Biological_Process_2023
GO_Biological_Process_2023,Positive Regulation Of G1/S Transition Of Mitotic Cell Cycle (GO:1900087),3/31,0.0827469236229118,0.4426878160422578,0,0,3.124784203711696,7.78686362426721,RPTOR;RRM1;PLCB1,GO_Biological_Process_2023
GO_Biological_Process_2023,Protein Localization To Chromatin (GO:0071168),3/31,0.0827469236229118,0.4426878160422578,0,0,3.124784203711696,7.78686362426721,PARP1;CENPA;LEMD2,GO_Biological_Process_2023
GO_Biological_Process_2023,Regulation Of Mitochondrion Organization (GO:0010821),4/50,0.084100424101514,0.4481470123904443,0,0,2.537525488390449,6.282262663295393,GSK3A;MFF;SREBF2;PARL,GO_Biological_Process_2023
GO_Biological_Process_2023,Ribosome Assembly (GO:0042255),4/50,0.084100424101514,0.4481470123904443,0,0,2.537525488390449,6.282262663295393,NPM1;DHX37;RRS1;NLE1,GO_Biological_Process_2023
GO_Biological_Process_2023,Negative Regulation Of Programmed Cell Death (GO:0043069),18/381,0.0865800608464329,0.4585551612574785,0,0,1.454034514031704,3.557565502503508,NPM1;PRKAA2;PRKDC;SHC1;KIF14;NME2;APIP;MMP9;YWHAZ;MIEN1;AIFM2;BAG3;NUP62;TAX1BP1;CDK1;BIRC5;NUPR1;HTATIP2,GO_Biological_Process_2023
GO_Biological_Process_2023,Activation Of NF-kappaB-inducing Kinase Activity (GO:0007250),2/15,0.0871211211245513,0.4585551612574785,0,0,4.483582782225316,10.941986196154794,IRAK1;TRAF2,GO_Biological_Process_2023
GO_Biological_Process_2023,Mitotic Chromosome Condensation (GO:0007076),2/15,0.0871211211245513,0.4585551612574785,0,0,4.483582782225316,10.941986196154794,PHF13;NCAPD2,GO_Biological_Process_2023
GO_Biological_Process_2023,Negative Regulation Of Telomere Maintenance (GO:0032205),2/15,0.0871211211245513,0.4585551612574785,0,0,4.483582782225316,10.941986196154794,SLX4;PARP1,GO_Biological_Process_2023
GO_Biological_Process_2023,"Positive Regulation Of DNA Damage Response, Signal Transduction By P53 Class Mediator (GO:0043517)",2/15,0.0871211211245513,0.4585551612574785,0,0,4.483582782225316,10.941986196154794,MSX1;EEF1E1,GO_Biological_Process_2023
GO_Biological_Process_2023,Positive Regulation Of Transmembrane Transport (GO:0034764),2/15,0.0871211211245513,0.4585551612574785,0,0,4.483582782225316,10.941986196154794,AZIN1;SLC26A6,GO_Biological_Process_2023
GO_Biological_Process_2023,Lipid Biosynthetic Process (GO:0008610),5/71,0.0872464669505124,0.4585551612574785,0,0,2.2117768595041323,5.394564041483564,PRKAA2;GGPS1;PIP5K1A;MVD;FITM2,GO_Biological_Process_2023
GO_Biological_Process_2023,Phosphate-Containing Compound Metabolic Process (GO:0006796),10/184,0.087762457445168,0.459601858582017,0,0,1.6812319031324032,4.090641425312248,RPTOR;GPI;NANP;DUSP23;PFKFB4;PGK1;SLC29A4;ACYP1;ALDOA;PPP1CA,GO_Biological_Process_2023
GO_Biological_Process_2023,Regulated Exocytosis (GO:0045055),4/51,0.0889832547945061,0.459601858582017,0,0,2.4834068303988155,6.008123715702877,SNAPIN;DNAJC5;TMEM79;STX1A,GO_Biological_Process_2023
GO_Biological_Process_2023,Regulation Of Metaphase/Anaphase Transition Of Cell Cycle (GO:1902099),3/32,0.0891535377851404,0.459601858582017,0,0,3.0168767579956244,7.292983550490432,SMARCE1;SMARCC1;DPF2,GO_Biological_Process_2023
GO_Biological_Process_2023,Regulation Of Transcription By RNA Polymerase I (GO:0006356),3/32,0.0891535377851404,0.459601858582017,0,0,3.0168767579956244,7.292983550490432,UTP15;HEATR1;WDR43,GO_Biological_Process_2023
GO_Biological_Process_2023,Chromosome Condensation (GO:0030261),3/32,0.0891535377851404,0.459601858582017,0,0,3.0168767579956244,7.292983550490432,TOP2A;PHF13;NCAPD2,GO_Biological_Process_2023
GO_Biological_Process_2023,Gluconeogenesis (GO:0006094),3/32,0.0891535377851404,0.459601858582017,0,0,3.0168767579956244,7.292983550490432,GPI;CRTC2;PGK1,GO_Biological_Process_2023
GO_Biological_Process_2023,Heterochromatin Formation (GO:0031507),3/32,0.0891535377851404,0.459601858582017,0,0,3.0168767579956244,7.292983550490432,CBX3;UBR5;LMNB2,GO_Biological_Process_2023
GO_Biological_Process_2023,Intracellular pH Reduction (GO:0051452),3/32,0.0891535377851404,0.459601858582017,0,0,3.0168767579956244,7.292983550490432,ATP6V1H;ATP6V0D2;ATP6V0A1,GO_Biological_Process_2023
GO_Biological_Process_2023,Neural Tube Closure (GO:0001843),3/32,0.0891535377851404,0.459601858582017,0,0,3.0168767579956244,7.292983550490432,MTHFD1L;DVL3;DYNLL1,GO_Biological_Process_2023
GO_Biological_Process_2023,Positive Regulation Of Telomere Maintenance Via Telomerase (GO:0032212),3/32,0.0891535377851404,0.459601858582017,0,0,3.0168767579956244,7.292983550490432,NEK2;CCT7;AURKB,GO_Biological_Process_2023
GO_Biological_Process_2023,Negative Regulation Of Amide Metabolic Process (GO:0034249),6/93,0.089558042397909,0.4608043825865646,0,0,2.0143372926586784,4.860330690588352,ILF3;GGA3;CSNK2A1;PUS7;PAIP2;MRPL13,GO_Biological_Process_2023
GO_Biological_Process_2023,Negative Regulation Of Catabolic Process (GO:0009895),5/72,0.0913373220045064,0.46906246853841,0,0,2.178652193577567,5.213941258924415,PDCL3;CSNK2A1;NUPR1;GIT1;AZIN1,GO_Biological_Process_2023
GO_Biological_Process_2023,"Regulation Of mRNA Splicing, Via Spliceosome (GO:0048024)",6/94,0.0931331319623496,0.4764662701724007,0,0,1.991343633604635,4.726902730246769,PTBP1;DAZAP1;CELF3;HNRNPU;JMJD6;SRPK1,GO_Biological_Process_2023
GO_Biological_Process_2023,Peptidyl-Lysine Modification (GO:0018205),6/94,0.0931331319623496,0.4764662701724007,0,0,1.991343633604635,4.726902730246769,PIAS3;TRIM28;NSMCE2;UBA2;SAE1;STX1A,GO_Biological_Process_2023
GO_Biological_Process_2023,Sprouting Angiogenesis (GO:0002040),4/52,0.0939993608369369,0.4799853510667883,0,0,2.4315431164901664,5.749304178587243,ESM1;E2F7;JMJD6;E2F8,GO_Biological_Process_2023
GO_Biological_Process_2023,Signal Transduction By P53 Class Mediator (GO:0072331),3/33,0.0957607015705666,0.484383548733825,0,0,2.916163141993957,6.841035546646329,TP53BP2;NDRG1;E2F7,GO_Biological_Process_2023
GO_Biological_Process_2023,Monoubiquitinated Protein Deubiquitination (GO:0035520),3/33,0.0957607015705666,0.484383548733825,0,0,2.916163141993957,6.841035546646329,ENY2;ATXN7L3;TAF2,GO_Biological_Process_2023
GO_Biological_Process_2023,Negative Regulation Of Epithelial Cell Migration (GO:0010633),3/33,0.0957607015705666,0.484383548733825,0,0,2.916163141993957,6.841035546646329,DLL4;STC1;ADAMTS9,GO_Biological_Process_2023
GO_Biological_Process_2023,Positive Regulation Of DNA Binding (GO:0043388),3/33,0.0957607015705666,0.484383548733825,0,0,2.916163141993957,6.841035546646329,PPARG;MMP9;NME1,GO_Biological_Process_2023
GO_Biological_Process_2023,Positive Regulation Of Telomerase Activity (GO:0051973),3/33,0.0957607015705666,0.484383548733825,0,0,2.916163141993957,6.841035546646329,HSP90AA1;NEK2;AURKB,GO_Biological_Process_2023
GO_Biological_Process_2023,Positive Regulation Of Multicellular Organismal Process (GO:0051240),18/387,0.0966085083176168,0.4865181861282923,0,0,1.4299393071210464,3.341894658635601,SMARCE1;SMARCC1;NMB;SMAD3;HILPDA;RBM19;PDGFB;NME2;ADRA1D;ETV4;BRMS1;LEP;SPP1;DPF2;PPARG;BRD9;PLCB1;TP73,GO_Biological_Process_2023
GO_Biological_Process_2023,DNA Repair-Dependent Chromatin Remodeling (GO:0140861),2/16,0.0974482728811406,0.4865181861282923,0,0,4.163111398405516,9.693528361982894,UBR5;RNF8,GO_Biological_Process_2023
GO_Biological_Process_2023,Regulation Of Fibrinolysis (GO:0051917),2/16,0.0974482728811406,0.4865181861282923,0,0,4.163111398405516,9.693528361982894,PLAU;USF1,GO_Biological_Process_2023
GO_Biological_Process_2023,Establishment Of Protein Localization To Endoplasmic Reticulum (GO:0072599),2/16,0.0974482728811406,0.4865181861282923,0,0,4.163111398405516,9.693528361982894,ZFAND2A;SRPRB,GO_Biological_Process_2023
GO_Biological_Process_2023,Maturation Of 5.8S rRNA (GO:0000460),2/16,0.0974482728811406,0.4865181861282923,0,0,4.163111398405516,9.693528361982894,EXOSC4;PRKDC,GO_Biological_Process_2023
GO_Biological_Process_2023,Negative Regulation Of RNA Biosynthetic Process (GO:1902679),2/16,0.0974482728811406,0.4865181861282923,0,0,4.163111398405516,9.693528361982894,SETDB1;APOBEC3B,GO_Biological_Process_2023
GO_Biological_Process_2023,Positive Regulation Of Stem Cell Proliferation (GO:2000648),2/16,0.0974482728811406,0.4865181861282923,0,0,4.163111398405516,9.693528361982894,HNRNPU;KAT7,GO_Biological_Process_2023
GO_Biological_Process_2023,Regulation Of Small GTPase Mediated Signal Transduction (GO:0051056),7/118,0.098703731547716,0.4918735955461181,0,0,1.8424381828637149,4.266409783917172,ARHGEF11;RACGAP1;NUP62;PLCE1;ARHGAP39;FOXM1;DYNLL1,GO_Biological_Process_2023
GO_Biological_Process_2023,Negative Regulation Of Viral Genome Replication (GO:0045071),4/53,0.0991461849719547,0.4922553205895393,0,0,2.381796288863503,5.5047120777786445,ILF3;SETDB1;SRPK1;APOBEC3B,GO_Biological_Process_2023
GO_Biological_Process_2023,Protein Homotetramerization (GO:0051289),4/53,0.0991461849719547,0.4922553205895393,0,0,2.381796288863503,5.5047120777786445,AQP10;APIP;SSBP1;ALDOA,GO_Biological_Process_2023
GO_Biological_Process_2023,ATP Metabolic Process (GO:0046034),3/34,0.102560943270354,0.5027167547186207,0,0,2.82194717863756,6.426414916036482,PARP1;ATP1B1;ALDOA,GO_Biological_Process_2023
GO_Biological_Process_2023,Embryonic Skeletal System Development (GO:0048706),3/34,0.102560943270354,0.5027167547186207,0,0,2.82194717863756,6.426414916036482,OSR2;HOXD4;HOXD9,GO_Biological_Process_2023
GO_Biological_Process_2023,Establishment Of Mitotic Spindle Localization (GO:0040001),3/34,0.102560943270354,0.5027167547186207,0,0,2.82194717863756,6.426414916036482,GPSM2;ESPL1;CENPA,GO_Biological_Process_2023
GO_Biological_Process_2023,Transcription Initiation-Coupled Chromatin Remodeling (GO:0045815),3/34,0.102560943270354,0.5027167547186207,0,0,2.82194717863756,6.426414916036482,DPY30;KAT7;MEN1,GO_Biological_Process_2023
GO_Biological_Process_2023,Membrane Protein Proteolysis (GO:0033619),3/34,0.102560943270354,0.5027167547186207,0,0,2.82194717863756,6.426414916036482,APH1A;HM13;PARL,GO_Biological_Process_2023
GO_Biological_Process_2023,Microtubule Polymerization (GO:0046785),3/34,0.102560943270354,0.5027167547186207,0,0,2.82194717863756,6.426414916036482,ZNF207;CSNK1D;TUBG1,GO_Biological_Process_2023
GO_Biological_Process_2023,Positive Regulation Of Carbohydrate Metabolic Process (GO:0045913),3/34,0.102560943270354,0.5027167547186207,0,0,2.82194717863756,6.426414916036482,RPTOR;PRKAA2;PDGFB,GO_Biological_Process_2023
GO_Biological_Process_2023,Positive Regulation Of Neurogenesis (GO:0050769),5/75,0.1041882975705534,0.5063088082398993,0,0,2.08495670995671,4.715245238259472,CUL7;PLXNA2;ZNF335;TRIM32;PLXNA3,GO_Biological_Process_2023
GO_Biological_Process_2023,Regulation Of Myoblast Differentiation (GO:0045661),4/54,0.1044210311963344,0.5063088082398993,0,0,2.3340393343419064,5.273351494835233,SMARCE1;SMARCC1;TRIP4;PLCB1,GO_Biological_Process_2023
GO_Biological_Process_2023,Protein K63-linked Ubiquitination (GO:0070534),4/54,0.1044210311963344,0.5063088082398993,0,0,2.3340393343419064,5.273351494835233,UBE2S;UBE2T;RNF8;TRAF2,GO_Biological_Process_2023
GO_Biological_Process_2023,Regulation Of Blood Vessel Endothelial Cell Migration (GO:0043535),4/54,0.1044210311963344,0.5063088082398993,0,0,2.3340393343419064,5.273351494835233,ANGPT2;CSNK2B;PDGFB;PPARG,GO_Biological_Process_2023
GO_Biological_Process_2023,DNA Biosynthetic Process (GO:0071897),2/17,0.1080984423255585,0.5063088082398993,0,0,3.885369532428356,8.643831968763203,POLA1;RRM1,GO_Biological_Process_2023
GO_Biological_Process_2023,G Protein-Coupled Acetylcholine Receptor Signaling Pathway (GO:0007213),2/17,0.1080984423255585,0.5063088082398993,0,0,3.885369532428356,8.643831968763203,CHRM3;PLCB1,GO_Biological_Process_2023
GO_Biological_Process_2023,Regulation Of Hematopoietic Progenitor Cell Differentiation (GO:1901532),2/17,0.1080984423255585,0.5063088082398993,0,0,3.885369532428356,8.643831968763203,PRKDC;PUS7,GO_Biological_Process_2023
GO_Biological_Process_2023,Aorta Morphogenesis (GO:0035909),2/17,0.1080984423255585,0.5063088082398993,0,0,3.885369532428356,8.643831968763203,DLL4;ADAMTS9,GO_Biological_Process_2023
GO_Biological_Process_2023,Cellular Response To dsRNA (GO:0071359),2/17,0.1080984423255585,0.5063088082398993,0,0,3.885369532428356,8.643831968763203,COLEC12;NPM1,GO_Biological_Process_2023
GO_Biological_Process_2023,Regulation Of Telomere Maintenance Via Telomere Lengthening (GO:1904356),2/17,0.1080984423255585,0.5063088082398993,0,0,3.885369532428356,8.643831968763203,SLX4;PARP1,GO_Biological_Process_2023
GO_Biological_Process_2023,Regulation Of Viral Transcription (GO:0046782),2/17,0.1080984423255585,0.5063088082398993,0,0,3.885369532428356,8.643831968763203,TRIM32;TRIM11,GO_Biological_Process_2023
GO_Biological_Process_2023,Detection Of Visible Light (GO:0009584),2/17,0.1080984423255585,0.5063088082398993,0,0,3.885369532428356,8.643831968763203,RGS9BP;CEP250,GO_Biological_Process_2023
GO_Biological_Process_2023,Embryonic Digit Morphogenesis (GO:0042733),2/17,0.1080984423255585,0.5063088082398993,0,0,3.885369532428356,8.643831968763203,OSR2;MSX1,GO_Biological_Process_2023
GO_Biological_Process_2023,Hippo Signaling (GO:0035329),2/17,0.1080984423255585,0.5063088082398993,0,0,3.885369532428356,8.643831968763203,STK3;TEAD3,GO_Biological_Process_2023
GO_Biological_Process_2023,"mRNA Cis Splicing, Via Spliceosome (GO:0045292)",2/17,0.1080984423255585,0.5063088082398993,0,0,3.885369532428356,8.643831968763203,SART1;SNRNP200,GO_Biological_Process_2023
GO_Biological_Process_2023,Negative Regulation Of Fibroblast Proliferation (GO:0048147),2/17,0.1080984423255585,0.5063088082398993,0,0,3.885369532428356,8.643831968763203,FTH1;TRIM32,GO_Biological_Process_2023
GO_Biological_Process_2023,Negative Regulation Of Vascular Associated Smooth Muscle Cell Proliferation (GO:1904706),2/17,0.1080984423255585,0.5063088082398993,0,0,3.885369532428356,8.643831968763203,PPARG;APLN,GO_Biological_Process_2023
GO_Biological_Process_2023,"Nuclear-Transcribed mRNA Catabolic Process, Exonucleolytic (GO:0000291)",2/17,0.1080984423255585,0.5063088082398993,0,0,3.885369532428356,8.643831968763203,EXOSC5;EXOSC4,GO_Biological_Process_2023
GO_Biological_Process_2023,Positive Regulation Of Cell Cycle Phase Transition (GO:1901989),2/17,0.1080984423255585,0.5063088082398993,0,0,3.885369532428356,8.643831968763203,NPM1;STXBP4,GO_Biological_Process_2023
GO_Biological_Process_2023,Positive Regulation Of Dendrite Extension (GO:1903861),2/17,0.1080984423255585,0.5063088082398993,0,0,3.885369532428356,8.643831968763203,SMURF1;NEDD4L,GO_Biological_Process_2023
GO_Biological_Process_2023,Positive Regulation Of Lymphocyte Chemotaxis (GO:0140131),2/17,0.1080984423255585,0.5063088082398993,0,0,3.885369532428356,8.643831968763203,CCL7;STK39,GO_Biological_Process_2023
GO_Biological_Process_2023,Positive Regulation Of Peptidyl-Lysine Acetylation (GO:2000758),2/17,0.1080984423255585,0.5063088082398993,0,0,3.885369532428356,8.643831968763203,PRKAA2;BRCA1,GO_Biological_Process_2023
GO_Biological_Process_2023,rRNA Modification (GO:0000154),2/17,0.1080984423255585,0.5063088082398993,0,0,3.885369532428356,8.643831968763203,NAT10;METTL5,GO_Biological_Process_2023
GO_Biological_Process_2023,Regulation Of DNA Methylation-Dependent Heterochromatin Formation (GO:0090308),2/17,0.1080984423255585,0.5063088082398993,0,0,3.885369532428356,8.643831968763203,SETDB1;TRIM28,GO_Biological_Process_2023
GO_Biological_Process_2023,Regulation Of DNA-templated DNA Replication (GO:0090329),2/17,0.1080984423255585,0.5063088082398993,0,0,3.885369532428356,8.643831968763203,KAT7;MCM5,GO_Biological_Process_2023
GO_Biological_Process_2023,Negative Regulation Of Macromolecule Biosynthetic Process (GO:0010558),6/98,0.1081856427863032,0.5063088082398993,0,0,1.9043676189219505,4.235135740947502,ILF3;GSK3A;CSNK2A1;PUS7;PAIP2;MRPL13,GO_Biological_Process_2023
GO_Biological_Process_2023,Regulation Of Sodium Ion Transport (GO:0002028),3/35,0.1095466374302211,0.5082586229736638,0,0,2.7336197129909365,6.045140049355641,NKAIN1;WNK4;NEDD4L,GO_Biological_Process_2023
GO_Biological_Process_2023,Response To Nutrient Levels (GO:0031667),3/35,0.1095466374302211,0.5082586229736638,0,0,2.7336197129909365,6.045140049355641,RPTOR;PRKAA2;PRKAG1,GO_Biological_Process_2023
GO_Biological_Process_2023,Hexose Biosynthetic Process (GO:0019319),3/35,0.1095466374302211,0.5082586229736638,0,0,2.7336197129909365,6.045140049355641,GPI;CRTC2;PGK1,GO_Biological_Process_2023
GO_Biological_Process_2023,Positive Regulation Of Telomere Maintenance Via Telomere Lengthening (GO:1904358),3/35,0.1095466374302211,0.5082586229736638,0,0,2.7336197129909365,6.045140049355641,NEK2;CCT7;AURKB,GO_Biological_Process_2023
GO_Biological_Process_2023,Protein Methylation (GO:0006479),3/35,0.1095466374302211,0.5082586229736638,0,0,2.7336197129909365,6.045140049355641,PRMT1;PRMT3;SNRPB,GO_Biological_Process_2023
GO_Biological_Process_2023,Regulation Of Signal Transduction (GO:0009966),10/193,0.1109412181810371,0.5138430604564043,0,0,1.597797522212489,3.513164945629881,MTCH1;IRAK1;IFT81;NUP62;PLCE1;TULP3;RGS20;PLCB1;GIT1;SREBF2,GO_Biological_Process_2023
GO_Biological_Process_2023,Regulation Of Protein Catabolic Process (GO:0042176),7/122,0.1124581956838322,0.5199742346824614,0,0,1.7779833487511565,3.8852024888527454,DDB1;GSK3A;HSP90AA1;CSNK2A1;GPC3;TRIM32;AZIN1,GO_Biological_Process_2023
GO_Biological_Process_2023,Proteasome-Mediated Ubiquitin-Dependent Protein Catabolic Process (GO:0043161),15/319,0.1134102265880927,0.5234767062582465,0,0,1.444660931174089,3.144656595307403,GSK3A;SMURF1;ZFAND2A;FBXL19;CUL2;KIF14;NEDD4L;TRIP4;FBXL18;DDB1;PSMC4;UBE2S;RBCK1;MAN1B1;RFFL,GO_Biological_Process_2023
GO_Biological_Process_2023,Regulation Of Reactive Oxygen Species Metabolic Process (GO:2000377),4/56,0.1153433708476493,0.5242773144238605,0,0,2.2440358431281275,4.846762338183838,PDGFB;BRCA1;FOXM1;PARL,GO_Biological_Process_2023
GO_Biological_Process_2023,Positive Regulation Of Cellular Metabolic Process (GO:0031325),4/56,0.1153433708476493,0.5242773144238605,0,0,2.2440358431281275,4.846762338183838,CCNB1;PDGFB;CDK1;EEF1E1,GO_Biological_Process_2023
GO_Biological_Process_2023,post-Golgi Vesicle-Mediated Transport (GO:0006892),4/56,0.1153433708476493,0.5242773144238605,0,0,2.2440358431281275,4.846762338183838,GGA3;EXOC6;CCDC93;SCAMP2,GO_Biological_Process_2023
GO_Biological_Process_2023,COPII-coated Vesicle Budding (GO:0090114),3/36,0.116710037461015,0.5242773144238605,0,0,2.650645427080472,5.693752659202398,TBC1D20;TRAPPC4;CSNK1D,GO_Biological_Process_2023
GO_Biological_Process_2023,Histone H3 Acetylation (GO:0043966),3/36,0.116710037461015,0.5242773144238605,0,0,2.650645427080472,5.693752659202398,ENY2;ATXN7L3;TAF2,GO_Biological_Process_2023
GO_Biological_Process_2023,Positive Regulation Of Apoptotic Process (GO:0043065),13/270,0.117400870385244,0.5242773144238605,0,0,1.4801150605141915,3.170644695643808,TOP2A;MTCH1;DAPK2;PDCD5;DYNLL1;STK3;TFAP4;BRMS1;ERCC3;AIFM2;TP53BP2;NUPR1;EEF1E1,GO_Biological_Process_2023
GO_Biological_Process_2023,Negative Regulation Of Protein Metabolic Process (GO:0051248),8/147,0.1175483489579465,0.5242773144238605,0,0,1.681591712931025,3.600129030273906,CSTB;ILF3;CSNK2A1;PFDN2;PUS7;PAIP2;MRPL13;AZIN1,GO_Biological_Process_2023
GO_Biological_Process_2023,Regulation Of Innate Immune Response (GO:0045088),5/78,0.1178801131067918,0.5242773144238605,0,0,1.9989622249896224,4.273955469784073,PARP1;PRKDC;POLR3F;YWHAZ;AURKB,GO_Biological_Process_2023
GO_Biological_Process_2023,Negative Regulation Of Protein Modification Process (GO:0031400),5/78,0.1178801131067918,0.5242773144238605,0,0,1.9989622249896224,4.273955469784073,PRKAA2;PRKDC;ENSA;CDYL;MEN1,GO_Biological_Process_2023
GO_Biological_Process_2023,Regulation Of Dendrite Extension (GO:1903859),2/18,0.1190388105213596,0.5242773144238605,0,0,3.642345399698341,7.752024476302041,SMURF1;NEDD4L,GO_Biological_Process_2023
GO_Biological_Process_2023,Regulation Of Lymphocyte Proliferation (GO:0050670),2/18,0.1190388105213596,0.5242773144238605,0,0,3.642345399698341,7.752024476302041,LEP;ZNF335,GO_Biological_Process_2023
GO_Biological_Process_2023,Regulation Of Vascular Endothelial Cell Proliferation (GO:1905562),2/18,0.1190388105213596,0.5242773144238605,0,0,3.642345399698341,7.752024476302041,PPARG;APLN,GO_Biological_Process_2023
GO_Biological_Process_2023,Renal Absorption (GO:0070293),2/18,0.1190388105213596,0.5242773144238605,0,0,3.642345399698341,7.752024476302041,WNK4;MAGED2,GO_Biological_Process_2023
GO_Biological_Process_2023,Energy Reserve Metabolic Process (GO:0006112),2/18,0.1190388105213596,0.5242773144238605,0,0,3.642345399698341,7.752024476302041,LEP;MRAP2,GO_Biological_Process_2023
GO_Biological_Process_2023,Establishment Of Vesicle Localization (GO:0051650),2/18,0.1190388105213596,0.5242773144238605,0,0,3.642345399698341,7.752024476302041,SNAPIN;TESK1,GO_Biological_Process_2023
GO_Biological_Process_2023,Excitatory Postsynaptic Potential (GO:0060079),2/18,0.1190388105213596,0.5242773144238605,0,0,3.642345399698341,7.752024476302041,GSK3A;FOXM1,GO_Biological_Process_2023
GO_Biological_Process_2023,fatty-acyl-CoA Metabolic Process (GO:0035337),2/18,0.1190388105213596,0.5242773144238605,0,0,3.642345399698341,7.752024476302041,FITM2;ACSL3,GO_Biological_Process_2023
GO_Biological_Process_2023,Lysosomal Lumen Acidification (GO:0007042),2/18,0.1190388105213596,0.5242773144238605,0,0,3.642345399698341,7.752024476302041,ATP6V1H;ATP6V0A1,GO_Biological_Process_2023
GO_Biological_Process_2023,Maintenance Of Protein Location In Nucleus (GO:0051457),2/18,0.1190388105213596,0.5242773144238605,0,0,3.642345399698341,7.752024476302041,SUN1;HNRNPU,GO_Biological_Process_2023
GO_Biological_Process_2023,Melanosome Assembly (GO:1903232),2/18,0.1190388105213596,0.5242773144238605,0,0,3.642345399698341,7.752024476302041,AP3B1;AP1S3,GO_Biological_Process_2023
GO_Biological_Process_2023,Mitochondrial Fusion (GO:0008053),2/18,0.1190388105213596,0.5242773144238605,0,0,3.642345399698341,7.752024476302041,MFF;GDAP1,GO_Biological_Process_2023
GO_Biological_Process_2023,Negative Regulation Of Monoatomic Ion Transport (GO:0043271),2/18,0.1190388105213596,0.5242773144238605,0,0,3.642345399698341,7.752024476302041,WNK4;STC1,GO_Biological_Process_2023
GO_Biological_Process_2023,Positive Regulation Of DNA Replication (GO:0045740),2/18,0.1190388105213596,0.5242773144238605,0,0,3.642345399698341,7.752024476302041,BRPF3;KAT7,GO_Biological_Process_2023
GO_Biological_Process_2023,Positive Regulation Of G Protein-Coupled Receptor Signaling Pathway (GO:0045745),2/18,0.1190388105213596,0.5242773144238605,0,0,3.642345399698341,7.752024476302041,GSK3A;MRAP2,GO_Biological_Process_2023
GO_Biological_Process_2023,Positive Regulation Of Epidermal Cell Differentiation (GO:0045606),2/18,0.1190388105213596,0.5242773144238605,0,0,3.642345399698341,7.752024476302041,NME2;ETV4,GO_Biological_Process_2023
GO_Biological_Process_2023,Positive Regulation Of Glycolytic Process (GO:0045821),2/18,0.1190388105213596,0.5242773144238605,0,0,3.642345399698341,7.752024476302041,RPTOR;PRKAA2,GO_Biological_Process_2023
GO_Biological_Process_2023,"Protein Localization To Chromosome, Centromeric Region (GO:0071459)",2/18,0.1190388105213596,0.5242773144238605,0,0,3.642345399698341,7.752024476302041,CDK1;CENPA,GO_Biological_Process_2023
GO_Biological_Process_2023,Regulation Of Cell Cycle G2/M Phase Transition (GO:1902749),2/18,0.1190388105213596,0.5242773144238605,0,0,3.642345399698341,7.752024476302041,NPM1;KIF14,GO_Biological_Process_2023
GO_Biological_Process_2023,Negative Regulation Of Growth (GO:0045926),7/124,0.1196953837200016,0.5254490662161899,0,0,1.7474086197490453,3.709408161450621,NDRG3;PNPT1;SMAD3;NME6;OSGIN2;BRCA1;MSX1,GO_Biological_Process_2023
GO_Biological_Process_2023,Regulation Of DNA Metabolic Process (GO:0051052),7/124,0.1196953837200016,0.5254490662161899,0,0,1.7474086197490453,3.709408161450621,ENY2;CHRAC1;NSMCE2;KAT7;BRCA1;ATXN7L3;TAF2,GO_Biological_Process_2023
GO_Biological_Process_2023,Golgi Vesicle Transport (GO:0048193),10/197,0.1222583282787938,0.5358259957625964,0,0,1.5632934645058578,3.2854472913029777,TFG;TBC1D20;TMEM115;LMAN2;TRAPPC4;RAB13;COG2;SPIRE2;YKT6;SCAMP2,GO_Biological_Process_2023
GO_Biological_Process_2023,Positive Regulation Of Protein Modification By Small Protein Conjugation Or Removal (GO:1903322),5/79,0.1226242243342247,0.5365557523307299,0,0,1.9718468468468469,4.138178302122518,PIAS3;GSK3A;UBA2;BRCA1;SAE1,GO_Biological_Process_2023
GO_Biological_Process_2023,Negative Regulation Of Cell Growth (GO:0030308),7/125,0.1234021385754977,0.5366568097905181,0,0,1.7325099170573386,3.624942345023499,GSK3A;NDRG3;SMAD3;NME6;OSGIN2;BRCA1;MSX1,GO_Biological_Process_2023
GO_Biological_Process_2023,RNA Stabilization (GO:0043489),3/37,0.1240433057189528,0.5366568097905181,0,0,2.5725519815176825,5.369236357360326,METTL1;HNRNPU;PAIP1,GO_Biological_Process_2023
GO_Biological_Process_2023,Regulation Of p38MAPK Cascade (GO:1900744),3/37,0.1240433057189528,0.5366568097905181,0,0,2.5725519815176825,5.369236357360326,PRMT1;LEP;STK39,GO_Biological_Process_2023
GO_Biological_Process_2023,Negative Regulation Of Endothelial Cell Proliferation (GO:0001937),3/37,0.1240433057189528,0.5366568097905181,0,0,2.5725519815176825,5.369236357360326,DLL4;PPARG;MEN1,GO_Biological_Process_2023
GO_Biological_Process_2023,Negative Regulation Of Stress-Activated MAPK Cascade (GO:0032873),3/37,0.1240433057189528,0.5366568097905181,0,0,2.5725519815176825,5.369236357360326,PRMT1;FOXM1;MEN1,GO_Biological_Process_2023
GO_Biological_Process_2023,Negative Regulation Of Transferase Activity (GO:0051348),3/37,0.1240433057189528,0.5366568097905181,0,0,2.5725519815176825,5.369236357360326,GSK3A;HNRNPU;MEN1,GO_Biological_Process_2023
GO_Biological_Process_2023,Regulation Of Cellular Component Biogenesis (GO:0044087),3/37,0.1240433057189528,0.5366568097905181,0,0,2.5725519815176825,5.369236357360326,HSP90AA1;TRAF2;HCFC1,GO_Biological_Process_2023
GO_Biological_Process_2023,Positive Regulation Of Mitochondrion Organization (GO:0010822),4/58,0.1267424057690231,0.5415770067166981,0,0,2.1606992771894435,4.463137301172029,GSK3A;PDCD5;MFF;MMP9,GO_Biological_Process_2023
GO_Biological_Process_2023,Protein-Containing Complex Organization (GO:0043933),7/126,0.1271668820453289,0.5415770067166981,0,0,1.7178616127301984,3.542668740109544,TFAP4;NUP133;GPAA1;PARD3;CSNK2B;KNTC1;TRAF2,GO_Biological_Process_2023
GO_Biological_Process_2023,Negative Regulation Of Protein Serine/Threonine Kinase Activity (GO:0071901),5/80,0.1274557958418909,0.5415770067166981,0,0,1.945454545454545,4.007608492620773,TFAP4;TESK1;CDK5RAP1;PPARG;MEN1,GO_Biological_Process_2023
GO_Biological_Process_2023,DNA-templated Transcription (GO:0006351),10/199,0.1281465247234854,0.5415770067166981,0,0,1.546589119108203,3.17759253441724,CDK7;PARP1;NFYA;ERCC3;NCOA6;TAF1A;ERCC2;TRIM24;HSF2BP;POLR2H,GO_Biological_Process_2023
GO_Biological_Process_2023,Positive Regulation Of I-kappaB kinase/NF-kappaB Signaling (GO:0043123),9/175,0.1300891624570858,0.5415770067166981,0,0,1.5842730678812813,3.231180686090343,SLC35B2;TMEM101;TFG;IRAK1;PARP1;NUP62;TRAF2;RBCK1;TRIM32,GO_Biological_Process_2023
GO_Biological_Process_2023,Regulation Of Neuroinflammatory Response (GO:0150077),2/19,0.1302383780251356,0.5415770067166981,0,0,3.427912341407151,6.987418228807119,NUPR1;MMP9,GO_Biological_Process_2023
GO_Biological_Process_2023,Regulation Of Smooth Muscle Cell Migration (GO:0014910),2/19,0.1302383780251356,0.5415770067166981,0,0,3.427912341407151,6.987418228807119,PLAU;PDGFB,GO_Biological_Process_2023
GO_Biological_Process_2023,Regulation Of Transcription Involved In G1/S Transition Of Mitotic Cell Cycle (GO:0000083),2/19,0.1302383780251356,0.5415770067166981,0,0,3.427912341407151,6.987418228807119,E2F2;E2F7,GO_Biological_Process_2023
GO_Biological_Process_2023,snRNA Processing (GO:0016180),2/19,0.1302383780251356,0.5415770067166981,0,0,3.427912341407151,6.987418228807119,INTS7;INTS8,GO_Biological_Process_2023
GO_Biological_Process_2023,Establishment Of Epithelial Cell Polarity (GO:0090162),2/19,0.1302383780251356,0.5415770067166981,0,0,3.427912341407151,6.987418228807119,RAP2A;PARD3,GO_Biological_Process_2023
GO_Biological_Process_2023,Fluid Transport (GO:0042044),2/19,0.1302383780251356,0.5415770067166981,0,0,3.427912341407151,6.987418228807119,AQP10;SLC26A6,GO_Biological_Process_2023
GO_Biological_Process_2023,Interleukin-1-Mediated Signaling Pathway (GO:0070498),2/19,0.1302383780251356,0.5415770067166981,0,0,3.427912341407151,6.987418228807119,IRAK1;PLCB1,GO_Biological_Process_2023
GO_Biological_Process_2023,Negative Regulation Of Fatty Acid Metabolic Process (GO:0045922),2/19,0.1302383780251356,0.5415770067166981,0,0,3.427912341407151,6.987418228807119,TRIB3;BRCA1,GO_Biological_Process_2023
GO_Biological_Process_2023,Negative Regulation Of Telomere Maintenance Via Telomerase (GO:0032211),2/19,0.1302383780251356,0.5415770067166981,0,0,3.427912341407151,6.987418228807119,HNRNPU;NAT10,GO_Biological_Process_2023
GO_Biological_Process_2023,Oligodendrocyte Differentiation (GO:0048709),2/19,0.1302383780251356,0.5415770067166981,0,0,3.427912341407151,6.987418228807119,NSUN5;SOX13,GO_Biological_Process_2023
GO_Biological_Process_2023,Positive Regulation Of Hormone Secretion (GO:0046887),2/19,0.1302383780251356,0.5415770067166981,0,0,3.427912341407151,6.987418228807119,NMB;PPARG,GO_Biological_Process_2023
GO_Biological_Process_2023,rRNA Catabolic Process (GO:0016075),2/19,0.1302383780251356,0.5415770067166981,0,0,3.427912341407151,6.987418228807119,EXOSC5;EXOSC4,GO_Biological_Process_2023
GO_Biological_Process_2023,Regulation Of Autophagy Of Mitochondrion (GO:1903146),2/19,0.1302383780251356,0.5415770067166981,0,0,3.427912341407151,6.987418228807119,GSK3A;SREBF2,GO_Biological_Process_2023
GO_Biological_Process_2023,Regulation Of Anatomical Structure Morphogenesis (GO:0022603),7/127,0.1309889852697197,0.5415770067166981,0,0,1.7034574468085106,3.46251922182351,RAP2A;CDX2;LEP;NEDD4L;FITM2;CAMSAP1;HTATIP2,GO_Biological_Process_2023
GO_Biological_Process_2023,RNA 3'-End Processing (GO:0031123),3/38,0.1315385412500542,0.5415770067166981,0,0,2.4989210185584807,5.068949786670471,PNPT1;INTS7;INTS8,GO_Biological_Process_2023
GO_Biological_Process_2023,Signal Release From Synapse (GO:0099643),3/38,0.1315385412500542,0.5415770067166981,0,0,2.4989210185584807,5.068949786670471,SNAPIN;DNAJC5;STX1A,GO_Biological_Process_2023
GO_Biological_Process_2023,mRNA Transcription By RNA Polymerase II (GO:0042789),3/38,0.1315385412500542,0.5415770067166981,0,0,2.4989210185584807,5.068949786670471,HLTF;PPARG;TAF2,GO_Biological_Process_2023
GO_Biological_Process_2023,Negative Regulation Of Epithelial Cell Apoptotic Process (GO:1904036),3/38,0.1315385412500542,0.5415770067166981,0,0,2.4989210185584807,5.068949786670471,PRKAA2;NUPR1;MEN1,GO_Biological_Process_2023
GO_Biological_Process_2023,Positive Regulation Of Myoblast Differentiation (GO:0045663),3/38,0.1315385412500542,0.5415770067166981,0,0,2.4989210185584807,5.068949786670471,SMARCE1;SMARCC1;PLCB1,GO_Biological_Process_2023
GO_Biological_Process_2023,Activation Of Protein Kinase Activity (GO:0032147),5/81,0.1323731532699885,0.5415770067166981,0,0,1.9197567783094096,3.8819985917548063,IRAK1;LEP;KIF14;PDGFB;TRAF2,GO_Biological_Process_2023
GO_Biological_Process_2023,Macromolecule Modification (GO:0043412),5/81,0.1323731532699885,0.5415770067166981,0,0,1.9197567783094096,3.8819985917548063,UBL4A;CHRM3;PARP1;PRKDC;UBE2S,GO_Biological_Process_2023
GO_Biological_Process_2023,Regulation Of miRNA Transcription (GO:1902893),4/59,0.1326127438115746,0.5415770067166981,0,0,2.121303809654793,4.285716964642881,SMAD3;PDGFB;PPARG;APLN,GO_Biological_Process_2023
GO_Biological_Process_2023,Positive Regulation Of Protein Binding (GO:0032092),4/59,0.1326127438115746,0.5415770067166981,0,0,2.121303809654793,4.285716964642881,TRIB3;MMP9;RAN;STK3,GO_Biological_Process_2023
GO_Biological_Process_2023,Response To Light Stimulus (GO:0009416),4/60,0.1385925514757537,0.5415770067166981,0,0,2.083315323103523,4.1170830221009735,ERCC3;TRIM32;USF1;MEN1,GO_Biological_Process_2023
GO_Biological_Process_2023,Odontogenesis (GO:0042476),3/39,0.1391878055573008,0.5415770067166981,0,0,2.429380664652568,4.790571380321603,OSR2;TUFT1;MSX1,GO_Biological_Process_2023
GO_Biological_Process_2023,Positive Regulation Of Lymphocyte Differentiation (GO:0045621),3/39,0.1391878055573008,0.5415770067166981,0,0,2.429380664652568,4.790571380321603,SMARCE1;SMARCC1;PRKDC,GO_Biological_Process_2023
GO_Biological_Process_2023,Apoptotic Process (GO:0006915),11/228,0.1399427331289681,0.5415770067166981,0,0,1.481827534209896,2.914046430129497,PARP1;ESPL1;ERCC3;AIFM2;DAPK2;ERCC2;DPF2;ADRA1D;DYNLL1;CIT;STK3,GO_Biological_Process_2023
GO_Biological_Process_2023,Ameboidal-Type Cell Migration (GO:0001667),2/20,0.1416678804846292,0.5415770067166981,0,0,3.237305178481649,6.326567842867542,PKN3;GPC3,GO_Biological_Process_2023
GO_Biological_Process_2023,Regulation Of Smooth Muscle Contraction (GO:0006940),2/20,0.1416678804846292,0.5415770067166981,0,0,3.237305178481649,6.326567842867542,CHRM3;PLCE1,GO_Biological_Process_2023
GO_Biological_Process_2023,Transport Along Microtubule (GO:0010970),2/20,0.1416678804846292,0.5415770067166981,0,0,3.237305178481649,6.326567842867542,SNAPIN;BAG3,GO_Biological_Process_2023
GO_Biological_Process_2023,Negative Regulation Of miRNA Transcription (GO:1902894),2/20,0.1416678804846292,0.5415770067166981,0,0,3.237305178481649,6.326567842867542,PDGFB;PPARG,GO_Biological_Process_2023
GO_Biological_Process_2023,Positive Regulation Of Embryonic Development (GO:0040019),2/20,0.1416678804846292,0.5415770067166981,0,0,3.237305178481649,6.326567842867542,RBM19;PLCB1,GO_Biological_Process_2023
GO_Biological_Process_2023,Positive Regulation Of Vascular Associated Smooth Muscle Cell Proliferation (GO:1904707),2/20,0.1416678804846292,0.5415770067166981,0,0,3.237305178481649,6.326567842867542,PDGFB;MMP9,GO_Biological_Process_2023
GO_Biological_Process_2023,Regulation Of Calcium Ion Import (GO:0090279),2/20,0.1416678804846292,0.5415770067166981,0,0,3.237305178481649,6.326567842867542,PDGFB;STC1,GO_Biological_Process_2023
GO_Biological_Process_2023,Vesicle-Mediated Transport To The Plasma Membrane (GO:0098876),5/83,0.1424582274638259,0.5415770067166981,0,0,1.8703379953379955,3.644739739233306,GGA3;ANKRD27;RAB13;EXOC6;CCDC93,GO_Biological_Process_2023
GO_Biological_Process_2023,Positive Regulation Of Proteasomal Ubiquitin-Dependent Protein Catabolic Process (GO:0032436),5/83,0.1424582274638259,0.5415770067166981,0,0,1.8703379953379955,3.644739739233306,RNF144A;GSK3A;ARIH2;CSNK1D;TRIB3,GO_Biological_Process_2023
GO_Biological_Process_2023,Negative Regulation Of Viral Process (GO:0048525),4/61,0.1446784258470936,0.5415770067166981,0,0,2.046659765904929,3.95668811198696,ILF3;TRIM32;TRIM11;SRPK1,GO_Biological_Process_2023
GO_Biological_Process_2023,Positive Regulation Of Organelle Assembly (GO:1902117),4/61,0.1446784258470936,0.5415770067166981,0,0,2.046659765904929,3.95668811198696,GPSM2;SPAG5;NUP62;UBAP2L,GO_Biological_Process_2023
GO_Biological_Process_2023,Notch Signaling Pathway (GO:0007219),3/40,0.1469831460061713,0.5415770067166981,0,0,2.3635992487956234,4.532053484317229,APH1A;DLL4;NLE1,GO_Biological_Process_2023
GO_Biological_Process_2023,Regulation Of Protein Dephosphorylation (GO:0035304),3/40,0.1469831460061713,0.5415770067166981,0,0,2.3635992487956234,4.532053484317229,PTBP1;ENSA;DYNLL1,GO_Biological_Process_2023
GO_Biological_Process_2023,Cellular Response To Heat (GO:0034605),3/40,0.1469831460061713,0.5415770067166981,0,0,2.3635992487956234,4.532053484317229,HSP90AA1;BAG3;HSPA6,GO_Biological_Process_2023
GO_Biological_Process_2023,Protein Localization To Chromosome (GO:0034502),3/40,0.1469831460061713,0.5415770067166981,0,0,2.3635992487956234,4.532053484317229,PARP1;CENPA;LEMD2,GO_Biological_Process_2023
GO_Biological_Process_2023,Regulation Of Embryonic Development (GO:0045995),4/62,0.1508668981015631,0.5415770067166981,0,0,2.0112681934373207,3.804026780752167,RACGAP1;RBM19;CDK1;PLCB1,GO_Biological_Process_2023
GO_Biological_Process_2023,Glycerophospholipid Metabolic Process (GO:0006650),4/62,0.1508668981015631,0.5415770067166981,0,0,2.0112681934373207,3.804026780752167,ABHD3;PIGZ;PIP5K1A;PLCB1,GO_Biological_Process_2023
GO_Biological_Process_2023,Macromolecule Catabolic Process (GO:0009057),5/85,0.1528648964418761,0.5415770067166981,0,0,1.823390151515152,3.424692800228471,EXOSC5;EXOSC4;PNPT1;SMURF1;TRIM24,GO_Biological_Process_2023
GO_Biological_Process_2023,Negative Regulation Of Gene Expression (GO:0010629),15/336,0.1532496869099373,0.5415770067166981,0,0,1.3669302659956866,2.563932984233595,PNPT1;SMAD3;PRKAA2;CSNK2A1;SETDB1;SMYD5;PDGFB;PUS7;MRPL13;APLN;DLL4;PTBP1;ILF3;PPARG;PAIP2,GO_Biological_Process_2023
GO_Biological_Process_2023,Regulation Of Lipid Storage (GO:0010883),2/21,0.1532997078267371,0.5415770067166981,0,0,3.066761927443042,5.751283871882412,HILPDA;PPARG,GO_Biological_Process_2023
GO_Biological_Process_2023,Chaperone-Mediated Protein Complex Assembly (GO:0051131),2/21,0.1532997078267371,0.5415770067166981,0,0,3.066761927443042,5.751283871882412,HSP90AA1;PSMG3,GO_Biological_Process_2023
GO_Biological_Process_2023,Retrotransposon Silencing (GO:0010526),2/21,0.1532997078267371,0.5415770067166981,0,0,3.066761927443042,5.751283871882412,SMYD5;APOBEC3B,GO_Biological_Process_2023
GO_Biological_Process_2023,snRNA Metabolic Process (GO:0016073),2/21,0.1532997078267371,0.5415770067166981,0,0,3.066761927443042,5.751283871882412,INTS7;INTS8,GO_Biological_Process_2023
GO_Biological_Process_2023,Focal Adhesion Assembly (GO:0048041),2/21,0.1532997078267371,0.5415770067166981,0,0,3.066761927443042,5.751283871882412,PIP5K1A;DYNLL1,GO_Biological_Process_2023
GO_Biological_Process_2023,Macrophage Differentiation (GO:0030225),2/21,0.1532997078267371,0.5415770067166981,0,0,3.066761927443042,5.751283871882412,PARP1;MMP9,GO_Biological_Process_2023
GO_Biological_Process_2023,"Maturation Of 5.8S rRNA From Tricistronic rRNA Transcript (SSU-rRNA, 5.8S rRNA, LSU-rRNA) (GO:0000466)",2/21,0.1532997078267371,0.5415770067166981,0,0,3.066761927443042,5.751283871882412,RPP40;RRS1,GO_Biological_Process_2023
GO_Biological_Process_2023,Negative Regulation Of miRNA Metabolic Process (GO:2000629),2/21,0.1532997078267371,0.5415770067166981,0,0,3.066761927443042,5.751283871882412,PDGFB;PPARG,GO_Biological_Process_2023
GO_Biological_Process_2023,poly(A)+ mRNA Export From Nucleus (GO:0016973),2/21,0.1532997078267371,0.5415770067166981,0,0,3.066761927443042,5.751283871882412,ENY2;NUP133,GO_Biological_Process_2023
GO_Biological_Process_2023,Positive Regulation Of Amyloid Precursor Protein Catabolic Process (GO:1902993),2/21,0.1532997078267371,0.5415770067166981,0,0,3.066761927443042,5.751283871882412,GSK3A;EFNA3,GO_Biological_Process_2023
GO_Biological_Process_2023,Positive Regulation Of Blood Coagulation (GO:0030194),2/21,0.1532997078267371,0.5415770067166981,0,0,3.066761927443042,5.751283871882412,PLAU;USF1,GO_Biological_Process_2023
GO_Biological_Process_2023,Positive Regulation Of Signal Transduction By P53 Class Mediator (GO:1901798),2/21,0.1532997078267371,0.5415770067166981,0,0,3.066761927443042,5.751283871882412,MSX1;EEF1E1,GO_Biological_Process_2023
GO_Biological_Process_2023,Regulation Of Release Of Cytochrome C From Mitochondria (GO:0090199),3/41,0.1549166176240228,0.5415770067166981,0,0,2.3012800127206234,4.291584047625172,PDCD5;MFF;MMP9,GO_Biological_Process_2023
GO_Biological_Process_2023,Positive Regulation Of Viral Process (GO:0048524),3/41,0.1549166176240228,0.5415770067166981,0,0,2.3012800127206234,4.291584047625172,DDB1;TBC1D20;SRPK1,GO_Biological_Process_2023
GO_Biological_Process_2023,Regulation Of Proteasomal Ubiquitin-Dependent Protein Catabolic Process (GO:0032434),6/109,0.1554313621684833,0.5415770067166981,0,0,1.7000162057839916,3.1646669455070304,RNF144A;GSK3A;ARIH2;CSNK1D;TRIB3;UBQLN4,GO_Biological_Process_2023
GO_Biological_Process_2023,C-terminal Protein Deglutamylation (GO:0035609),1/5,0.1555700580423662,0.5415770067166981,0,0,7.278237951807229,13.54231978462842,AGBL5,GO_Biological_Process_2023
GO_Biological_Process_2023,"Regulation Of Circadian Sleep/Wake Cycle, Sleep (GO:0045187)",1/5,0.1555700580423662,0.5415770067166981,0,0,7.278237951807229,13.54231978462842,PARP1,GO_Biological_Process_2023
GO_Biological_Process_2023,DNA Double-Strand Break Processing Involved In Repair Via Single-Strand Annealing (GO:0010792),1/5,0.1555700580423662,0.5415770067166981,0,0,7.278237951807229,13.54231978462842,SLX4,GO_Biological_Process_2023
GO_Biological_Process_2023,L-aspartate Import Across Plasma Membrane (GO:0140009),1/5,0.1555700580423662,0.5415770067166981,0,0,7.278237951807229,13.54231978462842,SLC1A4,GO_Biological_Process_2023
GO_Biological_Process_2023,L-aspartate Transmembrane Transport (GO:0070778),1/5,0.1555700580423662,0.5415770067166981,0,0,7.278237951807229,13.54231978462842,SLC1A4,GO_Biological_Process_2023
GO_Biological_Process_2023,Regulation Of Fat Cell Proliferation (GO:0070344),1/5,0.1555700580423662,0.5415770067166981,0,0,7.278237951807229,13.54231978462842,E2F3,GO_Biological_Process_2023
GO_Biological_Process_2023,Regulation Of Glomerular Filtration (GO:0003093),1/5,0.1555700580423662,0.5415770067166981,0,0,7.278237951807229,13.54231978462842,PDGFB,GO_Biological_Process_2023
GO_Biological_Process_2023,Regulation Of Glycogen (Starch) Synthase Activity (GO:2000465),1/5,0.1555700580423662,0.5415770067166981,0,0,7.278237951807229,13.54231978462842,GSK3A,GO_Biological_Process_2023
GO_Biological_Process_2023,Regulation Of Hematopoietic Stem Cell Proliferation (GO:1902033),1/5,0.1555700580423662,0.5415770067166981,0,0,7.278237951807229,13.54231978462842,KAT7,GO_Biological_Process_2023
GO_Biological_Process_2023,Regulation Of Hyaluronan Biosynthetic Process (GO:1900125),1/5,0.1555700580423662,0.5415770067166981,0,0,7.278237951807229,13.54231978462842,PDGFB,GO_Biological_Process_2023
GO_Biological_Process_2023,T-helper 2 Cell Differentiation (GO:0045064),1/5,0.1555700580423662,0.5415770067166981,0,0,7.278237951807229,13.54231978462842,MEN1,GO_Biological_Process_2023
GO_Biological_Process_2023,Adiponectin-Activated Signaling Pathway (GO:0033211),1/5,0.1555700580423662,0.5415770067166981,0,0,7.278237951807229,13.54231978462842,CSNK2B,GO_Biological_Process_2023
GO_Biological_Process_2023,"Anterior/Posterior Axis Specification, Embryo (GO:0008595)",1/5,0.1555700580423662,0.5415770067166981,0,0,7.278237951807229,13.54231978462842,HOXD8,GO_Biological_Process_2023
GO_Biological_Process_2023,Regulation Of Mitotic Spindle Checkpoint (GO:1903504),1/5,0.1555700580423662,0.5415770067166981,0,0,7.278237951807229,13.54231978462842,CCNB1,GO_Biological_Process_2023
GO_Biological_Process_2023,Regulation Of Morphogenesis Of A Branching Structure (GO:0060688),1/5,0.1555700580423662,0.5415770067166981,0,0,7.278237951807229,13.54231978462842,SIX2,GO_Biological_Process_2023
GO_Biological_Process_2023,Regulation Of Natural Killer Cell Mediated Immunity (GO:0002715),1/5,0.1555700580423662,0.5415770067166981,0,0,7.278237951807229,13.54231978462842,LEP,GO_Biological_Process_2023
GO_Biological_Process_2023,Autocrine Signaling (GO:0035425),1/5,0.1555700580423662,0.5415770067166981,0,0,7.278237951807229,13.54231978462842,HILPDA,GO_Biological_Process_2023
GO_Biological_Process_2023,Regulation Of Pentose-Phosphate Shunt (GO:0043456),1/5,0.1555700580423662,0.5415770067166981,0,0,7.278237951807229,13.54231978462842,RPTOR,GO_Biological_Process_2023
GO_Biological_Process_2023,Regulation Of Protein Targeting (GO:1903533),1/5,0.1555700580423662,0.5415770067166981,0,0,7.278237951807229,13.54231978462842,PARL,GO_Biological_Process_2023
GO_Biological_Process_2023,Cellular Heat Acclimation (GO:0070370),1/5,0.1555700580423662,0.5415770067166981,0,0,7.278237951807229,13.54231978462842,HSPA6,GO_Biological_Process_2023
GO_Biological_Process_2023,Cellular Lipid Biosynthetic Process (GO:0097384),1/5,0.1555700580423662,0.5415770067166981,0,0,7.278237951807229,13.54231978462842,GNPAT,GO_Biological_Process_2023
GO_Biological_Process_2023,Regulation Of Stress Granule Assembly (GO:0062028),1/5,0.1555700580423662,0.5415770067166981,0,0,7.278237951807229,13.54231978462842,UBAP2L,GO_Biological_Process_2023
GO_Biological_Process_2023,Regulation Of T-Circle Formation (GO:1904429),1/5,0.1555700580423662,0.5415770067166981,0,0,7.278237951807229,13.54231978462842,SLX4,GO_Biological_Process_2023
GO_Biological_Process_2023,Chemokine (C-X-C Motif) Ligand 12 Signaling Pathway (GO:0038146),1/5,0.1555700580423662,0.5415770067166981,0,0,7.278237951807229,13.54231978462842,STK39,GO_Biological_Process_2023
GO_Biological_Process_2023,Resolution Of Recombination Intermediates (GO:0071139),1/5,0.1555700580423662,0.5415770067166981,0,0,7.278237951807229,13.54231978462842,XRCC3,GO_Biological_Process_2023
GO_Biological_Process_2023,Response To Testosterone (GO:0033574),1/5,0.1555700580423662,0.5415770067166981,0,0,7.278237951807229,13.54231978462842,SPP1,GO_Biological_Process_2023
GO_Biological_Process_2023,Ruffle Assembly (GO:0097178),1/5,0.1555700580423662,0.5415770067166981,0,0,7.278237951807229,13.54231978462842,PIP5K1A,GO_Biological_Process_2023
GO_Biological_Process_2023,Double-Strand Break Repair Via Single-Strand Annealing (GO:0045002),1/5,0.1555700580423662,0.5415770067166981,0,0,7.278237951807229,13.54231978462842,SLX4,GO_Biological_Process_2023
GO_Biological_Process_2023,Embryonic Hindlimb Morphogenesis (GO:0035116),1/5,0.1555700580423662,0.5415770067166981,0,0,7.278237951807229,13.54231978462842,OSR2,GO_Biological_Process_2023
GO_Biological_Process_2023,Embryonic Skeletal Joint Development (GO:0072498),1/5,0.1555700580423662,0.5415770067166981,0,0,7.278237951807229,13.54231978462842,OSR2,GO_Biological_Process_2023
GO_Biological_Process_2023,snoRNA Localization (GO:0048254),1/5,0.1555700580423662,0.5415770067166981,0,0,7.278237951807229,13.54231978462842,PIH1D1,GO_Biological_Process_2023
GO_Biological_Process_2023,fatty-acyl-CoA Catabolic Process (GO:0036115),1/5,0.1555700580423662,0.5415770067166981,0,0,7.278237951807229,13.54231978462842,FITM2,GO_Biological_Process_2023
GO_Biological_Process_2023,tRNA Pseudouridine Synthesis (GO:0031119),1/5,0.1555700580423662,0.5415770067166981,0,0,7.278237951807229,13.54231978462842,PUS7,GO_Biological_Process_2023
GO_Biological_Process_2023,tRNA Transport (GO:0051031),1/5,0.1555700580423662,0.5415770067166981,0,0,7.278237951807229,13.54231978462842,TOMM20,GO_Biological_Process_2023
GO_Biological_Process_2023,Toll-Like Receptor 9 Signaling Pathway (GO:0034162),1/5,0.1555700580423662,0.5415770067166981,0,0,7.278237951807229,13.54231978462842,IRAK1,GO_Biological_Process_2023
GO_Biological_Process_2023,Glomerulus Vasculature Development (GO:0072012),1/5,0.1555700580423662,0.5415770067166981,0,0,7.278237951807229,13.54231978462842,ANGPT2,GO_Biological_Process_2023
GO_Biological_Process_2023,Tripartite Regional Subdivision (GO:0007351),1/5,0.1555700580423662,0.5415770067166981,0,0,7.278237951807229,13.54231978462842,HOXD8,GO_Biological_Process_2023
GO_Biological_Process_2023,Glycerol Ether Biosynthetic Process (GO:0046504),1/5,0.1555700580423662,0.5415770067166981,0,0,7.278237951807229,13.54231978462842,GNPAT,GO_Biological_Process_2023
GO_Biological_Process_2023,Heat Acclimation (GO:0010286),1/5,0.1555700580423662,0.5415770067166981,0,0,7.278237951807229,13.54231978462842,HSPA6,GO_Biological_Process_2023
GO_Biological_Process_2023,Histamine Metabolic Process (GO:0001692),1/5,0.1555700580423662,0.5415770067166981,0,0,7.278237951807229,13.54231978462842,SLC29A4,GO_Biological_Process_2023
GO_Biological_Process_2023,Humoral Immune Response Mediated By Circulating Immunoglobulin (GO:0002455),1/5,0.1555700580423662,0.5415770067166981,0,0,7.278237951807229,13.54231978462842,ZP3,GO_Biological_Process_2023
GO_Biological_Process_2023,Immunoglobulin V(D)J Recombination (GO:0033152),1/5,0.1555700580423662,0.5415770067166981,0,0,7.278237951807229,13.54231978462842,PRKDC,GO_Biological_Process_2023
GO_Biological_Process_2023,Lipid Droplet Disassembly (GO:1905691),1/5,0.1555700580423662,0.5415770067166981,0,0,7.278237951807229,13.54231978462842,PRKAA2,GO_Biological_Process_2023
GO_Biological_Process_2023,mRNA 3'-End Processing By Stem-Loop Binding And Cleavage (GO:0006398),1/5,0.1555700580423662,0.5415770067166981,0,0,7.278237951807229,13.54231978462842,ZNF473,GO_Biological_Process_2023
GO_Biological_Process_2023,Medium-Chain Fatty Acid Biosynthetic Process (GO:0051792),1/5,0.1555700580423662,0.5415770067166981,0,0,7.278237951807229,13.54231978462842,ABHD3,GO_Biological_Process_2023
GO_Biological_Process_2023,Mesenchymal Cell Differentiation Involved In Kidney Development (GO:0072161),1/5,0.1555700580423662,0.5415770067166981,0,0,7.278237951807229,13.54231978462842,SIX2,GO_Biological_Process_2023
GO_Biological_Process_2023,Mesenchymal To Epithelial Transition Involved In Metanephros Morphogenesis (GO:0003337),1/5,0.1555700580423662,0.5415770067166981,0,0,7.278237951807229,13.54231978462842,SIX2,GO_Biological_Process_2023
GO_Biological_Process_2023,Mesodermal Cell Fate Commitment (GO:0001710),1/5,0.1555700580423662,0.5415770067166981,0,0,7.278237951807229,13.54231978462842,SIX2,GO_Biological_Process_2023
GO_Biological_Process_2023,Mitochondrial RNA 3'-End Processing (GO:0000965),1/5,0.1555700580423662,0.5415770067166981,0,0,7.278237951807229,13.54231978462842,PNPT1,GO_Biological_Process_2023
GO_Biological_Process_2023,Morphogenesis Of An Endothelium (GO:0003159),1/5,0.1555700580423662,0.5415770067166981,0,0,7.278237951807229,13.54231978462842,CSNK2B,GO_Biological_Process_2023
GO_Biological_Process_2023,Negative Regulation Of Arp2/3 Complex-Mediated Actin Nucleation (GO:0034316),1/5,0.1555700580423662,0.5415770067166981,0,0,7.278237951807229,13.54231978462842,GMFB,GO_Biological_Process_2023
GO_Biological_Process_2023,Negative Regulation Of Cardiac Muscle Cell Apoptotic Process (GO:0010667),1/5,0.1555700580423662,0.5415770067166981,0,0,7.278237951807229,13.54231978462842,NUPR1,GO_Biological_Process_2023
GO_Biological_Process_2023,Negative Regulation Of Cardiac Muscle Tissue Growth (GO:0055022),1/5,0.1555700580423662,0.5415770067166981,0,0,7.278237951807229,13.54231978462842,TP73,GO_Biological_Process_2023
GO_Biological_Process_2023,Negative Regulation Of Cellular Extravasation (GO:0002692),1/5,0.1555700580423662,0.5415770067166981,0,0,7.278237951807229,13.54231978462842,PLCB1,GO_Biological_Process_2023
GO_Biological_Process_2023,Negative Regulation Of Glycogen Biosynthetic Process (GO:0045719),1/5,0.1555700580423662,0.5415770067166981,0,0,7.278237951807229,13.54231978462842,GSK3A,GO_Biological_Process_2023
GO_Biological_Process_2023,Negative Regulation Of Meiotic Cell Cycle (GO:0051447),1/5,0.1555700580423662,0.5415770067166981,0,0,7.278237951807229,13.54231978462842,FBXO43,GO_Biological_Process_2023
GO_Biological_Process_2023,Negative Regulation Of Protein Kinase Activity By Regulation Of Protein Phosphorylation (GO:0044387),1/5,0.1555700580423662,0.5415770067166981,0,0,7.278237951807229,13.54231978462842,NPM1,GO_Biological_Process_2023
GO_Biological_Process_2023,Negative Regulation Of Sequestering Of Triglyceride (GO:0010891),1/5,0.1555700580423662,0.5415770067166981,0,0,7.278237951807229,13.54231978462842,PPARG,GO_Biological_Process_2023
GO_Biological_Process_2023,Negative Regulation Of Vitamin Metabolic Process (GO:0046137),1/5,0.1555700580423662,0.5415770067166981,0,0,7.278237951807229,13.54231978462842,PRMT3,GO_Biological_Process_2023
GO_Biological_Process_2023,Neuroblast Proliferation (GO:0007405),1/5,0.1555700580423662,0.5415770067166981,0,0,7.278237951807229,13.54231978462842,RACGAP1,GO_Biological_Process_2023
GO_Biological_Process_2023,Nucleoside Transport (GO:0015858),1/5,0.1555700580423662,0.5415770067166981,0,0,7.278237951807229,13.54231978462842,SLC29A4,GO_Biological_Process_2023
GO_Biological_Process_2023,Nucleoside Triphosphate Biosynthetic Process (GO:0009142),1/5,0.1555700580423662,0.5415770067166981,0,0,7.278237951807229,13.54231978462842,NME2,GO_Biological_Process_2023
GO_Biological_Process_2023,Pericardium Morphogenesis (GO:0003344),1/5,0.1555700580423662,0.5415770067166981,0,0,7.278237951807229,13.54231978462842,DLL4,GO_Biological_Process_2023
GO_Biological_Process_2023,Phosphatidylinositol Acyl-Chain Remodeling (GO:0036149),1/5,0.1555700580423662,0.5415770067166981,0,0,7.278237951807229,13.54231978462842,LPGAT1,GO_Biological_Process_2023
GO_Biological_Process_2023,Plasma Membrane Raft Organization (GO:0044857),1/5,0.1555700580423662,0.5415770067166981,0,0,7.278237951807229,13.54231978462842,COLEC12,GO_Biological_Process_2023
GO_Biological_Process_2023,Podocyte Cell Migration (GO:0090521),1/5,0.1555700580423662,0.5415770067166981,0,0,7.278237951807229,13.54231978462842,TESK1,GO_Biological_Process_2023
GO_Biological_Process_2023,Positive Regulation Of Activin Receptor Signaling Pathway (GO:0032927),1/5,0.1555700580423662,0.5415770067166981,0,0,7.278237951807229,13.54231978462842,CSNK2B,GO_Biological_Process_2023
GO_Biological_Process_2023,Positive Regulation Of Cholesterol Biosynthetic Process (GO:0045542),1/5,0.1555700580423662,0.5415770067166981,0,0,7.278237951807229,13.54231978462842,SREBF2,GO_Biological_Process_2023
GO_Biological_Process_2023,Positive Regulation Of Cholesterol Storage (GO:0010886),1/5,0.1555700580423662,0.5415770067166981,0,0,7.278237951807229,13.54231978462842,SREBF2,GO_Biological_Process_2023
GO_Biological_Process_2023,Positive Regulation Of Gonad Development (GO:1905941),1/5,0.1555700580423662,0.5415770067166981,0,0,7.278237951807229,13.54231978462842,DHX37,GO_Biological_Process_2023
GO_Biological_Process_2023,Positive Regulation Of Hemoglobin Biosynthetic Process (GO:0046985),1/5,0.1555700580423662,0.5415770067166981,0,0,7.278237951807229,13.54231978462842,PRMT1,GO_Biological_Process_2023
GO_Biological_Process_2023,Positive Regulation Of Intrinsic Apoptotic Signaling Pathway By P53 Class Mediator (GO:1902255),1/5,0.1555700580423662,0.5415770067166981,0,0,7.278237951807229,13.54231978462842,MSX1,GO_Biological_Process_2023
GO_Biological_Process_2023,Positive Regulation Of Male Gonad Development (GO:2000020),1/5,0.1555700580423662,0.5415770067166981,0,0,7.278237951807229,13.54231978462842,DHX37,GO_Biological_Process_2023
GO_Biological_Process_2023,Positive Regulation Of Monoatomic Ion Transmembrane Transport (GO:0034767),1/5,0.1555700580423662,0.5415770067166981,0,0,7.278237951807229,13.54231978462842,STK39,GO_Biological_Process_2023
GO_Biological_Process_2023,Positive Regulation Of Necroptotic Process (GO:0060545),1/5,0.1555700580423662,0.5415770067166981,0,0,7.278237951807229,13.54231978462842,PARP1,GO_Biological_Process_2023
GO_Biological_Process_2023,Positive Regulation Of Nuclear Cell Cycle DNA Replication (GO:0010571),1/5,0.1555700580423662,0.5415770067166981,0,0,7.278237951807229,13.54231978462842,DBF4B,GO_Biological_Process_2023
GO_Biological_Process_2023,Positive Regulation Of Programmed Necrotic Cell Death (GO:0062100),1/5,0.1555700580423662,0.5415770067166981,0,0,7.278237951807229,13.54231978462842,PARP1,GO_Biological_Process_2023
GO_Biological_Process_2023,Positive Regulation Of Receptor Binding (GO:1900122),1/5,0.1555700580423662,0.5415770067166981,0,0,7.278237951807229,13.54231978462842,MMP9,GO_Biological_Process_2023
GO_Biological_Process_2023,Positive Regulation Of Sterol Biosynthetic Process (GO:0106120),1/5,0.1555700580423662,0.5415770067166981,0,0,7.278237951807229,13.54231978462842,SREBF2,GO_Biological_Process_2023
GO_Biological_Process_2023,Positive Regulation Of Tau-Protein Kinase Activity (GO:1902949),1/5,0.1555700580423662,0.5415770067166981,0,0,7.278237951807229,13.54231978462842,HSP90AA1,GO_Biological_Process_2023
GO_Biological_Process_2023,Proline Metabolic Process (GO:0006560),1/5,0.1555700580423662,0.5415770067166981,0,0,7.278237951807229,13.54231978462842,PYCR2,GO_Biological_Process_2023
GO_Biological_Process_2023,Protein Geranylgeranylation (GO:0018344),1/5,0.1555700580423662,0.5415770067166981,0,0,7.278237951807229,13.54231978462842,CHML,GO_Biological_Process_2023
GO_Biological_Process_2023,Protein Targeting To Vacuole Involved In Autophagy (GO:0071211),1/5,0.1555700580423662,0.5415770067166981,0,0,7.278237951807229,13.54231978462842,SMURF1,GO_Biological_Process_2023
GO_Biological_Process_2023,Pteridine-Containing Compound Metabolic Process (GO:0042558),1/5,0.1555700580423662,0.5415770067166981,0,0,7.278237951807229,13.54231978462842,MTHFD1L,GO_Biological_Process_2023
GO_Biological_Process_2023,Purine-Containing Compound Catabolic Process (GO:0072523),1/5,0.1555700580423662,0.5415770067166981,0,0,7.278237951807229,13.54231978462842,NUDT1,GO_Biological_Process_2023
GO_Biological_Process_2023,Regulation Of Cellular Catabolic Process (GO:0031329),4/63,0.1571544415826396,0.5463857910838285,0,0,1.9770763352906484,3.658631662256546,RPTOR;DAPK2;TRIB3;NUPR1,GO_Biological_Process_2023
GO_Biological_Process_2023,Exocytosis (GO:0006887),5/86,0.1581840577626603,0.5478420842204879,0,0,1.8007856341189674,3.3206415086983845,SNAP47;DNAJC5;TMEM79;EXOC6;STX1A,GO_Biological_Process_2023
GO_Biological_Process_2023,Negative Regulation Of Angiogenesis (GO:0016525),5/86,0.1581840577626603,0.5478420842204879,0,0,1.8007856341189674,3.3206415086983845,EFNA3;PGK1;E2F2;PPARG;ADAMTS9,GO_Biological_Process_2023
GO_Biological_Process_2023,Negative Regulation Of Binding (GO:0051100),5/86,0.1581840577626603,0.5478420842204879,0,0,1.8007856341189674,3.3206415086983845,TFAP4;DDX11;PDGFB;AURKB;PPP1CA,GO_Biological_Process_2023
GO_Biological_Process_2023,Translational Elongation (GO:0006414),3/42,0.1629803027909168,0.552194208760578,0,0,2.2421566349058795,4.067554484340266,EIF5A2;TRIP4;GTPBP2,GO_Biological_Process_2023
GO_Biological_Process_2023,Positive Regulation Of Type I Interferon Production (GO:0032481),4/64,0.1635374795619019,0.552194208760578,0,0,1.9440242057488653,3.5200700613076927,HSP90AA1;NMB;IRAK1;POLR3F,GO_Biological_Process_2023
GO_Biological_Process_2023,Glucose Homeostasis (GO:0042593),5/87,0.1635778006603775,0.552194208760578,0,0,1.778732446415373,3.220335607739985,CRTC2;PRKAA2;FOXK2;PPARG;USF1,GO_Biological_Process_2023
GO_Biological_Process_2023,Cytoskeleton Organization (GO:0007010),6/111,0.1648691675386819,0.552194208760578,0,0,1.6674615217862565,3.005771214291247,DIAPH3;CCL7;PLCE1;CSPG5;FITM2;CAMSAP1,GO_Biological_Process_2023
GO_Biological_Process_2023,Regulation Of Histone Acetylation (GO:0035065),2/22,0.1651078269231411,0.552194208760578,0,0,2.9132730015082955,5.247260667072598,NFYA;BRCA1,GO_Biological_Process_2023
GO_Biological_Process_2023,Acetylcholine Receptor Signaling Pathway (GO:0095500),2/22,0.1651078269231411,0.552194208760578,0,0,2.9132730015082955,5.247260667072598,CHRM3;PLCB1,GO_Biological_Process_2023
GO_Biological_Process_2023,Acylglycerol Biosynthetic Process (GO:0046463),2/22,0.1651078269231411,0.552194208760578,0,0,2.9132730015082955,5.247260667072598,LPGAT1;PLCE1,GO_Biological_Process_2023
GO_Biological_Process_2023,Regulation Of Neural Precursor Cell Proliferation (GO:2000177),2/22,0.1651078269231411,0.552194208760578,0,0,2.9132730015082955,5.247260667072598,DLL4;SHCBP1,GO_Biological_Process_2023
GO_Biological_Process_2023,Regulation Of Telomere Capping (GO:1904353),2/22,0.1651078269231411,0.552194208760578,0,0,2.9132730015082955,5.247260667072598,NEK2;AURKB,GO_Biological_Process_2023
GO_Biological_Process_2023,Cellular Response To Low-Density Lipoprotein Particle Stimulus (GO:0071404),2/22,0.1651078269231411,0.552194208760578,0,0,2.9132730015082955,5.247260667072598,PPARG;SREBF2,GO_Biological_Process_2023
GO_Biological_Process_2023,Response To Gamma Radiation (GO:0010332),2/22,0.1651078269231411,0.552194208760578,0,0,2.9132730015082955,5.247260667072598,FANCD2;MEN1,GO_Biological_Process_2023
GO_Biological_Process_2023,Ribosomal Large Subunit Assembly (GO:0000027),2/22,0.1651078269231411,0.552194208760578,0,0,2.9132730015082955,5.247260667072598,RRS1;NLE1,GO_Biological_Process_2023
GO_Biological_Process_2023,Membrane Protein Ectodomain Proteolysis (GO:0006509),2/22,0.1651078269231411,0.552194208760578,0,0,2.9132730015082955,5.247260667072598,APH1A;HM13,GO_Biological_Process_2023
GO_Biological_Process_2023,Modulation By Host Of Viral Process (GO:0044788),2/22,0.1651078269231411,0.552194208760578,0,0,2.9132730015082955,5.247260667072598,ZDHHC9;PAIP1,GO_Biological_Process_2023
GO_Biological_Process_2023,Negative Regulation Of Macroautophagy (GO:0016242),2/22,0.1651078269231411,0.552194208760578,0,0,2.9132730015082955,5.247260667072598,NUPR1;UBQLN4,GO_Biological_Process_2023
GO_Biological_Process_2023,Negative Regulation Of Myeloid Cell Differentiation (GO:0045638),2/22,0.1651078269231411,0.552194208760578,0,0,2.9132730015082955,5.247260667072598,PRMT1;LEO1,GO_Biological_Process_2023
GO_Biological_Process_2023,Positive Regulation Of Protein Autophosphorylation (GO:0031954),2/22,0.1651078269231411,0.552194208760578,0,0,2.9132730015082955,5.247260667072598,RAP2A;PDGFB,GO_Biological_Process_2023
GO_Biological_Process_2023,rRNA Methylation (GO:0031167),2/22,0.1651078269231411,0.552194208760578,0,0,2.9132730015082955,5.247260667072598,NSUN5;METTL5,GO_Biological_Process_2023
GO_Biological_Process_2023,Negative Regulation Of Defense Response (GO:0031348),6/112,0.1696775698619589,0.552194208760578,0,0,1.6516448592779225,2.929778972015301,PARP1;PRKDC;RNF26;PPARG;YWHAZ;AURKB,GO_Biological_Process_2023
GO_Biological_Process_2023,Cellular Response To Light Stimulus (GO:0071482),4/65,0.170012392727665,0.552194208760578,0,0,1.912055752585501,3.3879408922280274,DDB1;NPM1;PARP1;AURKB,GO_Biological_Process_2023
GO_Biological_Process_2023,SCF-dependent Proteasomal Ubiquitin-Dependent Protein Catabolic Process (GO:0031146),3/43,0.1711663294406717,0.552194208760578,0,0,2.185989425981873,3.858532581055487,CUL2;KIF14;FBXL18,GO_Biological_Process_2023
GO_Biological_Process_2023,Skeletal System Morphogenesis (GO:0048705),3/43,0.1711663294406717,0.552194208760578,0,0,2.185989425981873,3.858532581055487,OSR2;HOXD4;HOXD9,GO_Biological_Process_2023
GO_Biological_Process_2023,Ephrin Receptor Signaling Pathway (GO:0048013),3/43,0.1711663294406717,0.552194208760578,0,0,2.185989425981873,3.858532581055487,EFNA3;EFNA4;MMP9,GO_Biological_Process_2023
GO_Biological_Process_2023,Intracellular Steroid Hormone Receptor Signaling Pathway (GO:0030518),3/43,0.1711663294406717,0.552194208760578,0,0,2.185989425981873,3.858532581055487,SCGB2A1;UBR5;TRIP4,GO_Biological_Process_2023
GO_Biological_Process_2023,mRNA Transcription (GO:0009299),3/43,0.1711663294406717,0.552194208760578,0,0,2.185989425981873,3.858532581055487,HLTF;PPARG;TAF2,GO_Biological_Process_2023
GO_Biological_Process_2023,Negative Regulation Of BMP Signaling Pathway (GO:0030514),3/43,0.1711663294406717,0.552194208760578,0,0,2.185989425981873,3.858532581055487,SMURF1;PPARG;DAND5,GO_Biological_Process_2023
GO_Biological_Process_2023,Neurotransmitter Secretion (GO:0007269),3/43,0.1711663294406717,0.552194208760578,0,0,2.185989425981873,3.858532581055487,SNAPIN;DNAJC5;STX1A,GO_Biological_Process_2023
GO_Biological_Process_2023,Positive Regulation Of Cell Division (GO:0051781),3/43,0.1711663294406717,0.552194208760578,0,0,2.185989425981873,3.858532581055487,RACGAP1;KIF14;CIT,GO_Biological_Process_2023
GO_Biological_Process_2023,Regulation Of Cellular Component Size (GO:0032535),3/43,0.1711663294406717,0.552194208760578,0,0,2.185989425981873,3.858532581055487,RPTOR;SNAPIN;PPP1CA,GO_Biological_Process_2023
GO_Biological_Process_2023,Protein Localization To Plasma Membrane (GO:0072659),7/137,0.1722053964374903,0.552194208760578,0,0,1.5716039279869067,2.764557155726254,RAP2A;PPIL2;SMURF1;RAB13;PIP5K1A;ATP1B1;MRAP2,GO_Biological_Process_2023
GO_Biological_Process_2023,Protein Autophosphorylation (GO:0046777),8/162,0.1726272986225737,0.552194208760578,0,0,1.5166142837375711,2.664115516404582,IRAK1;DAPK2;CAD;STK39;NEK2;AURKB;CLK2;HTATIP2,GO_Biological_Process_2023
GO_Biological_Process_2023,Negative Regulation Of Immune Response (GO:0050777),4/66,0.1765755263503883,0.552194208760578,0,0,1.881118539846762,3.261871931127214,PARP1;PRKDC;YWHAZ;AURKB,GO_Biological_Process_2023
GO_Biological_Process_2023,mRNA Processing (GO:0006397),10/214,0.1769548399624343,0.552194208760578,0,0,1.4317467444993264,2.479585948384156,EFTUD2;SART1;PRPF6;BUD31;RBM19;HNRNPU;RALY;SNRPF;SNRNP200;SNRPB,GO_Biological_Process_2023
GO_Biological_Process_2023,Regulation Of Cellular Response To Transforming Growth Factor Beta Stimulus (GO:1903844),2/23,0.1770677073759409,0.552194208760578,0,0,2.7744020685197155,4.803108927529514,SMAD3;PPARG,GO_Biological_Process_2023
GO_Biological_Process_2023,U2-type Prespliceosome Assembly (GO:1903241),2/23,0.1770677073759409,0.552194208760578,0,0,2.7744020685197155,4.803108927529514,SNRPF;SNRPB,GO_Biological_Process_2023
GO_Biological_Process_2023,"Regulation Of Nuclear-Transcribed mRNA Catabolic Process, Deadenylation-Dependent Decay (GO:1900151)",2/23,0.1770677073759409,0.552194208760578,0,0,2.7744020685197155,4.803108927529514,HNRNPU;PAIP1,GO_Biological_Process_2023
GO_Biological_Process_2023,Glial Cell Development (GO:0021782),2/23,0.1770677073759409,0.552194208760578,0,0,2.7744020685197155,4.803108927529514,NSUN5;CSPG5,GO_Biological_Process_2023
GO_Biological_Process_2023,Histone mRNA Metabolic Process (GO:0008334),2/23,0.1770677073759409,0.552194208760578,0,0,2.7744020685197155,4.803108927529514,ZNF473;EXOSC4,GO_Biological_Process_2023
GO_Biological_Process_2023,Long-Chain Fatty Acid Transport (GO:0015909),2/23,0.1770677073759409,0.552194208760578,0,0,2.7744020685197155,4.803108927529514,PPARG;ACSL3,GO_Biological_Process_2023
GO_Biological_Process_2023,Microtubule Nucleation (GO:0007020),2/23,0.1770677073759409,0.552194208760578,0,0,2.7744020685197155,4.803108927529514,CSNK1D;TUBG1,GO_Biological_Process_2023
GO_Biological_Process_2023,Negative Regulation Of Extrinsic Apoptotic Signaling Pathway Via Death Domain Receptors (GO:1902042),2/23,0.1770677073759409,0.552194208760578,0,0,2.7744020685197155,4.803108927529514,BRCA1;RFFL,GO_Biological_Process_2023
GO_Biological_Process_2023,Regulation Of Cytoskeleton Organization (GO:0051493),6/114,0.1794667803073023,0.552194208760578,0,0,1.6208902377339405,2.7843087722531563,BAIAP2L1;PRKAA2;TESK1;PFDN2;DYNLL1;PLXNA3,GO_Biological_Process_2023
GO_Biological_Process_2023,Synaptic Vesicle Recycling (GO:0036465),3/44,0.1794668876198339,0.552194208760578,0,0,2.1325620809078183,3.66323956064871,AP3M2;GIT1;STX1A,GO_Biological_Process_2023
GO_Biological_Process_2023,Nucleobase-Containing Compound Catabolic Process (GO:0034655),3/44,0.1794668876198339,0.552194208760578,0,0,2.1325620809078183,3.66323956064871,EXOSC5;EXOSC4;PNPT1,GO_Biological_Process_2023
GO_Biological_Process_2023,Nucleus Organization (GO:0006997),3/44,0.1794668876198339,0.552194208760578,0,0,2.1325620809078183,3.66323956064871,NUP133;LEMD2;LMNB2,GO_Biological_Process_2023
GO_Biological_Process_2023,Activation Of Cysteine-Type Endopeptidase Activity Involved In Apoptotic Process (GO:0006919),4/67,0.1832231973176674,0.552194208760578,0,0,1.8511634608457603,3.1415173433881685,MTCH1;SMAD3;PPARG;DYNLL1,GO_Biological_Process_2023
GO_Biological_Process_2023,Extrinsic Apoptotic Signaling Pathway (GO:0097191),4/67,0.1832231973176674,0.552194208760578,0,0,1.8511634608457603,3.1415173433881685,GSK3A;SMAD3;BAG3;DEDD,GO_Biological_Process_2023
GO_Biological_Process_2023,Negative Regulation Of Apoptotic Process (GO:0043066),20/482,0.1834542864346565,0.552194208760578,0,0,1.2666868015705226,2.148034510739444,NPM1;PRKAA2;CSNK2A1;PRKDC;SHC1;APIP;KIF14;NME2;MMP9;YWHAZ;MIEN1;DNAJB6;BAG3;CLCF1;NUP62;CDK1;TAX1BP1;BIRC5;NUPR1;HTATIP2,GO_Biological_Process_2023
GO_Biological_Process_2023,Regulation Of Cellular Response To Insulin Stimulus (GO:1900076),1/6,0.1836543355037968,0.552194208760578,0,0,5.822289156626506,9.867032848996889,PPARG,GO_Biological_Process_2023
GO_Biological_Process_2023,DNA Strand Resection Involved In Replication Fork Processing (GO:0110025),1/6,0.1836543355037968,0.552194208760578,0,0,5.822289156626506,9.867032848996889,BRCA1,GO_Biological_Process_2023
GO_Biological_Process_2023,G-quadruplex DNA Unwinding (GO:0044806),1/6,0.1836543355037968,0.552194208760578,0,0,5.822289156626506,9.867032848996889,DDX11,GO_Biological_Process_2023
GO_Biological_Process_2023,Regulation Of Extracellular Matrix Assembly (GO:1901201),1/6,0.1836543355037968,0.552194208760578,0,0,5.822289156626506,9.867032848996889,SMAD3,GO_Biological_Process_2023
GO_Biological_Process_2023,Regulation Of Hemoglobin Biosynthetic Process (GO:0046984),1/6,0.1836543355037968,0.552194208760578,0,0,5.822289156626506,9.867032848996889,PRMT1,GO_Biological_Process_2023
GO_Biological_Process_2023,SMAD Protein Complex Assembly (GO:0007183),1/6,0.1836543355037968,0.552194208760578,0,0,5.822289156626506,9.867032848996889,SMAD3,GO_Biological_Process_2023
GO_Biological_Process_2023,Adenylate Cyclase-Inhibiting Serotonin Receptor Signaling Pathway (GO:0007198),1/6,0.1836543355037968,0.552194208760578,0,0,5.822289156626506,9.867032848996889,HTR1D,GO_Biological_Process_2023
GO_Biological_Process_2023,Adult Feeding Behavior (GO:0008343),1/6,0.1836543355037968,0.552194208760578,0,0,5.822289156626506,9.867032848996889,LEP,GO_Biological_Process_2023
GO_Biological_Process_2023,Regulation Of Male Gonad Development (GO:2000018),1/6,0.1836543355037968,0.552194208760578,0,0,5.822289156626506,9.867032848996889,DHX37,GO_Biological_Process_2023
GO_Biological_Process_2023,Regulation Of Natural Killer Cell Chemotaxis (GO:2000501),1/6,0.1836543355037968,0.552194208760578,0,0,5.822289156626506,9.867032848996889,CCL7,GO_Biological_Process_2023
GO_Biological_Process_2023,Regulation Of Norepinephrine Secretion (GO:0014061),1/6,0.1836543355037968,0.552194208760578,0,0,5.822289156626506,9.867032848996889,STX1A,GO_Biological_Process_2023
GO_Biological_Process_2023,Regulation Of Oxidative Stress-Induced Neuron Intrinsic Apoptotic Signaling Pathway (GO:1903376),1/6,0.1836543355037968,0.552194208760578,0,0,5.822289156626506,9.867032848996889,NONO,GO_Biological_Process_2023
GO_Biological_Process_2023,Catecholamine Uptake (GO:0090493),1/6,0.1836543355037968,0.552194208760578,0,0,5.822289156626506,9.867032848996889,SLC29A4,GO_Biological_Process_2023
GO_Biological_Process_2023,Regulation Of Respiratory Gaseous Exchange (GO:0043576),1/6,0.1836543355037968,0.552194208760578,0,0,5.822289156626506,9.867032848996889,NMB,GO_Biological_Process_2023
GO_Biological_Process_2023,Cellular Hypotonic Response (GO:0071476),1/6,0.1836543355037968,0.552194208760578,0,0,5.822289156626506,9.867032848996889,STK39,GO_Biological_Process_2023
GO_Biological_Process_2023,Cellular Response To Laminar Fluid Shear Stress (GO:0071499),1/6,0.1836543355037968,0.552194208760578,0,0,5.822289156626506,9.867032848996889,SREBF2,GO_Biological_Process_2023
GO_Biological_Process_2023,Regulation Of Transforming Growth Factor Beta2 Production (GO:0032909),1/6,0.1836543355037968,0.552194208760578,0,0,5.822289156626506,9.867032848996889,SMAD3,GO_Biological_Process_2023
GO_Biological_Process_2023,Regulation Of Vascular Associated Smooth Muscle Cell Differentiation (GO:1905063),1/6,0.1836543355037968,0.552194208760578,0,0,5.822289156626506,9.867032848996889,PDGFB,GO_Biological_Process_2023
GO_Biological_Process_2023,Citrulline Metabolic Process (GO:0000052),1/6,0.1836543355037968,0.552194208760578,0,0,5.822289156626506,9.867032848996889,CAD,GO_Biological_Process_2023
GO_Biological_Process_2023,Clathrin-Coated Vesicle Cargo Loading (GO:0035652),1/6,0.1836543355037968,0.552194208760578,0,0,5.822289156626506,9.867032848996889,AP3M2,GO_Biological_Process_2023
GO_Biological_Process_2023,"Clathrin-Coated Vesicle Cargo Loading, AP-3-mediated (GO:0035654)",1/6,0.1836543355037968,0.552194208760578,0,0,5.822289156626506,9.867032848996889,AP3M2,GO_Biological_Process_2023
GO_Biological_Process_2023,Cleavage Furrow Formation (GO:0036089),1/6,0.1836543355037968,0.552194208760578,0,0,5.822289156626506,9.867032848996889,SPIRE2,GO_Biological_Process_2023
GO_Biological_Process_2023,Response To Lead Ion (GO:0010288),1/6,0.1836543355037968,0.552194208760578,0,0,5.822289156626506,9.867032848996889,PPP1CA,GO_Biological_Process_2023
GO_Biological_Process_2023,Dorsal Aorta Development (GO:0035907),1/6,0.1836543355037968,0.552194208760578,0,0,5.822289156626506,9.867032848996889,DLL4,GO_Biological_Process_2023
GO_Biological_Process_2023,Dorsal Aorta Morphogenesis (GO:0035912),1/6,0.1836543355037968,0.552194208760578,0,0,5.822289156626506,9.867032848996889,DLL4,GO_Biological_Process_2023
GO_Biological_Process_2023,Ribosome-Associated Ubiquitin-Dependent Protein Catabolic Process (GO:1990116),1/6,0.1836543355037968,0.552194208760578,0,0,5.822289156626506,9.867032848996889,TRIP4,GO_Biological_Process_2023
GO_Biological_Process_2023,Serine Transport (GO:0032329),1/6,0.1836543355037968,0.552194208760578,0,0,5.822289156626506,9.867032848996889,SLC1A4,GO_Biological_Process_2023
GO_Biological_Process_2023,Skeletal Muscle Cell Differentiation (GO:0035914),1/6,0.1836543355037968,0.552194208760578,0,0,5.822289156626506,9.867032848996889,LEMD2,GO_Biological_Process_2023
GO_Biological_Process_2023,Epithelial Cell Differentiation Involved In Kidney Development (GO:0035850),1/6,0.1836543355037968,0.552194208760578,0,0,5.822289156626506,9.867032848996889,SIX2,GO_Biological_Process_2023
GO_Biological_Process_2023,Synaptic Signaling (GO:0099536),1/6,0.1836543355037968,0.552194208760578,0,0,5.822289156626506,9.867032848996889,KCMF1,GO_Biological_Process_2023
GO_Biological_Process_2023,Synaptic Vesicle Budding From Presynaptic Endocytic Zone Membrane (GO:0016185),1/6,0.1836543355037968,0.552194208760578,0,0,5.822289156626506,9.867032848996889,AP3M2,GO_Biological_Process_2023
GO_Biological_Process_2023,Forebrain Neuron Development (GO:0021884),1/6,0.1836543355037968,0.552194208760578,0,0,5.822289156626506,9.867032848996889,PLXNA3,GO_Biological_Process_2023
GO_Biological_Process_2023,Ganglioside Catabolic Process (GO:0006689),1/6,0.1836543355037968,0.552194208760578,0,0,5.822289156626506,9.867032848996889,HEXB,GO_Biological_Process_2023
GO_Biological_Process_2023,Transepithelial Chloride Transport (GO:0030321),1/6,0.1836543355037968,0.552194208760578,0,0,5.822289156626506,9.867032848996889,SLC26A6,GO_Biological_Process_2023
GO_Biological_Process_2023,Hemostasis (GO:0007599),1/6,0.1836543355037968,0.552194208760578,0,0,5.822289156626506,9.867032848996889,GPI,GO_Biological_Process_2023
GO_Biological_Process_2023,Hindlimb Morphogenesis (GO:0035137),1/6,0.1836543355037968,0.552194208760578,0,0,5.822289156626506,9.867032848996889,OSR2,GO_Biological_Process_2023
GO_Biological_Process_2023,White Fat Cell Differentiation (GO:0050872),1/6,0.1836543355037968,0.552194208760578,0,0,5.822289156626506,9.867032848996889,PPARG,GO_Biological_Process_2023
GO_Biological_Process_2023,Histone H4-K12 Acetylation (GO:0043983),1/6,0.1836543355037968,0.552194208760578,0,0,5.822289156626506,9.867032848996889,KAT7,GO_Biological_Process_2023
GO_Biological_Process_2023,Hypotonic Response (GO:0006971),1/6,0.1836543355037968,0.552194208760578,0,0,5.822289156626506,9.867032848996889,STK39,GO_Biological_Process_2023
GO_Biological_Process_2023,Inositol Metabolic Process (GO:0006020),1/6,0.1836543355037968,0.552194208760578,0,0,5.822289156626506,9.867032848996889,MIOX,GO_Biological_Process_2023
GO_Biological_Process_2023,Insulin Secretion Involved In Cellular Response To Glucose Stimulus (GO:0035773),1/6,0.1836543355037968,0.552194208760578,0,0,5.822289156626506,9.867032848996889,PTPRN,GO_Biological_Process_2023
GO_Biological_Process_2023,Intracellular Sequestering Of Iron Ion (GO:0006880),1/6,0.1836543355037968,0.552194208760578,0,0,5.822289156626506,9.867032848996889,FTH1,GO_Biological_Process_2023
GO_Biological_Process_2023,Intracellular Triglyceride Homeostasis (GO:0035356),1/6,0.1836543355037968,0.552194208760578,0,0,5.822289156626506,9.867032848996889,FITM2,GO_Biological_Process_2023
GO_Biological_Process_2023,Macrophage Derived Foam Cell Differentiation (GO:0010742),1/6,0.1836543355037968,0.552194208760578,0,0,5.822289156626506,9.867032848996889,PPARG,GO_Biological_Process_2023
GO_Biological_Process_2023,Maintenance Of Lens Transparency (GO:0036438),1/6,0.1836543355037968,0.552194208760578,0,0,5.822289156626506,9.867032848996889,STK39,GO_Biological_Process_2023
GO_Biological_Process_2023,Maintenance Of Protein Location In Extracellular Region (GO:0071694),1/6,0.1836543355037968,0.552194208760578,0,0,5.822289156626506,9.867032848996889,DAND5,GO_Biological_Process_2023
GO_Biological_Process_2023,Membrane Biogenesis (GO:0044091),1/6,0.1836543355037968,0.552194208760578,0,0,5.822289156626506,9.867032848996889,TLCD1,GO_Biological_Process_2023
GO_Biological_Process_2023,Membrane Invagination (GO:0010324),1/6,0.1836543355037968,0.552194208760578,0,0,5.822289156626506,9.867032848996889,SMURF1,GO_Biological_Process_2023
GO_Biological_Process_2023,Negative Regulation Of Glycogen Metabolic Process (GO:0070874),1/6,0.1836543355037968,0.552194208760578,0,0,5.822289156626506,9.867032848996889,GSK3A,GO_Biological_Process_2023
GO_Biological_Process_2023,Negative Regulation Of Meiotic Nuclear Division (GO:0045835),1/6,0.1836543355037968,0.552194208760578,0,0,5.822289156626506,9.867032848996889,FBXO43,GO_Biological_Process_2023
GO_Biological_Process_2023,Negative Regulation Of Plasminogen Activation (GO:0010757),1/6,0.1836543355037968,0.552194208760578,0,0,5.822289156626506,9.867032848996889,PLAU,GO_Biological_Process_2023
GO_Biological_Process_2023,Negative Regulation Of Protein Sumoylation (GO:0033234),1/6,0.1836543355037968,0.552194208760578,0,0,5.822289156626506,9.867032848996889,PIAS3,GO_Biological_Process_2023
GO_Biological_Process_2023,Negative Regulation Of Response To Type II Interferon (GO:0060331),1/6,0.1836543355037968,0.552194208760578,0,0,5.822289156626506,9.867032848996889,PPARG,GO_Biological_Process_2023
GO_Biological_Process_2023,Negative Regulation Of Type II Interferon-Mediated Signaling Pathway (GO:0060336),1/6,0.1836543355037968,0.552194208760578,0,0,5.822289156626506,9.867032848996889,PPARG,GO_Biological_Process_2023
GO_Biological_Process_2023,Norepinephrine Transport (GO:0015874),1/6,0.1836543355037968,0.552194208760578,0,0,5.822289156626506,9.867032848996889,SLC29A4,GO_Biological_Process_2023
GO_Biological_Process_2023,Nucleobase Biosynthetic Process (GO:0046112),1/6,0.1836543355037968,0.552194208760578,0,0,5.822289156626506,9.867032848996889,UMPS,GO_Biological_Process_2023
GO_Biological_Process_2023,Nucleoside Diphosphate Catabolic Process (GO:0009134),1/6,0.1836543355037968,0.552194208760578,0,0,5.822289156626506,9.867032848996889,ENTPD6,GO_Biological_Process_2023
GO_Biological_Process_2023,Parallel Actin Filament Bundle Assembly (GO:0030046),1/6,0.1836543355037968,0.552194208760578,0,0,5.822289156626506,9.867032848996889,SPIRE2,GO_Biological_Process_2023
GO_Biological_Process_2023,Peptidyl-Arginine Modification (GO:0018195),1/6,0.1836543355037968,0.552194208760578,0,0,5.822289156626506,9.867032848996889,PRMT1,GO_Biological_Process_2023
GO_Biological_Process_2023,Polyamine Biosynthetic Process (GO:0006596),1/6,0.1836543355037968,0.552194208760578,0,0,5.822289156626506,9.867032848996889,SMOX,GO_Biological_Process_2023
GO_Biological_Process_2023,Positive Regulation Of Aspartic-Type Endopeptidase Activity Involved In Amyloid Precursor Protein Catabolic Process (GO:1902961),1/6,0.1836543355037968,0.552194208760578,0,0,5.822289156626506,9.867032848996889,EFNA3,GO_Biological_Process_2023
GO_Biological_Process_2023,Positive Regulation Of Catecholamine Secretion (GO:0033605),1/6,0.1836543355037968,0.552194208760578,0,0,5.822289156626506,9.867032848996889,STX1A,GO_Biological_Process_2023
GO_Biological_Process_2023,Positive Regulation Of Helicase Activity (GO:0051096),1/6,0.1836543355037968,0.552194208760578,0,0,5.822289156626506,9.867032848996889,SSBP1,GO_Biological_Process_2023
GO_Biological_Process_2023,Positive Regulation Of Humoral Immune Response (GO:0002922),1/6,0.1836543355037968,0.552194208760578,0,0,5.822289156626506,9.867032848996889,ZP3,GO_Biological_Process_2023
GO_Biological_Process_2023,Protein Deglutamylation (GO:0035608),1/6,0.1836543355037968,0.552194208760578,0,0,5.822289156626506,9.867032848996889,AGBL5,GO_Biological_Process_2023
GO_Biological_Process_2023,rDNA Heterochromatin Formation (GO:0000183),1/6,0.1836543355037968,0.552194208760578,0,0,5.822289156626506,9.867032848996889,SUV39H1,GO_Biological_Process_2023
GO_Biological_Process_2023,Regulation Of TORC2 Signaling (GO:1903939),1/6,0.1836543355037968,0.552194208760578,0,0,5.822289156626506,9.867032848996889,PIH1D1,GO_Biological_Process_2023
GO_Biological_Process_2023,Regulation Of Adiponectin Secretion (GO:0070163),1/6,0.1836543355037968,0.552194208760578,0,0,5.822289156626506,9.867032848996889,PPARG,GO_Biological_Process_2023
GO_Biological_Process_2023,Regulation Of Axon Guidance (GO:1902667),1/6,0.1836543355037968,0.552194208760578,0,0,5.822289156626506,9.867032848996889,YTHDF1,GO_Biological_Process_2023
GO_Biological_Process_2023,Regulation Of Cardiac Muscle Hypertrophy In Response To Stress (GO:1903242),1/6,0.1836543355037968,0.552194208760578,0,0,5.822289156626506,9.867032848996889,PPARG,GO_Biological_Process_2023
GO_Biological_Process_2023,Lymphocyte Differentiation (GO:0030098),5/91,0.1858574773593233,0.5575724320779701,0,0,1.695648343904158,2.8533948958289,TPD52;DLL4;CLCF1;LEP;KAT7,GO_Biological_Process_2023
GO_Biological_Process_2023,Regulation Of RNA Metabolic Process (GO:0051252),5/91,0.1858574773593233,0.5575724320779701,0,0,1.695648343904158,2.8533948958289,PTBP1;ENY2;ATXN7L3;CLK2;FAM50A,GO_Biological_Process_2023
GO_Biological_Process_2023,Chromosome Organization (GO:0051276),3/45,0.1878742444529555,0.5624524538179595,0,0,2.081678895123004,3.480530584298319,TOP2A;NUP133;RAE1,GO_Biological_Process_2023
GO_Biological_Process_2023,Regulation Of Execution Phase Of Apoptosis (GO:1900117),2/24,0.1891562507265898,0.5624524538179595,0,0,2.6481557658028247,4.409661002058356,TP53BP2;DYNLL1,GO_Biological_Process_2023
GO_Biological_Process_2023,Secondary Alcohol Biosynthetic Process (GO:1902653),2/24,0.1891562507265898,0.5624524538179595,0,0,2.6481557658028247,4.409661002058356,MVD;LBR,GO_Biological_Process_2023
GO_Biological_Process_2023,Eosinophil Chemotaxis (GO:0048245),2/24,0.1891562507265898,0.5624524538179595,0,0,2.6481557658028247,4.409661002058356,CCL7;MEN1,GO_Biological_Process_2023
GO_Biological_Process_2023,Eosinophil Migration (GO:0072677),2/24,0.1891562507265898,0.5624524538179595,0,0,2.6481557658028247,4.409661002058356,CCL7;MEN1,GO_Biological_Process_2023
GO_Biological_Process_2023,Stress Granule Assembly (GO:0034063),2/24,0.1891562507265898,0.5624524538179595,0,0,2.6481557658028247,4.409661002058356,YTHDF1;UBAP2L,GO_Biological_Process_2023
GO_Biological_Process_2023,mRNA Polyadenylation (GO:0006378),2/24,0.1891562507265898,0.5624524538179595,0,0,2.6481557658028247,4.409661002058356,PNPT1;LEO1,GO_Biological_Process_2023
GO_Biological_Process_2023,Positive Regulation Of ERBB Signaling Pathway (GO:1901186),2/24,0.1891562507265898,0.5624524538179595,0,0,2.6481557658028247,4.409661002058356,NUP62;MMP9,GO_Biological_Process_2023
GO_Biological_Process_2023,Telomere Maintenance (GO:0000723),4/68,0.1899517007928153,0.5625854404474941,0,0,1.82214447806354,3.026555457645638,PARP1;PRKDC;NSMCE2;XRCC3,GO_Biological_Process_2023
GO_Biological_Process_2023,Neuron Projection Development (GO:0031175),9/192,0.1907172940020776,0.5625854404474941,0,0,1.4358256697321072,2.379110129136353,ANKRD27;SNAPIN;PRMT1;GPRIN1;BLOC1S3;RAB13;ZNF335;CAMSAP1;PLXNA3,GO_Biological_Process_2023
GO_Biological_Process_2023,Cellular Response To Oxidative Stress (GO:0034599),6/117,0.194561031360913,0.5625854404474941,0,0,1.576836320387155,2.581295845979328,PNPT1;PRKAA2;ERMP1;PARP1;PYCR2;MMP9,GO_Biological_Process_2023
GO_Biological_Process_2023,Protein Localization To Cell Periphery (GO:1990778),7/142,0.1946886514411679,0.5625854404474941,0,0,1.5130023640661938,2.475806949542581,RAP2A;PPIL2;SMURF1;RAB13;PIP5K1A;ATP1B1;MRAP2,GO_Biological_Process_2023
GO_Biological_Process_2023,Regulation Of Fibroblast Proliferation (GO:0048145),3/46,0.1963807577856216,0.5625854404474941,0,0,2.0331623691421346,3.309378108645167,FTH1;PDGFB;TRIM32,GO_Biological_Process_2023
GO_Biological_Process_2023,T Cell Differentiation (GO:0030217),3/46,0.1963807577856216,0.5625854404474941,0,0,2.0331623691421346,3.309378108645167,DLL4;LEP;SOX13,GO_Biological_Process_2023
GO_Biological_Process_2023,Regulation Of Nervous System Development (GO:0051960),3/46,0.1963807577856216,0.5625854404474941,0,0,2.0331623691421346,3.309378108645167,NSUN5;HLTF;KIF14,GO_Biological_Process_2023
GO_Biological_Process_2023,Epithelial Cell Migration (GO:0010631),3/46,0.1963807577856216,0.5625854404474941,0,0,2.0331623691421346,3.309378108645167,PKN3;TESK1;MEN1,GO_Biological_Process_2023
GO_Biological_Process_2023,Negative Regulation Of Cellular Metabolic Process (GO:0031324),3/46,0.1963807577856216,0.5625854404474941,0,0,2.0331623691421346,3.309378108645167,BRCA1;NUPR1;GIT1,GO_Biological_Process_2023
GO_Biological_Process_2023,Positive Regulation Of DNA-binding Transcription Factor Activity (GO:0051091),11/246,0.1979044761277588,0.5625854404474941,0,0,1.367037543106253,2.2145609139560354,NPM1;CRTC2;SMAD3;IRAK1;BUD31;PPARG;TRAF2;RBCK1;PPRC1;TRIM32;STK3,GO_Biological_Process_2023
GO_Biological_Process_2023,Proteasomal Protein Catabolic Process (GO:0010498),10/220,0.1986067377931545,0.5625854404474941,0,0,1.390403489640131,2.247487968273633,DDB1;GSK3A;PSMC4;SMURF1;ZFAND2A;FBXL19;KIF14;NEDD4L;RBCK1;RFFL,GO_Biological_Process_2023
GO_Biological_Process_2023,Positive Regulation Of Transferase Activity (GO:0051347),7/143,0.1993203628657033,0.5625854404474941,0,0,1.5017991239048811,2.4221645299686583,PRIM2;GSK3A;HSP90AA1;POLG2;NEK2;TRIB3;AURKB,GO_Biological_Process_2023
GO_Biological_Process_2023,RNA Polyadenylation (GO:0043631),2/25,0.2013517225630883,0.5625854404474941,0,0,2.53288740245262,4.059463798522376,PNPT1;LEO1,GO_Biological_Process_2023
GO_Biological_Process_2023,Regulation Of Hippo Signaling (GO:0035330),2/25,0.2013517225630883,0.5625854404474941,0,0,2.53288740245262,4.059463798522376,NEK8;CIT,GO_Biological_Process_2023
GO_Biological_Process_2023,Regulation Of Lysosomal Lumen pH (GO:0035751),2/25,0.2013517225630883,0.5625854404474941,0,0,2.53288740245262,4.059463798522376,ATP6V1H;ATP6V0A1,GO_Biological_Process_2023
GO_Biological_Process_2023,Regulation Of Synapse Organization (GO:0050807),2/25,0.2013517225630883,0.5625854404474941,0,0,2.53288740245262,4.059463798522376,RAP2A;YWHAZ,GO_Biological_Process_2023
GO_Biological_Process_2023,Cellular Response To Hexose Stimulus (GO:0071331),2/25,0.2013517225630883,0.5625854404474941,0,0,2.53288740245262,4.059463798522376,PRKAA2;SLC26A6,GO_Biological_Process_2023
GO_Biological_Process_2023,"Chemical Synaptic Transmission, Postsynaptic (GO:0099565)",2/25,0.2013517225630883,0.5625854404474941,0,0,2.53288740245262,4.059463798522376,GSK3A;FOXM1,GO_Biological_Process_2023
GO_Biological_Process_2023,Cholesterol Biosynthetic Process (GO:0006695),2/25,0.2013517225630883,0.5625854404474941,0,0,2.53288740245262,4.059463798522376,MVD;LBR,GO_Biological_Process_2023
GO_Biological_Process_2023,Mismatch Repair (GO:0006298),2/25,0.2013517225630883,0.5625854404474941,0,0,2.53288740245262,4.059463798522376,EXO1;TP73,GO_Biological_Process_2023
GO_Biological_Process_2023,Negative Regulation Of Proteolysis Involved In Protein Catabolic Process (GO:1903051),2/25,0.2013517225630883,0.5625854404474941,0,0,2.53288740245262,4.059463798522376,PDCL3;CSNK2A1,GO_Biological_Process_2023
GO_Biological_Process_2023,Negative Regulation Of Stress Fiber Assembly (GO:0051497),2/25,0.2013517225630883,0.5625854404474941,0,0,2.53288740245262,4.059463798522376,RHPN2;DYNLL1,GO_Biological_Process_2023
GO_Biological_Process_2023,Negative Regulation Of Transposition (GO:0010529),2/25,0.2013517225630883,0.5625854404474941,0,0,2.53288740245262,4.059463798522376,SMYD5;APOBEC3B,GO_Biological_Process_2023
GO_Biological_Process_2023,Regulation Of Programmed Cell Death (GO:0043067),9/195,0.2025247149451898,0.5625854404474941,0,0,1.4124459087332808,2.255525479979712,HSP90AA1;BRMS1;DAPK2;NUP62;TRIM24;NME2;TRAF2;HTATIP2;NME1,GO_Biological_Process_2023
GO_Biological_Process_2023,Muscle Contraction (GO:0006936),5/94,0.2032475982735169,0.5625854404474941,0,0,1.6382362955396663,2.6102516056276484,ARHGEF11;SLC6A8;ADRA1D;MYL6B;ALDOA,GO_Biological_Process_2023
GO_Biological_Process_2023,Regulation Of Protein Kinase Activity (GO:0045859),6/119,0.2048809386085199,0.5625854404474941,0,0,1.5487665677414155,2.455300304009993,MMD;PRKRIP1;PRKAG1;PLCE1;TRIB3;SMG8,GO_Biological_Process_2023
GO_Biological_Process_2023,Golgi To Plasma Membrane Transport (GO:0006893),3/47,0.2049788884899027,0.5625854404474941,0,0,1.9868511397967592,3.148857627661974,GGA3;EXOC6;CCDC93,GO_Biological_Process_2023
GO_Biological_Process_2023,Bicellular Tight Junction Assembly (GO:0070830),3/47,0.2049788884899027,0.5625854404474941,0,0,1.9868511397967592,3.148857627661974,CHAF1B;PARD3;RAB13,GO_Biological_Process_2023
GO_Biological_Process_2023,Cognition (GO:0050890),3/47,0.2049788884899027,0.5625854404474941,0,0,1.9868511397967592,3.148857627661974,METTL23;NSUN5;SLC1A4,GO_Biological_Process_2023
GO_Biological_Process_2023,Insulin Receptor Signaling Pathway (GO:0008286),3/47,0.2049788884899027,0.5625854404474941,0,0,1.9868511397967592,3.148857627661974,GSK3A;SHC1;STXBP4,GO_Biological_Process_2023
GO_Biological_Process_2023,Positive Regulation Of TOR Signaling (GO:0032008),3/47,0.2049788884899027,0.5625854404474941,0,0,1.9868511397967592,3.148857627661974,RPTOR;PIH1D1;LEP,GO_Biological_Process_2023
GO_Biological_Process_2023,Positive Regulation Of Protein Kinase Activity (GO:0045860),7/145,0.2087106748475846,0.5625854404474941,0,0,1.4798797409805735,2.318684926511454,RPTOR;HSP90AA1;MMD;PIH1D1;PDGFB;KIF14;PRKAG1,GO_Biological_Process_2023
GO_Biological_Process_2023,Heart Development (GO:0007507),8/171,0.2103394026357171,0.5625854404474941,0,0,1.4322025193527,2.2328507753632496,NCOA6;PRMT1;PDGFB;GPC3;PLCE1;DYNLL1;DAND5;APLN,GO_Biological_Process_2023
GO_Biological_Process_2023,Negative Regulation Of Cellular Response To Growth Factor Stimulus (GO:0090288),4/71,0.2105849636247005,0.5625854404474941,0,0,1.7402849594689187,2.7111309072375884,SMURF1;PPARG;DAND5;APLN,GO_Biological_Process_2023
GO_Biological_Process_2023,Negative Regulation Of Protein Binding (GO:0032091),4/71,0.2105849636247005,0.5625854404474941,0,0,1.7402849594689187,2.7111309072375884,DDX11;PDGFB;AURKB;PPP1CA,GO_Biological_Process_2023
GO_Biological_Process_2023,7-Methylguanosine Cap Hypermethylation (GO:0036261),1/7,0.2108059367133811,0.5625854404474941,0,0,4.851656626506024,7.553142969486642,SNRPF,GO_Biological_Process_2023
GO_Biological_Process_2023,DNA Ligation (GO:0006266),1/7,0.2108059367133811,0.5625854404474941,0,0,4.851656626506024,7.553142969486642,TOP2A,GO_Biological_Process_2023
GO_Biological_Process_2023,Regulation Of Establishment Of Protein Localization To Mitochondrion (GO:1903747),1/7,0.2108059367133811,0.5625854404474941,0,0,4.851656626506024,7.553142969486642,PARL,GO_Biological_Process_2023
GO_Biological_Process_2023,L-alanine Transport (GO:0015808),1/7,0.2108059367133811,0.5625854404474941,0,0,4.851656626506024,7.553142969486642,SLC1A4,GO_Biological_Process_2023
GO_Biological_Process_2023,Notch Receptor Processing (GO:0007220),1/7,0.2108059367133811,0.5625854404474941,0,0,4.851656626506024,7.553142969486642,APH1A,GO_Biological_Process_2023
GO_Biological_Process_2023,RNA Capping (GO:0036260),1/7,0.2108059367133811,0.5625854404474941,0,0,4.851656626506024,7.553142969486642,SNRPF,GO_Biological_Process_2023
GO_Biological_Process_2023,SREBP Signaling Pathway (GO:0032933),1/7,0.2108059367133811,0.5625854404474941,0,0,4.851656626506024,7.553142969486642,SREBF2,GO_Biological_Process_2023
GO_Biological_Process_2023,Adenylate Cyclase-Inhibiting G Protein-Coupled Acetylcholine Receptor Signaling Pathway (GO:0007197),1/7,0.2108059367133811,0.5625854404474941,0,0,4.851656626506024,7.553142969486642,CHRM3,GO_Biological_Process_2023
GO_Biological_Process_2023,Regulation Of Lysosome Size (GO:0062196),1/7,0.2108059367133811,0.5625854404474941,0,0,4.851656626506024,7.553142969486642,SNAPIN,GO_Biological_Process_2023
GO_Biological_Process_2023,Regulation Of Meiotic Nuclear Division (GO:0040020),1/7,0.2108059367133811,0.5625854404474941,0,0,4.851656626506024,7.553142969486642,FBXO43,GO_Biological_Process_2023
GO_Biological_Process_2023,Regulation Of Protein Localization To Cell Cortex (GO:1904776),1/7,0.2108059367133811,0.5625854404474941,0,0,4.851656626506024,7.553142969486642,GPSM2,GO_Biological_Process_2023
GO_Biological_Process_2023,Catecholamine Transport (GO:0051937),1/7,0.2108059367133811,0.5625854404474941,0,0,4.851656626506024,7.553142969486642,SLC29A4,GO_Biological_Process_2023
GO_Biological_Process_2023,Regulation Of Response To Wounding (GO:1903034),1/7,0.2108059367133811,0.5625854404474941,0,0,4.851656626506024,7.553142969486642,PLAU,GO_Biological_Process_2023
GO_Biological_Process_2023,Cellular Biogenic Amine Catabolic Process (GO:0042402),1/7,0.2108059367133811,0.5625854404474941,0,0,4.851656626506024,7.553142969486642,SMOX,GO_Biological_Process_2023
GO_Biological_Process_2023,Regulation Of Stem Cell Division (GO:2000035),1/7,0.2108059367133811,0.5625854404474941,0,0,4.851656626506024,7.553142969486642,SMYD5,GO_Biological_Process_2023
GO_Biological_Process_2023,Cellular Response To Leptin Stimulus (GO:0044320),1/7,0.2108059367133811,0.5625854404474941,0,0,4.851656626506024,7.553142969486642,LEP,GO_Biological_Process_2023
GO_Biological_Process_2023,Regulation Of Triglyceride Metabolic Process (GO:0090207),1/7,0.2108059367133811,0.5625854404474941,0,0,4.851656626506024,7.553142969486642,FITM2,GO_Biological_Process_2023
GO_Biological_Process_2023,Depyrimidination (GO:0045008),1/7,0.2108059367133811,0.5625854404474941,0,0,4.851656626506024,7.553142969486642,OGG1,GO_Biological_Process_2023
GO_Biological_Process_2023,Diacylglycerol Biosynthetic Process (GO:0006651),1/7,0.2108059367133811,0.5625854404474941,0,0,4.851656626506024,7.553142969486642,PLCE1,GO_Biological_Process_2023
GO_Biological_Process_2023,Dopamine Uptake (GO:0090494),1/7,0.2108059367133811,0.5625854404474941,0,0,4.851656626506024,7.553142969486642,SLC29A4,GO_Biological_Process_2023
GO_Biological_Process_2023,siRNA Processing (GO:0030422),1/7,0.2108059367133811,0.5625854404474941,0,0,4.851656626506024,7.553142969486642,TSNAX,GO_Biological_Process_2023
GO_Biological_Process_2023,Establishment Of Golgi Localization (GO:0051683),1/7,0.2108059367133811,0.5625854404474941,0,0,4.851656626506024,7.553142969486642,YWHAZ,GO_Biological_Process_2023
GO_Biological_Process_2023,Establishment Of Centrosome Localization (GO:0051660),1/7,0.2108059367133811,0.5625854404474941,0,0,4.851656626506024,7.553142969486642,PARD3,GO_Biological_Process_2023
GO_Biological_Process_2023,Sulfur Amino Acid Transport (GO:0000101),1/7,0.2108059367133811,0.5625854404474941,0,0,4.851656626506024,7.553142969486642,SLC1A4,GO_Biological_Process_2023
GO_Biological_Process_2023,Foam Cell Differentiation (GO:0090077),1/7,0.2108059367133811,0.5625854404474941,0,0,4.851656626506024,7.553142969486642,PPARG,GO_Biological_Process_2023
GO_Biological_Process_2023,Telomeric D-loop Disassembly (GO:0061820),1/7,0.2108059367133811,0.5625854404474941,0,0,4.851656626506024,7.553142969486642,SLX4,GO_Biological_Process_2023
GO_Biological_Process_2023,Fructose Metabolic Process (GO:0006000),1/7,0.2108059367133811,0.5625854404474941,0,0,4.851656626506024,7.553142969486642,ALDOA,GO_Biological_Process_2023
GO_Biological_Process_2023,Translocation Of Molecules Into Host (GO:0044417),1/7,0.2108059367133811,0.5625854404474941,0,0,4.851656626506024,7.553142969486642,THOC7,GO_Biological_Process_2023
GO_Biological_Process_2023,Ventricular Trabecula Myocardium Morphogenesis (GO:0003222),1/7,0.2108059367133811,0.5625854404474941,0,0,4.851656626506024,7.553142969486642,DLL4,GO_Biological_Process_2023
GO_Biological_Process_2023,Viral mRNA Export From Host Cell Nucleus (GO:0046784),1/7,0.2108059367133811,0.5625854404474941,0,0,4.851656626506024,7.553142969486642,THOC7,GO_Biological_Process_2023
GO_Biological_Process_2023,Histone H2A K63-linked Deubiquitination (GO:0070537),1/7,0.2108059367133811,0.5625854404474941,0,0,4.851656626506024,7.553142969486642,BRCA1,GO_Biological_Process_2023
GO_Biological_Process_2023,Intracellular pH Elevation (GO:0051454),1/7,0.2108059367133811,0.5625854404474941,0,0,4.851656626506024,7.553142969486642,SLC26A6,GO_Biological_Process_2023
GO_Biological_Process_2023,Kidney Mesenchyme Development (GO:0072074),1/7,0.2108059367133811,0.5625854404474941,0,0,4.851656626506024,7.553142969486642,SIX2,GO_Biological_Process_2023
GO_Biological_Process_2023,Mitochondrial Outer Membrane Permeabilization (GO:0097345),1/7,0.2108059367133811,0.5625854404474941,0,0,4.851656626506024,7.553142969486642,VDAC2,GO_Biological_Process_2023
GO_Biological_Process_2023,Mitochondrial Proton-Transporting ATP Synthase Complex Assembly (GO:0033615),1/7,0.2108059367133811,0.5625854404474941,0,0,4.851656626506024,7.553142969486642,TMEM70,GO_Biological_Process_2023
GO_Biological_Process_2023,Natural Killer Cell Differentiation (GO:0001779),1/7,0.2108059367133811,0.5625854404474941,0,0,4.851656626506024,7.553142969486642,KAT7,GO_Biological_Process_2023
GO_Biological_Process_2023,Negative Regulation Of DNA-templated DNA Replication (GO:2000104),1/7,0.2108059367133811,0.5625854404474941,0,0,4.851656626506024,7.553142969486642,LIG3,GO_Biological_Process_2023
GO_Biological_Process_2023,Negative Regulation Of SMAD Protein Signal Transduction (GO:0060392),1/7,0.2108059367133811,0.5625854404474941,0,0,4.851656626506024,7.553142969486642,PPARG,GO_Biological_Process_2023
GO_Biological_Process_2023,Negative Regulation Of Actin Nucleation (GO:0051126),1/7,0.2108059367133811,0.5625854404474941,0,0,4.851656626506024,7.553142969486642,GMFB,GO_Biological_Process_2023
GO_Biological_Process_2023,Negative Regulation Of Appetite (GO:0032099),1/7,0.2108059367133811,0.5625854404474941,0,0,4.851656626506024,7.553142969486642,LEP,GO_Biological_Process_2023
GO_Biological_Process_2023,Negative Regulation Of Inflammatory Response To Wounding (GO:0106015),1/7,0.2108059367133811,0.5625854404474941,0,0,4.851656626506024,7.553142969486642,GIT1,GO_Biological_Process_2023
GO_Biological_Process_2023,Negative Regulation Of miRNA-mediated Gene Silencing (GO:0060965),1/7,0.2108059367133811,0.5625854404474941,0,0,4.851656626506024,7.553142969486642,PPARG,GO_Biological_Process_2023
GO_Biological_Process_2023,Negative Regulation Of Muscle Cell Differentiation (GO:0051148),1/7,0.2108059367133811,0.5625854404474941,0,0,4.851656626506024,7.553142969486642,PTBP1,GO_Biological_Process_2023
GO_Biological_Process_2023,Negative Regulation Of Protein K63-linked Ubiquitination (GO:1900045),1/7,0.2108059367133811,0.5625854404474941,0,0,4.851656626506024,7.553142969486642,UBR5,GO_Biological_Process_2023
GO_Biological_Process_2023,Negative Regulation Of Striated Muscle Cell Apoptotic Process (GO:0010664),1/7,0.2108059367133811,0.5625854404474941,0,0,4.851656626506024,7.553142969486642,NUPR1,GO_Biological_Process_2023
GO_Biological_Process_2023,Negative Regulation Of Vascular Associated Smooth Muscle Cell Differentiation (GO:1905064),1/7,0.2108059367133811,0.5625854404474941,0,0,4.851656626506024,7.553142969486642,PDGFB,GO_Biological_Process_2023
GO_Biological_Process_2023,Osteoblast Development (GO:0002076),1/7,0.2108059367133811,0.5625854404474941,0,0,4.851656626506024,7.553142969486642,MEN1,GO_Biological_Process_2023
GO_Biological_Process_2023,Pericardium Development (GO:0060039),1/7,0.2108059367133811,0.5625854404474941,0,0,4.851656626506024,7.553142969486642,DLL4,GO_Biological_Process_2023
GO_Biological_Process_2023,Peroxisome Proliferator Activated Receptor Signaling Pathway (GO:0035357),1/7,0.2108059367133811,0.5625854404474941,0,0,4.851656626506024,7.553142969486642,PPARG,GO_Biological_Process_2023
GO_Biological_Process_2023,Positive Regulation By Host Of Viral Genome Replication (GO:0044829),1/7,0.2108059367133811,0.5625854404474941,0,0,4.851656626506024,7.553142969486642,TBC1D20,GO_Biological_Process_2023
GO_Biological_Process_2023,Positive Regulation Of Adipose Tissue Development (GO:1904179),1/7,0.2108059367133811,0.5625854404474941,0,0,4.851656626506024,7.553142969486642,PPARG,GO_Biological_Process_2023
GO_Biological_Process_2023,Positive Regulation Of Aspartic-Type Peptidase Activity (GO:1905247),1/7,0.2108059367133811,0.5625854404474941,0,0,4.851656626506024,7.553142969486642,EFNA3,GO_Biological_Process_2023
GO_Biological_Process_2023,Positive Regulation Of Astrocyte Differentiation (GO:0048711),1/7,0.2108059367133811,0.5625854404474941,0,0,4.851656626506024,7.553142969486642,CLCF1,GO_Biological_Process_2023
GO_Biological_Process_2023,Positive Regulation Of Gluconeogenesis (GO:0045722),1/7,0.2108059367133811,0.5625854404474941,0,0,4.851656626506024,7.553142969486642,DDB1,GO_Biological_Process_2023
GO_Biological_Process_2023,Positive Regulation Of Isomerase Activity (GO:0010912),1/7,0.2108059367133811,0.5625854404474941,0,0,4.851656626506024,7.553142969486642,HNRNPU,GO_Biological_Process_2023
GO_Biological_Process_2023,Positive Regulation Of Leukocyte Differentiation (GO:1902107),1/7,0.2108059367133811,0.5625854404474941,0,0,4.851656626506024,7.553142969486642,PRKDC,GO_Biological_Process_2023
GO_Biological_Process_2023,Positive Regulation Of Meiotic Nuclear Division (GO:0045836),1/7,0.2108059367133811,0.5625854404474941,0,0,4.851656626506024,7.553142969486642,RAD51AP1,GO_Biological_Process_2023
GO_Biological_Process_2023,Positive Regulation Of Microtubule Nucleation (GO:0090063),1/7,0.2108059367133811,0.5625854404474941,0,0,4.851656626506024,7.553142969486642,GIT1,GO_Biological_Process_2023
GO_Biological_Process_2023,Positive Regulation Of Neuron Projection Arborization (GO:0150012),1/7,0.2108059367133811,0.5625854404474941,0,0,4.851656626506024,7.553142969486642,DVL3,GO_Biological_Process_2023
GO_Biological_Process_2023,Positive Regulation Of Vascular Associated Smooth Muscle Cell Migration (GO:1904754),1/7,0.2108059367133811,0.5625854404474941,0,0,4.851656626506024,7.553142969486642,PDGFB,GO_Biological_Process_2023
GO_Biological_Process_2023,Postsynapse Organization (GO:0099173),1/7,0.2108059367133811,0.5625854404474941,0,0,4.851656626506024,7.553142969486642,ARHGAP39,GO_Biological_Process_2023
GO_Biological_Process_2023,Preassembly Of GPI Anchor In ER Membrane (GO:0016254),1/7,0.2108059367133811,0.5625854404474941,0,0,4.851656626506024,7.553142969486642,PIGZ,GO_Biological_Process_2023
GO_Biological_Process_2023,Protein Retention In ER Lumen (GO:0006621),1/7,0.2108059367133811,0.5625854404474941,0,0,4.851656626506024,7.553142969486642,GPAA1,GO_Biological_Process_2023
GO_Biological_Process_2023,Proton-Transporting ATP Synthase Complex Assembly (GO:0043461),1/7,0.2108059367133811,0.5625854404474941,0,0,4.851656626506024,7.553142969486642,TMEM70,GO_Biological_Process_2023
GO_Biological_Process_2023,Proximal/Distal Pattern Formation (GO:0009954),1/7,0.2108059367133811,0.5625854404474941,0,0,4.851656626506024,7.553142969486642,HOXD9,GO_Biological_Process_2023
GO_Biological_Process_2023,Regulation Of Alpha-Beta T Cell Differentiation (GO:0046637),1/7,0.2108059367133811,0.5625854404474941,0,0,4.851656626506024,7.553142969486642,NKAP,GO_Biological_Process_2023
GO_Biological_Process_2023,Regulation Of Carbohydrate Biosynthetic Process (GO:0043255),1/7,0.2108059367133811,0.5625854404474941,0,0,4.851656626506024,7.553142969486642,ZNF692,GO_Biological_Process_2023
GO_Biological_Process_2023,DNA-templated Transcription Elongation (GO:0006354),2/26,0.213633687582967,0.5625854404474941,0,0,2.4272247360482653,3.746403105341051,ERCC3;LEO1,GO_Biological_Process_2023
GO_Biological_Process_2023,Regulation Of Keratinocyte Differentiation (GO:0045616),2/26,0.213633687582967,0.5625854404474941,0,0,2.4272247360482653,3.746403105341051,NME2;ETV4,GO_Biological_Process_2023
GO_Biological_Process_2023,Regulation Of Myeloid Cell Differentiation (GO:0045637),2/26,0.213633687582967,0.5625854404474941,0,0,2.4272247360482653,3.746403105341051,PRMT1;LEO1,GO_Biological_Process_2023
GO_Biological_Process_2023,Regulation Of Transcription By RNA Polymerase III (GO:0006359),2/26,0.213633687582967,0.5625854404474941,0,0,2.4272247360482653,3.746403105341051,RPTOR;POLR3F,GO_Biological_Process_2023
GO_Biological_Process_2023,Regulation Of Vasoconstriction (GO:0019229),2/26,0.213633687582967,0.5625854404474941,0,0,2.4272247360482653,3.746403105341051,CHRM3;ADRA1D,GO_Biological_Process_2023
GO_Biological_Process_2023,Mitotic G1 DNA Damage Checkpoint Signaling (GO:0031571),2/26,0.213633687582967,0.5625854404474941,0,0,2.4272247360482653,3.746403105341051,PRKDC;GTSE1,GO_Biological_Process_2023
GO_Biological_Process_2023,Negative Regulation Of Interleukin-1 Beta Production (GO:0032691),2/26,0.213633687582967,0.5625854404474941,0,0,2.4272247360482653,3.746403105341051,SERPINB1;GIT1,GO_Biological_Process_2023
GO_Biological_Process_2023,Organelle Fusion (GO:0048284),2/26,0.213633687582967,0.5625854404474941,0,0,2.4272247360482653,3.746403105341051,MFF;GDAP1,GO_Biological_Process_2023
GO_Biological_Process_2023,Plasma Membrane Invagination (GO:0099024),2/26,0.213633687582967,0.5625854404474941,0,0,2.4272247360482653,3.746403105341051,SPIRE2;AURKB,GO_Biological_Process_2023
GO_Biological_Process_2023,Positive Regulation Of Erythrocyte Differentiation (GO:0045648),2/26,0.213633687582967,0.5625854404474941,0,0,2.4272247360482653,3.746403105341051,PRKDC;PRMT1,GO_Biological_Process_2023
GO_Biological_Process_2023,Positive Regulation Of Nuclear Division (GO:0051785),2/26,0.213633687582967,0.5625854404474941,0,0,2.4272247360482653,3.746403105341051,NUP62;PDGFB,GO_Biological_Process_2023
GO_Biological_Process_2023,Protein Export From Nucleus (GO:0006611),2/26,0.213633687582967,0.5625854404474941,0,0,2.4272247360482653,3.746403105341051,SMURF1;RAN,GO_Biological_Process_2023
GO_Biological_Process_2023,Protein Localization To Cell Surface (GO:0034394),2/26,0.213633687582967,0.5625854404474941,0,0,2.4272247360482653,3.746403105341051,GGA3;SMURF1,GO_Biological_Process_2023
GO_Biological_Process_2023,Regulation Of Intrinsic Apoptotic Signaling Pathway (GO:2001242),3/48,0.2136612114965956,0.5625854404474941,0,0,1.9425981873111784,2.998135413840895,DAPK2;NUPR1;MMP9,GO_Biological_Process_2023
GO_Biological_Process_2023,Cellular Response To Radiation (GO:0071478),3/48,0.2136612114965956,0.5625854404474941,0,0,1.9425981873111784,2.998135413840895,RAD51AP1;INTS7;BRCA1,GO_Biological_Process_2023
GO_Biological_Process_2023,Regulation Of Macroautophagy (GO:0016241),5/96,0.2151321303236452,0.5646871176959931,0,0,1.602064602064602,2.461576874976753,PRKAA2;ATP6V1H;ATP6V1E2;ATP6V0D2;ATP6V0A1,GO_Biological_Process_2023
GO_Biological_Process_2023,Protein Targeting To Membrane (GO:0006612),4/72,0.2175995315605168,0.5646871176959931,0,0,1.714603541870606,2.614940004375682,UBL4A;ZDHHC9;SSR2;PARD3,GO_Biological_Process_2023
GO_Biological_Process_2023,Intrinsic Apoptotic Signaling Pathway In Response To DNA Damage (GO:0008630),3/49,0.2224204257551598,0.5646871176959931,0,0,1.900269276238014,2.8564579411958766,PRKDC;BRCA1;TP73,GO_Biological_Process_2023
GO_Biological_Process_2023,Proton Transmembrane Transport (GO:1902600),3/49,0.2224204257551598,0.5646871176959931,0,0,1.900269276238014,2.8564579411958766,ATP6V1H;ATP1B1;ATP6V0A1,GO_Biological_Process_2023
GO_Biological_Process_2023,Protein Tetramerization (GO:0051262),4/73,0.2246762957511379,0.5646871176959931,0,0,1.6896665131881865,2.522831943651313,AQP10;APIP;SSBP1;ALDOA,GO_Biological_Process_2023
GO_Biological_Process_2023,Regulation Of Chromatin Organization (GO:1902275),2/27,0.225982947410319,0.5646871176959931,0,0,2.33001508295626,3.465421498845892,HNRNPU;HCFC1,GO_Biological_Process_2023
GO_Biological_Process_2023,DNA Synthesis Involved In DNA Repair (GO:0000731),2/27,0.225982947410319,0.5646871176959931,0,0,2.33001508295626,3.465421498845892,POLA1;RRM1,GO_Biological_Process_2023
GO_Biological_Process_2023,GPI Anchor Metabolic Process (GO:0006505),2/27,0.225982947410319,0.5646871176959931,0,0,2.33001508295626,3.465421498845892,PIGC;PIGZ,GO_Biological_Process_2023
GO_Biological_Process_2023,Regulation Of Immunoglobulin Production (GO:0002637),2/27,0.225982947410319,0.5646871176959931,0,0,2.33001508295626,3.465421498845892,GPI;CLCF1,GO_Biological_Process_2023
GO_Biological_Process_2023,Regulation Of Microtubule Polymerization Or Depolymerization (GO:0031110),2/27,0.225982947410319,0.5646871176959931,0,0,2.33001508295626,3.465421498845892,SKA3;CAMSAP1,GO_Biological_Process_2023
GO_Biological_Process_2023,Regulation Of Mitochondrial Fission (GO:0090140),2/27,0.225982947410319,0.5646871176959931,0,0,2.33001508295626,3.465421498845892,PPARG;MFF,GO_Biological_Process_2023
GO_Biological_Process_2023,Iron-Sulfur Cluster Assembly (GO:0016226),2/27,0.225982947410319,0.5646871176959931,0,0,2.33001508295626,3.465421498845892,NDOR1;LYRM4,GO_Biological_Process_2023
GO_Biological_Process_2023,mRNA Modification (GO:0016556),2/27,0.225982947410319,0.5646871176959931,0,0,2.33001508295626,3.465421498845892,PUS7;TRMT61A,GO_Biological_Process_2023
GO_Biological_Process_2023,Metallo-Sulfur Cluster Assembly (GO:0031163),2/27,0.225982947410319,0.5646871176959931,0,0,2.33001508295626,3.465421498845892,NDOR1;LYRM4,GO_Biological_Process_2023
GO_Biological_Process_2023,Negative Regulation Of Notch Signaling Pathway (GO:0045746),2/27,0.225982947410319,0.5646871176959931,0,0,2.33001508295626,3.465421498845892,DLL4;DLK2,GO_Biological_Process_2023
GO_Biological_Process_2023,Phospholipid Biosynthetic Process (GO:0008654),2/27,0.225982947410319,0.5646871176959931,0,0,2.33001508295626,3.465421498845892,PIP5K1A;FITM2,GO_Biological_Process_2023
GO_Biological_Process_2023,Positive Regulation Of Nitric Oxide Biosynthetic Process (GO:0045429),2/27,0.225982947410319,0.5646871176959931,0,0,2.33001508295626,3.465421498845892,HSP90AA1;SMAD3,GO_Biological_Process_2023
GO_Biological_Process_2023,Positive Regulation Of Ubiquitin-Protein Transferase Activity (GO:0051443),2/27,0.225982947410319,0.5646871176959931,0,0,2.33001508295626,3.465421498845892,UBE2S;TRIB3,GO_Biological_Process_2023
GO_Biological_Process_2023,Negative Regulation Of DNA-binding Transcription Factor Activity (GO:0043433),7/149,0.227968973567063,0.5646871176959931,0,0,1.437893317350914,2.1259910391359798,BRMS1;IRAK1;TAX1BP1;E2F2;NUPR1;RBCK1;MEN1,GO_Biological_Process_2023
GO_Biological_Process_2023,Negative Regulation Of Protein Phosphorylation (GO:0001933),7/149,0.227968973567063,0.5646871176959931,0,0,1.437893317350914,2.1259910391359798,PRKDC;PARD3;PRKRIP1;TESK1;TRIB3;PPARG;MEN1,GO_Biological_Process_2023
GO_Biological_Process_2023,Cell Chemotaxis (GO:0060326),3/50,0.231249362939094,0.5646871176959931,0,0,1.859741595423282,2.7231427317209618,RAB13;PDGFB;PIP5K1A,GO_Biological_Process_2023
GO_Biological_Process_2023,Positive Regulation Of Fat Cell Differentiation (GO:0045600),3/50,0.231249362939094,0.5646871176959931,0,0,1.859741595423282,2.7231427317209618,SOX13;HNRNPU;PPARG,GO_Biological_Process_2023
GO_Biological_Process_2023,Positive Regulation Of Transport (GO:0051050),3/50,0.231249362939094,0.5646871176959931,0,0,1.859741595423282,2.7231427317209618,GSK3A;SPAG5;GPC3,GO_Biological_Process_2023
GO_Biological_Process_2023,Regulation Of mRNA Stability (GO:0043488),4/74,0.2318115456933078,0.5646871176959931,0,0,1.6654419710395505,2.434593936627523,NPM1;YTHDF1;HNRNPU;PAIP1,GO_Biological_Process_2023
GO_Biological_Process_2023,Positive Regulation Of Lymphocyte Proliferation (GO:0050671),4/74,0.2318115456933078,0.5646871176959931,0,0,1.6654419710395505,2.434593936627523,CLCF1;LEP;ZP3;ZNF335,GO_Biological_Process_2023
GO_Biological_Process_2023,Neuron Development (GO:0048666),7/150,0.2328766887101866,0.5646871176959931,0,0,1.427763725636066,2.08060326155812,SNAPIN;UNK;PRMT1;GPRIN1;BLOC1S3;RAB13;CAMSAP1,GO_Biological_Process_2023
GO_Biological_Process_2023,DNA Cytosine Deamination (GO:0070383),1/8,0.2370557901163459,0.5646871176959931,0,0,4.158347676419965,5.985774165822479,APOBEC3B,GO_Biological_Process_2023
GO_Biological_Process_2023,"DNA Damage Response, Signal Transduction By P53 Class Mediator Resulting In Transcription Of P21 Class Mediator (GO:0006978)",1/8,0.2370557901163459,0.5646871176959931,0,0,4.158347676419965,5.985774165822479,TFAP4,GO_Biological_Process_2023
GO_Biological_Process_2023,DNA Topological Change (GO:0006265),1/8,0.2370557901163459,0.5646871176959931,0,0,4.158347676419965,5.985774165822479,TOP2A,GO_Biological_Process_2023
GO_Biological_Process_2023,Regulation Of Fertilization (GO:0080154),1/8,0.2370557901163459,0.5646871176959931,0,0,4.158347676419965,5.985774165822479,PLCB1,GO_Biological_Process_2023
GO_Biological_Process_2023,Regulation Of Generation Of Precursor Metabolites And Energy (GO:0043467),1/8,0.2370557901163459,0.5646871176959931,0,0,4.158347676419965,5.985774165822479,PNPT1,GO_Biological_Process_2023
GO_Biological_Process_2023,Regulation Of Helicase Activity (GO:0051095),1/8,0.2370557901163459,0.5646871176959931,0,0,4.158347676419965,5.985774165822479,SSBP1,GO_Biological_Process_2023
GO_Biological_Process_2023,Schwann Cell Development (GO:0014044),1/8,0.2370557901163459,0.5646871176959931,0,0,4.158347676419965,5.985774165822479,PARD3,GO_Biological_Process_2023
GO_Biological_Process_2023,Acid Secretion (GO:0046717),1/8,0.2370557901163459,0.5646871176959931,0,0,4.158347676419965,5.985774165822479,SLC26A6,GO_Biological_Process_2023
GO_Biological_Process_2023,Regulation Of Intrinsic Apoptotic Signaling Pathway By P53 Class Mediator (GO:1902253),1/8,0.2370557901163459,0.5646871176959931,0,0,4.158347676419965,5.985774165822479,MSX1,GO_Biological_Process_2023
GO_Biological_Process_2023,Actin Filament Network Formation (GO:0051639),1/8,0.2370557901163459,0.5646871176959931,0,0,4.158347676419965,5.985774165822479,SPIRE2,GO_Biological_Process_2023
GO_Biological_Process_2023,Regulation Of miRNA Metabolic Process (GO:2000628),1/8,0.2370557901163459,0.5646871176959931,0,0,4.158347676419965,5.985774165822479,SMAD3,GO_Biological_Process_2023
GO_Biological_Process_2023,Amyloid-Beta Formation (GO:0034205),1/8,0.2370557901163459,0.5646871176959931,0,0,4.158347676419965,5.985774165822479,APH1A,GO_Biological_Process_2023
GO_Biological_Process_2023,Anoikis (GO:0043276),1/8,0.2370557901163459,0.5646871176959931,0,0,4.158347676419965,5.985774165822479,DAPK2,GO_Biological_Process_2023
GO_Biological_Process_2023,Regulation Of Morphogenesis Of An Epithelium (GO:1905330),1/8,0.2370557901163459,0.5646871176959931,0,0,4.158347676419965,5.985774165822479,SIX2,GO_Biological_Process_2023
GO_Biological_Process_2023,Regulation Of Nuclear Cell Cycle DNA Replication (GO:0033262),1/8,0.2370557901163459,0.5646871176959931,0,0,4.158347676419965,5.985774165822479,DBF4B,GO_Biological_Process_2023
GO_Biological_Process_2023,Box C/D snoRNP Assembly (GO:0000492),1/8,0.2370557901163459,0.5646871176959931,0,0,4.158347676419965,5.985774165822479,PIH1D1,GO_Biological_Process_2023
GO_Biological_Process_2023,Cellular Response To Hydroxyurea (GO:0072711),1/8,0.2370557901163459,0.5646871176959931,0,0,4.158347676419965,5.985774165822479,DDX11,GO_Biological_Process_2023
GO_Biological_Process_2023,Cellular Response To Platelet-Derived Growth Factor Stimulus (GO:0036120),1/8,0.2370557901163459,0.5646871176959931,0,0,4.158347676419965,5.985774165822479,PDGFB,GO_Biological_Process_2023
GO_Biological_Process_2023,Regulation Of Type B Pancreatic Cell Development (GO:2000074),1/8,0.2370557901163459,0.5646871176959931,0,0,4.158347676419965,5.985774165822479,GSK3A,GO_Biological_Process_2023
GO_Biological_Process_2023,Cellular Response To Sterol Depletion (GO:0071501),1/8,0.2370557901163459,0.5646871176959931,0,0,4.158347676419965,5.985774165822479,SREBF2,GO_Biological_Process_2023
GO_Biological_Process_2023,Response To Leptin (GO:0044321),1/8,0.2370557901163459,0.5646871176959931,0,0,4.158347676419965,5.985774165822479,LEP,GO_Biological_Process_2023
GO_Biological_Process_2023,Response To Vitamin (GO:0033273),1/8,0.2370557901163459,0.5646871176959931,0,0,4.158347676419965,5.985774165822479,SPP1,GO_Biological_Process_2023
GO_Biological_Process_2023,Response To Vitamin D (GO:0033280),1/8,0.2370557901163459,0.5646871176959931,0,0,4.158347676419965,5.985774165822479,SPP1,GO_Biological_Process_2023
GO_Biological_Process_2023,"Retrograde Transport, Vesicle Recycling Within Golgi (GO:0000301)",1/8,0.2370557901163459,0.5646871176959931,0,0,4.158347676419965,5.985774165822479,COG2,GO_Biological_Process_2023
GO_Biological_Process_2023,Ribonucleoside Bisphosphate Catabolic Process (GO:0034031),1/8,0.2370557901163459,0.5646871176959931,0,0,4.158347676419965,5.985774165822479,FITM2,GO_Biological_Process_2023
GO_Biological_Process_2023,Embryonic Digestive Tract Morphogenesis (GO:0048557),1/8,0.2370557901163459,0.5646871176959931,0,0,4.158347676419965,5.985774165822479,SIX2,GO_Biological_Process_2023
GO_Biological_Process_2023,Embryonic Forelimb Morphogenesis (GO:0035115),1/8,0.2370557901163459,0.5646871176959931,0,0,4.158347676419965,5.985774165822479,OSR2,GO_Biological_Process_2023
GO_Biological_Process_2023,Embryonic Placenta Development (GO:0001892),1/8,0.2370557901163459,0.5646871176959931,0,0,4.158347676419965,5.985774165822479,PDGFB,GO_Biological_Process_2023
GO_Biological_Process_2023,Serotonin Uptake (GO:0051610),1/8,0.2370557901163459,0.5646871176959931,0,0,4.158347676419965,5.985774165822479,SLC29A4,GO_Biological_Process_2023
GO_Biological_Process_2023,Endosome To Melanosome Transport (GO:0035646),1/8,0.2370557901163459,0.5646871176959931,0,0,4.158347676419965,5.985774165822479,BLOC1S3,GO_Biological_Process_2023
GO_Biological_Process_2023,Endosome To Pigment Granule Transport (GO:0043485),1/8,0.2370557901163459,0.5646871176959931,0,0,4.158347676419965,5.985774165822479,BLOC1S3,GO_Biological_Process_2023
GO_Biological_Process_2023,Endothelial Cell Chemotaxis (GO:0035767),1/8,0.2370557901163459,0.5646871176959931,0,0,4.158347676419965,5.985774165822479,RAB13,GO_Biological_Process_2023
GO_Biological_Process_2023,Somatic Recombination Of Immunoglobulin Gene Segments (GO:0016447),1/8,0.2370557901163459,0.5646871176959931,0,0,4.158347676419965,5.985774165822479,PRKDC,GO_Biological_Process_2023
GO_Biological_Process_2023,Formation Of Translation Preinitiation Complex (GO:0001731),1/8,0.2370557901163459,0.5646871176959931,0,0,4.158347676419965,5.985774165822479,EIF2S2,GO_Biological_Process_2023
GO_Biological_Process_2023,Tetrahydrofolate Interconversion (GO:0035999),1/8,0.2370557901163459,0.5646871176959931,0,0,4.158347676419965,5.985774165822479,MTHFD1L,GO_Biological_Process_2023
GO_Biological_Process_2023,Transcription-Coupled Nucleotide-Excision Repair (GO:0006283),1/8,0.2370557901163459,0.5646871176959931,0,0,4.158347676419965,5.985774165822479,ERCC3,GO_Biological_Process_2023
GO_Biological_Process_2023,Glycerol Transmembrane Transport (GO:0015793),1/8,0.2370557901163459,0.5646871176959931,0,0,4.158347676419965,5.985774165822479,AQP10,GO_Biological_Process_2023
GO_Biological_Process_2023,Tyrosine Phosphorylation Of STAT Protein (GO:0007260),1/8,0.2370557901163459,0.5646871176959931,0,0,4.158347676419965,5.985774165822479,LEP,GO_Biological_Process_2023
GO_Biological_Process_2023,Interleukin-12-Mediated Signaling Pathway (GO:0035722),1/8,0.2370557901163459,0.5646871176959931,0,0,4.158347676419965,5.985774165822479,PLCB1,GO_Biological_Process_2023
GO_Biological_Process_2023,Internal Protein Amino Acid Acetylation (GO:0006475),1/8,0.2370557901163459,0.5646871176959931,0,0,4.158347676419965,5.985774165822479,KAT7,GO_Biological_Process_2023
GO_Biological_Process_2023,Isoprenoid Metabolic Process (GO:0006720),1/8,0.2370557901163459,0.5646871176959931,0,0,4.158347676419965,5.985774165822479,MVD,GO_Biological_Process_2023
GO_Biological_Process_2023,Leptin-Mediated Signaling Pathway (GO:0033210),1/8,0.2370557901163459,0.5646871176959931,0,0,4.158347676419965,5.985774165822479,LEP,GO_Biological_Process_2023
GO_Biological_Process_2023,mRNA Pseudouridine Synthesis (GO:1990481),1/8,0.2370557901163459,0.5646871176959931,0,0,4.158347676419965,5.985774165822479,PUS7,GO_Biological_Process_2023
GO_Biological_Process_2023,Mitochondrial Fragmentation Involved In Apoptotic Process (GO:0043653),1/8,0.2370557901163459,0.5646871176959931,0,0,4.158347676419965,5.985774165822479,MFF,GO_Biological_Process_2023
GO_Biological_Process_2023,Multi-Pass Transmembrane Protein Insertion Into ER Membrane (GO:0160063),1/8,0.2370557901163459,0.5646871176959931,0,0,4.158347676419965,5.985774165822479,TMEM147,GO_Biological_Process_2023
GO_Biological_Process_2023,ncRNA Export From Nucleus (GO:0097064),1/8,0.2370557901163459,0.5646871176959931,0,0,4.158347676419965,5.985774165822479,NPM1,GO_Biological_Process_2023
GO_Biological_Process_2023,Negative Regulation Of Cholesterol Storage (GO:0010887),1/8,0.2370557901163459,0.5646871176959931,0,0,4.158347676419965,5.985774165822479,PPARG,GO_Biological_Process_2023
GO_Biological_Process_2023,Negative Regulation Of Cytoplasmic Translation (GO:2000766),1/8,0.2370557901163459,0.5646871176959931,0,0,4.158347676419965,5.985774165822479,UNK,GO_Biological_Process_2023
GO_Biological_Process_2023,Negative Regulation Of Mitotic Nuclear Division (GO:0045839),1/8,0.2370557901163459,0.5646871176959931,0,0,4.158347676419965,5.985774165822479,NME6,GO_Biological_Process_2023
GO_Biological_Process_2023,Negative Regulation Of Oxidative Stress-Induced Neuron Death (GO:1903204),1/8,0.2370557901163459,0.5646871176959931,0,0,4.158347676419965,5.985774165822479,NONO,GO_Biological_Process_2023
GO_Biological_Process_2023,Negative Regulation Of Protein-Containing Complex Disassembly (GO:0043242),1/8,0.2370557901163459,0.5646871176959931,0,0,4.158347676419965,5.985774165822479,UBQLN4,GO_Biological_Process_2023
GO_Biological_Process_2023,Negative Regulation Of Smooth Muscle Cell Differentiation (GO:0051151),1/8,0.2370557901163459,0.5646871176959931,0,0,4.158347676419965,5.985774165822479,PDGFB,GO_Biological_Process_2023
GO_Biological_Process_2023,Negative Regulation Of Transporter Activity (GO:0032410),1/8,0.2370557901163459,0.5646871176959931,0,0,4.158347676419965,5.985774165822479,STK39,GO_Biological_Process_2023
GO_Biological_Process_2023,Neuronal Action Potential (GO:0019228),1/8,0.2370557901163459,0.5646871176959931,0,0,4.158347676419965,5.985774165822479,KCNMB3,GO_Biological_Process_2023
GO_Biological_Process_2023,Neuronal Ion Channel Clustering (GO:0045161),1/8,0.2370557901163459,0.5646871176959931,0,0,4.158347676419965,5.985774165822479,MTCH1,GO_Biological_Process_2023
GO_Biological_Process_2023,Neurotransmitter Reuptake (GO:0098810),1/8,0.2370557901163459,0.5646871176959931,0,0,4.158347676419965,5.985774165822479,SLC29A4,GO_Biological_Process_2023
GO_Biological_Process_2023,Peripheral Nervous System Axon Ensheathment (GO:0032292),1/8,0.2370557901163459,0.5646871176959931,0,0,4.158347676419965,5.985774165822479,PARD3,GO_Biological_Process_2023
GO_Biological_Process_2023,Peroxisome Fission (GO:0016559),1/8,0.2370557901163459,0.5646871176959931,0,0,4.158347676419965,5.985774165822479,MFF,GO_Biological_Process_2023
GO_Biological_Process_2023,Phosphatidylglycerol Acyl-Chain Remodeling (GO:0036148),1/8,0.2370557901163459,0.5646871176959931,0,0,4.158347676419965,5.985774165822479,LPGAT1,GO_Biological_Process_2023
GO_Biological_Process_2023,Positive Regulation Of Actin Cytoskeleton Reorganization (GO:2000251),1/8,0.2370557901163459,0.5646871176959931,0,0,4.158347676419965,5.985774165822479,BAIAP2L1,GO_Biological_Process_2023
GO_Biological_Process_2023,Positive Regulation Of Blood Pressure (GO:0045777),1/8,0.2370557901163459,0.5646871176959931,0,0,4.158347676419965,5.985774165822479,TAC3,GO_Biological_Process_2023
GO_Biological_Process_2023,Positive Regulation Of Centriole Replication (GO:0046601),1/8,0.2370557901163459,0.5646871176959931,0,0,4.158347676419965,5.985774165822479,NUP62,GO_Biological_Process_2023
GO_Biological_Process_2023,Positive Regulation Of Chromatin Binding (GO:0035563),1/8,0.2370557901163459,0.5646871176959931,0,0,4.158347676419965,5.985774165822479,DDX11,GO_Biological_Process_2023
GO_Biological_Process_2023,Positive Regulation Of Extracellular Matrix Assembly (GO:1901203),1/8,0.2370557901163459,0.5646871176959931,0,0,4.158347676419965,5.985774165822479,SMAD3,GO_Biological_Process_2023
GO_Biological_Process_2023,Positive Regulation Of Ligase Activity (GO:0051351),1/8,0.2370557901163459,0.5646871176959931,0,0,4.158347676419965,5.985774165822479,MID1IP1,GO_Biological_Process_2023
GO_Biological_Process_2023,Positive Regulation Of Mitochondrial Membrane Permeability Involved In Apoptotic Process (GO:1902110),1/8,0.2370557901163459,0.5646871176959931,0,0,4.158347676419965,5.985774165822479,VDAC2,GO_Biological_Process_2023
GO_Biological_Process_2023,Positive Regulation Of Protein Kinase C Signaling (GO:0090037),1/8,0.2370557901163459,0.5646871176959931,0,0,4.158347676419965,5.985774165822479,ADRA1D,GO_Biological_Process_2023
GO_Biological_Process_2023,Positive Regulation Of Sequestering Of Triglyceride (GO:0010890),1/8,0.2370557901163459,0.5646871176959931,0,0,4.158347676419965,5.985774165822479,FITM2,GO_Biological_Process_2023
GO_Biological_Process_2023,Positive Regulation Of Ubiquitin Protein Ligase Activity (GO:1904668),1/8,0.2370557901163459,0.5646871176959931,0,0,4.158347676419965,5.985774165822479,UBE2S,GO_Biological_Process_2023
GO_Biological_Process_2023,Protein Localization To Perinuclear Region Of Cytoplasm (GO:1905719),1/8,0.2370557901163459,0.5646871176959931,0,0,4.158347676419965,5.985774165822479,RNF26,GO_Biological_Process_2023
GO_Biological_Process_2023,Purine Nucleoside Bisphosphate Catabolic Process (GO:0034034),1/8,0.2370557901163459,0.5646871176959931,0,0,4.158347676419965,5.985774165822479,FITM2,GO_Biological_Process_2023
GO_Biological_Process_2023,Regulation Of RNA Biosynthetic Process (GO:2001141),1/8,0.2370557901163459,0.5646871176959931,0,0,4.158347676419965,5.985774165822479,RALY,GO_Biological_Process_2023
GO_Biological_Process_2023,Regulation Of Aspartic-Type Endopeptidase Activity Involved In Amyloid Precursor Protein Catabolic Process (GO:1902959),1/8,0.2370557901163459,0.5646871176959931,0,0,4.158347676419965,5.985774165822479,EFNA3,GO_Biological_Process_2023
GO_Biological_Process_2023,Regulation Of Chemotaxis (GO:0050920),2/28,0.2383814811232434,0.5646871176959931,0,0,2.2402830954867152,3.2123039055324973,YTHDF1;PDGFB,GO_Biological_Process_2023
GO_Biological_Process_2023,Regulation Of Glucose Metabolic Process (GO:0010906),2/28,0.2383814811232434,0.5646871176959931,0,0,2.2402830954867152,3.2123039055324973,ZNF692;FOXK2,GO_Biological_Process_2023
GO_Biological_Process_2023,Regulation Of Monoatomic Ion Transport (GO:0043269),2/28,0.2383814811232434,0.5646871176959931,0,0,2.2402830954867152,3.2123039055324973,NEDD4L;STC1,GO_Biological_Process_2023
GO_Biological_Process_2023,Cell-Substrate Junction Assembly (GO:0007044),2/28,0.2383814811232434,0.5646871176959931,0,0,2.2402830954867152,3.2123039055324973,PIP5K1A;DYNLL1,GO_Biological_Process_2023
GO_Biological_Process_2023,Cellular Response To Osmotic Stress (GO:0071470),2/28,0.2383814811232434,0.5646871176959931,0,0,2.2402830954867152,3.2123039055324973,RPTOR;STK39,GO_Biological_Process_2023
GO_Biological_Process_2023,Transcription Elongation By RNA Polymerase II (GO:0006368),2/28,0.2383814811232434,0.5646871176959931,0,0,2.2402830954867152,3.2123039055324973,ERCC3;LEO1,GO_Biological_Process_2023
GO_Biological_Process_2023,Glycosaminoglycan Metabolic Process (GO:0030203),2/28,0.2383814811232434,0.5646871176959931,0,0,2.2402830954867152,3.2123039055324973,HEXB;XYLT2,GO_Biological_Process_2023
GO_Biological_Process_2023,Negative Regulation Of G2/M Transition Of Mitotic Cell Cycle (GO:0010972),2/28,0.2383814811232434,0.5646871176959931,0,0,2.2402830954867152,3.2123039055324973,BRCA1;AURKB,GO_Biological_Process_2023
GO_Biological_Process_2023,Negative Regulation Of Actin Filament Bundle Assembly (GO:0032232),2/28,0.2383814811232434,0.5646871176959931,0,0,2.2402830954867152,3.2123039055324973,RHPN2;DYNLL1,GO_Biological_Process_2023
GO_Biological_Process_2023,Negative Regulation Of Cation Channel Activity (GO:2001258),2/28,0.2383814811232434,0.5646871176959931,0,0,2.2402830954867152,3.2123039055324973,GNB5;MMP9,GO_Biological_Process_2023
GO_Biological_Process_2023,"Nuclear-Transcribed mRNA Catabolic Process, Nonsense-Mediated Decay (GO:0000184)",2/28,0.2383814811232434,0.5646871176959931,0,0,2.2402830954867152,3.2123039055324973,SMG7;SMG8,GO_Biological_Process_2023
GO_Biological_Process_2023,Positive Regulation Of Nitric Oxide Metabolic Process (GO:1904407),2/28,0.2383814811232434,0.5646871176959931,0,0,2.2402830954867152,3.2123039055324973,HSP90AA1;SMAD3,GO_Biological_Process_2023
GO_Biological_Process_2023,Primary Neural Tube Formation (GO:0014020),2/28,0.2383814811232434,0.5646871176959931,0,0,2.2402830954867152,3.2123039055324973,MTHFD1L;DYNLL1,GO_Biological_Process_2023
GO_Biological_Process_2023,Pyroptosis (GO:0070269),2/28,0.2383814811232434,0.5646871176959931,0,0,2.2402830954867152,3.2123039055324973,GSDMC;APIP,GO_Biological_Process_2023
GO_Biological_Process_2023,"Regulation Of DNA Damage Response, Signal Transduction By P53 Class Mediator (GO:0043516)",2/28,0.2383814811232434,0.5646871176959931,0,0,2.2402830954867152,3.2123039055324973,MSX1;EEF1E1,GO_Biological_Process_2023
GO_Biological_Process_2023,Regulation Of Fat Cell Differentiation (GO:0045598),4/75,0.2390015882137098,0.5651610491064087,0,0,1.64189981035989,2.3500267044227865,SMAD3;LEP;PPARG;TRIB3,GO_Biological_Process_2023
GO_Biological_Process_2023,Regulation Of DNA Replication (GO:0006275),4/75,0.2390015882137098,0.5651610491064087,0,0,1.64189981035989,2.3500267044227865,CHRAC1;ATAD5;BRPF3;KAT7,GO_Biological_Process_2023
GO_Biological_Process_2023,Protein Complex Oligomerization (GO:0051259),5/100,0.2395190054235329,0.5658663911256366,0,0,1.5342902711323765,2.192688764412238,PNPT1;PRMT1;FOXM1;TMEM70;JMJD6,GO_Biological_Process_2023
GO_Biological_Process_2023,Regulation Of Smoothened Signaling Pathway (GO:0008589),3/51,0.2401409954163794,0.5658663911256366,0,0,1.8209025679758308,2.5975704054076307,IFT81;GPC3;TULP3,GO_Biological_Process_2023
GO_Biological_Process_2023,"Negative Regulation Of Gene Expression, Epigenetic (GO:0045814)",3/51,0.2401409954163794,0.5658663911256366,0,0,1.8209025679758308,2.5975704054076307,SMYD5;CBX3;LMNB2,GO_Biological_Process_2023
GO_Biological_Process_2023,Positive Regulation Of DNA Recombination (GO:0045911),3/51,0.2401409954163794,0.5658663911256366,0,0,1.8209025679758308,2.5975704054076307,RAD51AP1;PARP1;ERCC2,GO_Biological_Process_2023
GO_Biological_Process_2023,Positive Regulation Of Phosphorylation (GO:0042327),10/231,0.2410221361870398,0.5671995335439091,0,0,1.3204379814168767,1.8788069668555536,RAP2A;HSP90AA1;LEP;TESK1;DVL3;BIRC5;CSNK1D;BTBD10;MMP9;AURKB,GO_Biological_Process_2023
GO_Biological_Process_2023,Regulation Of I-kappaB kinase/NF-kappaB Signaling (GO:0043122),10/232,0.2450340888701911,0.5671995335439091,0,0,1.3144212915205282,1.8485468196648107,SLC35B2;TMEM101;TFG;PARP1;IRAK1;NUP62;TRAF2;TRIM59;RBCK1;TRIM32,GO_Biological_Process_2023
GO_Biological_Process_2023,Adenylate Cyclase-Inhibiting G Protein-Coupled Receptor Signaling Pathway (GO:0007193),3/52,0.2490884429106555,0.5671995335439091,0,0,1.783648806954806,2.479177759848653,CHRM3;HTR1D;ADCY6,GO_Biological_Process_2023
GO_Biological_Process_2023,Cardiac Muscle Tissue Development (GO:0048738),3/52,0.2490884429106555,0.5671995335439091,0,0,1.783648806954806,2.479177759848653,PRMT1;MSX1;ADAMTS9,GO_Biological_Process_2023
GO_Biological_Process_2023,Regulation Of Proteolysis (GO:0030162),3/52,0.2490884429106555,0.5671995335439091,0,0,1.783648806954806,2.479177759848653,CSTB;TRIM32;PARL,GO_Biological_Process_2023
GO_Biological_Process_2023,Cellular Response To Ionizing Radiation (GO:0071479),3/52,0.2490884429106555,0.5671995335439091,0,0,1.783648806954806,2.479177759848653,RAD51AP1;INTS7;BRCA1,GO_Biological_Process_2023
GO_Biological_Process_2023,Positive Regulation Of Telomere Maintenance (GO:0032206),3/52,0.2490884429106555,0.5671995335439091,0,0,1.783648806954806,2.479177759848653,SLX4;NEK2;AURKB,GO_Biological_Process_2023
GO_Biological_Process_2023,Regulation Of Developmental Growth (GO:0048638),2/29,0.2508123885248525,0.5671995335439091,0,0,2.1571979219038044,2.983512748565958,LEP;PLCB1,GO_Biological_Process_2023
GO_Biological_Process_2023,Carbohydrate Derivative Biosynthetic Process (GO:1901137),2/29,0.2508123885248525,0.5671995335439091,0,0,2.1571979219038044,2.983512748565958,ALG8;RRM1,GO_Biological_Process_2023
GO_Biological_Process_2023,Establishment Of Mitotic Spindle Orientation (GO:0000132),2/29,0.2508123885248525,0.5671995335439091,0,0,2.1571979219038044,2.983512748565958,GPSM2;CENPA,GO_Biological_Process_2023
GO_Biological_Process_2023,Tube Closure (GO:0060606),2/29,0.2508123885248525,0.5671995335439091,0,0,2.1571979219038044,2.983512748565958,MTHFD1L;DYNLL1,GO_Biological_Process_2023
GO_Biological_Process_2023,Glycolytic Process (GO:0006096),2/29,0.2508123885248525,0.5671995335439091,0,0,2.1571979219038044,2.983512748565958,GPI;PGK1,GO_Biological_Process_2023
GO_Biological_Process_2023,Modified Amino Acid Transport (GO:0072337),2/29,0.2508123885248525,0.5671995335439091,0,0,2.1571979219038044,2.983512748565958,SLC6A8;SLC1A4,GO_Biological_Process_2023
GO_Biological_Process_2023,Positive Regulation Of Calcium Ion Transport (GO:0051928),2/29,0.2508123885248525,0.5671995335439091,0,0,2.1571979219038044,2.983512748565958,PDGFB;STC1,GO_Biological_Process_2023
GO_Biological_Process_2023,Positive Regulation Of Dephosphorylation (GO:0035306),2/29,0.2508123885248525,0.5671995335439091,0,0,2.1571979219038044,2.983512748565958,PTBP1;DYNLL1,GO_Biological_Process_2023
GO_Biological_Process_2023,Positive Regulation Of Endopeptidase Activity (GO:0010950),2/29,0.2508123885248525,0.5671995335439091,0,0,2.1571979219038044,2.983512748565958,APH1A;EFNA3,GO_Biological_Process_2023
GO_Biological_Process_2023,Positive Regulation Of Neural Precursor Cell Proliferation (GO:2000179),2/29,0.2508123885248525,0.5671995335439091,0,0,2.1571979219038044,2.983512748565958,DLL4;ZNF335,GO_Biological_Process_2023
GO_Biological_Process_2023,Protein Insertion Into ER Membrane (GO:0045048),2/29,0.2508123885248525,0.5671995335439091,0,0,2.1571979219038044,2.983512748565958,UBL4A;TMEM147,GO_Biological_Process_2023
GO_Biological_Process_2023,Negative Regulation Of Cell Differentiation (GO:0045596),9/207,0.2525247039751238,0.5671995335439091,0,0,1.326011640798226,1.824918478525439,PTBP1;SMARCC1;SMAD3;LEO1;HNRNPU;TRIB3;PPARG;BRD9;MEN1,GO_Biological_Process_2023
GO_Biological_Process_2023,Translation (GO:0006412),10/234,0.2531282800451924,0.5671995335439091,0,0,1.3025490730643403,1.7895186145755446,MRPL42;EIF5A2;MRPL49;MRPS18A;MRPS10;IARS2;GTPBP2;MRPL13;MRPL24;MRPL10,GO_Biological_Process_2023
GO_Biological_Process_2023,Embryonic Organ Development (GO:0048568),4/77,0.2535313922075194,0.5671995335439091,0,0,1.5967504611112262,2.191168968542959,ERCC3;PDGFB;HOXD4;TEAD3,GO_Biological_Process_2023
GO_Biological_Process_2023,Negative Regulation Of Transforming Growth Factor Beta Receptor Signaling Pathway (GO:0030512),4/77,0.2535313922075194,0.5671995335439091,0,0,1.5967504611112262,2.191168968542959,BRMS1;SMURF1;PPARG;DAND5,GO_Biological_Process_2023
GO_Biological_Process_2023,Positive Regulation Of Endothelial Cell Proliferation (GO:0001938),4/77,0.2535313922075194,0.5671995335439091,0,0,1.5967504611112262,2.191168968542959,PDCL3;PDGFB;MEN1;APLN,GO_Biological_Process_2023
GO_Biological_Process_2023,Regulation Of Cyclin-Dependent Protein Kinase Activity (GO:1904029),3/53,0.2580849786629337,0.5671995335439091,0,0,1.7478851963746225,2.3674517234549413,CCNB1;CDK7;PKMYT1,GO_Biological_Process_2023
GO_Biological_Process_2023,Actin Polymerization Or Depolymerization (GO:0008154),3/53,0.2580849786629337,0.5671995335439091,0,0,1.7478851963746225,2.3674517234549413,ENAH;DIAPH3;SPIRE2,GO_Biological_Process_2023
GO_Biological_Process_2023,Endosome Organization (GO:0007032),3/53,0.2580849786629337,0.5671995335439091,0,0,1.7478851963746225,2.3674517234549413,RNF26;ATP6V1H;ATP6V0A1,GO_Biological_Process_2023
GO_Biological_Process_2023,Tight Junction Assembly (GO:0120192),3/53,0.2580849786629337,0.5671995335439091,0,0,1.7478851963746225,2.3674517234549413,CHAF1B;PARD3;RAB13,GO_Biological_Process_2023
GO_Biological_Process_2023,"Regulation Of Alternative mRNA Splicing, Via Spliceosome (GO:0000381)",3/53,0.2580849786629337,0.5671995335439091,0,0,1.7478851963746225,2.3674517234549413,PTBP1;CELF3;HNRNPU,GO_Biological_Process_2023
GO_Biological_Process_2023,Cellular Response To Nutrient Levels (GO:0031669),4/78,0.2608638937583215,0.5671995335439091,0,0,1.5750909759986915,2.1165387174490293,RPTOR;PRKAA2;PRKAG1;SREBF2,GO_Biological_Process_2023
GO_Biological_Process_2023,Regulation Of Cellular Response To Oxidative Stress (GO:1900407),1/9,0.262433800178158,0.5671995335439091,0,0,3.6383659638554215,4.867247421192894,AIFM2,GO_Biological_Process_2023
GO_Biological_Process_2023,"DNA Damage Response, Signal Transduction Resulting In Transcription (GO:0042772)",1/9,0.262433800178158,0.5671995335439091,0,0,3.6383659638554215,4.867247421192894,TFAP4,GO_Biological_Process_2023
GO_Biological_Process_2023,G Protein-Coupled Serotonin Receptor Signaling Pathway (GO:0098664),1/9,0.262433800178158,0.5671995335439091,0,0,3.6383659638554215,4.867247421192894,HTR1D,GO_Biological_Process_2023
GO_Biological_Process_2023,Golgi Inheritance (GO:0048313),1/9,0.262433800178158,0.5671995335439091,0,0,3.6383659638554215,4.867247421192894,YWHAZ,GO_Biological_Process_2023
GO_Biological_Process_2023,Golgi Lumen Acidification (GO:0061795),1/9,0.262433800178158,0.5671995335439091,0,0,3.6383659638554215,4.867247421192894,ATP6V1H,GO_Biological_Process_2023
GO_Biological_Process_2023,Regulation Of Histone Methylation (GO:0031060),1/9,0.262433800178158,0.5671995335439091,0,0,3.6383659638554215,4.867247421192894,SUV39H1,GO_Biological_Process_2023
GO_Biological_Process_2023,Regulation Of Inflammatory Response To Wounding (GO:0106014),1/9,0.262433800178158,0.5671995335439091,0,0,3.6383659638554215,4.867247421192894,GIT1,GO_Biological_Process_2023
GO_Biological_Process_2023,[2Fe-2S] Cluster Assembly (GO:0044571),1/9,0.262433800178158,0.5671995335439091,0,0,3.6383659638554215,4.867247421192894,LYRM4,GO_Biological_Process_2023
GO_Biological_Process_2023,Regulation Of Leukocyte Mediated Cytotoxicity (GO:0001910),1/9,0.262433800178158,0.5671995335439091,0,0,3.6383659638554215,4.867247421192894,LEP,GO_Biological_Process_2023
GO_Biological_Process_2023,Alpha-Linolenic Acid Metabolic Process (GO:0036109),1/9,0.262433800178158,0.5671995335439091,0,0,3.6383659638554215,4.867247421192894,ELOVL5,GO_Biological_Process_2023
GO_Biological_Process_2023,Amino Sugar Biosynthetic Process (GO:0046349),1/9,0.262433800178158,0.5671995335439091,0,0,3.6383659638554215,4.867247421192894,NANP,GO_Biological_Process_2023
GO_Biological_Process_2023,Apical Protein Localization (GO:0045176),1/9,0.262433800178158,0.5671995335439091,0,0,3.6383659638554215,4.867247421192894,ATP8B1,GO_Biological_Process_2023
GO_Biological_Process_2023,Regulation Of Natural Killer Cell Proliferation (GO:0032817),1/9,0.262433800178158,0.5671995335439091,0,0,3.6383659638554215,4.867247421192894,LEP,GO_Biological_Process_2023
GO_Biological_Process_2023,cAMP Biosynthetic Process (GO:0006171),1/9,0.262433800178158,0.5671995335439091,0,0,3.6383659638554215,4.867247421192894,ADCY6,GO_Biological_Process_2023
GO_Biological_Process_2023,Cell Differentiation In Spinal Cord (GO:0021515),1/9,0.262433800178158,0.5671995335439091,0,0,3.6383659638554215,4.867247421192894,SOX13,GO_Biological_Process_2023
GO_Biological_Process_2023,Cell Differentiation Involved In Metanephros Development (GO:0072202),1/9,0.262433800178158,0.5671995335439091,0,0,3.6383659638554215,4.867247421192894,SIX2,GO_Biological_Process_2023
GO_Biological_Process_2023,Regulation Of Receptor Binding (GO:1900120),1/9,0.262433800178158,0.5671995335439091,0,0,3.6383659638554215,4.867247421192894,MMP9,GO_Biological_Process_2023
GO_Biological_Process_2023,Regulation Of Tau-Protein Kinase Activity (GO:1902947),1/9,0.262433800178158,0.5671995335439091,0,0,3.6383659638554215,4.867247421192894,HSP90AA1,GO_Biological_Process_2023
GO_Biological_Process_2023,Regulation Of Transmembrane Transporter Activity (GO:0022898),1/9,0.262433800178158,0.5671995335439091,0,0,3.6383659638554215,4.867247421192894,CHRM3,GO_Biological_Process_2023
GO_Biological_Process_2023,Chondroitin Sulfate Proteoglycan Metabolic Process (GO:0050654),1/9,0.262433800178158,0.5671995335439091,0,0,3.6383659638554215,4.867247421192894,XYLT2,GO_Biological_Process_2023
GO_Biological_Process_2023,Response To Laminar Fluid Shear Stress (GO:0034616),1/9,0.262433800178158,0.5671995335439091,0,0,3.6383659638554215,4.867247421192894,SREBF2,GO_Biological_Process_2023
GO_Biological_Process_2023,Response To Platelet-Derived Growth Factor (GO:0036119),1/9,0.262433800178158,0.5671995335439091,0,0,3.6383659638554215,4.867247421192894,PDGFB,GO_Biological_Process_2023
GO_Biological_Process_2023,Dicarboxylic Acid Biosynthetic Process (GO:0043650),1/9,0.262433800178158,0.5671995335439091,0,0,3.6383659638554215,4.867247421192894,MTHFD1L,GO_Biological_Process_2023
GO_Biological_Process_2023,Dopamine Transport (GO:0015872),1/9,0.262433800178158,0.5671995335439091,0,0,3.6383659638554215,4.867247421192894,SLC29A4,GO_Biological_Process_2023
GO_Biological_Process_2023,Dosage Compensation (GO:0007549),1/9,0.262433800178158,0.5671995335439091,0,0,3.6383659638554215,4.867247421192894,HNRNPU,GO_Biological_Process_2023
GO_Biological_Process_2023,Ectoderm Development (GO:0007398),1/9,0.262433800178158,0.5671995335439091,0,0,3.6383659638554215,4.867247421192894,SMURF1,GO_Biological_Process_2023
GO_Biological_Process_2023,Sequestering Of Extracellular Ligand From Receptor (GO:0035581),1/9,0.262433800178158,0.5671995335439091,0,0,3.6383659638554215,4.867247421192894,DAND5,GO_Biological_Process_2023
GO_Biological_Process_2023,Serotonin Transport (GO:0006837),1/9,0.262433800178158,0.5671995335439091,0,0,3.6383659638554215,4.867247421192894,SLC29A4,GO_Biological_Process_2023
GO_Biological_Process_2023,Endodermal Cell Fate Commitment (GO:0001711),1/9,0.262433800178158,0.5671995335439091,0,0,3.6383659638554215,4.867247421192894,LEO1,GO_Biological_Process_2023
GO_Biological_Process_2023,Endothelial Tube Morphogenesis (GO:0061154),1/9,0.262433800178158,0.5671995335439091,0,0,3.6383659638554215,4.867247421192894,CSNK2B,GO_Biological_Process_2023
GO_Biological_Process_2023,Somatic Recombination Of Immunoglobulin Genes Involved In Immune Response (GO:0002204),1/9,0.262433800178158,0.5671995335439091,0,0,3.6383659638554215,4.867247421192894,RNF8,GO_Biological_Process_2023
GO_Biological_Process_2023,Ether Lipid Biosynthetic Process (GO:0008611),1/9,0.262433800178158,0.5671995335439091,0,0,3.6383659638554215,4.867247421192894,GNPAT,GO_Biological_Process_2023
GO_Biological_Process_2023,Forelimb Morphogenesis (GO:0035136),1/9,0.262433800178158,0.5671995335439091,0,0,3.6383659638554215,4.867247421192894,OSR2,GO_Biological_Process_2023
GO_Biological_Process_2023,Toxin Transport (GO:1901998),1/9,0.262433800178158,0.5671995335439091,0,0,3.6383659638554215,4.867247421192894,SLC29A4,GO_Biological_Process_2023
GO_Biological_Process_2023,Glycerolipid Metabolic Process (GO:0046486),1/9,0.262433800178158,0.5671995335439091,0,0,3.6383659638554215,4.867247421192894,PIP5K1A,GO_Biological_Process_2023
GO_Biological_Process_2023,Glycosphingolipid Catabolic Process (GO:0046479),1/9,0.262433800178158,0.5671995335439091,0,0,3.6383659638554215,4.867247421192894,HEXB,GO_Biological_Process_2023
GO_Biological_Process_2023,Histone Methylation (GO:0016571),1/9,0.262433800178158,0.5671995335439091,0,0,3.6383659638554215,4.867247421192894,SUV39H1,GO_Biological_Process_2023
GO_Biological_Process_2023,Homologous Recombination (GO:0035825),1/9,0.262433800178158,0.5671995335439091,0,0,3.6383659638554215,4.867247421192894,BRCA1,GO_Biological_Process_2023
GO_Biological_Process_2023,Kinetochore Assembly (GO:0051382),1/9,0.262433800178158,0.5671995335439091,0,0,3.6383659638554215,4.867247421192894,KNTC1,GO_Biological_Process_2023
GO_Biological_Process_2023,Lipid Import Into Cell (GO:0140354),1/9,0.262433800178158,0.5671995335439091,0,0,3.6383659638554215,4.867247421192894,ACSL3,GO_Biological_Process_2023
GO_Biological_Process_2023,Long-Chain Fatty Acid Import Into Cell (GO:0044539),1/9,0.262433800178158,0.5671995335439091,0,0,3.6383659638554215,4.867247421192894,ACSL3,GO_Biological_Process_2023
GO_Biological_Process_2023,Mesenchymal To Epithelial Transition (GO:0060231),1/9,0.262433800178158,0.5671995335439091,0,0,3.6383659638554215,4.867247421192894,SIX2,GO_Biological_Process_2023
GO_Biological_Process_2023,Mitochondrial RNA Processing (GO:0000963),1/9,0.262433800178158,0.5671995335439091,0,0,3.6383659638554215,4.867247421192894,PNPT1,GO_Biological_Process_2023
GO_Biological_Process_2023,Morphogenesis Of An Epithelial Sheet (GO:0002011),1/9,0.262433800178158,0.5671995335439091,0,0,3.6383659638554215,4.867247421192894,DLL4,GO_Biological_Process_2023
GO_Biological_Process_2023,Motor Neuron Axon Guidance (GO:0008045),1/9,0.262433800178158,0.5671995335439091,0,0,3.6383659638554215,4.867247421192894,PLXNA3,GO_Biological_Process_2023
GO_Biological_Process_2023,Negative Regulation Of Lipid Localization (GO:1905953),1/9,0.262433800178158,0.5671995335439091,0,0,3.6383659638554215,4.867247421192894,PPARG,GO_Biological_Process_2023
GO_Biological_Process_2023,Negative Regulation Of Muscle Cell Apoptotic Process (GO:0010656),1/9,0.262433800178158,0.5671995335439091,0,0,3.6383659638554215,4.867247421192894,BAG3,GO_Biological_Process_2023
GO_Biological_Process_2023,Negative Regulation Of Protein Autophosphorylation (GO:0031953),1/9,0.262433800178158,0.5671995335439091,0,0,3.6383659638554215,4.867247421192894,TESK1,GO_Biological_Process_2023
GO_Biological_Process_2023,Negative Regulation Of Protein Localization To Cell Surface (GO:2000009),1/9,0.262433800178158,0.5671995335439091,0,0,3.6383659638554215,4.867247421192894,NEDD4L,GO_Biological_Process_2023
GO_Biological_Process_2023,Negative Regulation Of Telomerase Activity (GO:0051974),1/9,0.262433800178158,0.5671995335439091,0,0,3.6383659638554215,4.867247421192894,MEN1,GO_Biological_Process_2023
GO_Biological_Process_2023,Ornithine Metabolic Process (GO:0006591),1/9,0.262433800178158,0.5671995335439091,0,0,3.6383659638554215,4.867247421192894,AZIN1,GO_Biological_Process_2023
GO_Biological_Process_2023,Peptidyl-Lysine Acetylation (GO:0018394),1/9,0.262433800178158,0.5671995335439091,0,0,3.6383659638554215,4.867247421192894,KAT7,GO_Biological_Process_2023
GO_Biological_Process_2023,Peptidyl-Serine Dephosphorylation (GO:0070262),1/9,0.262433800178158,0.5671995335439091,0,0,3.6383659638554215,4.867247421192894,PPP1CA,GO_Biological_Process_2023
GO_Biological_Process_2023,Phosphatidylethanolamine Acyl-Chain Remodeling (GO:0036152),1/9,0.262433800178158,0.5671995335439091,0,0,3.6383659638554215,4.867247421192894,LPGAT1,GO_Biological_Process_2023
GO_Biological_Process_2023,Phosphatidylethanolamine Biosynthetic Process (GO:0006646),1/9,0.262433800178158,0.5671995335439091,0,0,3.6383659638554215,4.867247421192894,CHKA,GO_Biological_Process_2023
GO_Biological_Process_2023,Positive Regulation Of Epidermis Development (GO:0045684),1/9,0.262433800178158,0.5671995335439091,0,0,3.6383659638554215,4.867247421192894,TMEM79,GO_Biological_Process_2023
GO_Biological_Process_2023,Positive Regulation Of Establishment Of Protein Localization To Telomere (GO:1904851),1/9,0.262433800178158,0.5671995335439091,0,0,3.6383659638554215,4.867247421192894,CCT7,GO_Biological_Process_2023
GO_Biological_Process_2023,Positive Regulation Of Keratinocyte Migration (GO:0051549),1/9,0.262433800178158,0.5671995335439091,0,0,3.6383659638554215,4.867247421192894,MMP9,GO_Biological_Process_2023
GO_Biological_Process_2023,Positive Regulation Of mRNA 3'-End Processing (GO:0031442),1/9,0.262433800178158,0.5671995335439091,0,0,3.6383659638554215,4.867247421192894,LEO1,GO_Biological_Process_2023
GO_Biological_Process_2023,Positive Regulation Of Mitochondrial Membrane Permeability (GO:0035794),1/9,0.262433800178158,0.5671995335439091,0,0,3.6383659638554215,4.867247421192894,GSK3A,GO_Biological_Process_2023
GO_Biological_Process_2023,Positive Regulation Of Protein Acetylation (GO:1901985),1/9,0.262433800178158,0.5671995335439091,0,0,3.6383659638554215,4.867247421192894,PRKAA2,GO_Biological_Process_2023
GO_Biological_Process_2023,Positive Regulation Of Sodium Ion Transmembrane Transport (GO:1902307),1/9,0.262433800178158,0.5671995335439091,0,0,3.6383659638554215,4.867247421192894,ATP1B1,GO_Biological_Process_2023
GO_Biological_Process_2023,Positive Regulation Of Transcription Of Nucleolar Large rRNA By RNA Polymerase I (GO:1901838),1/9,0.262433800178158,0.5671995335439091,0,0,3.6383659638554215,4.867247421192894,PIH1D1,GO_Biological_Process_2023
GO_Biological_Process_2023,Protein Localization To Microtubule (GO:0035372),1/9,0.262433800178158,0.5671995335439091,0,0,3.6383659638554215,4.867247421192894,HNRNPU,GO_Biological_Process_2023
GO_Biological_Process_2023,Quinone Metabolic Process (GO:1901661),1/9,0.262433800178158,0.5671995335439091,0,0,3.6383659638554215,4.867247421192894,AIFM2,GO_Biological_Process_2023
GO_Biological_Process_2023,Regulation Of ER To Golgi Vesicle-Mediated Transport (GO:0060628),1/9,0.262433800178158,0.5671995335439091,0,0,3.6383659638554215,4.867247421192894,TBC1D20,GO_Biological_Process_2023
GO_Biological_Process_2023,Regulation Of Actin Filament-Based Movement (GO:1903115),1/9,0.262433800178158,0.5671995335439091,0,0,3.6383659638554215,4.867247421192894,STC1,GO_Biological_Process_2023
GO_Biological_Process_2023,Regulation Of Animal Organ Morphogenesis (GO:2000027),1/9,0.262433800178158,0.5671995335439091,0,0,3.6383659638554215,4.867247421192894,SIX2,GO_Biological_Process_2023
GO_Biological_Process_2023,DNA Geometric Change (GO:0032392),2/30,0.2632598355244676,0.5671995335439091,0,0,2.0800474035768155,2.776059900305556,DDX11;DTD1,GO_Biological_Process_2023
GO_Biological_Process_2023,Regulation Of Vasculature Development (GO:1901342),2/30,0.2632598355244676,0.5671995335439091,0,0,2.0800474035768155,2.776059900305556,LEP;HTATIP2,GO_Biological_Process_2023
GO_Biological_Process_2023,Cytoplasmic Translational Initiation (GO:0002183),2/30,0.2632598355244676,0.5671995335439091,0,0,2.0800474035768155,2.776059900305556,EIF3M;EIF2S2,GO_Biological_Process_2023
GO_Biological_Process_2023,Intrinsic Apoptotic Signaling Pathway In Response To Endoplasmic Reticulum Stress (GO:0070059),2/30,0.2632598355244676,0.5671995335439091,0,0,2.0800474035768155,2.776059900305556,TRAF2;TRIB3,GO_Biological_Process_2023
GO_Biological_Process_2023,Mitotic G2 DNA Damage Checkpoint Signaling (GO:0007095),2/30,0.2632598355244676,0.5671995335439091,0,0,2.0800474035768155,2.776059900305556,CDK1;BRCA1,GO_Biological_Process_2023
GO_Biological_Process_2023,Negative Regulation Of Blood Coagulation (GO:0030195),2/30,0.2632598355244676,0.5671995335439091,0,0,2.0800474035768155,2.776059900305556,PLAU;PDGFB,GO_Biological_Process_2023
GO_Biological_Process_2023,Negative Regulation Of Interleukin-1 Production (GO:0032692),2/30,0.2632598355244676,0.5671995335439091,0,0,2.0800474035768155,2.776059900305556,SERPINB1;GIT1,GO_Biological_Process_2023
GO_Biological_Process_2023,Nucleic Acid Metabolic Process (GO:0090304),2/30,0.2632598355244676,0.5671995335439091,0,0,2.0800474035768155,2.776059900305556,RECQL5;RAN,GO_Biological_Process_2023
GO_Biological_Process_2023,Positive Regulation Of JUN Kinase Activity (GO:0043507),2/30,0.2632598355244676,0.5671995335439091,0,0,2.0800474035768155,2.776059900305556,DVL3;TRAF2,GO_Biological_Process_2023
GO_Biological_Process_2023,Positive Regulation Of Locomotion (GO:0040017),2/30,0.2632598355244676,0.5671995335439091,0,0,2.0800474035768155,2.776059900305556,PDGFB;TRIM32,GO_Biological_Process_2023
GO_Biological_Process_2023,Macromolecule Biosynthetic Process (GO:0009059),8/183,0.2649580472631616,0.5704016841481344,0,0,1.333159382474451,1.7706806649485756,MRPL42;EIF5A2;MRPS18A;GTPBP2;MRPL13;MRPL24;MRPL10;EIF4G2,GO_Biological_Process_2023
GO_Biological_Process_2023,Apical Junction Assembly (GO:0043297),3/54,0.2671240344500069,0.5723174973765672,0,0,1.7135240803269949,2.261924062390361,CHAF1B;PARD3;RAB13,GO_Biological_Process_2023
GO_Biological_Process_2023,Regulation Of Smooth Muscle Cell Proliferation (GO:0048660),3/54,0.2671240344500069,0.5723174973765672,0,0,1.7135240803269949,2.261924062390361,PRKDC;PDGFB;PPARG,GO_Biological_Process_2023
GO_Biological_Process_2023,Ribosomal Large Subunit Biogenesis (GO:0042273),3/54,0.2671240344500069,0.5723174973765672,0,0,1.7135240803269949,2.261924062390361,NPM1;RRS1;NLE1,GO_Biological_Process_2023
GO_Biological_Process_2023,Epidermal Cell Differentiation (GO:0009913),3/54,0.2671240344500069,0.5723174973765672,0,0,1.7135240803269949,2.261924062390361,ERCC3;ERCC2;PIP5K1A,GO_Biological_Process_2023
GO_Biological_Process_2023,Mesenchymal Cell Differentiation (GO:0048762),3/54,0.2671240344500069,0.5723174973765672,0,0,1.7135240803269949,2.261924062390361,CUL7;TRIM28;ZFP64,GO_Biological_Process_2023
GO_Biological_Process_2023,Organelle Disassembly (GO:1903008),3/54,0.2671240344500069,0.5723174973765672,0,0,1.7135240803269949,2.261924062390361,PRKAA2;CDK1;TRIP4,GO_Biological_Process_2023
GO_Biological_Process_2023,Positive Regulation Of Stress-Activated MAPK Cascade (GO:0032874),5/105,0.2709735466977985,0.5782259321610491,0,0,1.4571969696969698,1.902711739546993,PRMT1;LEP;STK39;TRAF2;PLCB1,GO_Biological_Process_2023
GO_Biological_Process_2023,Positive Regulation Of Protein Phosphorylation (GO:0001934),15/377,0.2745380719541453,0.5782259321610491,0,0,1.2094985125371869,1.563476796270113,HSP90AA1;MMD;TESK1;PDGFB;PRKAG1;CSNK1D;MMP9;AURKB;RPTOR;RAP2A;LEP;CSNK2B;DVL3;BIRC5;PPARG,GO_Biological_Process_2023
GO_Biological_Process_2023,Regulation Of Extrinsic Apoptotic Signaling Pathway Via Death Domain Receptors (GO:1902041),2/31,0.2757090022255211,0.5782259321610491,0,0,2.008217610651688,2.5874062645327967,BRCA1;RFFL,GO_Biological_Process_2023
GO_Biological_Process_2023,Actin Filament Polymerization (GO:0030041),2/31,0.2757090022255211,0.5782259321610491,0,0,2.008217610651688,2.5874062645327967,DIAPH3;SPIRE2,GO_Biological_Process_2023
GO_Biological_Process_2023,Endodermal Cell Differentiation (GO:0035987),2/31,0.2757090022255211,0.5782259321610491,0,0,2.008217610651688,2.5874062645327967,LEO1;MMP9,GO_Biological_Process_2023
GO_Biological_Process_2023,Glutamine Family Amino Acid Metabolic Process (GO:0009064),2/31,0.2757090022255211,0.5782259321610491,0,0,2.008217610651688,2.5874062645327967,ADSL;CAD,GO_Biological_Process_2023
GO_Biological_Process_2023,Non-Motile Cilium Assembly (GO:1905515),2/31,0.2757090022255211,0.5782259321610491,0,0,2.008217610651688,2.5874062645327967,CEP250;CSNK1D,GO_Biological_Process_2023
GO_Biological_Process_2023,Positive Regulation Of Proteolysis Involved In Protein Catabolic Process (GO:1903052),2/31,0.2757090022255211,0.5782259321610491,0,0,2.008217610651688,2.5874062645327967,SMURF1;NUPR1,GO_Biological_Process_2023
GO_Biological_Process_2023,Regulation Of Cell Morphogenesis (GO:0022604),2/31,0.2757090022255211,0.5782259321610491,0,0,2.008217610651688,2.5874062645327967,FITM2;CAMSAP1,GO_Biological_Process_2023
GO_Biological_Process_2023,Epithelial Cell Differentiation (GO:0030855),6/132,0.276094607139409,0.5782259321610491,0,0,1.3880338174723608,1.7864157526860007,PIH1D1;PGK1;CDK1;PPARG;E2F7;E2F8,GO_Biological_Process_2023
GO_Biological_Process_2023,Plasma Membrane Bounded Cell Projection Organization (GO:0120036),6/132,0.276094607139409,0.5782259321610491,0,0,1.3880338174723608,1.7864157526860007,SNAPIN;PRMT1;GPRIN1;BLOC1S3;RAB13;CAMSAP1,GO_Biological_Process_2023
GO_Biological_Process_2023,Phosphatidylcholine Metabolic Process (GO:0046470),3/55,0.2761992050744191,0.5782259321610491,0,0,1.6804845456658146,2.162166731435312,LPGAT1;CHKA;ABHD3,GO_Biological_Process_2023
GO_Biological_Process_2023,Purine Ribonucleotide Biosynthetic Process (GO:0009152),3/55,0.2761992050744191,0.5782259321610491,0,0,1.6804845456658146,2.162166731435312,ADSL;ALDOA;ADCY6,GO_Biological_Process_2023
GO_Biological_Process_2023,Spindle Assembly (GO:0051225),4/81,0.2830889508633388,0.5782259321610491,0,0,1.5134880248344695,1.9100129830679808,ZNF207;NEK2;CSNK1D;KIF11,GO_Biological_Process_2023
GO_Biological_Process_2023,Negative Regulation Of NF-kappaB Transcription Factor Activity (GO:0032088),4/81,0.2830889508633388,0.5782259321610491,0,0,1.5134880248344695,1.9100129830679808,BRMS1;IRAK1;TAX1BP1;RBCK1,GO_Biological_Process_2023
GO_Biological_Process_2023,Regulation Of Intracellular Signal Transduction (GO:1902531),12/297,0.2859732963861568,0.5782259321610491,0,0,1.228338840976868,1.537704382126359,NEK8;ARHGEF11;RACGAP1;DAPK2;RRS1;PIP5K1A;ARHGAP39;URB2;DYNLL1;RFFL;AURKB;STK3,GO_Biological_Process_2023
GO_Biological_Process_2023,Regulation Of Chromatin Binding (GO:0035561),1/10,0.2869688812830709,0.5782259321610491,0,0,3.233935742971888,4.037185542998664,DDX11,GO_Biological_Process_2023
GO_Biological_Process_2023,Regulation Of Establishment Of Protein Localization To Telomere (GO:0070203),1/10,0.2869688812830709,0.5782259321610491,0,0,3.233935742971888,4.037185542998664,CCT7,GO_Biological_Process_2023
GO_Biological_Process_2023,N-acetylneuraminate Metabolic Process (GO:0006054),1/10,0.2869688812830709,0.5782259321610491,0,0,3.233935742971888,4.037185542998664,NANP,GO_Biological_Process_2023
GO_Biological_Process_2023,Rap Protein Signal Transduction (GO:0032486),1/10,0.2869688812830709,0.5782259321610491,0,0,3.233935742971888,4.037185542998664,RAP2A,GO_Biological_Process_2023
GO_Biological_Process_2023,SRP-dependent Cotranslational Protein Targeting To Membrane (GO:0006614),1/10,0.2869688812830709,0.5782259321610491,0,0,3.233935742971888,4.037185542998664,SRPRB,GO_Biological_Process_2023
GO_Biological_Process_2023,Regulation Of Inclusion Body Assembly (GO:0090083),1/10,0.2869688812830709,0.5782259321610491,0,0,3.233935742971888,4.037185542998664,DNAJB6,GO_Biological_Process_2023
GO_Biological_Process_2023,TORC1 Signaling (GO:0038202),1/10,0.2869688812830709,0.5782259321610491,0,0,3.233935742971888,4.037185542998664,RPTOR,GO_Biological_Process_2023
GO_Biological_Process_2023,Alpha-Amino Acid Biosynthetic Process (GO:1901607),1/10,0.2869688812830709,0.5782259321610491,0,0,3.233935742971888,4.037185542998664,CAD,GO_Biological_Process_2023
GO_Biological_Process_2023,Regulation Of Microtubule Nucleation (GO:0010968),1/10,0.2869688812830709,0.5782259321610491,0,0,3.233935742971888,4.037185542998664,GIT1,GO_Biological_Process_2023
GO_Biological_Process_2023,Regulation Of Programmed Necrotic Cell Death (GO:0062098),1/10,0.2869688812830709,0.5782259321610491,0,0,3.233935742971888,4.037185542998664,NUPR1,GO_Biological_Process_2023
GO_Biological_Process_2023,Regulation Of Protein Localization To Cajal Body (GO:1904869),1/10,0.2869688812830709,0.5782259321610491,0,0,3.233935742971888,4.037185542998664,CCT7,GO_Biological_Process_2023
GO_Biological_Process_2023,Cardiac Muscle Cell Membrane Repolarization (GO:0099622),1/10,0.2869688812830709,0.5782259321610491,0,0,3.233935742971888,4.037185542998664,ATP1B1,GO_Biological_Process_2023
GO_Biological_Process_2023,Cell Proliferation In Forebrain (GO:0021846),1/10,0.2869688812830709,0.5782259321610491,0,0,3.233935742971888,4.037185542998664,KIF14,GO_Biological_Process_2023
GO_Biological_Process_2023,Cellular Response To Forskolin (GO:1904322),1/10,0.2869688812830709,0.5782259321610491,0,0,3.233935742971888,4.037185542998664,ADCY6,GO_Biological_Process_2023
GO_Biological_Process_2023,Regulation Of Synapse Maturation (GO:0090128),1/10,0.2869688812830709,0.5782259321610491,0,0,3.233935742971888,4.037185542998664,YWHAZ,GO_Biological_Process_2023
GO_Biological_Process_2023,Cellular Response To Interleukin-12 (GO:0071349),1/10,0.2869688812830709,0.5782259321610491,0,0,3.233935742971888,4.037185542998664,PLCB1,GO_Biological_Process_2023
GO_Biological_Process_2023,Cellular Response To Interleukin-15 (GO:0071350),1/10,0.2869688812830709,0.5782259321610491,0,0,3.233935742971888,4.037185542998664,PLCB1,GO_Biological_Process_2023
GO_Biological_Process_2023,Cellular Response To Leucine (GO:0071233),1/10,0.2869688812830709,0.5782259321610491,0,0,3.233935742971888,4.037185542998664,RPTOR,GO_Biological_Process_2023
GO_Biological_Process_2023,Response To Forskolin (GO:1904321),1/10,0.2869688812830709,0.5782259321610491,0,0,3.233935742971888,4.037185542998664,ADCY6,GO_Biological_Process_2023
GO_Biological_Process_2023,Response To Leucine (GO:0043201),1/10,0.2869688812830709,0.5782259321610491,0,0,3.233935742971888,4.037185542998664,RPTOR,GO_Biological_Process_2023
GO_Biological_Process_2023,Signal Release (GO:0023061),1/10,0.2869688812830709,0.5782259321610491,0,0,3.233935742971888,4.037185542998664,LEP,GO_Biological_Process_2023
GO_Biological_Process_2023,Small Nucleolar Ribonucleoprotein Complex Assembly (GO:0000491),1/10,0.2869688812830709,0.5782259321610491,0,0,3.233935742971888,4.037185542998664,PIH1D1,GO_Biological_Process_2023
GO_Biological_Process_2023,Establishment Of Epithelial Cell Apical/Basal Polarity (GO:0045198),1/10,0.2869688812830709,0.5782259321610491,0,0,3.233935742971888,4.037185542998664,RAP2A,GO_Biological_Process_2023
GO_Biological_Process_2023,Surfactant Homeostasis (GO:0043129),1/10,0.2869688812830709,0.5782259321610491,0,0,3.233935742971888,4.037185542998664,NKIRAS2,GO_Biological_Process_2023
GO_Biological_Process_2023,Synaptic Vesicle Transport (GO:0048489),1/10,0.2869688812830709,0.5782259321610491,0,0,3.233935742971888,4.037185542998664,SNAPIN,GO_Biological_Process_2023
GO_Biological_Process_2023,Fatty Acid Homeostasis (GO:0055089),1/10,0.2869688812830709,0.5782259321610491,0,0,3.233935742971888,4.037185542998664,PRKAA2,GO_Biological_Process_2023
GO_Biological_Process_2023,tRNA Threonylcarbamoyladenosine Metabolic Process (GO:0070525),1/10,0.2869688812830709,0.5782259321610491,0,0,3.233935742971888,4.037185542998664,LAGE3,GO_Biological_Process_2023
GO_Biological_Process_2023,Urogenital System Development (GO:0001655),1/10,0.2869688812830709,0.5782259321610491,0,0,3.233935742971888,4.037185542998664,OSR2,GO_Biological_Process_2023
GO_Biological_Process_2023,Induction Of Positive Chemotaxis (GO:0050930),1/10,0.2869688812830709,0.5782259321610491,0,0,3.233935742971888,4.037185542998664,MEN1,GO_Biological_Process_2023
GO_Biological_Process_2023,Insulin-Like Growth Factor Receptor Signaling Pathway (GO:0048009),1/10,0.2869688812830709,0.5782259321610491,0,0,3.233935742971888,4.037185542998664,PLCB1,GO_Biological_Process_2023
GO_Biological_Process_2023,Interleukin-15-Mediated Signaling Pathway (GO:0035723),1/10,0.2869688812830709,0.5782259321610491,0,0,3.233935742971888,4.037185542998664,PLCB1,GO_Biological_Process_2023
GO_Biological_Process_2023,Mesonephros Development (GO:0001823),1/10,0.2869688812830709,0.5782259321610491,0,0,3.233935742971888,4.037185542998664,OSR2,GO_Biological_Process_2023
GO_Biological_Process_2023,Mitotic G1/S Transition Checkpoint Signaling (GO:0044819),1/10,0.2869688812830709,0.5782259321610491,0,0,3.233935742971888,4.037185542998664,PRKDC,GO_Biological_Process_2023
GO_Biological_Process_2023,Monoamine Transport (GO:0015844),1/10,0.2869688812830709,0.5782259321610491,0,0,3.233935742971888,4.037185542998664,SLC29A4,GO_Biological_Process_2023
GO_Biological_Process_2023,Monocyte Differentiation (GO:0030224),1/10,0.2869688812830709,0.5782259321610491,0,0,3.233935742971888,4.037185542998664,PPARG,GO_Biological_Process_2023
GO_Biological_Process_2023,Muscle Filament Sliding (GO:0030049),1/10,0.2869688812830709,0.5782259321610491,0,0,3.233935742971888,4.037185542998664,MYL6B,GO_Biological_Process_2023
GO_Biological_Process_2023,Negative Regulation Of Activin Receptor Signaling Pathway (GO:0032926),1/10,0.2869688812830709,0.5782259321610491,0,0,3.233935742971888,4.037185542998664,DAND5,GO_Biological_Process_2023
GO_Biological_Process_2023,Negative Regulation Of Autophagosome Assembly (GO:1902902),1/10,0.2869688812830709,0.5782259321610491,0,0,3.233935742971888,4.037185542998664,NUPR1,GO_Biological_Process_2023
GO_Biological_Process_2023,Negative Regulation Of Centrosome Duplication (GO:0010826),1/10,0.2869688812830709,0.5782259321610491,0,0,3.233935742971888,4.037185542998664,NPM1,GO_Biological_Process_2023
GO_Biological_Process_2023,Negative Regulation Of Cholesterol Transport (GO:0032375),1/10,0.2869688812830709,0.5782259321610491,0,0,3.233935742971888,4.037185542998664,SREBF2,GO_Biological_Process_2023
GO_Biological_Process_2023,Negative Regulation Of Dephosphorylation (GO:0035305),1/10,0.2869688812830709,0.5782259321610491,0,0,3.233935742971888,4.037185542998664,ENSA,GO_Biological_Process_2023
GO_Biological_Process_2023,Negative Regulation Of Inclusion Body Assembly (GO:0090084),1/10,0.2869688812830709,0.5782259321610491,0,0,3.233935742971888,4.037185542998664,DNAJB6,GO_Biological_Process_2023
GO_Biological_Process_2023,Negative Regulation Of Pathway-Restricted SMAD Protein Phosphorylation (GO:0060394),1/10,0.2869688812830709,0.5782259321610491,0,0,3.233935742971888,4.037185542998664,PPARG,GO_Biological_Process_2023
GO_Biological_Process_2023,Negative Regulation Of Programmed Necrotic Cell Death (GO:0062099),1/10,0.2869688812830709,0.5782259321610491,0,0,3.233935742971888,4.037185542998664,NUPR1,GO_Biological_Process_2023
GO_Biological_Process_2023,Negative Regulation Of Sprouting Angiogenesis (GO:1903671),1/10,0.2869688812830709,0.5782259321610491,0,0,3.233935742971888,4.037185542998664,E2F2,GO_Biological_Process_2023
GO_Biological_Process_2023,Positive Regulation Of Bone Resorption (GO:0045780),1/10,0.2869688812830709,0.5782259321610491,0,0,3.233935742971888,4.037185542998664,SPP1,GO_Biological_Process_2023
GO_Biological_Process_2023,Positive Regulation Of Cellular Respiration (GO:1901857),1/10,0.2869688812830709,0.5782259321610491,0,0,3.233935742971888,4.037185542998664,NUPR1,GO_Biological_Process_2023
GO_Biological_Process_2023,Positive Regulation Of Cellular Senescence (GO:2000774),1/10,0.2869688812830709,0.5782259321610491,0,0,3.233935742971888,4.037185542998664,EEF1E1,GO_Biological_Process_2023
GO_Biological_Process_2023,Positive Regulation Of Cholesterol Metabolic Process (GO:0090205),1/10,0.2869688812830709,0.5782259321610491,0,0,3.233935742971888,4.037185542998664,SREBF2,GO_Biological_Process_2023
GO_Biological_Process_2023,Positive Regulation Of Lipid Localization (GO:1905954),1/10,0.2869688812830709,0.5782259321610491,0,0,3.233935742971888,4.037185542998664,HILPDA,GO_Biological_Process_2023
GO_Biological_Process_2023,Positive Regulation Of Mitochondrial Outer Membrane Permeabilization Involved In Apoptotic Signaling Pathway (GO:1901030),1/10,0.2869688812830709,0.5782259321610491,0,0,3.233935742971888,4.037185542998664,GSK3A,GO_Biological_Process_2023
GO_Biological_Process_2023,Positive Regulation Of Protein Localization To Cajal Body (GO:1904871),1/10,0.2869688812830709,0.5782259321610491,0,0,3.233935742971888,4.037185542998664,CCT7,GO_Biological_Process_2023
GO_Biological_Process_2023,Progesterone Receptor Signaling Pathway (GO:0050847),1/10,0.2869688812830709,0.5782259321610491,0,0,3.233935742971888,4.037185542998664,UBR5,GO_Biological_Process_2023
GO_Biological_Process_2023,Prostaglandin Transport (GO:0015732),1/10,0.2869688812830709,0.5782259321610491,0,0,3.233935742971888,4.037185542998664,LEP,GO_Biological_Process_2023
GO_Biological_Process_2023,Protein Kinase C Signaling (GO:0070528),1/10,0.2869688812830709,0.5782259321610491,0,0,3.233935742971888,4.037185542998664,PDGFB,GO_Biological_Process_2023
GO_Biological_Process_2023,Protein Kinase C-activating G Protein-Coupled Receptor Signaling Pathway (GO:0007205),1/10,0.2869688812830709,0.5782259321610491,0,0,3.233935742971888,4.037185542998664,PARD3,GO_Biological_Process_2023
GO_Biological_Process_2023,Protein Localization To Condensed Chromosome (GO:1903083),1/10,0.2869688812830709,0.5782259321610491,0,0,3.233935742971888,4.037185542998664,CDK1,GO_Biological_Process_2023
GO_Biological_Process_2023,Protein Prenylation (GO:0018342),1/10,0.2869688812830709,0.5782259321610491,0,0,3.233935742971888,4.037185542998664,CHML,GO_Biological_Process_2023
GO_Biological_Process_2023,rRNA Base Methylation (GO:0070475),1/10,0.2869688812830709,0.5782259321610491,0,0,3.233935742971888,4.037185542998664,NSUN5,GO_Biological_Process_2023
GO_Biological_Process_2023,Regulation Of Biosynthetic Process (GO:0009889),1/10,0.2869688812830709,0.5782259321610491,0,0,3.233935742971888,4.037185542998664,MID1IP1,GO_Biological_Process_2023
GO_Biological_Process_2023,Regulation Of Calcium Ion Transmembrane Transport Via High Voltage-Gated Calcium Channel (GO:1902514),1/10,0.2869688812830709,0.5782259321610491,0,0,3.233935742971888,4.037185542998664,SESTD1,GO_Biological_Process_2023
GO_Biological_Process_2023,Regulation Of Cardiac Muscle Cell Apoptotic Process (GO:0010665),1/10,0.2869688812830709,0.5782259321610491,0,0,3.233935742971888,4.037185542998664,NUPR1,GO_Biological_Process_2023
GO_Biological_Process_2023,Regulation Of Cholesterol Efflux (GO:0010874),2/32,0.2881460330835997,0.5782259321610491,0,0,1.9411764705882355,2.415382332076235,PPARG;SREBF2,GO_Biological_Process_2023
GO_Biological_Process_2023,NIK/NF-kappaB Signaling (GO:0038061),2/32,0.2881460330835997,0.5782259321610491,0,0,1.9411764705882355,2.415382332076235,IRAK1;TRAF2,GO_Biological_Process_2023
GO_Biological_Process_2023,Regulation Of Transmembrane Transport (GO:0034762),2/32,0.2881460330835997,0.5782259321610491,0,0,1.9411764705882355,2.415382332076235,NEDD4L;TRIB3,GO_Biological_Process_2023
GO_Biological_Process_2023,Very Long-Chain Fatty Acid Metabolic Process (GO:0000038),2/32,0.2881460330835997,0.5782259321610491,0,0,1.9411764705882355,2.415382332076235,ELOVL5;ELOVL7,GO_Biological_Process_2023
GO_Biological_Process_2023,Negative Regulation Of Fat Cell Differentiation (GO:0045599),2/32,0.2881460330835997,0.5782259321610491,0,0,1.9411764705882355,2.415382332076235,SMAD3;TRIB3,GO_Biological_Process_2023
GO_Biological_Process_2023,Negative Regulation Of Osteoblast Differentiation (GO:0045668),2/32,0.2881460330835997,0.5782259321610491,0,0,1.9411764705882355,2.415382332076235,PPARG;MEN1,GO_Biological_Process_2023
GO_Biological_Process_2023,Purine Ribonucleoside Triphosphate Metabolic Process (GO:0009205),2/32,0.2881460330835997,0.5782259321610491,0,0,1.9411764705882355,2.415382332076235,ATP1B1;RAN,GO_Biological_Process_2023
GO_Biological_Process_2023,Regulation Of Phosphorylation (GO:0042325),4/82,0.2905614831291363,0.5822047290398406,0,0,1.494006749679972,1.8465028205256533,PRKRIP1;TESK1;DYNLL1;BTBD10,GO_Biological_Process_2023
GO_Biological_Process_2023,Negative Regulation Of Apoptotic Signaling Pathway (GO:2001234),4/82,0.2905614831291363,0.5822047290398406,0,0,1.494006749679972,1.8465028205256533,CSNK2A1;PIH1D1;MMP9;MEN1,GO_Biological_Process_2023
GO_Biological_Process_2023,Defense Response To Virus (GO:0051607),8/189,0.2937104325230178,0.5880764686900603,0,0,1.288562610896676,1.578696554346716,AGBL5;NMB;EXOSC5;EXOSC4;TRIM28;TRIM32;TRIM11;APOBEC3B,GO_Biological_Process_2023
GO_Biological_Process_2023,RNA Catabolic Process (GO:0006401),3/57,0.2944331061685532,0.5886474656014686,0,0,1.6180765357502518,1.9784277552338587,EXOSC5;EXOSC4;PNPT1,GO_Biological_Process_2023
GO_Biological_Process_2023,Signal Transduction In Response To DNA Damage (GO:0042770),3/57,0.2944331061685532,0.5886474656014686,0,0,1.6180765357502518,1.9784277552338587,INTS7;NDRG1;E2F7,GO_Biological_Process_2023
GO_Biological_Process_2023,Negative Regulation Of Developmental Process (GO:0051093),5/109,0.2967371289321533,0.5923736008578818,0,0,1.400859557109557,1.7019163511616595,SMARCC1;BRMS1;PARP1;PPARG;BRD9,GO_Biological_Process_2023
GO_Biological_Process_2023,Positive Regulation Of Cysteine-Type Endopeptidase Activity Involved In Apoptotic Process (GO:0043280),5/109,0.2967371289321533,0.5923736008578818,0,0,1.400859557109557,1.7019163511616595,MTCH1;SMAD3;PDCD5;PPARG;DYNLL1,GO_Biological_Process_2023
GO_Biological_Process_2023,Regulation Of Cell Division (GO:0051302),4/83,0.2980603815462807,0.5942700585444358,0,0,1.475018671364829,1.7854499067111709,KIF18B;SMYD5;GIT1;AURKB,GO_Biological_Process_2023
GO_Biological_Process_2023,Positive Regulation Of Programmed Cell Death (GO:0043068),10/245,0.2991263484900245,0.5942700585444358,0,0,1.2408640571707,1.4975854598527432,TOP2A;MTCH1;TFAP4;ERCC3;AIFM2;DAPK2;PDCD5;EEF1E1;HTATIP2;STK3,GO_Biological_Process_2023
GO_Biological_Process_2023,Regulation Of Potassium Ion Transmembrane Transport (GO:1901379),2/33,0.3005579894756511,0.5942700585444358,0,0,1.8784605653675863,2.2581248091634416,STK39;NEDD4L,GO_Biological_Process_2023
GO_Biological_Process_2023,Regulation Of Protein Polymerization (GO:0032271),2/33,0.3005579894756511,0.5942700585444358,0,0,1.8784605653675863,2.2581248091634416,HSP90AA1;CAMSAP1,GO_Biological_Process_2023
GO_Biological_Process_2023,Inositol Lipid-Mediated Signaling (GO:0048017),2/33,0.3005579894756511,0.5942700585444358,0,0,1.8784605653675863,2.2581248091634416,PLCE1;PLCB1,GO_Biological_Process_2023
GO_Biological_Process_2023,ncRNA Catabolic Process (GO:0034661),2/33,0.3005579894756511,0.5942700585444358,0,0,1.8784605653675863,2.2581248091634416,EXOSC5;EXOSC4,GO_Biological_Process_2023
GO_Biological_Process_2023,Negative Regulation Of Double-Strand Break Repair (GO:2000780),2/33,0.3005579894756511,0.5942700585444358,0,0,1.8784605653675863,2.2581248091634416,OGG1;UBQLN4,GO_Biological_Process_2023
GO_Biological_Process_2023,Positive Regulation Of Epidermal Growth Factor Receptor Signaling Pathway (GO:0045742),2/33,0.3005579894756511,0.5942700585444358,0,0,1.8784605653675863,2.2581248091634416,NUP62;MMP9,GO_Biological_Process_2023
GO_Biological_Process_2023,Positive Regulation Of Ion Transmembrane Transporter Activity (GO:0032414),2/33,0.3005579894756511,0.5942700585444358,0,0,1.8784605653675863,2.2581248091634416,STK39;ATP1B1,GO_Biological_Process_2023
GO_Biological_Process_2023,Positive Regulation Of Protein Dephosphorylation (GO:0035307),2/33,0.3005579894756511,0.5942700585444358,0,0,1.8784605653675863,2.2581248091634416,PTBP1;DYNLL1,GO_Biological_Process_2023
GO_Biological_Process_2023,Positive Regulation Of Reproductive Process (GO:2000243),2/33,0.3005579894756511,0.5942700585444358,0,0,1.8784605653675863,2.2581248091634416,PLCB1;ZP3,GO_Biological_Process_2023
GO_Biological_Process_2023,Positive Regulation Of Small Molecule Metabolic Process (GO:0062013),2/33,0.3005579894756511,0.5942700585444358,0,0,1.8784605653675863,2.2581248091634416,RPTOR;PRKAA2,GO_Biological_Process_2023
GO_Biological_Process_2023,Regulation Of Amyloid-Beta Formation (GO:1902003),2/33,0.3005579894756511,0.5942700585444358,0,0,1.8784605653675863,2.2581248091634416,GSK3A;GGA3,GO_Biological_Process_2023
GO_Biological_Process_2023,Regulation Of JNK Cascade (GO:0046328),5/110,0.303242705799331,0.5949460215618056,0,0,1.3874458874458877,1.6555306582297515,RAP2A;PRMT1;TRAF2;PLCB1;MEN1,GO_Biological_Process_2023
GO_Biological_Process_2023,Protein Localization To Organelle (GO:0033365),6/137,0.3049261211011147,0.5949460215618056,0,0,1.334707919702533,1.5852135868054975,PRKAA2;CEP250;TULP3;CSNK1D;MSX1;TOR1B,GO_Biological_Process_2023
GO_Biological_Process_2023,Protein Localization To Membrane (GO:0072657),8/192,0.3083621498382487,0.5949460215618056,0,0,1.2673549070213752,1.4910181769929585,RAP2A;TMEM147;PPIL2;SMURF1;RAB13;PIP5K1A;ATP1B1;MRAP2,GO_Biological_Process_2023
GO_Biological_Process_2023,RNA Metabolic Process (GO:0016070),5/111,0.3097697587497122,0.5949460215618056,0,0,1.3742853058890794,1.6105606417577547,EXOSC5;PNPT1;EXOSC4;HNRNPU;LAGE3,GO_Biological_Process_2023
GO_Biological_Process_2023,Regulation Of Endosome Size (GO:0051036),1/11,0.3106889902256541,0.5949460215618056,0,0,2.9103915662650603,3.4021397613526294,SNAPIN,GO_Biological_Process_2023
GO_Biological_Process_2023,Regulation Of Epithelial Cell Apoptotic Process (GO:1904035),1/11,0.3106889902256541,0.5949460215618056,0,0,2.9103915662650603,3.4021397613526294,NUPR1,GO_Biological_Process_2023
GO_Biological_Process_2023,Actin Crosslink Formation (GO:0051764),1/11,0.3106889902256541,0.5949460215618056,0,0,2.9103915662650603,3.4021397613526294,BAIAP2L1,GO_Biological_Process_2023
GO_Biological_Process_2023,Regulation Of Keratinocyte Migration (GO:0051547),1/11,0.3106889902256541,0.5949460215618056,0,0,2.9103915662650603,3.4021397613526294,MMP9,GO_Biological_Process_2023
GO_Biological_Process_2023,Regulation Of mRNA 3'-End Processing (GO:0031440),1/11,0.3106889902256541,0.5949460215618056,0,0,2.9103915662650603,3.4021397613526294,LEO1,GO_Biological_Process_2023
GO_Biological_Process_2023,"Base-Excision Repair, AP Site Formation (GO:0006285)",1/11,0.3106889902256541,0.5949460215618056,0,0,2.9103915662650603,3.4021397613526294,OGG1,GO_Biological_Process_2023
GO_Biological_Process_2023,Biogenic Amine Biosynthetic Process (GO:0042401),1/11,0.3106889902256541,0.5949460215618056,0,0,2.9103915662650603,3.4021397613526294,SMOX,GO_Biological_Process_2023
GO_Biological_Process_2023,Regulation Of Response To Oxidative Stress (GO:1902882),1/11,0.3106889902256541,0.5949460215618056,0,0,2.9103915662650603,3.4021397613526294,AIFM2,GO_Biological_Process_2023
GO_Biological_Process_2023,Cellular Response To Acetylcholine (GO:1905145),1/11,0.3106889902256541,0.5949460215618056,0,0,2.9103915662650603,3.4021397613526294,CHRM3,GO_Biological_Process_2023
GO_Biological_Process_2023,Cellular Response To Fluid Shear Stress (GO:0071498),1/11,0.3106889902256541,0.5949460215618056,0,0,2.9103915662650603,3.4021397613526294,SREBF2,GO_Biological_Process_2023
GO_Biological_Process_2023,Regulation Of Type II Interferon-Mediated Signaling Pathway (GO:0060334),1/11,0.3106889902256541,0.5949460215618056,0,0,2.9103915662650603,3.4021397613526294,PPARG,GO_Biological_Process_2023
GO_Biological_Process_2023,Central Nervous System Neuron Axonogenesis (GO:0021955),1/11,0.3106889902256541,0.5949460215618056,0,0,2.9103915662650603,3.4021397613526294,HSP90AA1,GO_Biological_Process_2023
GO_Biological_Process_2023,Cytidine To Uridine Editing (GO:0016554),1/11,0.3106889902256541,0.5949460215618056,0,0,2.9103915662650603,3.4021397613526294,APOBEC3B,GO_Biological_Process_2023
GO_Biological_Process_2023,Retinoic Acid Receptor Signaling Pathway (GO:0048384),1/11,0.3106889902256541,0.5949460215618056,0,0,2.9103915662650603,3.4021397613526294,PPARG,GO_Biological_Process_2023
GO_Biological_Process_2023,Double-Strand Break Repair Via Break-Induced Replication (GO:0000727),1/11,0.3106889902256541,0.5949460215618056,0,0,2.9103915662650603,3.4021397613526294,MCM5,GO_Biological_Process_2023
GO_Biological_Process_2023,Sulfate Transport (GO:0008272),1/11,0.3106889902256541,0.5949460215618056,0,0,2.9103915662650603,3.4021397613526294,SLC26A6,GO_Biological_Process_2023
GO_Biological_Process_2023,Exit From Mitosis (GO:0010458),1/11,0.3106889902256541,0.5949460215618056,0,0,2.9103915662650603,3.4021397613526294,UBE2S,GO_Biological_Process_2023
GO_Biological_Process_2023,Tetrahydrofolate Metabolic Process (GO:0046653),1/11,0.3106889902256541,0.5949460215618056,0,0,2.9103915662650603,3.4021397613526294,MTHFD1L,GO_Biological_Process_2023
GO_Biological_Process_2023,Glutamine Family Amino Acid Biosynthetic Process (GO:0009084),1/11,0.3106889902256541,0.5949460215618056,0,0,2.9103915662650603,3.4021397613526294,PYCR2,GO_Biological_Process_2023
GO_Biological_Process_2023,Heterocycle Biosynthetic Process (GO:0018130),1/11,0.3106889902256541,0.5949460215618056,0,0,2.9103915662650603,3.4021397613526294,PYCR2,GO_Biological_Process_2023
GO_Biological_Process_2023,Isotype Switching (GO:0045190),1/11,0.3106889902256541,0.5949460215618056,0,0,2.9103915662650603,3.4021397613526294,RNF8,GO_Biological_Process_2023
GO_Biological_Process_2023,Maintenance Of Protein Localization In Endoplasmic Reticulum (GO:0035437),1/11,0.3106889902256541,0.5949460215618056,0,0,2.9103915662650603,3.4021397613526294,GPAA1,GO_Biological_Process_2023
GO_Biological_Process_2023,Mitochondrial Genome Maintenance (GO:0000002),1/11,0.3106889902256541,0.5949460215618056,0,0,2.9103915662650603,3.4021397613526294,PARP1,GO_Biological_Process_2023
GO_Biological_Process_2023,Negative Regulation Of RNA Metabolic Process (GO:0051253),1/11,0.3106889902256541,0.5949460215618056,0,0,2.9103915662650603,3.4021397613526294,PTBP1,GO_Biological_Process_2023
GO_Biological_Process_2023,Negative Regulation Of Amyloid Fibril Formation (GO:1905907),1/11,0.3106889902256541,0.5949460215618056,0,0,2.9103915662650603,3.4021397613526294,PFDN2,GO_Biological_Process_2023
GO_Biological_Process_2023,Neurotransmitter Uptake (GO:0001504),1/11,0.3106889902256541,0.5949460215618056,0,0,2.9103915662650603,3.4021397613526294,SLC29A4,GO_Biological_Process_2023
GO_Biological_Process_2023,Nucleoside Phosphate Biosynthetic Process (GO:1901293),1/11,0.3106889902256541,0.5949460215618056,0,0,2.9103915662650603,3.4021397613526294,NME2,GO_Biological_Process_2023
GO_Biological_Process_2023,Phasic Smooth Muscle Contraction (GO:0014821),1/11,0.3106889902256541,0.5949460215618056,0,0,2.9103915662650603,3.4021397613526294,HTR1D,GO_Biological_Process_2023
GO_Biological_Process_2023,Polyamine Metabolic Process (GO:0006595),1/11,0.3106889902256541,0.5949460215618056,0,0,2.9103915662650603,3.4021397613526294,SMOX,GO_Biological_Process_2023
GO_Biological_Process_2023,Positive Regulation Of Keratinocyte Proliferation (GO:0010838),1/11,0.3106889902256541,0.5949460215618056,0,0,2.9103915662650603,3.4021397613526294,STXBP4,GO_Biological_Process_2023
GO_Biological_Process_2023,Positive Regulation Of Lipid Transport (GO:0032370),1/11,0.3106889902256541,0.5949460215618056,0,0,2.9103915662650603,3.4021397613526294,NMB,GO_Biological_Process_2023
GO_Biological_Process_2023,Positive Regulation Of Myelination (GO:0031643),1/11,0.3106889902256541,0.5949460215618056,0,0,2.9103915662650603,3.4021397613526294,PARD3,GO_Biological_Process_2023
GO_Biological_Process_2023,"Positive Regulation Of Protein Localization To Chromosome, Telomeric Region (GO:1904816)",1/11,0.3106889902256541,0.5949460215618056,0,0,2.9103915662650603,3.4021397613526294,CCT7,GO_Biological_Process_2023
GO_Biological_Process_2023,Pyrimidine Nucleobase Metabolic Process (GO:0006206),1/11,0.3106889902256541,0.5949460215618056,0,0,2.9103915662650603,3.4021397613526294,UMPS,GO_Biological_Process_2023
GO_Biological_Process_2023,Regulation Of Astrocyte Differentiation (GO:0048710),1/11,0.3106889902256541,0.5949460215618056,0,0,2.9103915662650603,3.4021397613526294,CLCF1,GO_Biological_Process_2023
GO_Biological_Process_2023,Regulation Of Cell Cycle Checkpoint (GO:1901976),1/11,0.3106889902256541,0.5949460215618056,0,0,2.9103915662650603,3.4021397613526294,BRCA1,GO_Biological_Process_2023
GO_Biological_Process_2023,Regulation Of Multicellular Organismal Development (GO:2000026),3/59,0.3127388232298245,0.5949460215618056,0,0,1.5601262408286578,1.8134702537451752,RACGAP1;BRPF3;CDK1,GO_Biological_Process_2023
GO_Biological_Process_2023,Regulation Of Type I Interferon Production (GO:0032479),3/59,0.3127388232298245,0.5949460215618056,0,0,1.5601262408286578,1.8134702537451752,POLA1;IRAK1;RNF26,GO_Biological_Process_2023
GO_Biological_Process_2023,Glucose Metabolic Process (GO:0006006),3/59,0.3127388232298245,0.5949460215618056,0,0,1.5601262408286578,1.8134702537451752,GPI;CRTC2;PGK1,GO_Biological_Process_2023
GO_Biological_Process_2023,Negative Regulation Of Cytokine-Mediated Signaling Pathway (GO:0001960),3/59,0.3127388232298245,0.5949460215618056,0,0,1.5601262408286578,1.8134702537451752,PPARG;DCST1;RFFL,GO_Biological_Process_2023
GO_Biological_Process_2023,Cellular Response To Glucose Stimulus (GO:0071333),2/34,0.312932803935959,0.5949460215618056,0,0,1.819664404223228,2.114025683598866,PRKAA2;PTPRN,GO_Biological_Process_2023
GO_Biological_Process_2023,Response To Estrogen (GO:0043627),2/34,0.312932803935959,0.5949460215618056,0,0,1.819664404223228,2.114025683598866,TRIM24;BRCA1,GO_Biological_Process_2023
GO_Biological_Process_2023,Semaphorin-Plexin Signaling Pathway (GO:0071526),2/34,0.312932803935959,0.5949460215618056,0,0,1.819664404223228,2.114025683598866,PLXNA2;PLXNA3,GO_Biological_Process_2023
GO_Biological_Process_2023,Negative Regulation Of JNK Cascade (GO:0046329),2/34,0.312932803935959,0.5949460215618056,0,0,1.819664404223228,2.114025683598866,PRMT1;MEN1,GO_Biological_Process_2023
GO_Biological_Process_2023,Negative Regulation Of Mitotic Cell Cycle (GO:0045930),2/34,0.312932803935959,0.5949460215618056,0,0,1.819664404223228,2.114025683598866,NME6;ZWINT,GO_Biological_Process_2023
GO_Biological_Process_2023,Organophosphate Biosynthetic Process (GO:0090407),2/34,0.312932803935959,0.5949460215618056,0,0,1.819664404223228,2.114025683598866,PIP5K1A;FITM2,GO_Biological_Process_2023
GO_Biological_Process_2023,Positive Regulation Of Immunoglobulin Production (GO:0002639),2/34,0.312932803935959,0.5949460215618056,0,0,1.819664404223228,2.114025683598866,GPI;CLCF1,GO_Biological_Process_2023
GO_Biological_Process_2023,Positive Regulation Of Organelle Organization (GO:0010638),2/34,0.312932803935959,0.5949460215618056,0,0,1.819664404223228,2.114025683598866,PFDN2;PLXNA3,GO_Biological_Process_2023
GO_Biological_Process_2023,Protein Targeting To Vacuole (GO:0006623),2/34,0.312932803935959,0.5949460215618056,0,0,1.819664404223228,2.114025683598866,GGA3;SMURF1,GO_Biological_Process_2023
GO_Biological_Process_2023,Regulation Of DNA Biosynthetic Process (GO:2000278),2/34,0.312932803935959,0.5949460215618056,0,0,1.819664404223228,2.114025683598866,PDGFB;KAT7,GO_Biological_Process_2023
GO_Biological_Process_2023,Nuclear-Transcribed mRNA Catabolic Process (GO:0000956),4/85,0.3131238831985543,0.5949460215618056,0,0,1.4384490390541829,1.670264270056533,EXOSC5;EXOSC4;SMG7;SMG8,GO_Biological_Process_2023
GO_Biological_Process_2023,Regulation Of Cell Differentiation (GO:0045595),8/193,0.3132807553151537,0.5949460215618056,0,0,1.2604385207124933,1.4629349123824342,SMARCE1;PTBP1;SMARCC1;SMYD5;CDK5RAP1;TRIP4;BRD9;MTA3,GO_Biological_Process_2023
GO_Biological_Process_2023,Histone Acetylation (GO:0016573),3/60,0.3219044153909838,0.6041551391580388,0,0,1.5326761011289554,1.7372893171992745,ENY2;ATXN7L3;TAF2,GO_Biological_Process_2023
GO_Biological_Process_2023,Negative Regulation Of Peptidase Activity (GO:0010466),3/60,0.3219044153909838,0.6041551391580388,0,0,1.5326761011289554,1.7372893171992745,CSTB;SERPINB1;SERPINH1,GO_Biological_Process_2023
GO_Biological_Process_2023,Regulation Of Cellular Senescence (GO:2000772),2/35,0.3252592370219438,0.6041551391580388,0,0,1.764431646784588,1.9816909892241008,PNPT1;EEF1E1,GO_Biological_Process_2023
GO_Biological_Process_2023,Regulation Of mRNA Processing (GO:0050684),2/35,0.3252592370219438,0.6041551391580388,0,0,1.764431646784588,1.9816909892241008,JMJD6;SRPK1,GO_Biological_Process_2023
GO_Biological_Process_2023,Regulation Of Postsynaptic Membrane Potential (GO:0060078),2/35,0.3252592370219438,0.6041551391580388,0,0,1.764431646784588,1.9816909892241008,GSK3A;FOXM1,GO_Biological_Process_2023
GO_Biological_Process_2023,Regulatory ncRNA Processing (GO:0070918),2/35,0.3252592370219438,0.6041551391580388,0,0,1.764431646784588,1.9816909892241008,TDRKH;TSNAX,GO_Biological_Process_2023
GO_Biological_Process_2023,Establishment Of Spindle Orientation (GO:0051294),2/35,0.3252592370219438,0.6041551391580388,0,0,1.764431646784588,1.9816909892241008,GPSM2;CENPA,GO_Biological_Process_2023
GO_Biological_Process_2023,tRNA Aminoacylation For Protein Translation (GO:0006418),2/35,0.3252592370219438,0.6041551391580388,0,0,1.764431646784588,1.9816909892241008,AARS2;IARS2,GO_Biological_Process_2023
GO_Biological_Process_2023,Intrinsic Apoptotic Signaling Pathway By P53 Class Mediator (GO:0072332),2/35,0.3252592370219438,0.6041551391580388,0,0,1.764431646784588,1.9816909892241008,TP53BP2;TP73,GO_Biological_Process_2023
GO_Biological_Process_2023,Liver Development (GO:0001889),2/35,0.3252592370219438,0.6041551391580388,0,0,1.764431646784588,1.9816909892241008,E2F7;E2F8,GO_Biological_Process_2023
GO_Biological_Process_2023,Positive Regulation Of Cell Development (GO:0010720),2/35,0.3252592370219438,0.6041551391580388,0,0,1.764431646784588,1.9816909892241008,ZNF335;TRIM32,GO_Biological_Process_2023
GO_Biological_Process_2023,Positive Regulation Of Substrate Adhesion-Dependent Cell Spreading (GO:1900026),2/35,0.3252592370219438,0.6041551391580388,0,0,1.764431646784588,1.9816909892241008,TESK1;CSPG5,GO_Biological_Process_2023
GO_Biological_Process_2023,Regulation Of Cardiac Muscle Contraction (GO:0055117),2/35,0.3252592370219438,0.6041551391580388,0,0,1.764431646784588,1.9816909892241008,STC1;ATP1B1,GO_Biological_Process_2023
GO_Biological_Process_2023,Positive Regulation Of Macromolecule Metabolic Process (GO:0010604),14/364,0.3268139435646983,0.6041551391580388,0,0,1.1665130568356374,1.3045864998530377,OSR2;GSK3A;SMAD3;PDCD5;PDGFB;PRKAG1;BRCA1;FER1L6;ACTG2;HCFC1;DLL4;PDCL3;UBR5;PPARG,GO_Biological_Process_2023
GO_Biological_Process_2023,Brain Development (GO:0007420),7/169,0.3314618845827091,0.6041551391580388,0,0,1.2590622537431049,1.3903099935689187,TMX2;NCOA6;CDK5RAP1;DHX37;ZNF335;PAFAH1B3;GIT1,GO_Biological_Process_2023
GO_Biological_Process_2023,C-terminal Protein Amino Acid Modification (GO:0018410),1/12,0.3336211582269958,0.6041551391580388,0,0,2.6456736035049286,2.90428604616912,AGBL5,GO_Biological_Process_2023
GO_Biological_Process_2023,Regulation Of Chromosome Separation (GO:1905818),1/12,0.3336211582269958,0.6041551391580388,0,0,2.6456736035049286,2.90428604616912,NCAPD2,GO_Biological_Process_2023
GO_Biological_Process_2023,DNA Strand Elongation (GO:0022616),1/12,0.3336211582269958,0.6041551391580388,0,0,2.6456736035049286,2.90428604616912,POLA1,GO_Biological_Process_2023
GO_Biological_Process_2023,MyD88-dependent Toll-Like Receptor Signaling Pathway (GO:0002755),1/12,0.3336211582269958,0.6041551391580388,0,0,2.6456736035049286,2.90428604616912,IRAK1,GO_Biological_Process_2023
GO_Biological_Process_2023,Actin-Myosin Filament Sliding (GO:0033275),1/12,0.3336211582269958,0.6041551391580388,0,0,2.6456736035049286,2.90428604616912,MYL6B,GO_Biological_Process_2023
GO_Biological_Process_2023,Regulation Of Leukocyte Adhesion To Vascular Endothelial Cell (GO:1904994),1/12,0.3336211582269958,0.6041551391580388,0,0,2.6456736035049286,2.90428604616912,IRAK1,GO_Biological_Process_2023
GO_Biological_Process_2023,Alanine Transport (GO:0032328),1/12,0.3336211582269958,0.6041551391580388,0,0,2.6456736035049286,2.90428604616912,SLC1A4,GO_Biological_Process_2023
GO_Biological_Process_2023,"Base-Excision Repair, Gap-Filling (GO:0006287)",1/12,0.3336211582269958,0.6041551391580388,0,0,2.6456736035049286,2.90428604616912,LIG3,GO_Biological_Process_2023
GO_Biological_Process_2023,Biogenic Amine Metabolic Process (GO:0006576),1/12,0.3336211582269958,0.6041551391580388,0,0,2.6456736035049286,2.90428604616912,SLC29A4,GO_Biological_Process_2023
GO_Biological_Process_2023,cAMP Metabolic Process (GO:0046058),1/12,0.3336211582269958,0.6041551391580388,0,0,2.6456736035049286,2.90428604616912,ADCY6,GO_Biological_Process_2023
GO_Biological_Process_2023,Regulation Of Transcription From RNA Polymerase II Promoter In Response To Stress (GO:0043618),1/12,0.3336211582269958,0.6041551391580388,0,0,2.6456736035049286,2.90428604616912,BAG3,GO_Biological_Process_2023
GO_Biological_Process_2023,Regulation Of Tube Diameter (GO:0035296),1/12,0.3336211582269958,0.6041551391580388,0,0,2.6456736035049286,2.90428604616912,ADCY6,GO_Biological_Process_2023
GO_Biological_Process_2023,Regulation Of Vascular Associated Smooth Muscle Cell Migration (GO:1904752),1/12,0.3336211582269958,0.6041551391580388,0,0,2.6456736035049286,2.90428604616912,PDGFB,GO_Biological_Process_2023
GO_Biological_Process_2023,Relaxation Of Cardiac Muscle (GO:0055119),1/12,0.3336211582269958,0.6041551391580388,0,0,2.6456736035049286,2.90428604616912,ATP1B1,GO_Biological_Process_2023
GO_Biological_Process_2023,Cristae Formation (GO:0042407),1/12,0.3336211582269958,0.6041551391580388,0,0,2.6456736035049286,2.90428604616912,SAMM50,GO_Biological_Process_2023
GO_Biological_Process_2023,Detection Of Calcium Ion (GO:0005513),1/12,0.3336211582269958,0.6041551391580388,0,0,2.6456736035049286,2.90428604616912,KCNMB3,GO_Biological_Process_2023
GO_Biological_Process_2023,Ribosome Disassembly (GO:0032790),1/12,0.3336211582269958,0.6041551391580388,0,0,2.6456736035049286,2.90428604616912,TRIP4,GO_Biological_Process_2023
GO_Biological_Process_2023,Secretion (GO:0046903),1/12,0.3336211582269958,0.6041551391580388,0,0,2.6456736035049286,2.90428604616912,TPD52,GO_Biological_Process_2023
GO_Biological_Process_2023,Sodium Ion Export Across Plasma Membrane (GO:0036376),1/12,0.3336211582269958,0.6041551391580388,0,0,2.6456736035049286,2.90428604616912,ATP1B1,GO_Biological_Process_2023
GO_Biological_Process_2023,Epithelial Cell Morphogenesis (GO:0003382),1/12,0.3336211582269958,0.6041551391580388,0,0,2.6456736035049286,2.90428604616912,STC1,GO_Biological_Process_2023
GO_Biological_Process_2023,Spinal Cord Development (GO:0021510),1/12,0.3336211582269958,0.6041551391580388,0,0,2.6456736035049286,2.90428604616912,SOX12,GO_Biological_Process_2023
GO_Biological_Process_2023,Steroid Catabolic Process (GO:0006706),1/12,0.3336211582269958,0.6041551391580388,0,0,2.6456736035049286,2.90428604616912,SPP1,GO_Biological_Process_2023
GO_Biological_Process_2023,Exonucleolytic Catabolism Of Deadenylated mRNA (GO:0043928),1/12,0.3336211582269958,0.6041551391580388,0,0,2.6456736035049286,2.90428604616912,EXOSC5,GO_Biological_Process_2023
GO_Biological_Process_2023,Fibrinolysis (GO:0042730),1/12,0.3336211582269958,0.6041551391580388,0,0,2.6456736035049286,2.90428604616912,PLAU,GO_Biological_Process_2023
GO_Biological_Process_2023,Gamma-Delta T Cell Activation (GO:0046629),1/12,0.3336211582269958,0.6041551391580388,0,0,2.6456736035049286,2.90428604616912,SOX13,GO_Biological_Process_2023
GO_Biological_Process_2023,Vascular Process In Circulatory System (GO:0003018),1/12,0.3336211582269958,0.6041551391580388,0,0,2.6456736035049286,2.90428604616912,ADCY6,GO_Biological_Process_2023
GO_Biological_Process_2023,Granulocyte Differentiation (GO:0030851),1/12,0.3336211582269958,0.6041551391580388,0,0,2.6456736035049286,2.90428604616912,LBR,GO_Biological_Process_2023
GO_Biological_Process_2023,Histone Monoubiquitination (GO:0010390),1/12,0.3336211582269958,0.6041551391580388,0,0,2.6456736035049286,2.90428604616912,BRCA1,GO_Biological_Process_2023
GO_Biological_Process_2023,Icosanoid Secretion (GO:0032309),1/12,0.3336211582269958,0.6041551391580388,0,0,2.6456736035049286,2.90428604616912,LEP,GO_Biological_Process_2023
GO_Biological_Process_2023,"Mitochondrial Electron Transport, Ubiquinol To Cytochrome C (GO:0006122)",1/12,0.3336211582269958,0.6041551391580388,0,0,2.6456736035049286,2.90428604616912,UQCRB,GO_Biological_Process_2023
GO_Biological_Process_2023,Myelination In Peripheral Nervous System (GO:0022011),1/12,0.3336211582269958,0.6041551391580388,0,0,2.6456736035049286,2.90428604616912,PARD3,GO_Biological_Process_2023
GO_Biological_Process_2023,Negative Regulation By Host Of Viral Transcription (GO:0043922),1/12,0.3336211582269958,0.6041551391580388,0,0,2.6456736035049286,2.90428604616912,TFAP4,GO_Biological_Process_2023
GO_Biological_Process_2023,Negative Regulation Of Hippo Signaling (GO:0035331),1/12,0.3336211582269958,0.6041551391580388,0,0,2.6456736035049286,2.90428604616912,CIT,GO_Biological_Process_2023
GO_Biological_Process_2023,Negative Regulation Of Macrophage Derived Foam Cell Differentiation (GO:0010745),1/12,0.3336211582269958,0.6041551391580388,0,0,2.6456736035049286,2.90428604616912,PPARG,GO_Biological_Process_2023
GO_Biological_Process_2023,Negative Regulation Of Mononuclear Cell Migration (GO:0071676),1/12,0.3336211582269958,0.6041551391580388,0,0,2.6456736035049286,2.90428604616912,PLCB1,GO_Biological_Process_2023
GO_Biological_Process_2023,Negative Regulation Of Stem Cell Differentiation (GO:2000737),1/12,0.3336211582269958,0.6041551391580388,0,0,2.6456736035049286,2.90428604616912,HNRNPU,GO_Biological_Process_2023
GO_Biological_Process_2023,Negative Regulation Of Voltage-Gated Calcium Channel Activity (GO:1901386),1/12,0.3336211582269958,0.6041551391580388,0,0,2.6456736035049286,2.90428604616912,GNB5,GO_Biological_Process_2023
GO_Biological_Process_2023,Oligosaccharide-Lipid Intermediate Biosynthetic Process (GO:0006490),1/12,0.3336211582269958,0.6041551391580388,0,0,2.6456736035049286,2.90428604616912,ALG8,GO_Biological_Process_2023
GO_Biological_Process_2023,Phospholipid Homeostasis (GO:0055091),1/12,0.3336211582269958,0.6041551391580388,0,0,2.6456736035049286,2.90428604616912,TLCD1,GO_Biological_Process_2023
GO_Biological_Process_2023,Positive Regulation By Symbiont Of Entry Into Host (GO:0075294),1/12,0.3336211582269958,0.6041551391580388,0,0,2.6456736035049286,2.90428604616912,TRIM11,GO_Biological_Process_2023
GO_Biological_Process_2023,Positive Regulation Of DNA-directed DNA Polymerase Activity (GO:1900264),1/12,0.3336211582269958,0.6041551391580388,0,0,2.6456736035049286,2.90428604616912,POLG2,GO_Biological_Process_2023
GO_Biological_Process_2023,Positive Regulation Of T Cell Chemotaxis (GO:0010820),1/12,0.3336211582269958,0.6041551391580388,0,0,2.6456736035049286,2.90428604616912,STK39,GO_Biological_Process_2023
GO_Biological_Process_2023,Positive Regulation Of Alcohol Biosynthetic Process (GO:1902932),1/12,0.3336211582269958,0.6041551391580388,0,0,2.6456736035049286,2.90428604616912,SREBF2,GO_Biological_Process_2023
GO_Biological_Process_2023,Positive Regulation Of mRNA Metabolic Process (GO:1903313),1/12,0.3336211582269958,0.6041551391580388,0,0,2.6456736035049286,2.90428604616912,PNPT1,GO_Biological_Process_2023
GO_Biological_Process_2023,Positive Regulation Of Neuroinflammatory Response (GO:0150078),1/12,0.3336211582269958,0.6041551391580388,0,0,2.6456736035049286,2.90428604616912,NUPR1,GO_Biological_Process_2023
GO_Biological_Process_2023,Positive Regulation Of Protein Export From Nucleus (GO:0046827),1/12,0.3336211582269958,0.6041551391580388,0,0,2.6456736035049286,2.90428604616912,BAG3,GO_Biological_Process_2023
GO_Biological_Process_2023,Positive Regulation Of Regulated Secretory Pathway (GO:1903307),1/12,0.3336211582269958,0.6041551391580388,0,0,2.6456736035049286,2.90428604616912,STX1A,GO_Biological_Process_2023
GO_Biological_Process_2023,Positive Regulation Of Sodium Ion Transmembrane Transporter Activity (GO:2000651),1/12,0.3336211582269958,0.6041551391580388,0,0,2.6456736035049286,2.90428604616912,ATP1B1,GO_Biological_Process_2023
GO_Biological_Process_2023,Positive Regulation Of Vascular Endothelial Cell Proliferation (GO:1905564),1/12,0.3336211582269958,0.6041551391580388,0,0,2.6456736035049286,2.90428604616912,APLN,GO_Biological_Process_2023
GO_Biological_Process_2023,Positive Regulation Of Viral Entry Into Host Cell (GO:0046598),1/12,0.3336211582269958,0.6041551391580388,0,0,2.6456736035049286,2.90428604616912,TRIM11,GO_Biological_Process_2023
GO_Biological_Process_2023,Primary miRNA Processing (GO:0031053),1/12,0.3336211582269958,0.6041551391580388,0,0,2.6456736035049286,2.90428604616912,SMAD3,GO_Biological_Process_2023
GO_Biological_Process_2023,Pseudouridine Synthesis (GO:0001522),1/12,0.3336211582269958,0.6041551391580388,0,0,2.6456736035049286,2.90428604616912,PUS7,GO_Biological_Process_2023
GO_Biological_Process_2023,Pyrimidine Deoxyribonucleotide Catabolic Process (GO:0009223),1/12,0.3336211582269958,0.6041551391580388,0,0,2.6456736035049286,2.90428604616912,OGG1,GO_Biological_Process_2023
GO_Biological_Process_2023,Regulation Of DNA-directed DNA Polymerase Activity (GO:1900262),1/12,0.3336211582269958,0.6041551391580388,0,0,2.6456736035049286,2.90428604616912,POLG2,GO_Biological_Process_2023
GO_Biological_Process_2023,Regulation Of Endothelial Cell Migration (GO:0010594),4/88,0.3358345892859397,0.6059270940433679,0,0,1.3868597363302355,1.5132533258811829,DLL4;GPI;STC1;ADAMTS9,GO_Biological_Process_2023
GO_Biological_Process_2023,Negative Regulation Of Protein Kinase Activity (GO:0006469),4/88,0.3358345892859397,0.6059270940433679,0,0,1.3868597363302355,1.5132533258811829,NPM1;PRKRIP1;TESK1;TRIB3,GO_Biological_Process_2023
GO_Biological_Process_2023,Endoplasmic Reticulum To Golgi Vesicle-Mediated Transport (GO:0006888),5/115,0.3360497363066878,0.6059270940433679,0,0,1.3240358126721763,1.44385589693215,TFG;TBC1D20;TRAPPC4;LMAN2;YKT6,GO_Biological_Process_2023
GO_Biological_Process_2023,Regulation Of Erythrocyte Differentiation (GO:0045646),2/36,0.3375268353664097,0.6059270940433679,0,0,1.7124478750776329,1.8599072062097632,PRKDC;PRMT1,GO_Biological_Process_2023
GO_Biological_Process_2023,Regulation Of Glucose Import (GO:0046324),2/36,0.3375268353664097,0.6059270940433679,0,0,1.7124478750776329,1.8599072062097632,GSK3A;LEP,GO_Biological_Process_2023
GO_Biological_Process_2023,Base-Excision Repair (GO:0006284),2/36,0.3375268353664097,0.6059270940433679,0,0,1.7124478750776329,1.8599072062097632,OGG1;LIG3,GO_Biological_Process_2023
GO_Biological_Process_2023,Regulation Of Peptidyl-Threonine Phosphorylation (GO:0010799),2/36,0.3375268353664097,0.6059270940433679,0,0,1.7124478750776329,1.8599072062097632,RPTOR;PARD3,GO_Biological_Process_2023
GO_Biological_Process_2023,Negative Regulation Of Organelle Assembly (GO:1902116),2/36,0.3375268353664097,0.6059270940433679,0,0,1.7124478750776329,1.8599072062097632,TESK1;NUPR1,GO_Biological_Process_2023
GO_Biological_Process_2023,Negative Regulation Of Sequestering Of Calcium Ion (GO:0051283),2/36,0.3375268353664097,0.6059270940433679,0,0,1.7124478750776329,1.8599072062097632,PLCE1;PLCB1,GO_Biological_Process_2023
GO_Biological_Process_2023,Positive Regulation Of Double-Strand Break Repair Via Homologous Recombination (GO:1905168),2/36,0.3375268353664097,0.6059270940433679,0,0,1.7124478750776329,1.8599072062097632,RAD51AP1;PARP1,GO_Biological_Process_2023
GO_Biological_Process_2023,Positive Regulation Of Interferon-Beta Production (GO:0032728),2/36,0.3375268353664097,0.6059270940433679,0,0,1.7124478750776329,1.8599072062097632,HSP90AA1;POLR3F,GO_Biological_Process_2023
GO_Biological_Process_2023,Positive Regulation Of Myeloid Cell Differentiation (GO:0045639),2/36,0.3375268353664097,0.6059270940433679,0,0,1.7124478750776329,1.8599072062097632,PRKDC;PRMT1,GO_Biological_Process_2023
GO_Biological_Process_2023,Receptor Signaling Pathway Via JAK-STAT (GO:0007259),2/36,0.3375268353664097,0.6059270940433679,0,0,1.7124478750776329,1.8599072062097632,CLCF1;LEP,GO_Biological_Process_2023
GO_Biological_Process_2023,Negative Regulation Of Kinase Activity (GO:0033673),3/62,0.3402342086407984,0.6099735212874007,0,0,1.4805673613600288,1.596230837597353,PRKRIP1;HNRNPU;TRIB3,GO_Biological_Process_2023
GO_Biological_Process_2023,Protein Lipidation (GO:0006497),3/62,0.3402342086407984,0.6099735212874007,0,0,1.4805673613600288,1.596230837597353,PIGC;ZDHHC9;PIGZ,GO_Biological_Process_2023
GO_Biological_Process_2023,Ras Protein Signal Transduction (GO:0007265),6/144,0.3460888814218732,0.6200567109895212,0,0,1.2665435112489278,1.3438782200635826,ARHGEF11;GPSM2;RAP2A;RACGAP1;NKIRAS2;PLCE1,GO_Biological_Process_2023
GO_Biological_Process_2023,G1/S Transition Of Mitotic Cell Cycle (GO:0000082),3/63,0.3493881953643346,0.6222720523833485,0,0,1.4558157099697886,1.5308945534163654,CUL2;E2F2;E2F3,GO_Biological_Process_2023
GO_Biological_Process_2023,Phosphatidylinositol Metabolic Process (GO:0046488),3/63,0.3493881953643346,0.6222720523833485,0,0,1.4558157099697886,1.5308945534163654,LPGAT1;PIP5K1A;PLCB1,GO_Biological_Process_2023
GO_Biological_Process_2023,Regulation Of Sodium Ion Transmembrane Transporter Activity (GO:2000649),2/37,0.3497258922794931,0.6222720523833485,0,0,1.6634346046110753,1.7476137045974172,STK39;NEDD4L,GO_Biological_Process_2023
GO_Biological_Process_2023,Negative Regulation Of Smooth Muscle Cell Proliferation (GO:0048662),2/37,0.3497258922794931,0.6222720523833485,0,0,1.6634346046110753,1.7476137045974172,PPARG;APLN,GO_Biological_Process_2023
GO_Biological_Process_2023,Protein Acylation (GO:0043543),2/37,0.3497258922794931,0.6222720523833485,0,0,1.6634346046110753,1.7476137045974172,ZDHHC9;NAT10,GO_Biological_Process_2023
GO_Biological_Process_2023,GTP Metabolic Process (GO:0046039),1/13,0.3557915209883394,0.6222720523833485,0,0,2.4250753012048194,2.506097879105358,RAN,GO_Biological_Process_2023
GO_Biological_Process_2023,Regulation Of Humoral Immune Response (GO:0002920),1/13,0.3557915209883394,0.6222720523833485,0,0,2.4250753012048194,2.506097879105358,ZP3,GO_Biological_Process_2023
GO_Biological_Process_2023,Regulation Of Leukocyte Migration (GO:0002685),1/13,0.3557915209883394,0.6222720523833485,0,0,2.4250753012048194,2.506097879105358,ZP3,GO_Biological_Process_2023
GO_Biological_Process_2023,Amyloid Precursor Protein Catabolic Process (GO:0042987),1/13,0.3557915209883394,0.6222720523833485,0,0,2.4250753012048194,2.506097879105358,APH1A,GO_Biological_Process_2023
GO_Biological_Process_2023,Atrial Septum Development (GO:0003283),1/13,0.3557915209883394,0.6222720523833485,0,0,2.4250753012048194,2.506097879105358,DAND5,GO_Biological_Process_2023
GO_Biological_Process_2023,Branching Involved In Blood Vessel Morphogenesis (GO:0001569),1/13,0.3557915209883394,0.6222720523833485,0,0,2.4250753012048194,2.506097879105358,DLL4,GO_Biological_Process_2023
GO_Biological_Process_2023,Cardiac Left Ventricle Morphogenesis (GO:0003214),1/13,0.3557915209883394,0.6222720523833485,0,0,2.4250753012048194,2.506097879105358,GSK3A,GO_Biological_Process_2023
GO_Biological_Process_2023,Regulation Of Response To Endoplasmic Reticulum Stress (GO:1905897),1/13,0.3557915209883394,0.6222720523833485,0,0,2.4250753012048194,2.506097879105358,NUPR1,GO_Biological_Process_2023
GO_Biological_Process_2023,Regulation Of Transcription Of Nucleolar Large rRNA By RNA Polymerase I (GO:1901836),1/13,0.3557915209883394,0.6222720523833485,0,0,2.4250753012048194,2.506097879105358,PIH1D1,GO_Biological_Process_2023
GO_Biological_Process_2023,Relaxation Of Muscle (GO:0090075),1/13,0.3557915209883394,0.6222720523833485,0,0,2.4250753012048194,2.506097879105358,ATP1B1,GO_Biological_Process_2023
GO_Biological_Process_2023,Response To Chemokine (GO:1990868),1/13,0.3557915209883394,0.6222720523833485,0,0,2.4250753012048194,2.506097879105358,STK39,GO_Biological_Process_2023
GO_Biological_Process_2023,Cotranslational Protein Targeting To Membrane (GO:0006613),1/13,0.3557915209883394,0.6222720523833485,0,0,2.4250753012048194,2.506097879105358,SSR2,GO_Biological_Process_2023
GO_Biological_Process_2023,Endolysosomal Toll-Like Receptor Signaling Pathway (GO:0140894),1/13,0.3557915209883394,0.6222720523833485,0,0,2.4250753012048194,2.506097879105358,IRAK1,GO_Biological_Process_2023
GO_Biological_Process_2023,Endoplasmic Reticulum Mannose Trimming (GO:1904380),1/13,0.3557915209883394,0.6222720523833485,0,0,2.4250753012048194,2.506097879105358,MAN1B1,GO_Biological_Process_2023
GO_Biological_Process_2023,Spliceosomal tri-snRNP Complex Assembly (GO:0000244),1/13,0.3557915209883394,0.6222720523833485,0,0,2.4250753012048194,2.506097879105358,PRPF6,GO_Biological_Process_2023
GO_Biological_Process_2023,Ether Lipid Metabolic Process (GO:0046485),1/13,0.3557915209883394,0.6222720523833485,0,0,2.4250753012048194,2.506097879105358,GNPAT,GO_Biological_Process_2023
GO_Biological_Process_2023,Synaptic Vesicle Localization (GO:0097479),1/13,0.3557915209883394,0.6222720523833485,0,0,2.4250753012048194,2.506097879105358,SNAPIN,GO_Biological_Process_2023
GO_Biological_Process_2023,Glutamine Metabolic Process (GO:0006541),1/13,0.3557915209883394,0.6222720523833485,0,0,2.4250753012048194,2.506097879105358,CAD,GO_Biological_Process_2023
GO_Biological_Process_2023,Intracellular Potassium Ion Homeostasis (GO:0030007),1/13,0.3557915209883394,0.6222720523833485,0,0,2.4250753012048194,2.506097879105358,ATP1B1,GO_Biological_Process_2023
GO_Biological_Process_2023,Microvillus Organization (GO:0032528),1/13,0.3557915209883394,0.6222720523833485,0,0,2.4250753012048194,2.506097879105358,RAP2A,GO_Biological_Process_2023
GO_Biological_Process_2023,Negative Regulation Of Cell Activation (GO:0050866),1/13,0.3557915209883394,0.6222720523833485,0,0,2.4250753012048194,2.506097879105358,PDGFB,GO_Biological_Process_2023
GO_Biological_Process_2023,Negative Regulation Of Cell Migration Involved In Sprouting Angiogenesis (GO:0090051),1/13,0.3557915209883394,0.6222720523833485,0,0,2.4250753012048194,2.506097879105358,DLL4,GO_Biological_Process_2023
GO_Biological_Process_2023,Negative Regulation Of Translational Initiation (GO:0045947),1/13,0.3557915209883394,0.6222720523833485,0,0,2.4250753012048194,2.506097879105358,PAIP2,GO_Biological_Process_2023
GO_Biological_Process_2023,Positive Regulation Of Alpha-Beta T Cell Differentiation (GO:0046638),1/13,0.3557915209883394,0.6222720523833485,0,0,2.4250753012048194,2.506097879105358,NKAP,GO_Biological_Process_2023
GO_Biological_Process_2023,Positive Regulation Of Double-Strand Break Repair Via Nonhomologous End Joining (GO:2001034),1/13,0.3557915209883394,0.6222720523833485,0,0,2.4250753012048194,2.506097879105358,PRKDC,GO_Biological_Process_2023
GO_Biological_Process_2023,Positive Regulation Of Glycoprotein Biosynthetic Process (GO:0010560),1/13,0.3557915209883394,0.6222720523833485,0,0,2.4250753012048194,2.506097879105358,PLCB1,GO_Biological_Process_2023
GO_Biological_Process_2023,Positive Regulation Of Histone Deacetylation (GO:0031065),1/13,0.3557915209883394,0.6222720523833485,0,0,2.4250753012048194,2.506097879105358,SUV39H1,GO_Biological_Process_2023
GO_Biological_Process_2023,Positive Regulation Of Potassium Ion Transmembrane Transporter Activity (GO:1901018),1/13,0.3557915209883394,0.6222720523833485,0,0,2.4250753012048194,2.506097879105358,ATP1B1,GO_Biological_Process_2023
GO_Biological_Process_2023,Protein Localization To Synapse (GO:0035418),1/13,0.3557915209883394,0.6222720523833485,0,0,2.4250753012048194,2.506097879105358,ILF3,GO_Biological_Process_2023
GO_Biological_Process_2023,Regulation Of T Cell Chemotaxis (GO:0010819),1/13,0.3557915209883394,0.6222720523833485,0,0,2.4250753012048194,2.506097879105358,STK39,GO_Biological_Process_2023
GO_Biological_Process_2023,Regulation Of Cell Fate Commitment (GO:0010453),1/13,0.3557915209883394,0.6222720523833485,0,0,2.4250753012048194,2.506097879105358,MTA3,GO_Biological_Process_2023
GO_Biological_Process_2023,Positive Regulation Of Cell Projection Organization (GO:0031346),5/118,0.3558813409951591,0.6222720523833485,0,0,1.2886832931080718,1.3314133448500274,CUL7;PLXNA2;DVL3;CBFA2T2;PLXNA3,GO_Biological_Process_2023
GO_Biological_Process_2023,Negative Regulation Of Response To External Stimulus (GO:0032102),6/146,0.3579568042544666,0.6254157449234305,0,0,1.248319965315413,1.2824527261573957,PARP1;PRKDC;RNF26;PPARG;YWHAZ;AURKB,GO_Biological_Process_2023
GO_Biological_Process_2023,Response To Metal Ion (GO:0010038),3/64,0.3585283926948321,0.6254157449234305,0,0,1.4318755881333267,1.4687426952825804,SLC30A3;NDRG1;PPP1CA,GO_Biological_Process_2023
GO_Biological_Process_2023,Endocytic Recycling (GO:0032456),3/64,0.3585283926948321,0.6254157449234305,0,0,1.4318755881333267,1.4687426952825804,ANKRD27;RAB13;CCDC93,GO_Biological_Process_2023
GO_Biological_Process_2023,Positive Regulation Of MAP Kinase Activity (GO:0043406),4/91,0.3586088793819596,0.6254157449234305,0,0,1.3388283165527677,1.3729991739378955,IRAK1;PDGFB;DVL3;TRAF2,GO_Biological_Process_2023
GO_Biological_Process_2023,Regulation Of Telomere Maintenance (GO:0032204),2/38,0.3618474094746983,0.6286193537097567,0,0,1.617144293614882,1.6438800175753054,SLX4;NSMCE2,GO_Biological_Process_2023
GO_Biological_Process_2023,Response To cAMP (GO:0051591),2/38,0.3618474094746983,0.6286193537097567,0,0,1.617144293614882,1.6438800175753054,VGF;SLC26A6,GO_Biological_Process_2023
GO_Biological_Process_2023,Response To Peptide (GO:1901652),2/38,0.3618474094746983,0.6286193537097567,0,0,1.617144293614882,1.6438800175753054,KAT7;MMP9,GO_Biological_Process_2023
GO_Biological_Process_2023,Response To Transforming Growth Factor Beta (GO:0071559),2/38,0.3618474094746983,0.6286193537097567,0,0,1.617144293614882,1.6438800175753054,SMAD3;PDCD5,GO_Biological_Process_2023
GO_Biological_Process_2023,Positive Regulation Of Axonogenesis (GO:0050772),2/38,0.3618474094746983,0.6286193537097567,0,0,1.617144293614882,1.6438800175753054,PLXNA2;PLXNA3,GO_Biological_Process_2023
GO_Biological_Process_2023,Positive Regulation Of Production Of Molecular Mediator Of Immune Response (GO:0002702),2/38,0.3618474094746983,0.6286193537097567,0,0,1.617144293614882,1.6438800175753054,GPI;CLCF1,GO_Biological_Process_2023
GO_Biological_Process_2023,Regulation Of Protein-Containing Complex Assembly (GO:0043254),5/119,0.3625041643156448,0.6293540039828388,0,0,1.2773125996810208,1.2961137687260595,CHAF1B;HSP90AA1;MMP1;TRAF2;HCFC1,GO_Biological_Process_2023
GO_Biological_Process_2023,Cellular Component Assembly (GO:0022607),10/260,0.3647828251029394,0.6301138506885834,0,0,1.1654961832061068,1.175348241556689,YTHDF1;BAIAP2L1;TFAP4;GPAA1;PARD3;CSNK2B;KNTC1;TRAF2;TLCD1;YWHAZ,GO_Biological_Process_2023
GO_Biological_Process_2023,Fatty Acid Biosynthetic Process (GO:0006633),3/65,0.3676501326917713,0.6301138506885834,0,0,1.4087077282915894,1.4095860849190305,ELOVL5;ABHD3;ELOVL7,GO_Biological_Process_2023
GO_Biological_Process_2023,Regulation Of MAPK Cascade (GO:0043408),8/204,0.3682285690894805,0.6301138506885834,0,0,1.1890162457677136,1.187888371076122,SHC1;LEP;PDGFB;APIP;PLCE1;ADRA1D;YWHAZ;STK3,GO_Biological_Process_2023
GO_Biological_Process_2023,Regulation Of Endothelial Cell Proliferation (GO:0001936),4/93,0.3737874758771037,0.6301138506885834,0,0,1.308606299614136,1.2877574393150435,PDCL3;LEP;PDGFB;MEN1,GO_Biological_Process_2023
GO_Biological_Process_2023,Positive Regulation Of Cellular Component Biogenesis (GO:0044089),4/93,0.3737874758771037,0.6301138506885834,0,0,1.308606299614136,1.2877574393150435,CHAF1B;SLX4;SMAD3;MMP1,GO_Biological_Process_2023
GO_Biological_Process_2023,RNA Transport (GO:0050658),2/39,0.3738830611590648,0.6301138506885834,0,0,1.5733561615914555,1.5478869885391668,NUP62;RAE1,GO_Biological_Process_2023
GO_Biological_Process_2023,Regulation Of Nitric Oxide Biosynthetic Process (GO:0045428),2/39,0.3738830611590648,0.6301138506885834,0,0,1.5733561615914555,1.5478869885391668,HSP90AA1;SMAD3,GO_Biological_Process_2023
GO_Biological_Process_2023,Regulation Of Protein Tyrosine Kinase Activity (GO:0061097),2/39,0.3738830611590648,0.6301138506885834,0,0,1.5733561615914555,1.5478869885391668,SHC1;PDGFB,GO_Biological_Process_2023
GO_Biological_Process_2023,Release Of Sequestered Calcium Ion Into Cytosol (GO:0051209),2/39,0.3738830611590648,0.6301138506885834,0,0,1.5733561615914555,1.5478869885391668,PLCE1;PLCB1,GO_Biological_Process_2023
GO_Biological_Process_2023,Histone H4 Acetylation (GO:0043967),2/39,0.3738830611590648,0.6301138506885834,0,0,1.5733561615914555,1.5478869885391668,KAT7;HCFC1,GO_Biological_Process_2023
GO_Biological_Process_2023,Negative Regulation Of Ubiquitin-Dependent Protein Catabolic Process (GO:2000059),2/39,0.3738830611590648,0.6301138506885834,0,0,1.5733561615914555,1.5478869885391668,PDCL3;CSNK2A1,GO_Biological_Process_2023
GO_Biological_Process_2023,Positive Regulation Of Intracellular Transport (GO:0032388),2/39,0.3738830611590648,0.6301138506885834,0,0,1.5733561615914555,1.5478869885391668,SPAG5;TBC1D20,GO_Biological_Process_2023
GO_Biological_Process_2023,Positive Regulation Of Intrinsic Apoptotic Signaling Pathway (GO:2001244),2/39,0.3738830611590648,0.6301138506885834,0,0,1.5733561615914555,1.5478869885391668,MSX1;NUPR1,GO_Biological_Process_2023
GO_Biological_Process_2023,COPII-coated Vesicle Cargo Loading (GO:0090110),1/14,0.377225348739988,0.6301138506885834,0,0,2.238415199258573,2.182259020835098,TBC1D20,GO_Biological_Process_2023
GO_Biological_Process_2023,Regulation Of Exit From Mitosis (GO:0007096),1/14,0.377225348739988,0.6301138506885834,0,0,2.238415199258573,2.182259020835098,KNTC1,GO_Biological_Process_2023
GO_Biological_Process_2023,L-glutamate Transmembrane Transport (GO:0015813),1/14,0.377225348739988,0.6301138506885834,0,0,2.238415199258573,2.182259020835098,SLC1A4,GO_Biological_Process_2023
GO_Biological_Process_2023,"RNA Phosphodiester Bond Hydrolysis, Endonucleolytic (GO:0090502)",1/14,0.377225348739988,0.6301138506885834,0,0,2.238415199258573,2.182259020835098,RPP40,GO_Biological_Process_2023
GO_Biological_Process_2023,Regulation Of Hemopoiesis (GO:1903706),1/14,0.377225348739988,0.6301138506885834,0,0,2.238415199258573,2.182259020835098,BRPF3,GO_Biological_Process_2023
GO_Biological_Process_2023,Regulation Of Integrin Activation (GO:0033623),1/14,0.377225348739988,0.6301138506885834,0,0,2.238415199258573,2.182259020835098,KIF14,GO_Biological_Process_2023
GO_Biological_Process_2023,Regulation Of Neuron Projection Arborization (GO:0150011),1/14,0.377225348739988,0.6301138506885834,0,0,2.238415199258573,2.182259020835098,DVL3,GO_Biological_Process_2023
GO_Biological_Process_2023,Regulation Of Non-Canonical Wnt Signaling Pathway (GO:2000050),1/14,0.377225348739988,0.6301138506885834,0,0,2.238415199258573,2.182259020835098,GPC3,GO_Biological_Process_2023
GO_Biological_Process_2023,Bone Morphogenesis (GO:0060349),1/14,0.377225348739988,0.6301138506885834,0,0,2.238415199258573,2.182259020835098,OSR2,GO_Biological_Process_2023
GO_Biological_Process_2023,Regulation Of Phosphate Metabolic Process (GO:0019220),1/14,0.377225348739988,0.6301138506885834,0,0,2.238415199258573,2.182259020835098,SMG7,GO_Biological_Process_2023
GO_Biological_Process_2023,Cellular Response To Exogenous dsRNA (GO:0071360),1/14,0.377225348739988,0.6301138506885834,0,0,2.238415199258573,2.182259020835098,COLEC12,GO_Biological_Process_2023
GO_Biological_Process_2023,Regulation Of Transposition (GO:0010528),1/14,0.377225348739988,0.6301138506885834,0,0,2.238415199258573,2.182259020835098,APOBEC3B,GO_Biological_Process_2023
GO_Biological_Process_2023,Regulation Of Vesicle Size (GO:0097494),1/14,0.377225348739988,0.6301138506885834,0,0,2.238415199258573,2.182259020835098,SNAPIN,GO_Biological_Process_2023
GO_Biological_Process_2023,Dolichol Metabolic Process (GO:0019348),1/14,0.377225348739988,0.6301138506885834,0,0,2.238415199258573,2.182259020835098,ALG8,GO_Biological_Process_2023
GO_Biological_Process_2023,Electron Transport Chain (GO:0022900),1/14,0.377225348739988,0.6301138506885834,0,0,2.238415199258573,2.182259020835098,NDOR1,GO_Biological_Process_2023
GO_Biological_Process_2023,Embryonic Cranial Skeleton Morphogenesis (GO:0048701),1/14,0.377225348739988,0.6301138506885834,0,0,2.238415199258573,2.182259020835098,MTHFD1L,GO_Biological_Process_2023
GO_Biological_Process_2023,Establishment Of Apical/Basal Cell Polarity (GO:0035089),1/14,0.377225348739988,0.6301138506885834,0,0,2.238415199258573,2.182259020835098,RAP2A,GO_Biological_Process_2023
GO_Biological_Process_2023,Striated Muscle Tissue Development (GO:0014706),1/14,0.377225348739988,0.6301138506885834,0,0,2.238415199258573,2.182259020835098,PRMT1,GO_Biological_Process_2023
GO_Biological_Process_2023,Establishment Of Spindle Localization (GO:0051293),1/14,0.377225348739988,0.6301138506885834,0,0,2.238415199258573,2.182259020835098,ESPL1,GO_Biological_Process_2023
GO_Biological_Process_2023,Telomere Capping (GO:0016233),1/14,0.377225348739988,0.6301138506885834,0,0,2.238415199258573,2.182259020835098,PRKDC,GO_Biological_Process_2023
GO_Biological_Process_2023,Formation Of Cytoplasmic Translation Initiation Complex (GO:0001732),1/14,0.377225348739988,0.6301138506885834,0,0,2.238415199258573,2.182259020835098,EIF3M,GO_Biological_Process_2023
GO_Biological_Process_2023,Histone H2A Monoubiquitination (GO:0035518),1/14,0.377225348739988,0.6301138506885834,0,0,2.238415199258573,2.182259020835098,BRCA1,GO_Biological_Process_2023
GO_Biological_Process_2023,Histone mRNA Catabolic Process (GO:0071044),1/14,0.377225348739988,0.6301138506885834,0,0,2.238415199258573,2.182259020835098,EXOSC4,GO_Biological_Process_2023
GO_Biological_Process_2023,Medium-Chain Fatty Acid Metabolic Process (GO:0051791),1/14,0.377225348739988,0.6301138506885834,0,0,2.238415199258573,2.182259020835098,ABHD3,GO_Biological_Process_2023
GO_Biological_Process_2023,Membrane Raft Organization (GO:0031579),1/14,0.377225348739988,0.6301138506885834,0,0,2.238415199258573,2.182259020835098,COLEC12,GO_Biological_Process_2023
GO_Biological_Process_2023,Membrane Repolarization During Cardiac Muscle Cell Action Potential (GO:0086013),1/14,0.377225348739988,0.6301138506885834,0,0,2.238415199258573,2.182259020835098,ATP1B1,GO_Biological_Process_2023
GO_Biological_Process_2023,Microvillus Assembly (GO:0030033),1/14,0.377225348739988,0.6301138506885834,0,0,2.238415199258573,2.182259020835098,RAP2A,GO_Biological_Process_2023
GO_Biological_Process_2023,Monosaccharide Transmembrane Transport (GO:0015749),1/14,0.377225348739988,0.6301138506885834,0,0,2.238415199258573,2.182259020835098,SLC50A1,GO_Biological_Process_2023
GO_Biological_Process_2023,Negative Regulation Of Blood Pressure (GO:0045776),1/14,0.377225348739988,0.6301138506885834,0,0,2.238415199258573,2.182259020835098,APLN,GO_Biological_Process_2023
GO_Biological_Process_2023,Negative Regulation Of Cilium Assembly (GO:1902018),1/14,0.377225348739988,0.6301138506885834,0,0,2.238415199258573,2.182259020835098,TESK1,GO_Biological_Process_2023
GO_Biological_Process_2023,Negative Regulation Of Defense Response To Virus (GO:0050687),1/14,0.377225348739988,0.6301138506885834,0,0,2.238415199258573,2.182259020835098,RNF26,GO_Biological_Process_2023
GO_Biological_Process_2023,"Negative Regulation Of mRNA Splicing, Via Spliceosome (GO:0048025)",1/14,0.377225348739988,0.6301138506885834,0,0,2.238415199258573,2.182259020835098,PTBP1,GO_Biological_Process_2023
GO_Biological_Process_2023,Negative Regulation Of Peptidyl-Threonine Phosphorylation (GO:0010801),1/14,0.377225348739988,0.6301138506885834,0,0,2.238415199258573,2.182259020835098,PARD3,GO_Biological_Process_2023
GO_Biological_Process_2023,Negative Regulation Of Receptor Signaling Pathway Via STAT (GO:1904893),1/14,0.377225348739988,0.6301138506885834,0,0,2.238415199258573,2.182259020835098,PPARG,GO_Biological_Process_2023
GO_Biological_Process_2023,Nuclear Pore Organization (GO:0006999),1/14,0.377225348739988,0.6301138506885834,0,0,2.238415199258573,2.182259020835098,NUP133,GO_Biological_Process_2023
GO_Biological_Process_2023,Odontogenesis Of Dentin-Containing Tooth (GO:0042475),1/14,0.377225348739988,0.6301138506885834,0,0,2.238415199258573,2.182259020835098,MSX1,GO_Biological_Process_2023
GO_Biological_Process_2023,Polarized Epithelial Cell Differentiation (GO:0030859),1/14,0.377225348739988,0.6301138506885834,0,0,2.238415199258573,2.182259020835098,RAP2A,GO_Biological_Process_2023
GO_Biological_Process_2023,Positive Regulation Of Histone Acetylation (GO:0035066),1/14,0.377225348739988,0.6301138506885834,0,0,2.238415199258573,2.182259020835098,BRCA1,GO_Biological_Process_2023
GO_Biological_Process_2023,Positive Regulation Of Telomerase RNA Localization To Cajal Body (GO:1904874),1/14,0.377225348739988,0.6301138506885834,0,0,2.238415199258573,2.182259020835098,CCT7,GO_Biological_Process_2023
GO_Biological_Process_2023,Positive Regulation Of Transporter Activity (GO:0032411),1/14,0.377225348739988,0.6301138506885834,0,0,2.238415199258573,2.182259020835098,STK39,GO_Biological_Process_2023
GO_Biological_Process_2023,Post-Translational Protein Targeting To Endoplasmic Reticulum Membrane (GO:0006620),1/14,0.377225348739988,0.6301138506885834,0,0,2.238415199258573,2.182259020835098,UBL4A,GO_Biological_Process_2023
GO_Biological_Process_2023,Protein Homotrimerization (GO:0070207),1/14,0.377225348739988,0.6301138506885834,0,0,2.238415199258573,2.182259020835098,PNPT1,GO_Biological_Process_2023
GO_Biological_Process_2023,Protein Trimerization (GO:0070206),1/14,0.377225348739988,0.6301138506885834,0,0,2.238415199258573,2.182259020835098,PNPT1,GO_Biological_Process_2023
GO_Biological_Process_2023,Regulation Of ATP Biosynthetic Process (GO:2001169),1/14,0.377225348739988,0.6301138506885834,0,0,2.238415199258573,2.182259020835098,PARP1,GO_Biological_Process_2023
GO_Biological_Process_2023,Regulation Of Bone Remodeling (GO:0046850),1/14,0.377225348739988,0.6301138506885834,0,0,2.238415199258573,2.182259020835098,LEP,GO_Biological_Process_2023
GO_Biological_Process_2023,Regulation Of Branching Involved In Ureteric Bud Morphogenesis (GO:0090189),1/14,0.377225348739988,0.6301138506885834,0,0,2.238415199258573,2.182259020835098,SIX2,GO_Biological_Process_2023
GO_Biological_Process_2023,Regulation Of Carbohydrate Catabolic Process (GO:0043470),1/14,0.377225348739988,0.6301138506885834,0,0,2.238415199258573,2.182259020835098,PRKAG1,GO_Biological_Process_2023
GO_Biological_Process_2023,Regulation Of Cell Fate Specification (GO:0042659),1/14,0.377225348739988,0.6301138506885834,0,0,2.238415199258573,2.182259020835098,MTA3,GO_Biological_Process_2023
GO_Biological_Process_2023,Protein Localization (GO:0008104),13/351,0.3854087538825604,0.6381856842278886,0,0,1.1206347333647948,1.068470093681864,C17ORF75;NPM1;ATP8B1;SMURF1;RNF26;AP3B1;FAM91A1;RAP2A;GGA3;ERCC3;PARD3;CEP250;STX1A,GO_Biological_Process_2023
GO_Biological_Process_2023,Regulation Of Neurogenesis (GO:0050767),3/67,0.3858204373869967,0.6381856842278886,0,0,1.364543995468278,1.2995687849512636,HLTF;ZNF335;TRIM32,GO_Biological_Process_2023
GO_Biological_Process_2023,Regulation Of Viral Genome Replication (GO:0045069),3/67,0.3858204373869967,0.6381856842278886,0,0,1.364543995468278,1.2995687849512636,DDB1;ILF3;SRPK1,GO_Biological_Process_2023
GO_Biological_Process_2023,Cholesterol Metabolic Process (GO:0008203),3/67,0.3858204373869967,0.6381856842278886,0,0,1.364543995468278,1.2995687849512636,SQLE;MVD;LBR,GO_Biological_Process_2023
GO_Biological_Process_2023,Peptidyl-Tyrosine Phosphorylation (GO:0018108),3/67,0.3858204373869967,0.6381856842278886,0,0,1.364543995468278,1.2995687849512636,LEP;PDGFB;CLK2,GO_Biological_Process_2023
GO_Biological_Process_2023,Protein Secretion (GO:0009306),3/67,0.3858204373869967,0.6381856842278886,0,0,1.364543995468278,1.2995687849512636,PTPRN;RAB13;MEN1,GO_Biological_Process_2023
GO_Biological_Process_2023,Regulation Of Microtubule Cytoskeleton Organization (GO:0070507),2/40,0.3858251590512013,0.6381856842278886,0,0,1.5318726680955783,1.458911055703643,PRKAA2;SKA3,GO_Biological_Process_2023
GO_Biological_Process_2023,Regulation Of Small Molecule Metabolic Process (GO:0062012),2/40,0.3858251590512013,0.6381856842278886,0,0,1.5318726680955783,1.458911055703643,PRKAG1;FOXK2,GO_Biological_Process_2023
GO_Biological_Process_2023,Endothelial Cell Migration (GO:0043542),2/40,0.3858251590512013,0.6381856842278886,0,0,1.5318726680955783,1.458911055703643,RAB13;MEN1,GO_Biological_Process_2023
GO_Biological_Process_2023,Establishment Or Maintenance Of Epithelial Cell Apical/Basal Polarity (GO:0045197),2/40,0.3858251590512013,0.6381856842278886,0,0,1.5318726680955783,1.458911055703643,RAP2A;PARD3,GO_Biological_Process_2023
GO_Biological_Process_2023,Water-Soluble Vitamin Metabolic Process (GO:0006767),2/40,0.3858251590512013,0.6381856842278886,0,0,1.5318726680955783,1.458911055703643,VNN2;FLAD1,GO_Biological_Process_2023
GO_Biological_Process_2023,Negative Regulation Of Protein Localization (GO:1903828),2/40,0.3858251590512013,0.6381856842278886,0,0,1.5318726680955783,1.458911055703643,NEDD4L;YWHAZ,GO_Biological_Process_2023
GO_Biological_Process_2023,Protein Localization To Cilium (GO:0061512),2/40,0.3858251590512013,0.6381856842278886,0,0,1.5318726680955783,1.458911055703643,TULP3;CSNK1D,GO_Biological_Process_2023
GO_Biological_Process_2023,Organonitrogen Compound Biosynthetic Process (GO:1901566),5/123,0.3890048099763687,0.6381856842278886,0,0,1.2337570621468927,1.1648684728797187,NANP;CHKA;ABHD3;ELOVL5;ELOVL7,GO_Biological_Process_2023
GO_Biological_Process_2023,Vesicle-Mediated Transport (GO:0016192),15/411,0.3931552072825187,0.6381856842278886,0,0,1.1036713286713289,1.030333269040902,SNAP47;SNAPIN;DPY30;CSNK1D;AP3B1;AP3M2;CYTH2;DNAJC5;RAB13;SPIRE2;ATP6V1H;EXOC6;AP1S3;CHML;STX1A,GO_Biological_Process_2023
GO_Biological_Process_2023,Aerobic Electron Transport Chain (GO:0019646),3/68,0.3948605305075281,0.6381856842278886,0,0,1.3434812921217756,1.2483932649687055,NDUFB9;UQCRB;CYC1,GO_Biological_Process_2023
GO_Biological_Process_2023,Regulation Of Dendrite Development (GO:0050773),2/41,0.3976666195968502,0.6381856842278886,0,0,1.492516533240515,1.376311082379937,RAP2A;NEDD4L,GO_Biological_Process_2023
GO_Biological_Process_2023,Carbohydrate Catabolic Process (GO:0016052),2/41,0.3976666195968502,0.6381856842278886,0,0,1.492516533240515,1.376311082379937,GPI;PGK1,GO_Biological_Process_2023
GO_Biological_Process_2023,Negative Regulation Of mRNA Catabolic Process (GO:1902373),2/41,0.3976666195968502,0.6381856842278886,0,0,1.492516533240515,1.376311082379937,HNRNPU;PAIP1,GO_Biological_Process_2023
GO_Biological_Process_2023,Regulation Of Cellular Response To Heat (GO:1900034),1/15,0.3979470747433656,0.6381856842278886,0,0,2.07842082616179,1.915132313953084,DNAJB6,GO_Biological_Process_2023
GO_Biological_Process_2023,Regulation Of Cholesterol Biosynthetic Process (GO:0045540),1/15,0.3979470747433656,0.6381856842278886,0,0,2.07842082616179,1.915132313953084,SREBF2,GO_Biological_Process_2023
GO_Biological_Process_2023,DNA Double-Strand Break Processing (GO:0000729),1/15,0.3979470747433656,0.6381856842278886,0,0,2.07842082616179,1.915132313953084,SLX4,GO_Biological_Process_2023
GO_Biological_Process_2023,Regulation Of Dephosphorylation (GO:0035303),1/15,0.3979470747433656,0.6381856842278886,0,0,2.07842082616179,1.915132313953084,SMG7,GO_Biological_Process_2023
GO_Biological_Process_2023,L-glutamate Import (GO:0051938),1/15,0.3979470747433656,0.6381856842278886,0,0,2.07842082616179,1.915132313953084,SLC1A4,GO_Biological_Process_2023
GO_Biological_Process_2023,Regulation Of Hormone Secretion (GO:0046883),1/15,0.3979470747433656,0.6381856842278886,0,0,2.07842082616179,1.915132313953084,NMB,GO_Biological_Process_2023
GO_Biological_Process_2023,Regulation Of Intrinsic Apoptotic Signaling Pathway In Response To DNA Damage (GO:1902229),1/15,0.3979470747433656,0.6381856842278886,0,0,2.07842082616179,1.915132313953084,TRIM32,GO_Biological_Process_2023
GO_Biological_Process_2023,Adenylate Cyclase-Activating Adrenergic Receptor Signaling Pathway (GO:0071880),1/15,0.3979470747433656,0.6381856842278886,0,0,2.07842082616179,1.915132313953084,ADRA1D,GO_Biological_Process_2023
GO_Biological_Process_2023,Regulation Of mRNA Metabolic Process (GO:1903311),1/15,0.3979470747433656,0.6381856842278886,0,0,2.07842082616179,1.915132313953084,SRPK1,GO_Biological_Process_2023
GO_Biological_Process_2023,Regulation Of miRNA-mediated Gene Silencing (GO:0060964),1/15,0.3979470747433656,0.6381856842278886,0,0,2.07842082616179,1.915132313953084,PPARG,GO_Biological_Process_2023
GO_Biological_Process_2023,Amyloid-Beta Metabolic Process (GO:0050435),1/15,0.3979470747433656,0.6381856842278886,0,0,2.07842082616179,1.915132313953084,APH1A,GO_Biological_Process_2023
GO_Biological_Process_2023,Cellular Response To Corticosteroid Stimulus (GO:0071384),1/15,0.3979470747433656,0.6381856842278886,0,0,2.07842082616179,1.915132313953084,HNRNPU,GO_Biological_Process_2023
GO_Biological_Process_2023,Cellular Response To Estrogen Stimulus (GO:0071391),1/15,0.3979470747433656,0.6381856842278886,0,0,2.07842082616179,1.915132313953084,TRIM24,GO_Biological_Process_2023
GO_Biological_Process_2023,Regulation Of Systemic Arterial Blood Pressure (GO:0003073),1/15,0.3979470747433656,0.6381856842278886,0,0,2.07842082616179,1.915132313953084,GSK3A,GO_Biological_Process_2023
GO_Biological_Process_2023,Ceramide Catabolic Process (GO:0046514),1/15,0.3979470747433656,0.6381856842278886,0,0,2.07842082616179,1.915132313953084,HEXB,GO_Biological_Process_2023
GO_Biological_Process_2023,Digestive Tract Morphogenesis (GO:0048546),1/15,0.3979470747433656,0.6381856842278886,0,0,2.07842082616179,1.915132313953084,SIX2,GO_Biological_Process_2023
GO_Biological_Process_2023,Dolichol-Linked Oligosaccharide Biosynthetic Process (GO:0006488),1/15,0.3979470747433656,0.6381856842278886,0,0,2.07842082616179,1.915132313953084,ALG8,GO_Biological_Process_2023
GO_Biological_Process_2023,Stem Cell Development (GO:0048864),1/15,0.3979470747433656,0.6381856842278886,0,0,2.07842082616179,1.915132313953084,TCOF1,GO_Biological_Process_2023
GO_Biological_Process_2023,tRNA Wobble Base Modification (GO:0002097),1/15,0.3979470747433656,0.6381856842278886,0,0,2.07842082616179,1.915132313953084,CTU1,GO_Biological_Process_2023
GO_Biological_Process_2023,tRNA Wobble Uridine Modification (GO:0002098),1/15,0.3979470747433656,0.6381856842278886,0,0,2.07842082616179,1.915132313953084,CTU1,GO_Biological_Process_2023
GO_Biological_Process_2023,Folic Acid-Containing Compound Metabolic Process (GO:0006760),1/15,0.3979470747433656,0.6381856842278886,0,0,2.07842082616179,1.915132313953084,MTHFD1L,GO_Biological_Process_2023
GO_Biological_Process_2023,Histone H4-K5 Acetylation (GO:0043981),1/15,0.3979470747433656,0.6381856842278886,0,0,2.07842082616179,1.915132313953084,KAT7,GO_Biological_Process_2023
GO_Biological_Process_2023,Histone H4-K8 Acetylation (GO:0043982),1/15,0.3979470747433656,0.6381856842278886,0,0,2.07842082616179,1.915132313953084,KAT7,GO_Biological_Process_2023
GO_Biological_Process_2023,Keratan Sulfate Biosynthetic Process (GO:0018146),1/15,0.3979470747433656,0.6381856842278886,0,0,2.07842082616179,1.915132313953084,B4GALT4,GO_Biological_Process_2023
GO_Biological_Process_2023,mRNA Methylation (GO:0080009),1/15,0.3979470747433656,0.6381856842278886,0,0,2.07842082616179,1.915132313953084,TRMT61A,GO_Biological_Process_2023
GO_Biological_Process_2023,Melanosome Transport (GO:0032402),1/15,0.3979470747433656,0.6381856842278886,0,0,2.07842082616179,1.915132313953084,BLOC1S3,GO_Biological_Process_2023
GO_Biological_Process_2023,Membrane Repolarization During Action Potential (GO:0086011),1/15,0.3979470747433656,0.6381856842278886,0,0,2.07842082616179,1.915132313953084,ATP1B1,GO_Biological_Process_2023
GO_Biological_Process_2023,Negative Regulation Of Cell-Substrate Junction Organization (GO:0150118),1/15,0.3979470747433656,0.6381856842278886,0,0,2.07842082616179,1.915132313953084,DYNLL1,GO_Biological_Process_2023
GO_Biological_Process_2023,Negative Regulation Of Epithelial Cell Differentiation (GO:0030857),1/15,0.3979470747433656,0.6381856842278886,0,0,2.07842082616179,1.915132313953084,MMP9,GO_Biological_Process_2023
GO_Biological_Process_2023,Negative Regulation Of Focal Adhesion Assembly (GO:0051895),1/15,0.3979470747433656,0.6381856842278886,0,0,2.07842082616179,1.915132313953084,DYNLL1,GO_Biological_Process_2023
GO_Biological_Process_2023,Negative Regulation Of Gluconeogenesis (GO:0045721),1/15,0.3979470747433656,0.6381856842278886,0,0,2.07842082616179,1.915132313953084,CLK2,GO_Biological_Process_2023
GO_Biological_Process_2023,Negative Regulation Of mRNA Processing (GO:0050686),1/15,0.3979470747433656,0.6381856842278886,0,0,2.07842082616179,1.915132313953084,PTBP1,GO_Biological_Process_2023
GO_Biological_Process_2023,Negative Regulation Of Platelet Activation (GO:0010544),1/15,0.3979470747433656,0.6381856842278886,0,0,2.07842082616179,1.915132313953084,PDGFB,GO_Biological_Process_2023
GO_Biological_Process_2023,Negative Regulation Of Protein Processing (GO:0010955),1/15,0.3979470747433656,0.6381856842278886,0,0,2.07842082616179,1.915132313953084,PLAU,GO_Biological_Process_2023
GO_Biological_Process_2023,Negative Regulation Of Type I Interferon-Mediated Signaling Pathway (GO:0060339),1/15,0.3979470747433656,0.6381856842278886,0,0,2.07842082616179,1.915132313953084,DCST1,GO_Biological_Process_2023
GO_Biological_Process_2023,Peptidyl-Lysine Trimethylation (GO:0018023),1/15,0.3979470747433656,0.6381856842278886,0,0,2.07842082616179,1.915132313953084,NFYA,GO_Biological_Process_2023
GO_Biological_Process_2023,Pigment Granule Transport (GO:0051904),1/15,0.3979470747433656,0.6381856842278886,0,0,2.07842082616179,1.915132313953084,BLOC1S3,GO_Biological_Process_2023
GO_Biological_Process_2023,Platelet-Derived Growth Factor Receptor Signaling Pathway (GO:0048008),1/15,0.3979470747433656,0.6381856842278886,0,0,2.07842082616179,1.915132313953084,PDGFB,GO_Biological_Process_2023
GO_Biological_Process_2023,Positive Regulation Of Cyclin-Dependent Protein Serine/Threonine Kinase Activity (GO:0045737),1/15,0.3979470747433656,0.6381856842278886,0,0,2.07842082616179,1.915132313953084,PDGFB,GO_Biological_Process_2023
GO_Biological_Process_2023,Positive Regulation Of Glucose Metabolic Process (GO:0010907),1/15,0.3979470747433656,0.6381856842278886,0,0,2.07842082616179,1.915132313953084,DDB1,GO_Biological_Process_2023
GO_Biological_Process_2023,Positive Regulation Of Isotype Switching (GO:0045830),1/15,0.3979470747433656,0.6381856842278886,0,0,2.07842082616179,1.915132313953084,CLCF1,GO_Biological_Process_2023
GO_Biological_Process_2023,Positive Regulation Of Secretion (GO:0051047),1/15,0.3979470747433656,0.6381856842278886,0,0,2.07842082616179,1.915132313953084,ACSL3,GO_Biological_Process_2023
GO_Biological_Process_2023,Positive Regulation Of Transcription By RNA Polymerase III (GO:0045945),1/15,0.3979470747433656,0.6381856842278886,0,0,2.07842082616179,1.915132313953084,RPTOR,GO_Biological_Process_2023
GO_Biological_Process_2023,Protein Localization To Cell-Cell Junction (GO:0150105),1/15,0.3979470747433656,0.6381856842278886,0,0,2.07842082616179,1.915132313953084,CHAF1B,GO_Biological_Process_2023
GO_Biological_Process_2023,Receptor Catabolic Process (GO:0032801),1/15,0.3979470747433656,0.6381856842278886,0,0,2.07842082616179,1.915132313953084,SMURF1,GO_Biological_Process_2023
GO_Biological_Process_2023,Regulation Of Activin Receptor Signaling Pathway (GO:0032925),1/15,0.3979470747433656,0.6381856842278886,0,0,2.07842082616179,1.915132313953084,CSNK2B,GO_Biological_Process_2023
GO_Biological_Process_2023,Regulation Of Amyloid Fibril Formation (GO:1905906),1/15,0.3979470747433656,0.6381856842278886,0,0,2.07842082616179,1.915132313953084,PFDN2,GO_Biological_Process_2023
GO_Biological_Process_2023,Regulation Of Carbohydrate Metabolic Process (GO:0006109),1/15,0.3979470747433656,0.6381856842278886,0,0,2.07842082616179,1.915132313953084,FOXK2,GO_Biological_Process_2023
GO_Biological_Process_2023,Regulation Of Endopeptidase Activity (GO:0052548),3/69,0.4038652195077827,0.6467918475723026,0,0,1.323056852513046,1.1995813436414442,APH1A;SERPINB1;SERPINH1,GO_Biological_Process_2023
GO_Biological_Process_2023,Regulation Of Monoatomic Ion Transmembrane Transporter Activity (GO:0032412),3/69,0.4038652195077827,0.6467918475723026,0,0,1.323056852513046,1.1995813436414442,CHRM3;STK39;NEDD4L,GO_Biological_Process_2023
GO_Biological_Process_2023,Monocarboxylic Acid Metabolic Process (GO:0032787),4/97,0.4040345952318991,0.6467918475723026,0,0,1.2520618808257284,1.1346870554958322,GNPAT;SLC6A8;VNN2;ACSL3,GO_Biological_Process_2023
GO_Biological_Process_2023,Cardiac Ventricle Morphogenesis (GO:0003208),2/42,0.4094009320188983,0.6501647678910197,0,0,1.455128205128205,1.2995172739133578,DLL4;GSK3A,GO_Biological_Process_2023
GO_Biological_Process_2023,Cellular Response To Glucose Starvation (GO:0042149),2/42,0.4094009320188983,0.6501647678910197,0,0,1.455128205128205,1.2995172739133578,PRKAA2;SUV39H1,GO_Biological_Process_2023
GO_Biological_Process_2023,Skeletal Muscle Tissue Development (GO:0007519),2/42,0.4094009320188983,0.6501647678910197,0,0,1.455128205128205,1.2995172739133578,MYL6B;LEMD2,GO_Biological_Process_2023
GO_Biological_Process_2023,Lysosome Localization (GO:0032418),2/42,0.4094009320188983,0.6501647678910197,0,0,1.455128205128205,1.2995172739133578,KLC2;SNAPIN,GO_Biological_Process_2023
GO_Biological_Process_2023,Monoatomic Cation Transport (GO:0006812),2/42,0.4094009320188983,0.6501647678910197,0,0,1.455128205128205,1.2995172739133578,SLC29A4;ATP1B1,GO_Biological_Process_2023
GO_Biological_Process_2023,Monocyte Chemotaxis (GO:0002548),2/42,0.4094009320188983,0.6501647678910197,0,0,1.455128205128205,1.2995172739133578,CCL7;PDGFB,GO_Biological_Process_2023
GO_Biological_Process_2023,Positive Regulation Of Neuron Differentiation (GO:0045666),2/42,0.4094009320188983,0.6501647678910197,0,0,1.455128205128205,1.2995172739133578,MMD;TRIM32,GO_Biological_Process_2023
GO_Biological_Process_2023,Regulation Of Axonogenesis (GO:0050770),2/42,0.4094009320188983,0.6501647678910197,0,0,1.455128205128205,1.2995172739133578,PLXNA2;PLXNA3,GO_Biological_Process_2023
GO_Biological_Process_2023,Mitochondrial ATP Synthesis Coupled Electron Transport (GO:0042775),3/70,0.4128306900880435,0.6501647678910197,0,0,1.303242097668756,1.1530013791274178,NDUFB9;UQCRB;CYC1,GO_Biological_Process_2023
GO_Biological_Process_2023,Negative Regulation Of Extrinsic Apoptotic Signaling Pathway (GO:2001237),3/70,0.4128306900880435,0.6501647678910197,0,0,1.303242097668756,1.1530013791274178,BRCA1;RFFL;MEN1,GO_Biological_Process_2023
GO_Biological_Process_2023,Regulation Of Notch Signaling Pathway (GO:0008593),3/70,0.4128306900880435,0.6501647678910197,0,0,1.303242097668756,1.1530013791274178,DLL4;SREBF2;DLK2,GO_Biological_Process_2023
GO_Biological_Process_2023,Regulation Of Actin Filament-Based Process (GO:0032970),3/70,0.4128306900880435,0.6501647678910197,0,0,1.303242097668756,1.1530013791274178,BAIAP2L1;TESK1;DYNLL1,GO_Biological_Process_2023
GO_Biological_Process_2023,Regulation Of Cellular Biosynthetic Process (GO:0031326),3/70,0.4128306900880435,0.6501647678910197,0,0,1.303242097668756,1.1530013791274178,TCOF1;KAT7;FITM2,GO_Biological_Process_2023
GO_Biological_Process_2023,B Cell Activation Involved In Immune Response (GO:0002312),1/16,0.4179803227244385,0.6501647678910197,0,0,1.9397590361445785,1.6920923916188402,RNF8,GO_Biological_Process_2023
GO_Biological_Process_2023,acetyl-CoA Metabolic Process (GO:0006084),1/16,0.4179803227244385,0.6501647678910197,0,0,1.9397590361445785,1.6920923916188402,MVD,GO_Biological_Process_2023
GO_Biological_Process_2023,Activin Receptor Signaling Pathway (GO:0032924),1/16,0.4179803227244385,0.6501647678910197,0,0,1.9397590361445785,1.6920923916188402,SMAD3,GO_Biological_Process_2023
GO_Biological_Process_2023,"Alternative mRNA Splicing, Via Spliceosome (GO:0000380)",1/16,0.4179803227244385,0.6501647678910197,0,0,1.9397590361445785,1.6920923916188402,SCNM1,GO_Biological_Process_2023
GO_Biological_Process_2023,Apoptotic Nuclear Changes (GO:0030262),1/16,0.4179803227244385,0.6501647678910197,0,0,1.9397590361445785,1.6920923916188402,TOP2A,GO_Biological_Process_2023
GO_Biological_Process_2023,Regulation Of Natural Killer Cell Activation (GO:0032814),1/16,0.4179803227244385,0.6501647678910197,0,0,1.9397590361445785,1.6920923916188402,LEP,GO_Biological_Process_2023
GO_Biological_Process_2023,Regulation Of Plasminogen Activation (GO:0010755),1/16,0.4179803227244385,0.6501647678910197,0,0,1.9397590361445785,1.6920923916188402,PLAU,GO_Biological_Process_2023
GO_Biological_Process_2023,Regulation Of Protein Kinase C Signaling (GO:0090036),1/16,0.4179803227244385,0.6501647678910197,0,0,1.9397590361445785,1.6920923916188402,ADRA1D,GO_Biological_Process_2023
GO_Biological_Process_2023,Cell Communication By Electrical Coupling Involved In Cardiac Conduction (GO:0086064),1/16,0.4179803227244385,0.6501647678910197,0,0,1.9397590361445785,1.6920923916188402,ATP1B1,GO_Biological_Process_2023
GO_Biological_Process_2023,Cell Surface Receptor Signaling Pathway Involved In Heart Development (GO:0061311),1/16,0.4179803227244385,0.6501647678910197,0,0,1.9397590361445785,1.6920923916188402,DLL4,GO_Biological_Process_2023
GO_Biological_Process_2023,Cell Surface Toll-Like Receptor Signaling Pathway (GO:0140895),1/16,0.4179803227244385,0.6501647678910197,0,0,1.9397590361445785,1.6920923916188402,IRAK1,GO_Biological_Process_2023
GO_Biological_Process_2023,Regulation Of Response To Cytokine Stimulus (GO:0060759),1/16,0.4179803227244385,0.6501647678910197,0,0,1.9397590361445785,1.6920923916188402,IRAK1,GO_Biological_Process_2023
GO_Biological_Process_2023,Regulation Of Secretion (GO:0051046),1/16,0.4179803227244385,0.6501647678910197,0,0,1.9397590361445785,1.6920923916188402,PTPRN,GO_Biological_Process_2023
GO_Biological_Process_2023,Regulation Of Stem Cell Proliferation (GO:0072091),1/16,0.4179803227244385,0.6501647678910197,0,0,1.9397590361445785,1.6920923916188402,HNRNPU,GO_Biological_Process_2023
GO_Biological_Process_2023,Regulation Of Transforming Growth Factor Beta Production (GO:0071634),1/16,0.4179803227244385,0.6501647678910197,0,0,1.9397590361445785,1.6920923916188402,SMAD3,GO_Biological_Process_2023
GO_Biological_Process_2023,Cellular Response To Nitrogen Compound (GO:1901699),1/16,0.4179803227244385,0.6501647678910197,0,0,1.9397590361445785,1.6920923916188402,DDX11,GO_Biological_Process_2023
GO_Biological_Process_2023,Regulation Of Triglyceride Biosynthetic Process (GO:0010866),1/16,0.4179803227244385,0.6501647678910197,0,0,1.9397590361445785,1.6920923916188402,FITM2,GO_Biological_Process_2023
GO_Biological_Process_2023,Ruffle Organization (GO:0031529),1/16,0.4179803227244385,0.6501647678910197,0,0,1.9397590361445785,1.6920923916188402,PIP5K1A,GO_Biological_Process_2023
GO_Biological_Process_2023,Establishment Of Melanosome Localization (GO:0032401),1/16,0.4179803227244385,0.6501647678910197,0,0,1.9397590361445785,1.6920923916188402,BLOC1S3,GO_Biological_Process_2023
GO_Biological_Process_2023,Extrinsic Apoptotic Signaling Pathway In Absence Of Ligand (GO:0097192),1/16,0.4179803227244385,0.6501647678910197,0,0,1.9397590361445785,1.6920923916188402,GSK3A,GO_Biological_Process_2023
GO_Biological_Process_2023,Tail-Anchored Membrane Protein Insertion Into ER Membrane (GO:0071816),1/16,0.4179803227244385,0.6501647678910197,0,0,1.9397590361445785,1.6920923916188402,UBL4A,GO_Biological_Process_2023
GO_Biological_Process_2023,Intraciliary Anterograde Transport (GO:0035720),1/16,0.4179803227244385,0.6501647678910197,0,0,1.9397590361445785,1.6920923916188402,IFT81,GO_Biological_Process_2023
GO_Biological_Process_2023,Male Meiosis I (GO:0007141),1/16,0.4179803227244385,0.6501647678910197,0,0,1.9397590361445785,1.6920923916188402,HSF2BP,GO_Biological_Process_2023
GO_Biological_Process_2023,Negative Regulation Of Amyloid-Beta Formation (GO:1902430),1/16,0.4179803227244385,0.6501647678910197,0,0,1.9397590361445785,1.6920923916188402,GGA3,GO_Biological_Process_2023
GO_Biological_Process_2023,Nuclear Chromosome Segregation (GO:0098813),1/16,0.4179803227244385,0.6501647678910197,0,0,1.9397590361445785,1.6920923916188402,TOP2A,GO_Biological_Process_2023
GO_Biological_Process_2023,Nuclear Migration (GO:0007097),1/16,0.4179803227244385,0.6501647678910197,0,0,1.9397590361445785,1.6920923916188402,LMNB2,GO_Biological_Process_2023
GO_Biological_Process_2023,Oligodendrocyte Development (GO:0014003),1/16,0.4179803227244385,0.6501647678910197,0,0,1.9397590361445785,1.6920923916188402,NSUN5,GO_Biological_Process_2023
GO_Biological_Process_2023,Positive Regulation By Host Of Viral Transcription (GO:0043923),1/16,0.4179803227244385,0.6501647678910197,0,0,1.9397590361445785,1.6920923916188402,TFAP4,GO_Biological_Process_2023
GO_Biological_Process_2023,Positive Regulation Of Muscle Hypertrophy (GO:0014742),1/16,0.4179803227244385,0.6501647678910197,0,0,1.9397590361445785,1.6920923916188402,PARP1,GO_Biological_Process_2023
GO_Biological_Process_2023,Positive Regulation Of Positive Chemotaxis (GO:0050927),1/16,0.4179803227244385,0.6501647678910197,0,0,1.9397590361445785,1.6920923916188402,MEN1,GO_Biological_Process_2023
GO_Biological_Process_2023,Positive Regulation Of Smooth Muscle Cell Migration (GO:0014911),1/16,0.4179803227244385,0.6501647678910197,0,0,1.9397590361445785,1.6920923916188402,PDGFB,GO_Biological_Process_2023
GO_Biological_Process_2023,Positive Regulation Of Telomere Capping (GO:1904355),1/16,0.4179803227244385,0.6501647678910197,0,0,1.9397590361445785,1.6920923916188402,NEK2,GO_Biological_Process_2023
GO_Biological_Process_2023,"Protein Alpha-1,2-Demannosylation (GO:0036508)",1/16,0.4179803227244385,0.6501647678910197,0,0,1.9397590361445785,1.6920923916188402,MAN1B1,GO_Biological_Process_2023
GO_Biological_Process_2023,Protein Kinase A Signaling (GO:0010737),1/16,0.4179803227244385,0.6501647678910197,0,0,1.9397590361445785,1.6920923916188402,RAB13,GO_Biological_Process_2023
GO_Biological_Process_2023,Regulation Of Autophagosome Maturation (GO:1901096),1/16,0.4179803227244385,0.6501647678910197,0,0,1.9397590361445785,1.6920923916188402,UBQLN4,GO_Biological_Process_2023
GO_Biological_Process_2023,Regulation Of Blood Vessel Endothelial Cell Proliferation Involved In Sprouting Angiogenesis (GO:1903587),1/16,0.4179803227244385,0.6501647678910197,0,0,1.9397590361445785,1.6920923916188402,DLL4,GO_Biological_Process_2023
GO_Biological_Process_2023,Organelle Organization (GO:0006996),15/418,0.4184535013723295,0.6505247672980583,0,0,1.0841000190876122,0.94445655689355,YTHDF1;CUL7;PARP1;ATP8B1;COG2;CSNK1D;FITM2;TOR1B;CAMSAP1;TJAP1;DIAPH3;CCL7;TBC1D20;PLCE1;CSPG5,GO_Biological_Process_2023
GO_Biological_Process_2023,Cilium Assembly (GO:0060271),9/243,0.4187971142613063,0.6506830453101473,0,0,1.1198991557223263,0.9747251616614931,DYNC2LI1;UNC119B;DUSP23;IFT81;POC1A;CEP250;CSNK1D;ASAP1;DYNLL1,GO_Biological_Process_2023
GO_Biological_Process_2023,DNA-templated DNA Replication Maintenance Of Fidelity (GO:0045005),2/43,0.4210221284766967,0.6511406258979686,0,0,1.4195636978994224,1.2280218048618,EME1;DDX11,GO_Biological_Process_2023
GO_Biological_Process_2023,Glycolipid Biosynthetic Process (GO:0009247),2/43,0.4210221284766967,0.6511406258979686,0,0,1.4195636978994224,1.2280218048618,PIGC;PIGZ,GO_Biological_Process_2023
GO_Biological_Process_2023,Intracellular Glucose Homeostasis (GO:0001678),2/43,0.4210221284766967,0.6511406258979686,0,0,1.4195636978994224,1.2280218048618,PRKAA2;FOXK2,GO_Biological_Process_2023
GO_Biological_Process_2023,mRNA Catabolic Process (GO:0006402),2/43,0.4210221284766967,0.6511406258979686,0,0,1.4195636978994224,1.2280218048618,EXOSC4;PNPT1,GO_Biological_Process_2023
GO_Biological_Process_2023,Positive Regulation Of T Cell Mediated Immunity (GO:0002711),2/43,0.4210221284766967,0.6511406258979686,0,0,1.4195636978994224,1.2280218048618,TRAF2;ZP3,GO_Biological_Process_2023
GO_Biological_Process_2023,Positive Regulation Of Transcription Elongation By RNA Polymerase II (GO:0032968),2/43,0.4210221284766967,0.6511406258979686,0,0,1.4195636978994224,1.2280218048618,MED30;LEO1,GO_Biological_Process_2023
GO_Biological_Process_2023,Regulation Of JUN Kinase Activity (GO:0043506),2/43,0.4210221284766967,0.6511406258979686,0,0,1.4195636978994224,1.2280218048618,DVL3;TRAF2,GO_Biological_Process_2023
GO_Biological_Process_2023,Regulation Of Cilium Assembly (GO:1902017),3/71,0.4217532928057076,0.6511406258979686,0,0,1.284010129731651,1.1085305644830397,DYNC2LI1;TBC1D20;TESK1,GO_Biological_Process_2023
GO_Biological_Process_2023,Regulation Of Double-Strand Break Repair Via Homologous Recombination (GO:0010569),3/71,0.4217532928057076,0.6511406258979686,0,0,1.284010129731651,1.1085305644830397,RAD51AP1;PARP1;UBQLN4,GO_Biological_Process_2023
GO_Biological_Process_2023,Myeloid Leukocyte Differentiation (GO:0002573),3/71,0.4217532928057076,0.6511406258979686,0,0,1.284010129731651,1.1085305644830397,PARP1;PPARG;MMP9,GO_Biological_Process_2023
GO_Biological_Process_2023,Positive Regulation Of Cell-Substrate Adhesion (GO:0010811),3/71,0.4217532928057076,0.6511406258979686,0,0,1.284010129731651,1.1085305644830397,TESK1;PDGFB;CSPG5,GO_Biological_Process_2023
GO_Biological_Process_2023,Negative Regulation Of Macromolecule Metabolic Process (GO:0010605),7/186,0.4239066179329672,0.6540898559963387,0,0,1.1384761678354929,0.9770881642534418,DLL4;SMAD3;PRKAA2;SETDB1;PDGFB;PPARG;APLN,GO_Biological_Process_2023
GO_Biological_Process_2023,Plasma Membrane Organization (GO:0007009),3/72,0.4306295403474771,0.6545624529946793,0,0,1.265335610140549,1.0660542273878322,COLEC12;TLCD1;ARL8B,GO_Biological_Process_2023
GO_Biological_Process_2023,Bone Development (GO:0060348),2/44,0.4325247551215001,0.6545624529946793,0,0,1.385692738633915,1.161370863144511,OSR2;STC1,GO_Biological_Process_2023
GO_Biological_Process_2023,Cellular Response To Ketone (GO:1901655),2/44,0.4325247551215001,0.6545624529946793,0,0,1.385692738633915,1.161370863144511,SPP1;ADCY6,GO_Biological_Process_2023
GO_Biological_Process_2023,Extracellular Matrix Disassembly (GO:0022617),2/44,0.4325247551215001,0.6545624529946793,0,0,1.385692738633915,1.161370863144511,MMP1;MMP9,GO_Biological_Process_2023
GO_Biological_Process_2023,Regulation Of Cellular Respiration (GO:0043457),1/17,0.4373479340336059,0.6545624529946793,0,0,1.818429969879518,1.503889251515023,PNPT1,GO_Biological_Process_2023
GO_Biological_Process_2023,"DNA Damage Response, Signal Transduction By P53 Class Mediator Resulting In Cell Cycle Arrest (GO:0006977)",1/17,0.4373479340336059,0.6545624529946793,0,0,1.818429969879518,1.503889251515023,GTSE1,GO_Biological_Process_2023
GO_Biological_Process_2023,Regulation Of Glucose Transmembrane Transport (GO:0010827),1/17,0.4373479340336059,0.6545624529946793,0,0,1.818429969879518,1.503889251515023,TRIB3,GO_Biological_Process_2023
GO_Biological_Process_2023,Amyloid Precursor Protein Metabolic Process (GO:0042982),1/17,0.4373479340336059,0.6545624529946793,0,0,1.818429969879518,1.503889251515023,APH1A,GO_Biological_Process_2023
GO_Biological_Process_2023,Androgen Receptor Signaling Pathway (GO:0030521),1/17,0.4373479340336059,0.6545624529946793,0,0,1.818429969879518,1.503889251515023,SCGB2A1,GO_Biological_Process_2023
GO_Biological_Process_2023,Base Conversion Or Substitution Editing (GO:0016553),1/17,0.4373479340336059,0.6545624529946793,0,0,1.818429969879518,1.503889251515023,APOBEC3B,GO_Biological_Process_2023
GO_Biological_Process_2023,Regulation Of Oxidative Phosphorylation (GO:0002082),1/17,0.4373479340336059,0.6545624529946793,0,0,1.818429969879518,1.503889251515023,NUPR1,GO_Biological_Process_2023
GO_Biological_Process_2023,Carboxylic Acid Biosynthetic Process (GO:0046394),1/17,0.4373479340336059,0.6545624529946793,0,0,1.818429969879518,1.503889251515023,NANP,GO_Biological_Process_2023
GO_Biological_Process_2023,Regulation Of Receptor Signaling Pathway Via STAT (GO:1904892),1/17,0.4373479340336059,0.6545624529946793,0,0,1.818429969879518,1.503889251515023,PPARG,GO_Biological_Process_2023
GO_Biological_Process_2023,Cellular Response To Glucocorticoid Stimulus (GO:0071385),1/17,0.4373479340336059,0.6545624529946793,0,0,1.818429969879518,1.503889251515023,HNRNPU,GO_Biological_Process_2023
GO_Biological_Process_2023,Regulation Of Telomerase RNA Localization To Cajal Body (GO:1904872),1/17,0.4373479340336059,0.6545624529946793,0,0,1.818429969879518,1.503889251515023,CCT7,GO_Biological_Process_2023
GO_Biological_Process_2023,Regulation Of Tubulin Deacetylation (GO:0090043),1/17,0.4373479340336059,0.6545624529946793,0,0,1.818429969879518,1.503889251515023,PRKAA2,GO_Biological_Process_2023
GO_Biological_Process_2023,Regulation Of Ubiquitin Protein Ligase Activity (GO:1904666),1/17,0.4373479340336059,0.6545624529946793,0,0,1.818429969879518,1.503889251515023,UBE2S,GO_Biological_Process_2023
GO_Biological_Process_2023,Cellular Response To Unfolded Protein (GO:0034620),1/17,0.4373479340336059,0.6545624529946793,0,0,1.818429969879518,1.503889251515023,BAG3,GO_Biological_Process_2023
GO_Biological_Process_2023,Central Nervous System Neuron Development (GO:0021954),1/17,0.4373479340336059,0.6545624529946793,0,0,1.818429969879518,1.503889251515023,HSP90AA1,GO_Biological_Process_2023
GO_Biological_Process_2023,"Retrograde Protein Transport, ER To Cytosol (GO:0030970)",1/17,0.4373479340336059,0.6545624529946793,0,0,1.818429969879518,1.503889251515023,HM13,GO_Biological_Process_2023
GO_Biological_Process_2023,Ribosomal Small Subunit Assembly (GO:0000028),1/17,0.4373479340336059,0.6545624529946793,0,0,1.818429969879518,1.503889251515023,PRKDC,GO_Biological_Process_2023
GO_Biological_Process_2023,Embryo Development Ending In Birth Or Egg Hatching (GO:0009792),1/17,0.4373479340336059,0.6545624529946793,0,0,1.818429969879518,1.503889251515023,OSR2,GO_Biological_Process_2023
GO_Biological_Process_2023,Embryonic Axis Specification (GO:0000578),1/17,0.4373479340336059,0.6545624529946793,0,0,1.818429969879518,1.503889251515023,HOXD8,GO_Biological_Process_2023
GO_Biological_Process_2023,Facultative Heterochromatin Formation (GO:0140718),1/17,0.4373479340336059,0.6545624529946793,0,0,1.818429969879518,1.503889251515023,SUV39H1,GO_Biological_Process_2023
GO_Biological_Process_2023,Toll-Like Receptor 4 Signaling Pathway (GO:0034142),1/17,0.4373479340336059,0.6545624529946793,0,0,1.818429969879518,1.503889251515023,IRAK1,GO_Biological_Process_2023
GO_Biological_Process_2023,Transcription By RNA Polymerase I (GO:0006360),1/17,0.4373479340336059,0.6545624529946793,0,0,1.818429969879518,1.503889251515023,TCOF1,GO_Biological_Process_2023
GO_Biological_Process_2023,Transepithelial Transport (GO:0070633),1/17,0.4373479340336059,0.6545624529946793,0,0,1.818429969879518,1.503889251515023,SLC26A6,GO_Biological_Process_2023
GO_Biological_Process_2023,Triglyceride Biosynthetic Process (GO:0019432),1/17,0.4373479340336059,0.6545624529946793,0,0,1.818429969879518,1.503889251515023,LPGAT1,GO_Biological_Process_2023
GO_Biological_Process_2023,Ventricular Cardiac Muscle Cell Action Potential (GO:0086005),1/17,0.4373479340336059,0.6545624529946793,0,0,1.818429969879518,1.503889251515023,NEDD4L,GO_Biological_Process_2023
GO_Biological_Process_2023,Intracellular Estrogen Receptor Signaling Pathway (GO:0030520),1/17,0.4373479340336059,0.6545624529946793,0,0,1.818429969879518,1.503889251515023,TRIP4,GO_Biological_Process_2023
GO_Biological_Process_2023,Keratan Sulfate Metabolic Process (GO:0042339),1/17,0.4373479340336059,0.6545624529946793,0,0,1.818429969879518,1.503889251515023,B4GALT4,GO_Biological_Process_2023
GO_Biological_Process_2023,Membrane Lipid Metabolic Process (GO:0006643),1/17,0.4373479340336059,0.6545624529946793,0,0,1.818429969879518,1.503889251515023,B4GALT4,GO_Biological_Process_2023
GO_Biological_Process_2023,Mesenchyme Development (GO:0060485),1/17,0.4373479340336059,0.6545624529946793,0,0,1.818429969879518,1.503889251515023,ZFP64,GO_Biological_Process_2023
GO_Biological_Process_2023,Motile Cilium Assembly (GO:0044458),1/17,0.4373479340336059,0.6545624529946793,0,0,1.818429969879518,1.503889251515023,DYNLL1,GO_Biological_Process_2023
GO_Biological_Process_2023,ncRNA Metabolic Process (GO:0034660),1/17,0.4373479340336059,0.6545624529946793,0,0,1.818429969879518,1.503889251515023,DTD1,GO_Biological_Process_2023
GO_Biological_Process_2023,Negative Regulation Of Rho Protein Signal Transduction (GO:0035024),1/17,0.4373479340336059,0.6545624529946793,0,0,1.818429969879518,1.503889251515023,DYNLL1,GO_Biological_Process_2023
GO_Biological_Process_2023,Negative Regulation Of Calcium Ion Transport (GO:0051926),1/17,0.4373479340336059,0.6545624529946793,0,0,1.818429969879518,1.503889251515023,STC1,GO_Biological_Process_2023
GO_Biological_Process_2023,Negative Regulation Of Oxidative Stress-Induced Intrinsic Apoptotic Signaling Pathway (GO:1902176),1/17,0.4373479340336059,0.6545624529946793,0,0,1.818429969879518,1.503889251515023,NONO,GO_Biological_Process_2023
GO_Biological_Process_2023,Negative Regulation Of Striated Muscle Cell Differentiation (GO:0051154),1/17,0.4373479340336059,0.6545624529946793,0,0,1.818429969879518,1.503889251515023,GSK3A,GO_Biological_Process_2023
GO_Biological_Process_2023,Neuron Maturation (GO:0042551),1/17,0.4373479340336059,0.6545624529946793,0,0,1.818429969879518,1.503889251515023,MTCH1,GO_Biological_Process_2023
GO_Biological_Process_2023,Peptidyl-Threonine Dephosphorylation (GO:0035970),1/17,0.4373479340336059,0.6545624529946793,0,0,1.818429969879518,1.503889251515023,PPP1CA,GO_Biological_Process_2023
GO_Biological_Process_2023,Positive Chemotaxis (GO:0050918),1/17,0.4373479340336059,0.6545624529946793,0,0,1.818429969879518,1.503889251515023,MEN1,GO_Biological_Process_2023
GO_Biological_Process_2023,Positive Regulation Of SMAD Protein Signal Transduction (GO:0060391),1/17,0.4373479340336059,0.6545624529946793,0,0,1.818429969879518,1.503889251515023,PPARG,GO_Biological_Process_2023
GO_Biological_Process_2023,Positive Regulation Of Amyloid-Beta Formation (GO:1902004),1/17,0.4373479340336059,0.6545624529946793,0,0,1.818429969879518,1.503889251515023,GSK3A,GO_Biological_Process_2023
GO_Biological_Process_2023,Positive Regulation Of Cardiac Muscle Hypertrophy (GO:0010613),1/17,0.4373479340336059,0.6545624529946793,0,0,1.818429969879518,1.503889251515023,PARP1,GO_Biological_Process_2023
GO_Biological_Process_2023,Positive Regulation Of Dendrite Morphogenesis (GO:0050775),1/17,0.4373479340336059,0.6545624529946793,0,0,1.818429969879518,1.503889251515023,CUL7,GO_Biological_Process_2023
GO_Biological_Process_2023,Positive Regulation Of Glial Cell Differentiation (GO:0045687),1/17,0.4373479340336059,0.6545624529946793,0,0,1.818429969879518,1.503889251515023,CLCF1,GO_Biological_Process_2023
GO_Biological_Process_2023,Positive Regulation Of Heart Rate (GO:0010460),1/17,0.4373479340336059,0.6545624529946793,0,0,1.818429969879518,1.503889251515023,ADRA1D,GO_Biological_Process_2023
GO_Biological_Process_2023,Positive Regulation Of Leukocyte Adhesion To Vascular Endothelial Cell (GO:1904996),1/17,0.4373479340336059,0.6545624529946793,0,0,1.818429969879518,1.503889251515023,IRAK1,GO_Biological_Process_2023
GO_Biological_Process_2023,Positive Regulation Of Leukocyte Proliferation (GO:0070665),1/17,0.4373479340336059,0.6545624529946793,0,0,1.818429969879518,1.503889251515023,NMB,GO_Biological_Process_2023
GO_Biological_Process_2023,Positive Regulation Of Potassium Ion Transmembrane Transport (GO:1901381),1/17,0.4373479340336059,0.6545624529946793,0,0,1.818429969879518,1.503889251515023,ATP1B1,GO_Biological_Process_2023
GO_Biological_Process_2023,Positive Regulation Of Regulatory T Cell Differentiation (GO:0045591),1/17,0.4373479340336059,0.6545624529946793,0,0,1.818429969879518,1.503889251515023,SOX12,GO_Biological_Process_2023
GO_Biological_Process_2023,Purine-Containing Compound Biosynthetic Process (GO:0072522),1/17,0.4373479340336059,0.6545624529946793,0,0,1.818429969879518,1.503889251515023,ADSL,GO_Biological_Process_2023
GO_Biological_Process_2023,rRNA Transcription (GO:0009303),1/17,0.4373479340336059,0.6545624529946793,0,0,1.818429969879518,1.503889251515023,TCOF1,GO_Biological_Process_2023
GO_Biological_Process_2023,Monocarboxylic Acid Transport (GO:0015718),3/73,0.4394561048471041,0.6573520723421663,0,0,1.2471946482520502,1.025465193424805,SLC6A8;ATP8B1;SLC26A6,GO_Biological_Process_2023
GO_Biological_Process_2023,Epidermal Growth Factor Receptor Signaling Pathway (GO:0007173),2/45,0.4439038445034451,0.6617979199771584,0,0,1.3533971728226175,1.099157868448004,SHC1;PLCE1,GO_Biological_Process_2023
GO_Biological_Process_2023,Establishment Of Protein Localization To Extracellular Region (GO:0035592),2/45,0.4439038445034451,0.6617979199771584,0,0,1.3533971728226175,1.099157868448004,RAB13;MEN1,GO_Biological_Process_2023
GO_Biological_Process_2023,Zymogen Activation (GO:0031638),2/45,0.4439038445034451,0.6617979199771584,0,0,1.3533971728226175,1.099157868448004,PLAU;PGK1,GO_Biological_Process_2023
GO_Biological_Process_2023,Organic Hydroxy Compound Transport (GO:0015850),2/45,0.4439038445034451,0.6617979199771584,0,0,1.3533971728226175,1.099157868448004,ATP8B1;SLC29A4,GO_Biological_Process_2023
GO_Biological_Process_2023,Positive Regulation Of mRNA Catabolic Process (GO:0061014),2/45,0.4439038445034451,0.6617979199771584,0,0,1.3533971728226175,1.099157868448004,YTHDF1;PNPT1,GO_Biological_Process_2023
GO_Biological_Process_2023,Regulation Of Apoptotic Signaling Pathway (GO:2001233),2/45,0.4439038445034451,0.6617979199771584,0,0,1.3533971728226175,1.099157868448004,CSNK2A1;DAPK2,GO_Biological_Process_2023
GO_Biological_Process_2023,Negative Regulation Of Neuron Apoptotic Process (GO:0043524),3/74,0.4482298153625578,0.6633998561693646,0,0,1.2295646993744946,0.9866632061358932,NONO;CLCF1;KIF14,GO_Biological_Process_2023
GO_Biological_Process_2023,Regulation Of Macromolecule Metabolic Process (GO:0060255),6/162,0.4529091452502433,0.6633998561693646,0,0,1.1193533325551537,0.8865991824607277,ZFP64;UBAP2;ATP1B1;ZNF335;TRIM11;TP73,GO_Biological_Process_2023
GO_Biological_Process_2023,Regulation Of Epidermal Growth Factor Receptor Signaling Pathway (GO:0042058),2/46,0.4551548895416388,0.6633998561693646,0,0,1.3225695872754697,1.0410176689437045,NUP62;MMP9,GO_Biological_Process_2023
GO_Biological_Process_2023,Regulation Of mRNA Catabolic Process (GO:0061013),2/46,0.4551548895416388,0.6633998561693646,0,0,1.3225695872754697,1.0410176689437045,YTHDF1;PNPT1,GO_Biological_Process_2023
GO_Biological_Process_2023,Cellular Component Disassembly (GO:0022411),2/46,0.4551548895416388,0.6633998561693646,0,0,1.3225695872754697,1.0410176689437045,MMP1;MMP9,GO_Biological_Process_2023
GO_Biological_Process_2023,Mitotic G2/M Transition Checkpoint (GO:0044818),2/46,0.4551548895416388,0.6633998561693646,0,0,1.3225695872754697,1.0410176689437045,CDK1;BRCA1,GO_Biological_Process_2023
GO_Biological_Process_2023,Regulation Of Defense Response To Virus (GO:0050688),1/18,0.4560719932788273,0.6633998561693646,0,0,1.7113749114103474,1.3436083185793315,RNF26,GO_Biological_Process_2023
GO_Biological_Process_2023,Regulation Of Epidermal Cell Differentiation (GO:0045604),1/18,0.4560719932788273,0.6633998561693646,0,0,1.7113749114103474,1.3436083185793315,MAFG,GO_Biological_Process_2023
GO_Biological_Process_2023,Regulation Of Epithelial Cell Differentiation (GO:0030856),1/18,0.4560719932788273,0.6633998561693646,0,0,1.7113749114103474,1.3436083185793315,MAFG,GO_Biological_Process_2023
GO_Biological_Process_2023,Regulation Of Histone Modification (GO:0031056),1/18,0.4560719932788273,0.6633998561693646,0,0,1.7113749114103474,1.3436083185793315,NFYA,GO_Biological_Process_2023
GO_Biological_Process_2023,T-helper Cell Differentiation (GO:0042093),1/18,0.4560719932788273,0.6633998561693646,0,0,1.7113749114103474,1.3436083185793315,MEN1,GO_Biological_Process_2023
GO_Biological_Process_2023,Regulation Of Lymphocyte Activation (GO:0051249),1/18,0.4560719932788273,0.6633998561693646,0,0,1.7113749114103474,1.3436083185793315,LEP,GO_Biological_Process_2023
GO_Biological_Process_2023,Adrenergic Receptor Signaling Pathway (GO:0071875),1/18,0.4560719932788273,0.6633998561693646,0,0,1.7113749114103474,1.3436083185793315,ADRA1D,GO_Biological_Process_2023
GO_Biological_Process_2023,Regulation Of Mitochondrial Outer Membrane Permeabilization Involved In Apoptotic Signaling Pathway (GO:1901028),1/18,0.4560719932788273,0.6633998561693646,0,0,1.7113749114103474,1.3436083185793315,GSK3A,GO_Biological_Process_2023
GO_Biological_Process_2023,Cardiac Atrium Morphogenesis (GO:0003209),1/18,0.4560719932788273,0.6633998561693646,0,0,1.7113749114103474,1.3436083185793315,DLL4,GO_Biological_Process_2023
GO_Biological_Process_2023,Regulation Of Synaptic Vesicle Exocytosis (GO:2000300),1/18,0.4560719932788273,0.6633998561693646,0,0,1.7113749114103474,1.3436083185793315,SNAPIN,GO_Biological_Process_2023
GO_Biological_Process_2023,Cellular Response To Inorganic Substance (GO:0071241),1/18,0.4560719932788273,0.6633998561693646,0,0,1.7113749114103474,1.3436083185793315,DDX11,GO_Biological_Process_2023
GO_Biological_Process_2023,Response To Organophosphorus (GO:0046683),1/18,0.4560719932788273,0.6633998561693646,0,0,1.7113749114103474,1.3436083185793315,VGF,GO_Biological_Process_2023
GO_Biological_Process_2023,Epithelial Cell Development (GO:0002064),1/18,0.4560719932788273,0.6633998561693646,0,0,1.7113749114103474,1.3436083185793315,TMEM79,GO_Biological_Process_2023
GO_Biological_Process_2023,Glucose 6-Phosphate Metabolic Process (GO:0051156),1/18,0.4560719932788273,0.6633998561693646,0,0,1.7113749114103474,1.3436083185793315,GPI,GO_Biological_Process_2023
GO_Biological_Process_2023,Ureteric Bud Development (GO:0001657),1/18,0.4560719932788273,0.6633998561693646,0,0,1.7113749114103474,1.3436083185793315,GPC3,GO_Biological_Process_2023
GO_Biological_Process_2023,Heart Trabecula Morphogenesis (GO:0061384),1/18,0.4560719932788273,0.6633998561693646,0,0,1.7113749114103474,1.3436083185793315,DLL4,GO_Biological_Process_2023
GO_Biological_Process_2023,Vesicle Transport Along Actin Filament (GO:0030050),1/18,0.4560719932788273,0.6633998561693646,0,0,1.7113749114103474,1.3436083185793315,MYO1A,GO_Biological_Process_2023
GO_Biological_Process_2023,Intracellular Sodium Ion Homeostasis (GO:0006883),1/18,0.4560719932788273,0.6633998561693646,0,0,1.7113749114103474,1.3436083185793315,ATP1B1,GO_Biological_Process_2023
GO_Biological_Process_2023,Maintenance Of Gastrointestinal Epithelium (GO:0030277),1/18,0.4560719932788273,0.6633998561693646,0,0,1.7113749114103474,1.3436083185793315,MUC13,GO_Biological_Process_2023
GO_Biological_Process_2023,Maintenance Of Protein Localization In Organelle (GO:0072595),1/18,0.4560719932788273,0.6633998561693646,0,0,1.7113749114103474,1.3436083185793315,HNRNPU,GO_Biological_Process_2023
GO_Biological_Process_2023,Melanosome Localization (GO:0032400),1/18,0.4560719932788273,0.6633998561693646,0,0,1.7113749114103474,1.3436083185793315,BLOC1S3,GO_Biological_Process_2023
GO_Biological_Process_2023,Membrane Repolarization (GO:0086009),1/18,0.4560719932788273,0.6633998561693646,0,0,1.7113749114103474,1.3436083185793315,ATP1B1,GO_Biological_Process_2023
GO_Biological_Process_2023,Negative Regulation Of Amyloid Precursor Protein Catabolic Process (GO:1902992),1/18,0.4560719932788273,0.6633998561693646,0,0,1.7113749114103474,1.3436083185793315,GGA3,GO_Biological_Process_2023
GO_Biological_Process_2023,Negative Regulation Of Lipid Storage (GO:0010888),1/18,0.4560719932788273,0.6633998561693646,0,0,1.7113749114103474,1.3436083185793315,PPARG,GO_Biological_Process_2023
GO_Biological_Process_2023,Negative Regulation Of Signal Transduction By P53 Class Mediator (GO:1901797),1/18,0.4560719932788273,0.6633998561693646,0,0,1.7113749114103474,1.3436083185793315,RFFL,GO_Biological_Process_2023
GO_Biological_Process_2023,Negative Regulation Of Viral Entry Into Host Cell (GO:0046597),1/18,0.4560719932788273,0.6633998561693646,0,0,1.7113749114103474,1.3436083185793315,TRIM11,GO_Biological_Process_2023
GO_Biological_Process_2023,Neural Crest Cell Differentiation (GO:0014033),1/18,0.4560719932788273,0.6633998561693646,0,0,1.7113749114103474,1.3436083185793315,TCOF1,GO_Biological_Process_2023
GO_Biological_Process_2023,Neuron Fate Commitment (GO:0048663),1/18,0.4560719932788273,0.6633998561693646,0,0,1.7113749114103474,1.3436083185793315,DLL4,GO_Biological_Process_2023
GO_Biological_Process_2023,Positive Regulation Of CREB Transcription Factor Activity (GO:0032793),1/18,0.4560719932788273,0.6633998561693646,0,0,1.7113749114103474,1.3436083185793315,CRTC2,GO_Biological_Process_2023
GO_Biological_Process_2023,Positive Regulation Of Cyclin-Dependent Protein Kinase Activity (GO:1904031),1/18,0.4560719932788273,0.6633998561693646,0,0,1.7113749114103474,1.3436083185793315,PDGFB,GO_Biological_Process_2023
GO_Biological_Process_2023,Positive Regulation Of Establishment Of Protein Localization (GO:1904951),1/18,0.4560719932788273,0.6633998561693646,0,0,1.7113749114103474,1.3436083185793315,CCT7,GO_Biological_Process_2023
GO_Biological_Process_2023,Positive Regulation Of Extracellular Matrix Organization (GO:1903055),1/18,0.4560719932788273,0.6633998561693646,0,0,1.7113749114103474,1.3436083185793315,SMAD3,GO_Biological_Process_2023
GO_Biological_Process_2023,Positive Regulation Of Interleukin-4 Production (GO:0032753),1/18,0.4560719932788273,0.6633998561693646,0,0,1.7113749114103474,1.3436083185793315,ZP3,GO_Biological_Process_2023
GO_Biological_Process_2023,Positive Regulation Of Nervous System Process (GO:0031646),1/18,0.4560719932788273,0.6633998561693646,0,0,1.7113749114103474,1.3436083185793315,PARD3,GO_Biological_Process_2023
GO_Biological_Process_2023,Positive Regulation Of Neuroblast Proliferation (GO:0002052),1/18,0.4560719932788273,0.6633998561693646,0,0,1.7113749114103474,1.3436083185793315,ZNF335,GO_Biological_Process_2023
GO_Biological_Process_2023,Positive Regulation Of Neutrophil Chemotaxis (GO:0090023),1/18,0.4560719932788273,0.6633998561693646,0,0,1.7113749114103474,1.3436083185793315,DAPK2,GO_Biological_Process_2023
GO_Biological_Process_2023,Protein Import Into Mitochondrial Matrix (GO:0030150),1/18,0.4560719932788273,0.6633998561693646,0,0,1.7113749114103474,1.3436083185793315,TOMM20,GO_Biological_Process_2023
GO_Biological_Process_2023,Regulation Of DNA Damage Checkpoint (GO:2000001),1/18,0.4560719932788273,0.6633998561693646,0,0,1.7113749114103474,1.3436083185793315,BRCA1,GO_Biological_Process_2023
GO_Biological_Process_2023,Regulation Of T Cell Cytokine Production (GO:0002724),1/18,0.4560719932788273,0.6633998561693646,0,0,1.7113749114103474,1.3436083185793315,TRAF2,GO_Biological_Process_2023
GO_Biological_Process_2023,Regulation Of Plasma Membrane Bounded Cell Projection Assembly (GO:0120032),3/75,0.4569476547913273,0.6635974846429907,0,0,1.2124244712990937,0.9495544000942944,DYNC2LI1;TBC1D20;ATP8B1,GO_Biological_Process_2023
GO_Biological_Process_2023,Regulation Of Stress Fiber Assembly (GO:0051492),3/75,0.4569476547913273,0.6635974846429907,0,0,1.2124244712990937,0.9495544000942944,TESK1;RHPN2;DYNLL1,GO_Biological_Process_2023
GO_Biological_Process_2023,Regulation Of BMP Signaling Pathway (GO:0030510),3/75,0.4569476547913273,0.6635974846429907,0,0,1.2124244712990937,0.9495544000942944,SMURF1;PPARG;DAND5,GO_Biological_Process_2023
GO_Biological_Process_2023,Nitrogen Compound Transport (GO:0071705),6/163,0.4587739778896542,0.6658903853835272,0,0,1.1121657017484512,0.8665968601739905,SLC6A8;RACGAP1;SLC29A4;SLC1A4;SLC26A6;SCAMP2,GO_Biological_Process_2023
GO_Biological_Process_2023,Wnt Signaling Pathway (GO:0016055),3/76,0.4656067568910197,0.6691578652588192,0,0,1.1957538385134296,0.9140508198001824,BCL9;DVL3;CELSR2,GO_Biological_Process_2023
GO_Biological_Process_2023,Epithelial To Mesenchymal Transition (GO:0001837),2/47,0.4662738183527508,0.6691578652588192,0,0,1.2931121166415285,0.9866215591408496,CUL7;TRIM28,GO_Biological_Process_2023
GO_Biological_Process_2023,Positive Regulation Of Lymphocyte Activation (GO:0051251),2/47,0.4662738183527508,0.6691578652588192,0,0,1.2931121166415285,0.9866215591408496,PRKDC;ZNF335,GO_Biological_Process_2023
GO_Biological_Process_2023,Positive Regulation Of Smooth Muscle Cell Proliferation (GO:0048661),2/47,0.4662738183527508,0.6691578652588192,0,0,1.2931121166415285,0.9866215591408496,PDGFB;MMP9,GO_Biological_Process_2023
GO_Biological_Process_2023,Regulation Of T Cell Differentiation (GO:0045580),2/47,0.4662738183527508,0.6691578652588192,0,0,1.2931121166415285,0.9866215591408496,SMARCE1;SMARCC1,GO_Biological_Process_2023
GO_Biological_Process_2023,Protein Transport (GO:0015031),11/313,0.4689936466630271,0.6691578652588192,0,0,1.060022885148956,0.8026133484776254,UNC119B;C17ORF75;NPM1;GGA3;RAB13;AP3B1;PPARG;FAM91A1;STX1A;SCAMP2;MEN1,GO_Biological_Process_2023
GO_Biological_Process_2023,Transmembrane Receptor Protein Tyrosine Kinase Signaling Pathway (GO:0007169),10/284,0.4721121038399819,0.6691578652588192,0,0,1.0620716554298768,0.797126000077557,EFNA3;GSK3A;ANGPT2;STXBP4;SHC1;PDGFB;PLCB1;EFNA4;MMP9;SHCBP1,GO_Biological_Process_2023
GO_Biological_Process_2023,COPII Vesicle Coating (GO:0048208),1/19,0.4741738534359113,0.6691578652588192,0,0,1.616214859437751,1.2059892162185668,TRAPPC4,GO_Biological_Process_2023
GO_Biological_Process_2023,N-glycan Processing (GO:0006491),1/19,0.4741738534359113,0.6691578652588192,0,0,1.616214859437751,1.2059892162185668,MAN1B1,GO_Biological_Process_2023
GO_Biological_Process_2023,RNA Destabilization (GO:0050779),1/19,0.4741738534359113,0.6691578652588192,0,0,1.616214859437751,1.2059892162185668,YTHDF1,GO_Biological_Process_2023
GO_Biological_Process_2023,RNA-templated DNA Biosynthetic Process (GO:0006278),1/19,0.4741738534359113,0.6691578652588192,0,0,1.616214859437751,1.2059892162185668,HSP90AA1,GO_Biological_Process_2023
GO_Biological_Process_2023,Regulation Of Lymphocyte Differentiation (GO:0045619),1/19,0.4741738534359113,0.6691578652588192,0,0,1.616214859437751,1.2059892162185668,PRKDC,GO_Biological_Process_2023
GO_Biological_Process_2023,Regulation Of Megakaryocyte Differentiation (GO:0045652),1/19,0.4741738534359113,0.6691578652588192,0,0,1.616214859437751,1.2059892162185668,PRMT1,GO_Biological_Process_2023
GO_Biological_Process_2023,Bicarbonate Transport (GO:0015701),1/19,0.4741738534359113,0.6691578652588192,0,0,1.616214859437751,1.2059892162185668,SLC26A6,GO_Biological_Process_2023
GO_Biological_Process_2023,Cardiac Ventricle Development (GO:0003231),1/19,0.4741738534359113,0.6691578652588192,0,0,1.616214859437751,1.2059892162185668,DLL4,GO_Biological_Process_2023
GO_Biological_Process_2023,Cellular Response To Catecholamine Stimulus (GO:0071870),1/19,0.4741738534359113,0.6691578652588192,0,0,1.616214859437751,1.2059892162185668,ADCY6,GO_Biological_Process_2023
GO_Biological_Process_2023,Regulation Of Tissue Remodeling (GO:0034103),1/19,0.4741738534359113,0.6691578652588192,0,0,1.616214859437751,1.2059892162185668,LEP,GO_Biological_Process_2023
GO_Biological_Process_2023,Release Of Cytochrome C From Mitochondria (GO:0001836),1/19,0.4741738534359113,0.6691578652588192,0,0,1.616214859437751,1.2059892162185668,MFF,GO_Biological_Process_2023
GO_Biological_Process_2023,Chondroitin Sulfate Proteoglycan Biosynthetic Process (GO:0050650),1/19,0.4741738534359113,0.6691578652588192,0,0,1.616214859437751,1.2059892162185668,XYLT2,GO_Biological_Process_2023
GO_Biological_Process_2023,Cortical Actin Cytoskeleton Organization (GO:0030866),1/19,0.4741738534359113,0.6691578652588192,0,0,1.616214859437751,1.2059892162185668,RAB13,GO_Biological_Process_2023
GO_Biological_Process_2023,Cyclic Nucleotide Biosynthetic Process (GO:0009190),1/19,0.4741738534359113,0.6691578652588192,0,0,1.616214859437751,1.2059892162185668,ADCY6,GO_Biological_Process_2023
GO_Biological_Process_2023,Embryonic Digestive Tract Development (GO:0048566),1/19,0.4741738534359113,0.6691578652588192,0,0,1.616214859437751,1.2059892162185668,SIX2,GO_Biological_Process_2023
GO_Biological_Process_2023,Epithelial Structure Maintenance (GO:0010669),1/19,0.4741738534359113,0.6691578652588192,0,0,1.616214859437751,1.2059892162185668,MUC13,GO_Biological_Process_2023
GO_Biological_Process_2023,Establishment Of Skin Barrier (GO:0061436),1/19,0.4741738534359113,0.6691578652588192,0,0,1.616214859437751,1.2059892162185668,TMEM79,GO_Biological_Process_2023
GO_Biological_Process_2023,tRNA Metabolic Process (GO:0006399),1/19,0.4741738534359113,0.6691578652588192,0,0,1.616214859437751,1.2059892162185668,DTD1,GO_Biological_Process_2023
GO_Biological_Process_2023,Telomere Maintenance Via Telomerase (GO:0007004),1/19,0.4741738534359113,0.6691578652588192,0,0,1.616214859437751,1.2059892162185668,HSP90AA1,GO_Biological_Process_2023
GO_Biological_Process_2023,Ganglioside Metabolic Process (GO:0001573),1/19,0.4741738534359113,0.6691578652588192,0,0,1.616214859437751,1.2059892162185668,HEXB,GO_Biological_Process_2023
GO_Biological_Process_2023,Gastrulation (GO:0007369),1/19,0.4741738534359113,0.6691578652588192,0,0,1.616214859437751,1.2059892162185668,GPC3,GO_Biological_Process_2023
GO_Biological_Process_2023,Glycosphingolipid Biosynthetic Process (GO:0006688),1/19,0.4741738534359113,0.6691578652588192,0,0,1.616214859437751,1.2059892162185668,B4GALT4,GO_Biological_Process_2023
GO_Biological_Process_2023,Heme Biosynthetic Process (GO:0006783),1/19,0.4741738534359113,0.6691578652588192,0,0,1.616214859437751,1.2059892162185668,HMBS,GO_Biological_Process_2023
GO_Biological_Process_2023,Vesicle Docking (GO:0048278),1/19,0.4741738534359113,0.6691578652588192,0,0,1.616214859437751,1.2059892162185668,STX1A,GO_Biological_Process_2023
GO_Biological_Process_2023,"Vesicle Targeting, Rough ER To cis-Golgi (GO:0048207)",1/19,0.4741738534359113,0.6691578652588192,0,0,1.616214859437751,1.2059892162185668,TRAPPC4,GO_Biological_Process_2023
GO_Biological_Process_2023,Water Transport (GO:0006833),1/19,0.4741738534359113,0.6691578652588192,0,0,1.616214859437751,1.2059892162185668,AQP10,GO_Biological_Process_2023
GO_Biological_Process_2023,Inositol Phosphate-Mediated Signaling (GO:0048016),1/19,0.4741738534359113,0.6691578652588192,0,0,1.616214859437751,1.2059892162185668,PLCE1,GO_Biological_Process_2023
GO_Biological_Process_2023,Insulin Secretion (GO:0030073),1/19,0.4741738534359113,0.6691578652588192,0,0,1.616214859437751,1.2059892162185668,PTPRN,GO_Biological_Process_2023
GO_Biological_Process_2023,Intrinsic Apoptotic Signaling Pathway In Response To DNA Damage By P53 Class Mediator (GO:0042771),1/19,0.4741738534359113,0.6691578652588192,0,0,1.616214859437751,1.2059892162185668,TP73,GO_Biological_Process_2023
GO_Biological_Process_2023,Linoleic Acid Metabolic Process (GO:0043651),1/19,0.4741738534359113,0.6691578652588192,0,0,1.616214859437751,1.2059892162185668,ELOVL5,GO_Biological_Process_2023
GO_Biological_Process_2023,Negative Regulation Of RNA Splicing (GO:0033119),1/19,0.4741738534359113,0.6691578652588192,0,0,1.616214859437751,1.2059892162185668,PTBP1,GO_Biological_Process_2023
GO_Biological_Process_2023,Negative Regulation Of Calcium Ion Transmembrane Transport (GO:1903170),1/19,0.4741738534359113,0.6691578652588192,0,0,1.616214859437751,1.2059892162185668,SESTD1,GO_Biological_Process_2023
GO_Biological_Process_2023,Negative Regulation Of Execution Phase Of Apoptosis (GO:1900118),1/19,0.4741738534359113,0.6691578652588192,0,0,1.616214859437751,1.2059892162185668,RFFL,GO_Biological_Process_2023
GO_Biological_Process_2023,Negative Regulation Of Protein Dephosphorylation (GO:0035308),1/19,0.4741738534359113,0.6691578652588192,0,0,1.616214859437751,1.2059892162185668,ENSA,GO_Biological_Process_2023
GO_Biological_Process_2023,Neuron Apoptotic Process (GO:0051402),1/19,0.4741738534359113,0.6691578652588192,0,0,1.616214859437751,1.2059892162185668,CIT,GO_Biological_Process_2023
GO_Biological_Process_2023,Nucleotide Biosynthetic Process (GO:0009165),1/19,0.4741738534359113,0.6691578652588192,0,0,1.616214859437751,1.2059892162185668,RRM1,GO_Biological_Process_2023
GO_Biological_Process_2023,Phosphatidylcholine Biosynthetic Process (GO:0006656),1/19,0.4741738534359113,0.6691578652588192,0,0,1.616214859437751,1.2059892162185668,CHKA,GO_Biological_Process_2023
GO_Biological_Process_2023,piRNA Processing (GO:0034587),1/19,0.4741738534359113,0.6691578652588192,0,0,1.616214859437751,1.2059892162185668,TDRKH,GO_Biological_Process_2023
GO_Biological_Process_2023,Positive Regulation Of Alpha-Beta T Cell Activation (GO:0046635),1/19,0.4741738534359113,0.6691578652588192,0,0,1.616214859437751,1.2059892162185668,NKAP,GO_Biological_Process_2023
GO_Biological_Process_2023,Positive Regulation Of calcineurin-NFAT Signaling Cascade (GO:0070886),1/19,0.4741738534359113,0.6691578652588192,0,0,1.616214859437751,1.2059892162185668,PTBP1,GO_Biological_Process_2023
GO_Biological_Process_2023,Positive Regulation Of Calcineurin-Mediated Signaling (GO:0106058),1/19,0.4741738534359113,0.6691578652588192,0,0,1.616214859437751,1.2059892162185668,PTBP1,GO_Biological_Process_2023
GO_Biological_Process_2023,Positive Regulation Of Mitochondrial Fission (GO:0090141),1/19,0.4741738534359113,0.6691578652588192,0,0,1.616214859437751,1.2059892162185668,MFF,GO_Biological_Process_2023
GO_Biological_Process_2023,Purine Ribonucleotide Transport (GO:0015868),1/19,0.4741738534359113,0.6691578652588192,0,0,1.616214859437751,1.2059892162185668,SLC35B2,GO_Biological_Process_2023
GO_Biological_Process_2023,Cell Morphogenesis Involved In Neuron Differentiation (GO:0048667),3/77,0.4742044032138863,0.6691578652588192,0,0,1.179533763370621,0.880069980409531,UNK;PARD3;CELSR2,GO_Biological_Process_2023
GO_Biological_Process_2023,Negative Regulation Of Blood Vessel Morphogenesis (GO:2000181),3/77,0.4742044032138863,0.6691578652588192,0,0,1.179533763370621,0.880069980409531,EFNA3;PGK1;PPARG,GO_Biological_Process_2023
GO_Biological_Process_2023,Positive Regulation Of Response To Stimulus (GO:0048584),3/77,0.4742044032138863,0.6691578652588192,0,0,1.179533763370621,0.880069980409531,TRIM28;RNF8;BRCA1,GO_Biological_Process_2023
GO_Biological_Process_2023,"Retrograde Vesicle-Mediated Transport, Golgi To Endoplasmic Reticulum (GO:0006890)",2/48,0.4772569703745624,0.6727598257087205,0,0,1.2649354056003672,0.9356729866682528,TMEM115;LMAN2,GO_Biological_Process_2023
GO_Biological_Process_2023,Post-Translational Protein Modification (GO:0043687),2/48,0.4772569703745624,0.6727598257087205,0,0,1.2649354056003672,0.9356729866682528,PARP1;AURKB,GO_Biological_Process_2023
GO_Biological_Process_2023,Positive Regulation Of T Cell Activation (GO:0050870),4/107,0.4780961367539731,0.6735898973847863,0,0,1.1299149567439744,0.8338133343772982,SMARCE1;SMARCC1;LEP;ZP3,GO_Biological_Process_2023
GO_Biological_Process_2023,Positive Regulation Of Intracellular Signal Transduction (GO:1902533),18/525,0.4810982823241038,0.6774649281706767,0,0,1.0331525566337123,0.755940885914454,SLC35B2;HSP90AA1;PARP1;SHC1;PDGFB;ADRA1D;TRAF2;RPTOR;TMEM101;TFG;IRAK1;LEP;NUP62;PLCE1;PPARG;RBCK1;NUPR1;TRIM32,GO_Biological_Process_2023
GO_Biological_Process_2023,Membrane Organization (GO:0061024),6/167,0.4820684352038031,0.6784760246513778,0,0,1.0843080519137789,0.7911861814845581,MTCH1;EXOC6;TLCD1;TOR1B;LEMD2;LMNB2,GO_Biological_Process_2023
GO_Biological_Process_2023,Positive Regulation Of Nervous System Development (GO:0051962),2/49,0.4881010737366265,0.6806045083815151,0,0,1.237957703539681,0.887903840605026,ZNF335;TRIM32,GO_Biological_Process_2023
GO_Biological_Process_2023,Positive Regulation Of Pathway-Restricted SMAD Protein Phosphorylation (GO:0010862),2/49,0.4881010737366265,0.6806045083815151,0,0,1.237957703539681,0.887903840605026,CSNK2B;PPARG,GO_Biological_Process_2023
GO_Biological_Process_2023,Regulation Of Cell Communication (GO:0010646),2/49,0.4881010737366265,0.6806045083815151,0,0,1.237957703539681,0.887903840605026,MTCH1;NUP62,GO_Biological_Process_2023
GO_Biological_Process_2023,Regulation Of Neuron Differentiation (GO:0045664),3/79,0.4912051743143238,0.6806045083815151,0,0,1.148374145333121,0.8163715641034238,MMD;CDK5RAP1;TRIM32,GO_Biological_Process_2023
GO_Biological_Process_2023,Positive Regulation Of Endocytosis (GO:0045807),3/79,0.4912051743143238,0.6806045083815151,0,0,1.148374145333121,0.8163715641034238,LMAN2;GPC3;NEDD4L,GO_Biological_Process_2023
GO_Biological_Process_2023,Regulation Of Fibroblast Migration (GO:0010762),1/20,0.4916741599010276,0.6806045083815151,0,0,1.5310716550412176,1.086967569300182,RFFL,GO_Biological_Process_2023
GO_Biological_Process_2023,Actin Filament-Based Transport (GO:0099515),1/20,0.4916741599010276,0.6806045083815151,0,0,1.5310716550412176,1.086967569300182,MYO1A,GO_Biological_Process_2023
GO_Biological_Process_2023,Adenine Nucleotide Transport (GO:0051503),1/20,0.4916741599010276,0.6806045083815151,0,0,1.5310716550412176,1.086967569300182,SLC35B2,GO_Biological_Process_2023
GO_Biological_Process_2023,Regulation Of Membrane Depolarization (GO:0003254),1/20,0.4916741599010276,0.6806045083815151,0,0,1.5310716550412176,1.086967569300182,NEDD4L,GO_Biological_Process_2023
GO_Biological_Process_2023,Regulation Of Mitotic Spindle Assembly (GO:1901673),1/20,0.4916741599010276,0.6806045083815151,0,0,1.5310716550412176,1.086967569300182,HNRNPU,GO_Biological_Process_2023
GO_Biological_Process_2023,Regulation Of Necroptotic Process (GO:0060544),1/20,0.4916741599010276,0.6806045083815151,0,0,1.5310716550412176,1.086967569300182,PARP1,GO_Biological_Process_2023
GO_Biological_Process_2023,Cell Projection Organization (GO:0030030),1/20,0.4916741599010276,0.6806045083815151,0,0,1.5310716550412176,1.086967569300182,CSPG5,GO_Biological_Process_2023
GO_Biological_Process_2023,Response To Fibroblast Growth Factor (GO:0071774),1/20,0.4916741599010276,0.6806045083815151,0,0,1.5310716550412176,1.086967569300182,DLL4,GO_Biological_Process_2023
GO_Biological_Process_2023,Endothelial Cell Development (GO:0001885),1/20,0.4916741599010276,0.6806045083815151,0,0,1.5310716550412176,1.086967569300182,STC1,GO_Biological_Process_2023
GO_Biological_Process_2023,Stress-Activated Protein Kinase Signaling Cascade (GO:0031098),1/20,0.4916741599010276,0.6806045083815151,0,0,1.5310716550412176,1.086967569300182,KAT7,GO_Biological_Process_2023
GO_Biological_Process_2023,Sulfur Compound Catabolic Process (GO:0044273),1/20,0.4916741599010276,0.6806045083815151,0,0,1.5310716550412176,1.086967569300182,FITM2,GO_Biological_Process_2023
GO_Biological_Process_2023,Xenobiotic Transport (GO:0042908),1/20,0.4916741599010276,0.6806045083815151,0,0,1.5310716550412176,1.086967569300182,SLC29A4,GO_Biological_Process_2023
GO_Biological_Process_2023,Intracellular Monoatomic Ion Homeostasis (GO:0006873),1/20,0.4916741599010276,0.6806045083815151,0,0,1.5310716550412176,1.086967569300182,CNNM4,GO_Biological_Process_2023
GO_Biological_Process_2023,Lipopolysaccharide-Mediated Signaling Pathway (GO:0031663),1/20,0.4916741599010276,0.6806045083815151,0,0,1.5310716550412176,1.086967569300182,IRAK1,GO_Biological_Process_2023
GO_Biological_Process_2023,Long-Term Synaptic Potentiation (GO:0060291),1/20,0.4916741599010276,0.6806045083815151,0,0,1.5310716550412176,1.086967569300182,FOXM1,GO_Biological_Process_2023
GO_Biological_Process_2023,Mitochondrial RNA Metabolic Process (GO:0000959),1/20,0.4916741599010276,0.6806045083815151,0,0,1.5310716550412176,1.086967569300182,PNPT1,GO_Biological_Process_2023
GO_Biological_Process_2023,Negative Regulation Of Microtubule Depolymerization (GO:0007026),1/20,0.4916741599010276,0.6806045083815151,0,0,1.5310716550412176,1.086967569300182,MID1IP1,GO_Biological_Process_2023
GO_Biological_Process_2023,Negative Regulation Of Protein Localization To Cell Periphery (GO:1904376),1/20,0.4916741599010276,0.6806045083815151,0,0,1.5310716550412176,1.086967569300182,MRAP2,GO_Biological_Process_2023
GO_Biological_Process_2023,Negative Regulation Of Protein Localization To Plasma Membrane (GO:1903077),1/20,0.4916741599010276,0.6806045083815151,0,0,1.5310716550412176,1.086967569300182,MRAP2,GO_Biological_Process_2023
GO_Biological_Process_2023,Negative Regulation Of Reproductive Process (GO:2000242),1/20,0.4916741599010276,0.6806045083815151,0,0,1.5310716550412176,1.086967569300182,ZP3,GO_Biological_Process_2023
GO_Biological_Process_2023,Negative Regulation Of Stem Cell Population Maintenance (GO:1902455),1/20,0.4916741599010276,0.6806045083815151,0,0,1.5310716550412176,1.086967569300182,BRMS1,GO_Biological_Process_2023
GO_Biological_Process_2023,Negative Regulation Of Viral Life Cycle (GO:1903901),1/20,0.4916741599010276,0.6806045083815151,0,0,1.5310716550412176,1.086967569300182,TRIM11,GO_Biological_Process_2023
GO_Biological_Process_2023,Phosphatidylglycerol Metabolic Process (GO:0046471),1/20,0.4916741599010276,0.6806045083815151,0,0,1.5310716550412176,1.086967569300182,LPGAT1,GO_Biological_Process_2023
GO_Biological_Process_2023,Positive Regulation Of Epithelial Cell Differentiation (GO:0030858),1/20,0.4916741599010276,0.6806045083815151,0,0,1.5310716550412176,1.086967569300182,TP73,GO_Biological_Process_2023
GO_Biological_Process_2023,Receptor Metabolic Process (GO:0043112),1/20,0.4916741599010276,0.6806045083815151,0,0,1.5310716550412176,1.086967569300182,SMURF1,GO_Biological_Process_2023
GO_Biological_Process_2023,Regulation Of Cardiac Muscle Cell Proliferation (GO:0060043),1/20,0.4916741599010276,0.6806045083815151,0,0,1.5310716550412176,1.086967569300182,TP73,GO_Biological_Process_2023
GO_Biological_Process_2023,Regulation Of Cardiac Muscle Contraction By Calcium Ion Signaling (GO:0010882),1/20,0.4916741599010276,0.6806045083815151,0,0,1.5310716550412176,1.086967569300182,ATP1B1,GO_Biological_Process_2023
GO_Biological_Process_2023,Cell-Matrix Adhesion (GO:0007160),4/109,0.492504920587558,0.680704027376024,0,0,1.1082775016209208,0.7849384574887438,SGCE;PIP5K1A;DYNLL1;ADAMTS9,GO_Biological_Process_2023
GO_Biological_Process_2023,Positive Regulation Of Wnt Signaling Pathway (GO:0030177),4/109,0.492504920587558,0.680704027376024,0,0,1.1082775016209208,0.7849384574887438,CSNK2A1;UBR5;GPC3;CSNK1D,GO_Biological_Process_2023
GO_Biological_Process_2023,Regulation Of Wnt Signaling Pathway (GO:0030111),4/109,0.492504920587558,0.680704027376024,0,0,1.1082775016209208,0.7849384574887438,GPI;CSNK2A1;GPC3;PPP1CA,GO_Biological_Process_2023
GO_Biological_Process_2023,"G Protein-Coupled Receptor Signaling Pathway, Coupled To Cyclic Nucleotide Second Messenger (GO:0007187)",2/50,0.4988032231933769,0.6872910771189847,0,0,1.21210407239819,0.8430712340926604,CHRM3;HTR1D,GO_Biological_Process_2023
GO_Biological_Process_2023,Regulation Of Interferon-Beta Production (GO:0032648),2/50,0.4988032231933769,0.6872910771189847,0,0,1.21210407239819,0.8430712340926604,HSP90AA1;POLR3F,GO_Biological_Process_2023
GO_Biological_Process_2023,Blood Circulation (GO:0008015),2/50,0.4988032231933769,0.6872910771189847,0,0,1.21210407239819,0.8430712340926604,DLL4;ADCY6,GO_Biological_Process_2023
GO_Biological_Process_2023,Negative Regulation Of Cell Projection Organization (GO:0031345),2/50,0.4988032231933769,0.6872910771189847,0,0,1.21210407239819,0.8430712340926604,CBFA2T2;ADCY6,GO_Biological_Process_2023
GO_Biological_Process_2023,Plasma Membrane Bounded Cell Projection Morphogenesis (GO:0120039),2/50,0.4988032231933769,0.6872910771189847,0,0,1.21210407239819,0.8430712340926604,ANKRD27;ZNF335,GO_Biological_Process_2023
GO_Biological_Process_2023,Pyruvate Metabolic Process (GO:0006090),2/50,0.4988032231933769,0.6872910771189847,0,0,1.21210407239819,0.8430712340926604,GPI;PGK1,GO_Biological_Process_2023
GO_Biological_Process_2023,Regulation Of Organelle Assembly (GO:1902115),3/80,0.4996035721352662,0.6880415622395094,0,0,1.1334013418605564,0.786512924729087,DYNC2LI1;NPM1;TBC1D20,GO_Biological_Process_2023
GO_Biological_Process_2023,Negative Regulation Of Transmembrane Receptor Protein Serine/Threonine Kinase Signaling Pathway (GO:0090101),4/111,0.5067450948332884,0.693324936333211,0,0,1.0874489233248972,0.739190331797945,BRMS1;SMURF1;PPARG;DAND5,GO_Biological_Process_2023
GO_Biological_Process_2023,Cellular Response To Interleukin-1 (GO:0071347),3/81,0.5079310535764064,0.693324936333211,0,0,1.1188124564257496,0.757894255979026,CCL7;IRAK1;PLCB1,GO_Biological_Process_2023
GO_Biological_Process_2023,Regulation Of Histone Deacetylation (GO:0031063),1/21,0.5085928741440946,0.693324936333211,0,0,1.4544427710843373,0.9833595739585842,SUV39H1,GO_Biological_Process_2023
GO_Biological_Process_2023,Aminoglycan Biosynthetic Process (GO:0006023),1/21,0.5085928741440946,0.693324936333211,0,0,1.4544427710843373,0.9833595739585842,XYLT2,GO_Biological_Process_2023
GO_Biological_Process_2023,Anaphase-Promoting Complex-Dependent Catabolic Process (GO:0031145),1/21,0.5085928741440946,0.693324936333211,0,0,1.4544427710843373,0.9833595739585842,UBE2S,GO_Biological_Process_2023
GO_Biological_Process_2023,Response To Cadmium Ion (GO:0046686),1/21,0.5085928741440946,0.693324936333211,0,0,1.4544427710843373,0.9833595739585842,MMP9,GO_Biological_Process_2023
GO_Biological_Process_2023,Skin Epidermis Development (GO:0098773),1/21,0.5085928741440946,0.693324936333211,0,0,1.4544427710843373,0.9833595739585842,TMEM79,GO_Biological_Process_2023
GO_Biological_Process_2023,Zinc Ion Transmembrane Transport (GO:0071577),1/21,0.5085928741440946,0.693324936333211,0,0,1.4544427710843373,0.9833595739585842,SLC30A3,GO_Biological_Process_2023
GO_Biological_Process_2023,Modulation By Host Of Viral Genome Replication (GO:0044827),1/21,0.5085928741440946,0.693324936333211,0,0,1.4544427710843373,0.9833595739585842,TBC1D20,GO_Biological_Process_2023
GO_Biological_Process_2023,Negative Regulation Of Double-Strand Break Repair Via Homologous Recombination (GO:2000042),1/21,0.5085928741440946,0.693324936333211,0,0,1.4544427710843373,0.9833595739585842,UBQLN4,GO_Biological_Process_2023
GO_Biological_Process_2023,Negative Regulation Of Reactive Oxygen Species Metabolic Process (GO:2000378),1/21,0.5085928741440946,0.693324936333211,0,0,1.4544427710843373,0.9833595739585842,BRCA1,GO_Biological_Process_2023
GO_Biological_Process_2023,Negative Regulation Of Tumor Necrosis Factor-Mediated Signaling Pathway (GO:0010804),1/21,0.5085928741440946,0.693324936333211,0,0,1.4544427710843373,0.9833595739585842,RFFL,GO_Biological_Process_2023
GO_Biological_Process_2023,Plasma Membrane Repair (GO:0001778),1/21,0.5085928741440946,0.693324936333211,0,0,1.4544427710843373,0.9833595739585842,ARL8B,GO_Biological_Process_2023
GO_Biological_Process_2023,Porphyrin-Containing Compound Biosynthetic Process (GO:0006779),1/21,0.5085928741440946,0.693324936333211,0,0,1.4544427710843373,0.9833595739585842,HMBS,GO_Biological_Process_2023
GO_Biological_Process_2023,Positive Regulation Of T Cell Cytokine Production (GO:0002726),1/21,0.5085928741440946,0.693324936333211,0,0,1.4544427710843373,0.9833595739585842,TRAF2,GO_Biological_Process_2023
GO_Biological_Process_2023,Positive Regulation Of Granulocyte Chemotaxis (GO:0071624),1/21,0.5085928741440946,0.693324936333211,0,0,1.4544427710843373,0.9833595739585842,DAPK2,GO_Biological_Process_2023
GO_Biological_Process_2023,Positive Regulation Of Interferon-Alpha Production (GO:0032727),1/21,0.5085928741440946,0.693324936333211,0,0,1.4544427710843373,0.9833595739585842,NMB,GO_Biological_Process_2023
GO_Biological_Process_2023,Positive Regulation Of Translational Initiation (GO:0045948),1/21,0.5085928741440946,0.693324936333211,0,0,1.4544427710843373,0.9833595739585842,YTHDF1,GO_Biological_Process_2023
GO_Biological_Process_2023,Purine Nucleotide Biosynthetic Process (GO:0006164),1/21,0.5085928741440946,0.693324936333211,0,0,1.4544427710843373,0.9833595739585842,ADSL,GO_Biological_Process_2023
GO_Biological_Process_2023,Regulation Of Anoikis (GO:2000209),1/21,0.5085928741440946,0.693324936333211,0,0,1.4544427710843373,0.9833595739585842,BRMS1,GO_Biological_Process_2023
GO_Biological_Process_2023,Regulation Of Stress-Activated MAPK Cascade (GO:0032872),2/51,0.5093608598577871,0.6936690657273812,0,0,1.187305691507372,0.8009547040249648,RAP2A;FOXM1,GO_Biological_Process_2023
GO_Biological_Process_2023,Regulation Of Substrate Adhesion-Dependent Cell Spreading (GO:1900024),2/51,0.5093608598577871,0.6936690657273812,0,0,1.187305691507372,0.8009547040249648,TESK1;CSPG5,GO_Biological_Process_2023
GO_Biological_Process_2023,Rho Protein Signal Transduction (GO:0007266),2/52,0.5197717511024195,0.7045578834867675,0,0,1.1634992458521871,0.7613537703653793,ARHGEF11;RACGAP1,GO_Biological_Process_2023
GO_Biological_Process_2023,Regulation Of Peptide Hormone Secretion (GO:0090276),2/52,0.5197717511024195,0.7045578834867675,0,0,1.1634992458521871,0.7613537703653793,ENSA;STX1A,GO_Biological_Process_2023
GO_Biological_Process_2023,Cell Cycle G1/S Phase Transition (GO:0044843),2/52,0.5197717511024195,0.7045578834867675,0,0,1.1634992458521871,0.7613537703653793,CUL2;E2F3,GO_Biological_Process_2023
GO_Biological_Process_2023,Neurotransmitter Transport (GO:0006836),2/52,0.5197717511024195,0.7045578834867675,0,0,1.1634992458521871,0.7613537703653793,SNAPIN;SLC29A4,GO_Biological_Process_2023
GO_Biological_Process_2023,Positive Regulation Of Transcription Initiation By RNA Polymerase II (GO:0060261),2/52,0.5197717511024195,0.7045578834867675,0,0,1.1634992458521871,0.7613537703653793,MED30;TAF2,GO_Biological_Process_2023
GO_Biological_Process_2023,Regulation Of Cell Development (GO:0060284),2/52,0.5197717511024195,0.7045578834867675,0,0,1.1634992458521871,0.7613537703653793,BRPF3;HLTF,GO_Biological_Process_2023
GO_Biological_Process_2023,Regulation Of Protein Ubiquitination (GO:0031396),4/113,0.5208041914700207,0.7045578834867675,0,0,1.0673846965259757,0.6963416451196435,GSK3A;HSP90AA1;PRMT3;BRCA1,GO_Biological_Process_2023
GO_Biological_Process_2023,Positive Regulation Of Cellular Component Organization (GO:0051130),4/113,0.5208041914700207,0.7045578834867675,0,0,1.0673846965259757,0.6963416451196435,CHAF1B;MMP1;GPC3;ASAP1,GO_Biological_Process_2023
GO_Biological_Process_2023,Actin Filament Organization (GO:0007015),5/144,0.5244919352659414,0.7045578834867675,0,0,1.0462175713974275,0.6751505920736328,ENAH;BAIAP2L1;MYO1A;SPIRE2;ALDOA,GO_Biological_Process_2023
GO_Biological_Process_2023,Regulation Of Cell Adhesion (GO:0030155),5/144,0.5244919352659414,0.7045578834867675,0,0,1.0462175713974275,0.6751505920736328,PLAU;PLXNA2;KIF14;CELSR2;PLXNA3,GO_Biological_Process_2023
GO_Biological_Process_2023,Regulation Of Protein Export From Nucleus (GO:0046825),1/22,0.5249492963177141,0.7045578834867675,0,0,1.3851118760757315,0.8926403342429933,BAG3,GO_Biological_Process_2023
GO_Biological_Process_2023,Regulation Of Regulatory T Cell Differentiation (GO:0045589),1/22,0.5249492963177141,0.7045578834867675,0,0,1.3851118760757315,0.8926403342429933,SOX12,GO_Biological_Process_2023
GO_Biological_Process_2023,Cellular Response To Cadmium Ion (GO:0071276),1/22,0.5249492963177141,0.7045578834867675,0,0,1.3851118760757315,0.8926403342429933,MMP9,GO_Biological_Process_2023
GO_Biological_Process_2023,Cellular Response To Interferon-Beta (GO:0035458),1/22,0.5249492963177141,0.7045578834867675,0,0,1.3851118760757315,0.8926403342429933,PNPT1,GO_Biological_Process_2023
GO_Biological_Process_2023,Cellular Response To Topologically Incorrect Protein (GO:0035967),1/22,0.5249492963177141,0.7045578834867675,0,0,1.3851118760757315,0.8926403342429933,BAG3,GO_Biological_Process_2023
GO_Biological_Process_2023,tRNA Aminoacylation (GO:0043039),1/22,0.5249492963177141,0.7045578834867675,0,0,1.3851118760757315,0.8926403342429933,IARS2,GO_Biological_Process_2023
GO_Biological_Process_2023,Hexose Transmembrane Transport (GO:0008645),1/22,0.5249492963177141,0.7045578834867675,0,0,1.3851118760757315,0.8926403342429933,SLC50A1,GO_Biological_Process_2023
GO_Biological_Process_2023,Homologous Chromosome Segregation (GO:0045143),1/22,0.5249492963177141,0.7045578834867675,0,0,1.3851118760757315,0.8926403342429933,FANCD2,GO_Biological_Process_2023
GO_Biological_Process_2023,Mitochondrial Cytochrome C Oxidase Assembly (GO:0033617),1/22,0.5249492963177141,0.7045578834867675,0,0,1.3851118760757315,0.8926403342429933,TMEM223,GO_Biological_Process_2023
GO_Biological_Process_2023,Negative Regulation Of G Protein-Coupled Receptor Signaling Pathway (GO:0045744),1/22,0.5249492963177141,0.7045578834867675,0,0,1.3851118760757315,0.8926403342429933,MRAP2,GO_Biological_Process_2023
GO_Biological_Process_2023,Negative Regulation Of Cell Development (GO:0010721),1/22,0.5249492963177141,0.7045578834867675,0,0,1.3851118760757315,0.8926403342429933,GSK3A,GO_Biological_Process_2023
GO_Biological_Process_2023,Negative Regulation Of Protein Localization To Nucleus (GO:1900181),1/22,0.5249492963177141,0.7045578834867675,0,0,1.3851118760757315,0.8926403342429933,YWHAZ,GO_Biological_Process_2023
GO_Biological_Process_2023,peptidyl-L-cysteine S-palmitoylation (GO:0018230),1/22,0.5249492963177141,0.7045578834867675,0,0,1.3851118760757315,0.8926403342429933,ZDHHC9,GO_Biological_Process_2023
GO_Biological_Process_2023,peptidyl-S-diacylglycerol-L-cysteine Biosynthetic Process From Peptidyl-Cysteine (GO:0018231),1/22,0.5249492963177141,0.7045578834867675,0,0,1.3851118760757315,0.8926403342429933,ZDHHC9,GO_Biological_Process_2023
GO_Biological_Process_2023,Peptidyl-Glutamic Acid Modification (GO:0018200),1/22,0.5249492963177141,0.7045578834867675,0,0,1.3851118760757315,0.8926403342429933,AGBL5,GO_Biological_Process_2023
GO_Biological_Process_2023,Positive Regulation Of Cholesterol Efflux (GO:0010875),1/22,0.5249492963177141,0.7045578834867675,0,0,1.3851118760757315,0.8926403342429933,PPARG,GO_Biological_Process_2023
GO_Biological_Process_2023,Positive Regulation Of Receptor Internalization (GO:0002092),1/22,0.5249492963177141,0.7045578834867675,0,0,1.3851118760757315,0.8926403342429933,APLN,GO_Biological_Process_2023
GO_Biological_Process_2023,Positive Regulation Of Viral Life Cycle (GO:1903902),1/22,0.5249492963177141,0.7045578834867675,0,0,1.3851118760757315,0.8926403342429933,TRIM11,GO_Biological_Process_2023
GO_Biological_Process_2023,Postreplication Repair (GO:0006301),1/22,0.5249492963177141,0.7045578834867675,0,0,1.3851118760757315,0.8926403342429933,RAD18,GO_Biological_Process_2023
GO_Biological_Process_2023,Regulation Of Angiogenesis (GO:0045765),7/205,0.5253010140510899,0.704678478968835,0,0,1.028207607994842,0.6619434222462408,PDCL3;EFNA3;LEP;PGK1;PPARG;BRCA1;HTATIP2,GO_Biological_Process_2023
GO_Biological_Process_2023,Regulation Of MAP Kinase Activity (GO:0043405),4/114,0.5277622232118797,0.7076273755172737,0,0,1.057626186219227,0.6759388706490294,IRAK1;PDGFB;TRIB3;PPARG,GO_Biological_Process_2023
GO_Biological_Process_2023,Actin Cytoskeleton Reorganization (GO:0031532),2/53,0.5300339718372281,0.7082032861042606,0,0,1.1406263863011268,0.724085800323859,RAP2A;PIP5K1A,GO_Biological_Process_2023
GO_Biological_Process_2023,Regulation Of Macromolecule Biosynthetic Process (GO:0010556),2/53,0.5300339718372281,0.7082032861042606,0,0,1.1406263863011268,0.724085800323859,TCOF1;KAT7,GO_Biological_Process_2023
GO_Biological_Process_2023,Regulation Of Proteasomal Protein Catabolic Process (GO:0061136),2/53,0.5300339718372281,0.7082032861042606,0,0,1.1406263863011268,0.724085800323859,NUPR1;UBQLN4,GO_Biological_Process_2023
GO_Biological_Process_2023,Regulation Of Receptor Signaling Pathway Via JAK-STAT (GO:0046425),2/53,0.5300339718372281,0.7082032861042606,0,0,1.1406263863011268,0.724085800323859,GPI;LEP,GO_Biological_Process_2023
GO_Biological_Process_2023,Cellular Response To Alcohol (GO:0097306),2/53,0.5300339718372281,0.7082032861042606,0,0,1.1406263863011268,0.724085800323859,BRCA1;ADCY6,GO_Biological_Process_2023
GO_Biological_Process_2023,mRNA Stabilization (GO:0048255),2/53,0.5300339718372281,0.7082032861042606,0,0,1.1406263863011268,0.724085800323859,HNRNPU;PAIP1,GO_Biological_Process_2023
GO_Biological_Process_2023,Negative Regulation Of Cysteine-Type Endopeptidase Activity (GO:2000117),2/53,0.5300339718372281,0.7082032861042606,0,0,1.1406263863011268,0.724085800323859,CSNK2A1;DNAJB6,GO_Biological_Process_2023
GO_Biological_Process_2023,Negative Regulation Of Signal Transduction (GO:0009968),9/267,0.5308876258112187,0.7089918615672405,0,0,1.0144462563811685,0.6423523480477734,DLL4;GPI;GSK3A;CSNK2A1;GPC3;TULP3;PPARG;APLN;DLK2,GO_Biological_Process_2023
GO_Biological_Process_2023,Regulation Of Cysteine-Type Endopeptidase Activity Involved In Apoptotic Process (GO:0043281),3/84,0.5324683506591309,0.7095030597838466,0,0,1.077207116482041,0.678890199972056,CSNK2A1;DNAJB6;PDCD5,GO_Biological_Process_2023
GO_Biological_Process_2023,Positive Regulation Of Protein Ubiquitination (GO:0031398),3/84,0.5324683506591309,0.7095030597838466,0,0,1.077207116482041,0.678890199972056,GSK3A;TRIB3;BRCA1,GO_Biological_Process_2023
GO_Biological_Process_2023,Regulation Of Canonical Wnt Signaling Pathway (GO:0060828),7/207,0.5356187359692666,0.7095030597838466,0,0,1.0178191489361703,0.6354577615958944,GSK3A;UBR5;SOX13;GPC3;CSNK1D;PPP1CA;STK3,GO_Biological_Process_2023
GO_Biological_Process_2023,Neuron Projection Morphogenesis (GO:0048812),5/146,0.5367756131523702,0.7095030597838466,0,0,1.0312701482914248,0.6416306328039049,ANKRD27;PARD3;ZNF335;CELSR2;PLXNA3,GO_Biological_Process_2023
GO_Biological_Process_2023,Positive Regulation Of Cellular Catabolic Process (GO:0031331),5/146,0.5367756131523702,0.7095030597838466,0,0,1.0312701482914248,0.6416306328039049,RPTOR;GSK3A;PNPT1;PRKAA2;TRIM32,GO_Biological_Process_2023
GO_Biological_Process_2023,ERBB Signaling Pathway (GO:0038127),2/54,0.5401458867274845,0.7095030597838466,0,0,1.118633252117415,0.6889841352309025,SHC1;PLCE1,GO_Biological_Process_2023
GO_Biological_Process_2023,Regulation Of Lipid Metabolic Process (GO:0019216),2/54,0.5401458867274845,0.7095030597838466,0,0,1.118633252117415,0.6889841352309025,MID1IP1;PPARG,GO_Biological_Process_2023
GO_Biological_Process_2023,Negative Regulation Of TOR Signaling (GO:0032007),2/54,0.5401458867274845,0.7095030597838466,0,0,1.118633252117415,0.6889841352309025,GSK3A;PRKAA2,GO_Biological_Process_2023
GO_Biological_Process_2023,Negative Regulation Of Neuron Projection Development (GO:0010977),2/54,0.5401458867274845,0.7095030597838466,0,0,1.118633252117415,0.6889841352309025,CBFA2T2;ADCY6,GO_Biological_Process_2023
GO_Biological_Process_2023,Negative Regulation Of Protein Modification By Small Protein Conjugation Or Removal (GO:1903321),2/54,0.5401458867274845,0.7095030597838466,0,0,1.118633252117415,0.6889841352309025,PIAS3;PRMT3,GO_Biological_Process_2023
GO_Biological_Process_2023,Peptidyl-Tyrosine Modification (GO:0018212),2/54,0.5401458867274845,0.7095030597838466,0,0,1.118633252117415,0.6889841352309025,PDGFB;CLK2,GO_Biological_Process_2023
GO_Biological_Process_2023,Regulation Of Kinase Activity (GO:0043549),3/85,0.5404931437728218,0.7095030597838466,0,0,1.0640151794267187,0.6546601593764789,HNRNPU;PLCE1;SMG8,GO_Biological_Process_2023
GO_Biological_Process_2023,Calcium-Mediated Signaling (GO:0019722),3/85,0.5404931437728218,0.7095030597838466,0,0,1.0640151794267187,0.6546601593764789,CHRM3;PLCE1;ATP1B1,GO_Biological_Process_2023
GO_Biological_Process_2023,Cellular Respiration (GO:0045333),3/85,0.5404931437728218,0.7095030597838466,0,0,1.0640151794267187,0.6546601593764789,NDUFB9;UQCRB;CYC1,GO_Biological_Process_2023
GO_Biological_Process_2023,Positive Regulation Of Canonical Wnt Signaling Pathway (GO:0090263),3/85,0.5404931437728218,0.7095030597838466,0,0,1.0640151794267187,0.6546601593764789,UBR5;GPC3;CSNK1D,GO_Biological_Process_2023
GO_Biological_Process_2023,Regulation Of Interleukin-4 Production (GO:0032673),1/23,0.5407620868140726,0.7095030597838466,0,0,1.3220837897042717,0.8127852020520473,ZP3,GO_Biological_Process_2023
GO_Biological_Process_2023,Axon Extension (GO:0048675),1/23,0.5407620868140726,0.7095030597838466,0,0,1.3220837897042717,0.8127852020520473,HSP90AA1,GO_Biological_Process_2023
GO_Biological_Process_2023,Bile Acid And Bile Salt Transport (GO:0015721),1/23,0.5407620868140726,0.7095030597838466,0,0,1.3220837897042717,0.8127852020520473,ATP8B1,GO_Biological_Process_2023
GO_Biological_Process_2023,Cell-Cell Signaling By Wnt (GO:0198738),1/23,0.5407620868140726,0.7095030597838466,0,0,1.3220837897042717,0.8127852020520473,CELSR2,GO_Biological_Process_2023
GO_Biological_Process_2023,Rescue Of Stalled Ribosome (GO:0072344),1/23,0.5407620868140726,0.7095030597838466,0,0,1.3220837897042717,0.8127852020520473,TRIP4,GO_Biological_Process_2023
GO_Biological_Process_2023,Diacylglycerol Metabolic Process (GO:0046339),1/23,0.5407620868140726,0.7095030597838466,0,0,1.3220837897042717,0.8127852020520473,PLCE1,GO_Biological_Process_2023
GO_Biological_Process_2023,Entrainment Of Circadian Clock By Photoperiod (GO:0043153),1/23,0.5407620868140726,0.7095030597838466,0,0,1.3220837897042717,0.8127852020520473,PPP1CA,GO_Biological_Process_2023
GO_Biological_Process_2023,Heparan Sulfate Proteoglycan Biosynthetic Process (GO:0015012),1/23,0.5407620868140726,0.7095030597838466,0,0,1.3220837897042717,0.8127852020520473,XYLT2,GO_Biological_Process_2023
GO_Biological_Process_2023,Zinc Ion Transport (GO:0006829),1/23,0.5407620868140726,0.7095030597838466,0,0,1.3220837897042717,0.8127852020520473,SLC30A3,GO_Biological_Process_2023
GO_Biological_Process_2023,Negative Regulation Of Protein Depolymerization (GO:1901880),1/23,0.5407620868140726,0.7095030597838466,0,0,1.3220837897042717,0.8127852020520473,MID1IP1,GO_Biological_Process_2023
GO_Biological_Process_2023,Positive Regulation Of Lamellipodium Assembly (GO:0010592),1/23,0.5407620868140726,0.7095030597838466,0,0,1.3220837897042717,0.8127852020520473,PLCE1,GO_Biological_Process_2023
GO_Biological_Process_2023,"Positive Regulation Of mRNA Splicing, Via Spliceosome (GO:0048026)",1/23,0.5407620868140726,0.7095030597838466,0,0,1.3220837897042717,0.8127852020520473,DAZAP1,GO_Biological_Process_2023
GO_Biological_Process_2023,Positive Regulation Of Neuron Apoptotic Process (GO:0043525),1/23,0.5407620868140726,0.7095030597838466,0,0,1.3220837897042717,0.8127852020520473,NUPR1,GO_Biological_Process_2023
GO_Biological_Process_2023,Positive Regulation Of Neutrophil Migration (GO:1902624),1/23,0.5407620868140726,0.7095030597838466,0,0,1.3220837897042717,0.8127852020520473,DAPK2,GO_Biological_Process_2023
GO_Biological_Process_2023,Positive Regulation Of Protein Targeting To Membrane (GO:0090314),1/23,0.5407620868140726,0.7095030597838466,0,0,1.3220837897042717,0.8127852020520473,MFF,GO_Biological_Process_2023
GO_Biological_Process_2023,Potassium Ion Homeostasis (GO:0055075),1/23,0.5407620868140726,0.7095030597838466,0,0,1.3220837897042717,0.8127852020520473,ATP1B1,GO_Biological_Process_2023
GO_Biological_Process_2023,Protein N-linked Glycosylation Via Asparagine (GO:0018279),1/23,0.5407620868140726,0.7095030597838466,0,0,1.3220837897042717,0.8127852020520473,ALG8,GO_Biological_Process_2023
GO_Biological_Process_2023,Protein Localization To Cell Junction (GO:1902414),1/23,0.5407620868140726,0.7095030597838466,0,0,1.3220837897042717,0.8127852020520473,ILF3,GO_Biological_Process_2023
GO_Biological_Process_2023,Regulation Of T Cell Migration (GO:2000404),1/23,0.5407620868140726,0.7095030597838466,0,0,1.3220837897042717,0.8127852020520473,AIRE,GO_Biological_Process_2023
GO_Biological_Process_2023,Regulation Of Cardiac Muscle Hypertrophy (GO:0010611),1/23,0.5407620868140726,0.7095030597838466,0,0,1.3220837897042717,0.8127852020520473,PARP1,GO_Biological_Process_2023
GO_Biological_Process_2023,Regulation Of Cell Junction Assembly (GO:1901888),1/23,0.5407620868140726,0.7095030597838466,0,0,1.3220837897042717,0.8127852020520473,RAP2A,GO_Biological_Process_2023
GO_Biological_Process_2023,Positive Regulation Of Protein Serine/Threonine Kinase Activity (GO:0071902),4/117,0.5483344290654137,0.7190876942568364,0,0,1.0293869572784595,0.6185276444193369,RPTOR;IRAK1;PIH1D1;PDGFB,GO_Biological_Process_2023
GO_Biological_Process_2023,Cellular Response To Fibroblast Growth Factor Stimulus (GO:0044344),2/55,0.5501061329245225,0.7204082388685296,0,0,1.0974700475255414,0.655896444415662,DLL4;SHCBP1,GO_Biological_Process_2023
GO_Biological_Process_2023,Axon Guidance (GO:0007411),5/149,0.5549228099063577,0.7204082388685296,0,0,1.0096275252525253,0.5945961585612407,ENAH;EFNA3;PLXNA2;EFNA4;PLXNA3,GO_Biological_Process_2023
GO_Biological_Process_2023,ERK1 And ERK2 Cascade (GO:0070371),1/24,0.5560492877364934,0.7204082388685296,0,0,1.264536406495547,0.7421543199313053,CDK1,GO_Biological_Process_2023
GO_Biological_Process_2023,"RNA Splicing, Via Transesterification Reactions (GO:0000375)",1/24,0.5560492877364934,0.7204082388685296,0,0,1.264536406495547,0.7421543199313053,PRPF6,GO_Biological_Process_2023
GO_Biological_Process_2023,Regulation Of Microtubule Depolymerization (GO:0031114),1/24,0.5560492877364934,0.7204082388685296,0,0,1.264536406495547,0.7421543199313053,MID1IP1,GO_Biological_Process_2023
GO_Biological_Process_2023,Regulation Of Muscle Cell Differentiation (GO:0051147),1/24,0.5560492877364934,0.7204082388685296,0,0,1.264536406495547,0.7421543199313053,PTBP1,GO_Biological_Process_2023
GO_Biological_Process_2023,Regulation Of Neuroblast Proliferation (GO:1902692),1/24,0.5560492877364934,0.7204082388685296,0,0,1.264536406495547,0.7421543199313053,ZNF335,GO_Biological_Process_2023
GO_Biological_Process_2023,Cell Morphogenesis Involved In Differentiation (GO:0000904),1/24,0.5560492877364934,0.7204082388685296,0,0,1.264536406495547,0.7421543199313053,UNK,GO_Biological_Process_2023
GO_Biological_Process_2023,Regulation Of Supramolecular Fiber Organization (GO:1902903),1/24,0.5560492877364934,0.7204082388685296,0,0,1.264536406495547,0.7421543199313053,CAMSAP1,GO_Biological_Process_2023
GO_Biological_Process_2023,Response To Purine-Containing Compound (GO:0014074),1/24,0.5560492877364934,0.7204082388685296,0,0,1.264536406495547,0.7421543199313053,VGF,GO_Biological_Process_2023
GO_Biological_Process_2023,Dicarboxylic Acid Transport (GO:0006835),1/24,0.5560492877364934,0.7204082388685296,0,0,1.264536406495547,0.7421543199313053,SLC26A6,GO_Biological_Process_2023
GO_Biological_Process_2023,Ear Morphogenesis (GO:0042471),1/24,0.5560492877364934,0.7204082388685296,0,0,1.264536406495547,0.7421543199313053,OSR2,GO_Biological_Process_2023
GO_Biological_Process_2023,Early Endosome To Late Endosome Transport (GO:0045022),1/24,0.5560492877364934,0.7204082388685296,0,0,1.264536406495547,0.7421543199313053,ANKRD27,GO_Biological_Process_2023
GO_Biological_Process_2023,Iron Ion Transport (GO:0006826),1/24,0.5560492877364934,0.7204082388685296,0,0,1.264536406495547,0.7421543199313053,FTH1,GO_Biological_Process_2023
GO_Biological_Process_2023,Lipid Translocation (GO:0034204),1/24,0.5560492877364934,0.7204082388685296,0,0,1.264536406495547,0.7421543199313053,ATP8B1,GO_Biological_Process_2023
GO_Biological_Process_2023,Mononuclear Cell Differentiation (GO:1903131),1/24,0.5560492877364934,0.7204082388685296,0,0,1.264536406495547,0.7421543199313053,PPARG,GO_Biological_Process_2023
GO_Biological_Process_2023,Negative Regulation Of Cell Junction Assembly (GO:1901889),1/24,0.5560492877364934,0.7204082388685296,0,0,1.264536406495547,0.7421543199313053,DYNLL1,GO_Biological_Process_2023
GO_Biological_Process_2023,Peroxisome Organization (GO:0007031),1/24,0.5560492877364934,0.7204082388685296,0,0,1.264536406495547,0.7421543199313053,MFF,GO_Biological_Process_2023
GO_Biological_Process_2023,Photoperiodism (GO:0009648),1/24,0.5560492877364934,0.7204082388685296,0,0,1.264536406495547,0.7421543199313053,PPP1CA,GO_Biological_Process_2023
GO_Biological_Process_2023,Positive Regulation Of Cellular Response To Transforming Growth Factor Beta Stimulus (GO:1903846),1/24,0.5560492877364934,0.7204082388685296,0,0,1.264536406495547,0.7421543199313053,MEN1,GO_Biological_Process_2023
GO_Biological_Process_2023,Positive Regulation Of Lipid Metabolic Process (GO:0045834),1/24,0.5560492877364934,0.7204082388685296,0,0,1.264536406495547,0.7421543199313053,RPTOR,GO_Biological_Process_2023
GO_Biological_Process_2023,Positive Regulation Of Peptidyl-Threonine Phosphorylation (GO:0010800),1/24,0.5560492877364934,0.7204082388685296,0,0,1.264536406495547,0.7421543199313053,RPTOR,GO_Biological_Process_2023
GO_Biological_Process_2023,Positive Regulation Of Transforming Growth Factor Beta Receptor Signaling Pathway (GO:0030511),1/24,0.5560492877364934,0.7204082388685296,0,0,1.264536406495547,0.7421543199313053,MEN1,GO_Biological_Process_2023
GO_Biological_Process_2023,Positive Regulation Of Vascular Endothelial Growth Factor Production (GO:0010575),1/24,0.5560492877364934,0.7204082388685296,0,0,1.264536406495547,0.7421543199313053,BRCA1,GO_Biological_Process_2023
GO_Biological_Process_2023,Protein Kinase B Signaling (GO:0043491),1/24,0.5560492877364934,0.7204082388685296,0,0,1.264536406495547,0.7421543199313053,BTBD10,GO_Biological_Process_2023
GO_Biological_Process_2023,Regulation Of Insulin Secretion (GO:0050796),3/87,0.5563018656145687,0.7204082388685296,0,0,1.0385735865343115,0.6090654647103091,STXBP4;ENSA;STX1A,GO_Biological_Process_2023
GO_Biological_Process_2023,RNA Polymerase II Preinitiation Complex Assembly (GO:0051123),2/56,0.5599136039442065,0.7240401288870062,0,0,1.0770906653259595,0.6246832737564707,MED30;TAF2,GO_Biological_Process_2023
GO_Biological_Process_2023,Peptide Metabolic Process (GO:0006518),2/56,0.5599136039442065,0.7240401288870062,0,0,1.0770906653259595,0.6246832737564707,HM13;PARL,GO_Biological_Process_2023
GO_Biological_Process_2023,Positive Regulation Of DNA-templated Transcription Initiation (GO:2000144),2/56,0.5599136039442065,0.7240401288870062,0,0,1.0770906653259595,0.6246832737564707,MED30;TAF2,GO_Biological_Process_2023
GO_Biological_Process_2023,Negative Regulation Of Neuron Death (GO:1901215),3/88,0.5640830588530599,0.7266315382824668,0,0,1.0263017593744446,0.5876129423669123,CLCF1;KIF14;TRAF2,GO_Biological_Process_2023
GO_Biological_Process_2023,Regulation Of Transcription Initiation By RNA Polymerase II (GO:0060260),2/57,0.5695674340314888,0.7266315382824668,0,0,1.0574523515699987,0.5952167640614685,MED30;TAF2,GO_Biological_Process_2023
GO_Biological_Process_2023,Chemokine-Mediated Signaling Pathway (GO:0070098),2/57,0.5695674340314888,0.7266315382824668,0,0,1.0574523515699987,0.5952167640614685,CCL7;STK39,GO_Biological_Process_2023
GO_Biological_Process_2023,Endosome To Lysosome Transport (GO:0008333),2/57,0.5695674340314888,0.7266315382824668,0,0,1.0574523515699987,0.5952167640614685,SNAPIN;ARL8B,GO_Biological_Process_2023
GO_Biological_Process_2023,Striated Muscle Contraction (GO:0006941),2/57,0.5695674340314888,0.7266315382824668,0,0,1.0574523515699987,0.5952167640614685,ARHGEF11;ATP1B1,GO_Biological_Process_2023
GO_Biological_Process_2023,Membrane Lipid Biosynthetic Process (GO:0046467),2/57,0.5695674340314888,0.7266315382824668,0,0,1.0574523515699987,0.5952167640614685,ELOVL5;ELOVL7,GO_Biological_Process_2023
GO_Biological_Process_2023,Monoatomic Anion Transport (GO:0006820),2/57,0.5695674340314888,0.7266315382824668,0,0,1.0574523515699987,0.5952167640614685,VDAC2;SLC26A6,GO_Biological_Process_2023
GO_Biological_Process_2023,Myeloid Cell Differentiation (GO:0030099),2/57,0.5695674340314888,0.7266315382824668,0,0,1.0574523515699987,0.5952167640614685,RACGAP1;NCOA6,GO_Biological_Process_2023
GO_Biological_Process_2023,ATP Biosynthetic Process (GO:0006754),1/25,0.5708283433404441,0.7266315382824668,0,0,1.2117846385542168,0.6794073418447489,ALDOA,GO_Biological_Process_2023
GO_Biological_Process_2023,Regulation Of Double-Strand Break Repair Via Nonhomologous End Joining (GO:2001032),1/25,0.5708283433404441,0.7266315382824668,0,0,1.2117846385542168,0.6794073418447489,PRKDC,GO_Biological_Process_2023
GO_Biological_Process_2023,Regulation Of Glycogen Biosynthetic Process (GO:0005979),1/25,0.5708283433404441,0.7266315382824668,0,0,1.2117846385542168,0.6794073418447489,GSK3A,GO_Biological_Process_2023
GO_Biological_Process_2023,Regulation Of Keratinocyte Proliferation (GO:0010837),1/25,0.5708283433404441,0.7266315382824668,0,0,1.2117846385542168,0.6794073418447489,STXBP4,GO_Biological_Process_2023
GO_Biological_Process_2023,Activation Of Protein Kinase B Activity (GO:0032148),1/25,0.5708283433404441,0.7266315382824668,0,0,1.2117846385542168,0.6794073418447489,PDGFB,GO_Biological_Process_2023
GO_Biological_Process_2023,Regulation Of Neutrophil Chemotaxis (GO:0090022),1/25,0.5708283433404441,0.7266315382824668,0,0,1.2117846385542168,0.6794073418447489,DAPK2,GO_Biological_Process_2023
GO_Biological_Process_2023,Cardiac Conduction System Development (GO:0003161),1/25,0.5708283433404441,0.7266315382824668,0,0,1.2117846385542168,0.6794073418447489,MSX1,GO_Biological_Process_2023
GO_Biological_Process_2023,Regulation Of Protein Processing (GO:0070613),1/25,0.5708283433404441,0.7266315382824668,0,0,1.2117846385542168,0.6794073418447489,PLAU,GO_Biological_Process_2023
GO_Biological_Process_2023,Response To Zinc Ion (GO:0010043),1/25,0.5708283433404441,0.7266315382824668,0,0,1.2117846385542168,0.6794073418447489,SLC30A3,GO_Biological_Process_2023
GO_Biological_Process_2023,Sodium Ion Homeostasis (GO:0055078),1/25,0.5708283433404441,0.7266315382824668,0,0,1.2117846385542168,0.6794073418447489,ATP1B1,GO_Biological_Process_2023
GO_Biological_Process_2023,Vesicle Cargo Loading (GO:0035459),1/25,0.5708283433404441,0.7266315382824668,0,0,1.2117846385542168,0.6794073418447489,TBC1D20,GO_Biological_Process_2023
GO_Biological_Process_2023,Vesicle-Mediated Transport Between Endosomal Compartments (GO:0098927),1/25,0.5708283433404441,0.7266315382824668,0,0,1.2117846385542168,0.6794073418447489,ANKRD27,GO_Biological_Process_2023
GO_Biological_Process_2023,Metanephros Development (GO:0001656),1/25,0.5708283433404441,0.7266315382824668,0,0,1.2117846385542168,0.6794073418447489,OSR2,GO_Biological_Process_2023
GO_Biological_Process_2023,Negative Regulation Of Intrinsic Apoptotic Signaling Pathway In Response To DNA Damage (GO:1902230),1/25,0.5708283433404441,0.7266315382824668,0,0,1.2117846385542168,0.6794073418447489,TRIM32,GO_Biological_Process_2023
GO_Biological_Process_2023,Negative Regulation Of Protein Localization To Membrane (GO:1905476),1/25,0.5708283433404441,0.7266315382824668,0,0,1.2117846385542168,0.6794073418447489,MRAP2,GO_Biological_Process_2023
GO_Biological_Process_2023,Negative Regulation Of Response To Wounding (GO:1903035),1/25,0.5708283433404441,0.7266315382824668,0,0,1.2117846385542168,0.6794073418447489,GIT1,GO_Biological_Process_2023
GO_Biological_Process_2023,Negative Regulation Of Signaling Receptor Activity (GO:2000272),1/25,0.5708283433404441,0.7266315382824668,0,0,1.2117846385542168,0.6794073418447489,PPARG,GO_Biological_Process_2023
GO_Biological_Process_2023,Organophosphate Ester Transport (GO:0015748),1/25,0.5708283433404441,0.7266315382824668,0,0,1.2117846385542168,0.6794073418447489,PRELID2,GO_Biological_Process_2023
GO_Biological_Process_2023,Peptide Hormone Secretion (GO:0030072),1/25,0.5708283433404441,0.7266315382824668,0,0,1.2117846385542168,0.6794073418447489,PTPRN,GO_Biological_Process_2023
GO_Biological_Process_2023,Phosphatidylethanolamine Metabolic Process (GO:0046337),1/25,0.5708283433404441,0.7266315382824668,0,0,1.2117846385542168,0.6794073418447489,CHKA,GO_Biological_Process_2023
GO_Biological_Process_2023,Positive Regulation Of T Cell Migration (GO:2000406),1/25,0.5708283433404441,0.7266315382824668,0,0,1.2117846385542168,0.6794073418447489,STK39,GO_Biological_Process_2023
GO_Biological_Process_2023,Positive Regulation Of Interleukin-2 Production (GO:0032743),1/25,0.5708283433404441,0.7266315382824668,0,0,1.2117846385542168,0.6794073418447489,TRAF2,GO_Biological_Process_2023
GO_Biological_Process_2023,Purine Ribonucleotide Catabolic Process (GO:0009154),1/25,0.5708283433404441,0.7266315382824668,0,0,1.2117846385542168,0.6794073418447489,FITM2,GO_Biological_Process_2023
GO_Biological_Process_2023,Regulation Of Actin Cytoskeleton Reorganization (GO:2000249),1/25,0.5708283433404441,0.7266315382824668,0,0,1.2117846385542168,0.6794073418447489,BAIAP2L1,GO_Biological_Process_2023
GO_Biological_Process_2023,Regulation Of Cell Size (GO:0008361),1/25,0.5708283433404441,0.7266315382824668,0,0,1.2117846385542168,0.6794073418447489,RPTOR,GO_Biological_Process_2023
GO_Biological_Process_2023,Sensory Perception Of Mechanical Stimulus (GO:0050954),3/89,0.5717804980363347,0.7271556333722953,0,0,1.0143153235438769,0.567002373320532,NDUFB9;MYO1A;BIRC5,GO_Biological_Process_2023
GO_Biological_Process_2023,Sodium Ion Transport (GO:0006814),3/89,0.5717804980363347,0.7271556333722953,0,0,1.0143153235438769,0.567002373320532,SLC6A8;WNK4;ATP1B1,GO_Biological_Process_2023
GO_Biological_Process_2023,Cellular Response To Organic Cyclic Compound (GO:0071407),5/152,0.5727143375198686,0.7276554684919577,0,0,0.9888682745825604,0.5511637549022806,PDGFB;SPP1;BRCA1;SLC26A6;ADCY6,GO_Biological_Process_2023
GO_Biological_Process_2023,Positive Regulation Of NF-kappaB Transcription Factor Activity (GO:0051092),5/152,0.5727143375198686,0.7276554684919577,0,0,0.9888682745825604,0.5511637549022806,NPM1;IRAK1;TRAF2;RBCK1;TRIM32,GO_Biological_Process_2023
GO_Biological_Process_2023,Regulation Of Neuron Death (GO:1901214),2/58,0.579066983542616,0.7340615746212711,0,0,1.038515406162465,0.5673795158409277,KIF14;TRAF2,GO_Biological_Process_2023
GO_Biological_Process_2023,Glycosaminoglycan Biosynthetic Process (GO:0006024),2/58,0.579066983542616,0.7340615746212711,0,0,1.038515406162465,0.5673795158409277,XYLT2;B4GALT4,GO_Biological_Process_2023
GO_Biological_Process_2023,Inorganic Anion Transport (GO:0015698),2/58,0.579066983542616,0.7340615746212711,0,0,1.038515406162465,0.5673795158409277,RACGAP1;SLC26A6,GO_Biological_Process_2023
GO_Biological_Process_2023,Memory (GO:0007613),2/58,0.579066983542616,0.7340615746212711,0,0,1.038515406162465,0.5673795158409277,YTHDF1;PLCB1,GO_Biological_Process_2023
GO_Biological_Process_2023,Regulation Of Phosphatidylinositol 3-Kinase Signaling (GO:0014066),3/90,0.5793930823097658,0.7340615746212711,0,0,1.0026044379622878,0.5471955679925331,LEP;PDGFB;PIP5K1A,GO_Biological_Process_2023
GO_Biological_Process_2023,Mitochondrial Respiratory Chain Complex Assembly (GO:0033108),3/90,0.5793930823097658,0.7340615746212711,0,0,1.0026044379622878,0.5471955679925331,NDUFB9;TMEM223;SAMM50,GO_Biological_Process_2023
GO_Biological_Process_2023,Regulation Of Epidermal Growth Factor-Activated Receptor Activity (GO:0007176),1/26,0.5851161197739073,0.7354261925789746,0,0,1.1632530120481928,0.6234395844845064,SHC1,GO_Biological_Process_2023
GO_Biological_Process_2023,L-amino Acid Transport (GO:0015807),1/26,0.5851161197739073,0.7354261925789746,0,0,1.1632530120481928,0.6234395844845064,SLC1A4,GO_Biological_Process_2023
GO_Biological_Process_2023,Regulation Of Interferon-Alpha Production (GO:0032647),1/26,0.5851161197739073,0.7354261925789746,0,0,1.1632530120481928,0.6234395844845064,NMB,GO_Biological_Process_2023
GO_Biological_Process_2023,Regulation Of Vascular Endothelial Growth Factor Production (GO:0010574),1/26,0.5851161197739073,0.7354261925789746,0,0,1.1632530120481928,0.6234395844845064,BRCA1,GO_Biological_Process_2023
GO_Biological_Process_2023,Cellular Response To Xenobiotic Stimulus (GO:0071466),1/26,0.5851161197739073,0.7354261925789746,0,0,1.1632530120481928,0.6234395844845064,RAP2A,GO_Biological_Process_2023
GO_Biological_Process_2023,Respiratory Chain Complex IV Assembly (GO:0008535),1/26,0.5851161197739073,0.7354261925789746,0,0,1.1632530120481928,0.6234395844845064,TMEM223,GO_Biological_Process_2023
GO_Biological_Process_2023,Response To Glucocorticoid (GO:0051384),1/26,0.5851161197739073,0.7354261925789746,0,0,1.1632530120481928,0.6234395844845064,HNRNPU,GO_Biological_Process_2023
GO_Biological_Process_2023,Establishment Or Maintenance Of Apical/Basal Cell Polarity (GO:0035088),1/26,0.5851161197739073,0.7354261925789746,0,0,1.1632530120481928,0.6234395844845064,PARD3,GO_Biological_Process_2023
GO_Biological_Process_2023,Telomere Maintenance Via Telomere Lengthening (GO:0010833),1/26,0.5851161197739073,0.7354261925789746,0,0,1.1632530120481928,0.6234395844845064,HSP90AA1,GO_Biological_Process_2023
GO_Biological_Process_2023,Meiosis I (GO:0007127),1/26,0.5851161197739073,0.7354261925789746,0,0,1.1632530120481928,0.6234395844845064,HSF2BP,GO_Biological_Process_2023
GO_Biological_Process_2023,miRNA-mediated Gene Silencing (GO:0035195),1/26,0.5851161197739073,0.7354261925789746,0,0,1.1632530120481928,0.6234395844845064,RAN,GO_Biological_Process_2023
GO_Biological_Process_2023,Negative Regulation Of Endothelial Cell Apoptotic Process (GO:2000352),1/26,0.5851161197739073,0.7354261925789746,0,0,1.1632530120481928,0.6234395844845064,MEN1,GO_Biological_Process_2023
GO_Biological_Process_2023,Negative Regulation Of Insulin Receptor Signaling Pathway (GO:0046627),1/26,0.5851161197739073,0.7354261925789746,0,0,1.1632530120481928,0.6234395844845064,GSK3A,GO_Biological_Process_2023
GO_Biological_Process_2023,Nuclear Membrane Organization (GO:0071763),1/26,0.5851161197739073,0.7354261925789746,0,0,1.1632530120481928,0.6234395844845064,TOR1B,GO_Biological_Process_2023
GO_Biological_Process_2023,Positive Regulation Of Phosphatidylinositol 3-Kinase Activity (GO:0043552),1/26,0.5851161197739073,0.7354261925789746,0,0,1.1632530120481928,0.6234395844845064,PDGFB,GO_Biological_Process_2023
GO_Biological_Process_2023,Protein Targeting To Lysosome (GO:0006622),1/26,0.5851161197739073,0.7354261925789746,0,0,1.1632530120481928,0.6234395844845064,GGA3,GO_Biological_Process_2023
GO_Biological_Process_2023,Regulation Of Cardiac Muscle Cell Contraction (GO:0086004),1/26,0.5851161197739073,0.7354261925789746,0,0,1.1632530120481928,0.6234395844845064,STC1,GO_Biological_Process_2023
GO_Biological_Process_2023,Regulation Of Actin Cytoskeleton Organization (GO:0032956),3/91,0.5869198114869305,0.737158389472348,0,0,0.9911597088711892,0.5281563757499977,BAIAP2L1;TESK1;DYNLL1,GO_Biological_Process_2023
GO_Biological_Process_2023,Regulation Of Cell Motility (GO:2000145),4/123,0.5880180288138428,0.737158389472348,0,0,0.9771799794047724,0.5188802925331347,PLXNA2;KIF14;TRIM32;PLXNA3,GO_Biological_Process_2023
GO_Biological_Process_2023,Aerobic Respiration (GO:0009060),2/59,0.5884118248185074,0.737158389472348,0,0,1.0202429149797572,0.5410635824326946,NDUFB9;UQCRB,GO_Biological_Process_2023
GO_Biological_Process_2023,Cellular Response To Chemokine (GO:1990869),2/59,0.5884118248185074,0.737158389472348,0,0,1.0202429149797572,0.5410635824326946,CCL7;STK39,GO_Biological_Process_2023
GO_Biological_Process_2023,Transcription Preinitiation Complex Assembly (GO:0070897),2/59,0.5884118248185074,0.737158389472348,0,0,1.0202429149797572,0.5410635824326946,MED30;TAF2,GO_Biological_Process_2023
GO_Biological_Process_2023,Negative Regulation Of Protein-Containing Complex Assembly (GO:0031333),2/59,0.5884118248185074,0.737158389472348,0,0,1.0202429149797572,0.5410635824326946,KIF14;TRIM11,GO_Biological_Process_2023
GO_Biological_Process_2023,Phospholipid Transport (GO:0015914),2/59,0.5884118248185074,0.737158389472348,0,0,1.0202429149797572,0.5410635824326946,PRELID2;ATP8B1,GO_Biological_Process_2023
GO_Biological_Process_2023,Cellular Response To Growth Factor Stimulus (GO:0071363),5/155,0.5901284317288515,0.738621213852251,0,0,0.968939393939394,0.5110332526933365,DLL4;SMAD3;SHC1;PDCD5;PDGFB,GO_Biological_Process_2023
GO_Biological_Process_2023,Positive Regulation Of Response To External Stimulus (GO:0032103),5/155,0.5901284317288515,0.738621213852251,0,0,0.968939393939394,0.5110332526933365,PLAU;PDGFB;POLR3F;ZP3;USF1,GO_Biological_Process_2023
GO_Biological_Process_2023,Sensory Perception Of Sound (GO:0007605),3/92,0.594359782921685,0.7420431559617338,0,0,0.9799721647034862,0.5098505569857433,NDUFB9;MYO1A;BIRC5,GO_Biological_Process_2023
GO_Biological_Process_2023,Neuron Projection Guidance (GO:0097485),4/124,0.5944311957867705,0.7420431559617338,0,0,0.9689863842662632,0.5040185624818532,ENAH;EFNA3;EFNA4;PLXNA3,GO_Biological_Process_2023
GO_Biological_Process_2023,Regulation Of Extrinsic Apoptotic Signaling Pathway (GO:2001236),2/60,0.5976017289474559,0.7420431559617338,0,0,1.002600509699901,0.5161695743804398,TRAF2;MEN1,GO_Biological_Process_2023
GO_Biological_Process_2023,Axonogenesis (GO:0007409),6/188,0.5978960763650217,0.7420431559617338,0,0,0.9581450416048292,0.4928107162628316,ENAH;EFNA3;HSP90AA1;PARD3;EFNA4;PLXNA3,GO_Biological_Process_2023
GO_Biological_Process_2023,Regulation Of Insulin Secretion Involved In Cellular Response To Glucose Stimulus (GO:0061178),1/27,0.5989289240984339,0.7420431559617338,0,0,1.1184545875810936,0.573333629481516,STXBP4,GO_Biological_Process_2023
GO_Biological_Process_2023,Amino Acid Import Across Plasma Membrane (GO:0089718),1/27,0.5989289240984339,0.7420431559617338,0,0,1.1184545875810936,0.573333629481516,SLC1A4,GO_Biological_Process_2023
GO_Biological_Process_2023,Regulation Of Peptidase Activity (GO:0052547),1/27,0.5989289240984339,0.7420431559617338,0,0,1.1184545875810936,0.573333629481516,CSTB,GO_Biological_Process_2023
GO_Biological_Process_2023,Cell Surface Receptor Signaling Pathway Involved In Cell-Cell Signaling (GO:1905114),1/27,0.5989289240984339,0.7420431559617338,0,0,1.1184545875810936,0.573333629481516,CELSR2,GO_Biological_Process_2023
GO_Biological_Process_2023,Cellular Response To Acid Chemical (GO:0071229),1/27,0.5989289240984339,0.7420431559617338,0,0,1.1184545875810936,0.573333629481516,RPTOR,GO_Biological_Process_2023
GO_Biological_Process_2023,Chaperone Cofactor-Dependent Protein Refolding (GO:0051085),1/27,0.5989289240984339,0.7420431559617338,0,0,1.1184545875810936,0.573333629481516,HSPA6,GO_Biological_Process_2023
GO_Biological_Process_2023,Cortical Cytoskeleton Organization (GO:0030865),1/27,0.5989289240984339,0.7420431559617338,0,0,1.1184545875810936,0.573333629481516,RAB13,GO_Biological_Process_2023
GO_Biological_Process_2023,"Synaptic Transmission, Glutamatergic (GO:0035249)",1/27,0.5989289240984339,0.7420431559617338,0,0,1.1184545875810936,0.573333629481516,SLC1A4,GO_Biological_Process_2023
GO_Biological_Process_2023,In Utero Embryonic Development (GO:0001701),1/27,0.5989289240984339,0.7420431559617338,0,0,1.1184545875810936,0.573333629481516,PDGFB,GO_Biological_Process_2023
GO_Biological_Process_2023,Negative Regulation Of Cellular Response To Insulin Stimulus (GO:1900077),1/27,0.5989289240984339,0.7420431559617338,0,0,1.1184545875810936,0.573333629481516,GSK3A,GO_Biological_Process_2023
GO_Biological_Process_2023,Peptidyl-Lysine Methylation (GO:0018022),1/27,0.5989289240984339,0.7420431559617338,0,0,1.1184545875810936,0.573333629481516,SUV39H1,GO_Biological_Process_2023
GO_Biological_Process_2023,Positive Regulation Of TORC1 Signaling (GO:1904263),1/27,0.5989289240984339,0.7420431559617338,0,0,1.1184545875810936,0.573333629481516,PIH1D1,GO_Biological_Process_2023
GO_Biological_Process_2023,Positive Regulation Of Calcium Ion Transmembrane Transporter Activity (GO:1901021),1/27,0.5989289240984339,0.7420431559617338,0,0,1.1184545875810936,0.573333629481516,ATP1B1,GO_Biological_Process_2023
GO_Biological_Process_2023,Positive Regulation Of Filopodium Assembly (GO:0051491),1/27,0.5989289240984339,0.7420431559617338,0,0,1.1184545875810936,0.573333629481516,MIEN1,GO_Biological_Process_2023
GO_Biological_Process_2023,Positive Regulation Of Immune System Process (GO:0002684),1/27,0.5989289240984339,0.7420431559617338,0,0,1.1184545875810936,0.573333629481516,ZP3,GO_Biological_Process_2023
GO_Biological_Process_2023,Positive Regulation Of Mitotic Cell Cycle (GO:0045931),1/27,0.5989289240984339,0.7420431559617338,0,0,1.1184545875810936,0.573333629481516,CCNB1,GO_Biological_Process_2023
GO_Biological_Process_2023,Regulation Of SMAD Protein Signal Transduction (GO:0060390),1/27,0.5989289240984339,0.7420431559617338,0,0,1.1184545875810936,0.573333629481516,PPARG,GO_Biological_Process_2023
GO_Biological_Process_2023,Regulation Of Catecholamine Secretion (GO:0050433),1/27,0.5989289240984339,0.7420431559617338,0,0,1.1184545875810936,0.573333629481516,STX1A,GO_Biological_Process_2023
GO_Biological_Process_2023,Endocytosis (GO:0006897),6/189,0.6030662844538264,0.7468252974989631,0,0,0.952859523868753,0.4818878973929571,AP3M2;CYTH2;ATP6V1H;PIP5K1A;CSNK1D;JMJD6,GO_Biological_Process_2023
GO_Biological_Process_2023,BMP Signaling Pathway (GO:0030509),2/61,0.6066366529088767,0.7501515991004372,0,0,0.9855561520566506,0.492605861947361,SMURF1;PPARG,GO_Biological_Process_2023
GO_Biological_Process_2023,Regulation Of Pathway-Restricted SMAD Protein Phosphorylation (GO:0060393),2/61,0.6066366529088767,0.7501515991004372,0,0,0.9855561520566506,0.492605861947361,CSNK2B;PPARG,GO_Biological_Process_2023
GO_Biological_Process_2023,Negative Regulation Of Intrinsic Apoptotic Signaling Pathway (GO:2001243),2/61,0.6066366529088767,0.7501515991004372,0,0,0.9855561520566506,0.492605861947361,MMP9;TRIM32,GO_Biological_Process_2023
GO_Biological_Process_2023,Cellular Response To Starvation (GO:0009267),4/126,0.6070781397494971,0.7501515991004372,0,0,0.9530021576845812,0.475641247087536,RPTOR;PRKAA2;SUV39H1;SREBF2,GO_Biological_Process_2023
GO_Biological_Process_2023,Peptide Biosynthetic Process (GO:0043043),5/158,0.607146110308715,0.7501515991004372,0,0,0.949792038027332,0.4739327475059611,MRPL42;MRPS18A;MRPL13;MRPL24;MRPL10,GO_Biological_Process_2023
GO_Biological_Process_2023,Golgi To Plasma Membrane Protein Transport (GO:0043001),1/28,0.6122825228287562,0.7523526342156085,0,0,1.0769745649263722,0.5283222196735825,GGA3,GO_Biological_Process_2023
GO_Biological_Process_2023,Regulation Of Nitric-Oxide Synthase Activity (GO:0050999),1/28,0.6122825228287562,0.7523526342156085,0,0,1.0769745649263722,0.5283222196735825,LEP,GO_Biological_Process_2023
GO_Biological_Process_2023,Regulation Of Plasma Membrane Bounded Cell Projection Organization (GO:0120035),1/28,0.6122825228287562,0.7523526342156085,0,0,1.0769745649263722,0.5283222196735825,GSK3A,GO_Biological_Process_2023
GO_Biological_Process_2023,Regulation Of Platelet Activation (GO:0010543),1/28,0.6122825228287562,0.7523526342156085,0,0,1.0769745649263722,0.5283222196735825,PDGFB,GO_Biological_Process_2023
GO_Biological_Process_2023,Regulation Of Protein Localization To Membrane (GO:1905475),1/28,0.6122825228287562,0.7523526342156085,0,0,1.0769745649263722,0.5283222196735825,GPC3,GO_Biological_Process_2023
GO_Biological_Process_2023,Regulation Of Protein Targeting To Membrane (GO:0090313),1/28,0.6122825228287562,0.7523526342156085,0,0,1.0769745649263722,0.5283222196735825,MFF,GO_Biological_Process_2023
GO_Biological_Process_2023,Regulation Of Sodium Ion Transmembrane Transport (GO:1902305),1/28,0.6122825228287562,0.7523526342156085,0,0,1.0769745649263722,0.5283222196735825,NEDD4L,GO_Biological_Process_2023
GO_Biological_Process_2023,Positive Regulation Of Defense Response To Virus By Host (GO:0002230),1/28,0.6122825228287562,0.7523526342156085,0,0,1.0769745649263722,0.5283222196735825,HSP90AA1,GO_Biological_Process_2023
GO_Biological_Process_2023,Positive Regulation Of Fibroblast Proliferation (GO:0048146),1/28,0.6122825228287562,0.7523526342156085,0,0,1.0769745649263722,0.5283222196735825,PDGFB,GO_Biological_Process_2023
GO_Biological_Process_2023,Protein Localization To Golgi Apparatus (GO:0034067),1/28,0.6122825228287562,0.7523526342156085,0,0,1.0769745649263722,0.5283222196735825,CSNK1D,GO_Biological_Process_2023
GO_Biological_Process_2023,Regulation Of Bone Resorption (GO:0045124),1/28,0.6122825228287562,0.7523526342156085,0,0,1.0769745649263722,0.5283222196735825,SPP1,GO_Biological_Process_2023
GO_Biological_Process_2023,Regulation Of Calcium Ion-Dependent Exocytosis (GO:0017158),1/28,0.6122825228287562,0.7523526342156085,0,0,1.0769745649263722,0.5283222196735825,STX1A,GO_Biological_Process_2023
GO_Biological_Process_2023,Cell Junction Organization (GO:0034330),2/62,0.6155167275964356,0.7549478185788552,0,0,0.969079939668175,0.4702878628015143,SMAD3;PPFIA4,GO_Biological_Process_2023
GO_Biological_Process_2023,Fat Cell Differentiation (GO:0045444),2/62,0.6155167275964356,0.7549478185788552,0,0,0.969079939668175,0.4702878628015143,PPARG;TRIM32,GO_Biological_Process_2023
GO_Biological_Process_2023,Phosphatidylinositol-Mediated Signaling (GO:0048015),2/62,0.6155167275964356,0.7549478185788552,0,0,0.969079939668175,0.4702878628015143,PLCE1;PLCB1,GO_Biological_Process_2023
GO_Biological_Process_2023,Positive Regulation Of Apoptotic Signaling Pathway (GO:2001235),2/62,0.6155167275964356,0.7549478185788552,0,0,0.969079939668175,0.4702878628015143,TRAF2;NUPR1,GO_Biological_Process_2023
GO_Biological_Process_2023,Positive Regulation Of Transmembrane Receptor Protein Serine/Threonine Kinase Signaling Pathway (GO:0090100),3/95,0.6161515161944441,0.7553821093755121,0,0,0.9478687770918166,0.4590171878801082,CSNK2B;PPARG;MEN1,GO_Biological_Process_2023
GO_Biological_Process_2023,Cellular Response To Transforming Growth Factor Beta Stimulus (GO:0071560),3/96,0.6232372639328255,0.7588597667406637,0,0,0.9376279115095996,0.443336722372703,GPI;SMAD3;PDCD5,GO_Biological_Process_2023
GO_Biological_Process_2023,Telomere Organization (GO:0032200),2/63,0.6242422463606491,0.7588597667406637,0,0,0.9531439309645674,0.4491374050920642,PARP1;PRKDC,GO_Biological_Process_2023
GO_Biological_Process_2023,Oxidative Phosphorylation (GO:0006119),2/63,0.6242422463606491,0.7588597667406637,0,0,0.9531439309645674,0.4491374050920642,NDUFB9;UQCRB,GO_Biological_Process_2023
GO_Biological_Process_2023,Cytokine-Mediated Signaling Pathway (GO:0019221),8/257,0.6248722650519986,0.7588597667406637,0,0,0.9333406686105152,0.4388642734196696,IRAK1;CCL7;CLCF1;LEP;CSNK2B;PDGFB;TRAF2;PLCB1,GO_Biological_Process_2023
GO_Biological_Process_2023,TOR Signaling (GO:0031929),1/29,0.6251921601129883,0.7588597667406637,0,0,1.0384574010327023,0.4877595162283079,RPTOR,GO_Biological_Process_2023
GO_Biological_Process_2023,Regulation Of Monoatomic Ion Transmembrane Transport (GO:0034765),1/29,0.6251921601129883,0.7588597667406637,0,0,1.0384574010327023,0.4877595162283079,NEDD4L,GO_Biological_Process_2023
GO_Biological_Process_2023,Regulation Of Muscle Contraction (GO:0006937),1/29,0.6251921601129883,0.7588597667406637,0,0,1.0384574010327023,0.4877595162283079,PLCE1,GO_Biological_Process_2023
GO_Biological_Process_2023,Cardiac Muscle Cell Action Potential (GO:0086001),1/29,0.6251921601129883,0.7588597667406637,0,0,1.0384574010327023,0.4877595162283079,ATP1B1,GO_Biological_Process_2023
GO_Biological_Process_2023,Regulation Of Protein Modification By Small Protein Conjugation Or Removal (GO:1903320),1/29,0.6251921601129883,0.7588597667406637,0,0,1.0384574010327023,0.4877595162283079,HSP90AA1,GO_Biological_Process_2023
GO_Biological_Process_2023,Regulation Of Voltage-Gated Calcium Channel Activity (GO:1901385),1/29,0.6251921601129883,0.7588597667406637,0,0,1.0384574010327023,0.4877595162283079,GNB5,GO_Biological_Process_2023
GO_Biological_Process_2023,Chondrocyte Differentiation (GO:0002062),1/29,0.6251921601129883,0.7588597667406637,0,0,1.0384574010327023,0.4877595162283079,OSR2,GO_Biological_Process_2023
GO_Biological_Process_2023,Response To Interferon-Beta (GO:0035456),1/29,0.6251921601129883,0.7588597667406637,0,0,1.0384574010327023,0.4877595162283079,PNPT1,GO_Biological_Process_2023
GO_Biological_Process_2023,mRNA Splice Site Recognition (GO:0006376),1/29,0.6251921601129883,0.7588597667406637,0,0,1.0384574010327023,0.4877595162283079,CELF3,GO_Biological_Process_2023
GO_Biological_Process_2023,Morphogenesis Of An Epithelium (GO:0002009),1/29,0.6251921601129883,0.7588597667406637,0,0,1.0384574010327023,0.4877595162283079,AIRE,GO_Biological_Process_2023
GO_Biological_Process_2023,Negative Regulation Of DNA Binding (GO:0043392),1/29,0.6251921601129883,0.7588597667406637,0,0,1.0384574010327023,0.4877595162283079,TFAP4,GO_Biological_Process_2023
GO_Biological_Process_2023,Negative Regulation Of Plasma Membrane Bounded Cell Projection Assembly (GO:0120033),1/29,0.6251921601129883,0.7588597667406637,0,0,1.0384574010327023,0.4877595162283079,TESK1,GO_Biological_Process_2023
GO_Biological_Process_2023,Organic Cyclic Compound Biosynthetic Process (GO:1901362),1/29,0.6251921601129883,0.7588597667406637,0,0,1.0384574010327023,0.4877595162283079,PYCR2,GO_Biological_Process_2023
GO_Biological_Process_2023,Phosphatidic Acid Biosynthetic Process (GO:0006654),1/29,0.6251921601129883,0.7588597667406637,0,0,1.0384574010327023,0.4877595162283079,GNPAT,GO_Biological_Process_2023
GO_Biological_Process_2023,Positive Regulation Of B Cell Proliferation (GO:0030890),1/29,0.6251921601129883,0.7588597667406637,0,0,1.0384574010327023,0.4877595162283079,CLCF1,GO_Biological_Process_2023
GO_Biological_Process_2023,Positive Regulation Of Microtubule Polymerization (GO:0031116),1/29,0.6251921601129883,0.7588597667406637,0,0,1.0384574010327023,0.4877595162283079,GIT1,GO_Biological_Process_2023
GO_Biological_Process_2023,Protein Acetylation (GO:0006473),1/29,0.6251921601129883,0.7588597667406637,0,0,1.0384574010327023,0.4877595162283079,NAT10,GO_Biological_Process_2023
GO_Biological_Process_2023,Regulation Of Blood Coagulation (GO:0030193),1/29,0.6251921601129883,0.7588597667406637,0,0,1.0384574010327023,0.4877595162283079,PLAU,GO_Biological_Process_2023
GO_Biological_Process_2023,Transmembrane Receptor Protein Serine/Threonine Kinase Signaling Pathway (GO:0007178),4/130,0.6316364450213571,0.7663361918631524,0,0,0.9225560118147108,0.4238603293055752,GPI;SMAD3;SMURF1;PPARG,GO_Biological_Process_2023
GO_Biological_Process_2023,Negative Regulation Of Cell Death (GO:0060548),2/64,0.6328136539842809,0.7667273943591626,0,0,0.9377219870578504,0.4290821569938054,NUP62;TRAF2,GO_Biological_Process_2023
GO_Biological_Process_2023,Positive Regulation Of Macroautophagy (GO:0016239),2/64,0.6328136539842809,0.7667273943591626,0,0,0.9377219870578504,0.4290821569938054,PRKAA2;BAG3,GO_Biological_Process_2023
GO_Biological_Process_2023,Protein N-linked Glycosylation (GO:0006487),2/64,0.6328136539842809,0.7667273943591626,0,0,0.9377219870578504,0.4290821569938054,KRTCAP2;ALG8,GO_Biological_Process_2023
GO_Biological_Process_2023,MAPK Cascade (GO:0000165),3/98,0.6371386040907759,0.7670884658083241,0,0,0.9177929718556208,0.4137117557891901,ZDHHC9;CDK1;MEN1,GO_Biological_Process_2023
GO_Biological_Process_2023,Phosphatidylinositol Biosynthetic Process (GO:0006661),3/98,0.6371386040907759,0.7670884658083241,0,0,0.9177929718556208,0.4137117557891901,PIGC;PIP5K1A;PIGZ,GO_Biological_Process_2023
GO_Biological_Process_2023,Positive Regulation Of Protein-Containing Complex Assembly (GO:0031334),3/98,0.6371386040907759,0.7670884658083241,0,0,0.9177929718556208,0.4137117557891901,CHAF1B;HSP90AA1;MMP1,GO_Biological_Process_2023
GO_Biological_Process_2023,Regulation Of Macrophage Derived Foam Cell Differentiation (GO:0010743),1/30,0.637672574512531,0.7670884658083241,0,0,1.0025965932696304,0.4510986195415593,PPARG,GO_Biological_Process_2023
GO_Biological_Process_2023,Cardiac Muscle Cell Action Potential Involved In Contraction (GO:0086002),1/30,0.637672574512531,0.7670884658083241,0,0,1.0025965932696304,0.4510986195415593,NEDD4L,GO_Biological_Process_2023
GO_Biological_Process_2023,Response To Amino Acid (GO:0043200),1/30,0.637672574512531,0.7670884658083241,0,0,1.0025965932696304,0.4510986195415593,RPTOR,GO_Biological_Process_2023
GO_Biological_Process_2023,Extrinsic Apoptotic Signaling Pathway Via Death Domain Receptors (GO:0008625),1/30,0.637672574512531,0.7670884658083241,0,0,1.0025965932696304,0.4510986195415593,DEDD,GO_Biological_Process_2023
GO_Biological_Process_2023,Homologous Chromosome Pairing At Meiosis (GO:0007129),1/30,0.637672574512531,0.7670884658083241,0,0,1.0025965932696304,0.4510986195415593,FANCD2,GO_Biological_Process_2023
GO_Biological_Process_2023,Immunoglobulin Mediated Immune Response (GO:0016064),1/30,0.637672574512531,0.7670884658083241,0,0,1.0025965932696304,0.4510986195415593,ZP3,GO_Biological_Process_2023
GO_Biological_Process_2023,Negative Regulation Of Calcium Ion Transmembrane Transporter Activity (GO:1901020),1/30,0.637672574512531,0.7670884658083241,0,0,1.0025965932696304,0.4510986195415593,GNB5,GO_Biological_Process_2023
GO_Biological_Process_2023,Positive Regulation Of Cell Communication (GO:0010647),1/30,0.637672574512531,0.7670884658083241,0,0,1.0025965932696304,0.4510986195415593,NMB,GO_Biological_Process_2023
GO_Biological_Process_2023,Positive Regulation Of Lipid Kinase Activity (GO:0090218),1/30,0.637672574512531,0.7670884658083241,0,0,1.0025965932696304,0.4510986195415593,PDGFB,GO_Biological_Process_2023
GO_Biological_Process_2023,Positive Regulation Of Phosphate Metabolic Process (GO:0045937),1/30,0.637672574512531,0.7670884658083241,0,0,1.0025965932696304,0.4510986195415593,BTBD10,GO_Biological_Process_2023
GO_Biological_Process_2023,Protein Palmitoylation (GO:0018345),1/30,0.637672574512531,0.7670884658083241,0,0,1.0025965932696304,0.4510986195415593,ZDHHC9,GO_Biological_Process_2023
GO_Biological_Process_2023,Regulation Of Arp2/3 Complex-Mediated Actin Nucleation (GO:0034315),1/30,0.637672574512531,0.7670884658083241,0,0,1.0025965932696304,0.4510986195415593,GMFB,GO_Biological_Process_2023
GO_Biological_Process_2023,Regulation Of Cell Migration Involved In Sprouting Angiogenesis (GO:0090049),1/30,0.637672574512531,0.7670884658083241,0,0,1.0025965932696304,0.4510986195415593,DLL4,GO_Biological_Process_2023
GO_Biological_Process_2023,Canonical Wnt Signaling Pathway (GO:0060070),2/65,0.6412315365122006,0.7706806899304742,0,0,0.9227896286719816,0.410055114245741,DVL3;PPP1CA,GO_Biological_Process_2023
GO_Biological_Process_2023,Positive Regulation Of T Cell Proliferation (GO:0042102),2/65,0.6412315365122006,0.7706806899304742,0,0,0.9227896286719816,0.410055114245741,LEP;ZP3,GO_Biological_Process_2023
GO_Biological_Process_2023,Negative Regulation Of Cell Motility (GO:2000146),4/133,0.6493950452767122,0.7729641917459129,0,0,0.9009604897442212,0.3889573010493896,RAP2A;BRMS1;STC1;DYNLL1,GO_Biological_Process_2023
GO_Biological_Process_2023,Cellular Response To BMP Stimulus (GO:0071773),2/66,0.6494966110849845,0.7729641917459129,0,0,0.9083239064856712,0.3919941401628544,SMURF1;PPARG,GO_Biological_Process_2023
GO_Biological_Process_2023,Cellular Response To Type II Interferon (GO:0071346),2/66,0.6494966110849845,0.7729641917459129,0,0,0.9083239064856712,0.3919941401628544,CCL7;SLC26A6,GO_Biological_Process_2023
GO_Biological_Process_2023,Response To Reactive Oxygen Species (GO:0000302),2/66,0.6494966110849845,0.7729641917459129,0,0,0.9083239064856712,0.3919941401628544,PTPRN;MMP9,GO_Biological_Process_2023
GO_Biological_Process_2023,Negative Regulation Of Endopeptidase Activity (GO:0010951),2/66,0.6494966110849845,0.7729641917459129,0,0,0.9083239064856712,0.3919941401628544,SERPINB1;SERPINH1,GO_Biological_Process_2023
GO_Biological_Process_2023,Regulation Of Long-Term Synaptic Potentiation (GO:1900271),1/31,0.6497380162501877,0.7729641917459129,0,0,0.9691265060240964,0.4178738293681011,YTHDF1,GO_Biological_Process_2023
GO_Biological_Process_2023,Regulation Of Protein Localization To Cell Surface (GO:2000008),1/31,0.6497380162501877,0.7729641917459129,0,0,0.9691265060240964,0.4178738293681011,NEDD4L,GO_Biological_Process_2023
GO_Biological_Process_2023,Cellular Response To cAMP (GO:0071320),1/31,0.6497380162501877,0.7729641917459129,0,0,0.9691265060240964,0.4178738293681011,SLC26A6,GO_Biological_Process_2023
GO_Biological_Process_2023,Regulation Of Transmembrane Receptor Protein Serine/Threonine Kinase Signaling Pathway (GO:0090092),1/31,0.6497380162501877,0.7729641917459129,0,0,0.9691265060240964,0.4178738293681011,SMAD3,GO_Biological_Process_2023
GO_Biological_Process_2023,Toll-Like Receptor Signaling Pathway (GO:0002224),1/31,0.6497380162501877,0.7729641917459129,0,0,0.9691265060240964,0.4178738293681011,IRAK1,GO_Biological_Process_2023
GO_Biological_Process_2023,Triglyceride Homeostasis (GO:0070328),1/31,0.6497380162501877,0.7729641917459129,0,0,0.9691265060240964,0.4178738293681011,FITM2,GO_Biological_Process_2023
GO_Biological_Process_2023,Negative Regulation Of Cell-Matrix Adhesion (GO:0001953),1/31,0.6497380162501877,0.7729641917459129,0,0,0.9691265060240964,0.4178738293681011,DYNLL1,GO_Biological_Process_2023
GO_Biological_Process_2023,Negative Regulation Of Chemotaxis (GO:0050922),1/31,0.6497380162501877,0.7729641917459129,0,0,0.9691265060240964,0.4178738293681011,ANGPT2,GO_Biological_Process_2023
GO_Biological_Process_2023,Negative Regulation Of Intracellular Steroid Hormone Receptor Signaling Pathway (GO:0033144),1/31,0.6497380162501877,0.7729641917459129,0,0,0.9691265060240964,0.4178738293681011,BRCA1,GO_Biological_Process_2023
GO_Biological_Process_2023,Negative Regulation Of Microtubule Polymerization Or Depolymerization (GO:0031111),1/31,0.6497380162501877,0.7729641917459129,0,0,0.9691265060240964,0.4178738293681011,MID1IP1,GO_Biological_Process_2023
GO_Biological_Process_2023,Organic Cation Transport (GO:0015695),1/31,0.6497380162501877,0.7729641917459129,0,0,0.9691265060240964,0.4178738293681011,SLC29A4,GO_Biological_Process_2023
GO_Biological_Process_2023,Phospholipid Translocation (GO:0045332),1/31,0.6497380162501877,0.7729641917459129,0,0,0.9691265060240964,0.4178738293681011,ATP8B1,GO_Biological_Process_2023
GO_Biological_Process_2023,Positive Regulation Of Cholesterol Transport (GO:0032376),1/31,0.6497380162501877,0.7729641917459129,0,0,0.9691265060240964,0.4178738293681011,PPARG,GO_Biological_Process_2023
GO_Biological_Process_2023,Positive Regulation Of Extrinsic Apoptotic Signaling Pathway (GO:2001238),1/31,0.6497380162501877,0.7729641917459129,0,0,0.9691265060240964,0.4178738293681011,TRAF2,GO_Biological_Process_2023
GO_Biological_Process_2023,Positive Regulation Of Lamellipodium Organization (GO:1902745),1/31,0.6497380162501877,0.7729641917459129,0,0,0.9691265060240964,0.4178738293681011,PLCE1,GO_Biological_Process_2023
GO_Biological_Process_2023,Positive Regulation Of Leukocyte Migration (GO:0002687),1/31,0.6497380162501877,0.7729641917459129,0,0,0.9691265060240964,0.4178738293681011,ZP3,GO_Biological_Process_2023
GO_Biological_Process_2023,Presynaptic Endocytosis (GO:0140238),1/31,0.6497380162501877,0.7729641917459129,0,0,0.9691265060240964,0.4178738293681011,STX1A,GO_Biological_Process_2023
GO_Biological_Process_2023,Receptor Signaling Pathway Via STAT (GO:0097696),1/31,0.6497380162501877,0.7729641917459129,0,0,0.9691265060240964,0.4178738293681011,CLCF1,GO_Biological_Process_2023
GO_Biological_Process_2023,Negative Regulation Of Intracellular Signal Transduction (GO:1902532),7/231,0.6511277362125748,0.7742751825665217,0,0,0.9076272796352584,0.3894169766380096,GSK3A;PRKAA2;PPARG;TRIM59;RFFL;MMP9;CIT,GO_Biological_Process_2023
GO_Biological_Process_2023,Hemopoiesis (GO:0030097),3/101,0.6573105586714398,0.7812821172194543,0,0,0.8895585424502127,0.3732575903188831,NCOA6;PDGFB;ARIH2,GO_Biological_Process_2023
GO_Biological_Process_2023,'De Novo' Post-Translational Protein Folding (GO:0051084),1/32,0.6614022629191301,0.782344390995771,0,0,0.9378157792460164,0.3876865319158089,HSPA6,GO_Biological_Process_2023
GO_Biological_Process_2023,Regulation Of Natural Killer Cell Mediated Cytotoxicity (GO:0042269),1/32,0.6614022629191301,0.782344390995771,0,0,0.9378157792460164,0.3876865319158089,LEP,GO_Biological_Process_2023
GO_Biological_Process_2023,Regulation Of Ubiquitin-Protein Transferase Activity (GO:0051438),1/32,0.6614022629191301,0.782344390995771,0,0,0.9378157792460164,0.3876865319158089,TRIB3,GO_Biological_Process_2023
GO_Biological_Process_2023,Female Gamete Generation (GO:0007292),1/32,0.6614022629191301,0.782344390995771,0,0,0.9378157792460164,0.3876865319158089,DMC1,GO_Biological_Process_2023
GO_Biological_Process_2023,Transition Metal Ion Transport (GO:0000041),1/32,0.6614022629191301,0.782344390995771,0,0,0.9378157792460164,0.3876865319158089,FTH1,GO_Biological_Process_2023
GO_Biological_Process_2023,Vesicle Budding From Membrane (GO:0006900),1/32,0.6614022629191301,0.782344390995771,0,0,0.9378157792460164,0.3876865319158089,TRAPPC4,GO_Biological_Process_2023
GO_Biological_Process_2023,miRNA Processing (GO:0035196),1/32,0.6614022629191301,0.782344390995771,0,0,0.9378157792460164,0.3876865319158089,SMAD3,GO_Biological_Process_2023
GO_Biological_Process_2023,Mitochondrial Membrane Organization (GO:0007006),1/32,0.6614022629191301,0.782344390995771,0,0,0.9378157792460164,0.3876865319158089,SAMM50,GO_Biological_Process_2023
GO_Biological_Process_2023,Negative Regulation Of G1/S Transition Of Mitotic Cell Cycle (GO:2000134),1/32,0.6614022629191301,0.782344390995771,0,0,0.9378157792460164,0.3876865319158089,E2F7,GO_Biological_Process_2023
GO_Biological_Process_2023,Protein Transmembrane Import Into Intracellular Organelle (GO:0044743),1/32,0.6614022629191301,0.782344390995771,0,0,0.9378157792460164,0.3876865319158089,TOMM20,GO_Biological_Process_2023
GO_Biological_Process_2023,Proteoglycan Biosynthetic Process (GO:0030166),1/32,0.6614022629191301,0.782344390995771,0,0,0.9378157792460164,0.3876865319158089,XYLT2,GO_Biological_Process_2023
GO_Biological_Process_2023,Proteolysis (GO:0006508),10/330,0.6619286632365835,0.7826230372450115,0,0,0.9072041984732824,0.3743101736770402,APH1A;CUL7;ERMP1;PSMC4;PLAU;MMP1;HM13;ADAMTS9;MMP9;PARL,GO_Biological_Process_2023
GO_Biological_Process_2023,Activation Of GTPase Activity (GO:0090630),3/102,0.6638524504729384,0.7838643897422892,0,0,0.8805273276572371,0.3607479669590841,AGAP1;PIP5K1A;SIPA1L2,GO_Biological_Process_2023
GO_Biological_Process_2023,Calcium Ion Homeostasis (GO:0055074),3/102,0.6638524504729384,0.7838643897422892,0,0,0.8805273276572371,0.3607479669590841,CCL7;STC1;ATP1B1,GO_Biological_Process_2023
GO_Biological_Process_2023,Protein Catabolic Process (GO:0030163),3/102,0.6638524504729384,0.7838643897422892,0,0,0.8805273276572371,0.3607479669590841,DDB1;HSP90AA1;TRIM24,GO_Biological_Process_2023
GO_Biological_Process_2023,Positive Regulation Of GTPase Activity (GO:0043547),7/234,0.6643122752080226,0.7840633037652583,0,0,0.8954916112100478,0.3662587071670218,TBC1D20;CCL7;AGAP1;PIP5K1A;DVL3;GNB5;SIPA1L2,GO_Biological_Process_2023
GO_Biological_Process_2023,B Cell Differentiation (GO:0030183),2/68,0.6655718060463734,0.7852054932357698,0,0,0.8807075277663513,0.3585437399313573,TPD52;CLCF1,GO_Biological_Process_2023
GO_Biological_Process_2023,Actin Filament Bundle Assembly (GO:0051017),1/33,0.6726786355235029,0.7868329008105222,0,0,0.9084619728915664,0.3601938834741499,BAIAP2L1,GO_Biological_Process_2023
GO_Biological_Process_2023,Actin Filament Bundle Organization (GO:0061572),1/33,0.6726786355235029,0.7868329008105222,0,0,0.9084619728915664,0.3601938834741499,BAIAP2L1,GO_Biological_Process_2023
GO_Biological_Process_2023,Regulation Of Lamellipodium Assembly (GO:0010591),1/33,0.6726786355235029,0.7868329008105222,0,0,0.9084619728915664,0.3601938834741499,PLCE1,GO_Biological_Process_2023
GO_Biological_Process_2023,Cardiac Muscle Contraction (GO:0060048),1/33,0.6726786355235029,0.7868329008105222,0,0,0.9084619728915664,0.3601938834741499,ATP1B1,GO_Biological_Process_2023
GO_Biological_Process_2023,Regulation Of Sprouting Angiogenesis (GO:1903670),1/33,0.6726786355235029,0.7868329008105222,0,0,0.9084619728915664,0.3601938834741499,E2F2,GO_Biological_Process_2023
GO_Biological_Process_2023,Regulation Of Type I Interferon-Mediated Signaling Pathway (GO:0060338),1/33,0.6726786355235029,0.7868329008105222,0,0,0.9084619728915664,0.3601938834741499,DCST1,GO_Biological_Process_2023
GO_Biological_Process_2023,Epithelial Tube Morphogenesis (GO:0060562),1/33,0.6726786355235029,0.7868329008105222,0,0,0.9084619728915664,0.3601938834741499,CSNK2B,GO_Biological_Process_2023
GO_Biological_Process_2023,Vasculogenesis (GO:0001570),1/33,0.6726786355235029,0.7868329008105222,0,0,0.9084619728915664,0.3601938834741499,CUL7,GO_Biological_Process_2023
GO_Biological_Process_2023,Ventricular Cardiac Muscle Tissue Morphogenesis (GO:0055010),1/33,0.6726786355235029,0.7868329008105222,0,0,0.9084619728915664,0.3601938834741499,DLL4,GO_Biological_Process_2023
GO_Biological_Process_2023,intra-Golgi Vesicle-Mediated Transport (GO:0006891),1/33,0.6726786355235029,0.7868329008105222,0,0,0.9084619728915664,0.3601938834741499,COG2,GO_Biological_Process_2023
GO_Biological_Process_2023,Phosphatidic Acid Metabolic Process (GO:0046473),1/33,0.6726786355235029,0.7868329008105222,0,0,0.9084619728915664,0.3601938834741499,GNPAT,GO_Biological_Process_2023
GO_Biological_Process_2023,Positive Regulation Of Notch Signaling Pathway (GO:0045747),1/33,0.6726786355235029,0.7868329008105222,0,0,0.9084619728915664,0.3601938834741499,DLL4,GO_Biological_Process_2023
GO_Biological_Process_2023,Positive Regulation Of Cytokine Production Involved In Immune Response (GO:0002720),1/33,0.6726786355235029,0.7868329008105222,0,0,0.9084619728915664,0.3601938834741499,TRAF2,GO_Biological_Process_2023
GO_Biological_Process_2023,Positive Regulation Of Interleukin-12 Production (GO:0032735),1/33,0.6726786355235029,0.7868329008105222,0,0,0.9084619728915664,0.3601938834741499,PLCB1,GO_Biological_Process_2023
GO_Biological_Process_2023,Positive Regulation Of Nitrogen Compound Metabolic Process (GO:0051173),1/33,0.6726786355235029,0.7868329008105222,0,0,0.9084619728915664,0.3601938834741499,PDGFB,GO_Biological_Process_2023
GO_Biological_Process_2023,Protein K63-linked Deubiquitination (GO:0070536),1/33,0.6726786355235029,0.7868329008105222,0,0,0.9084619728915664,0.3601938834741499,BRCA1,GO_Biological_Process_2023
GO_Biological_Process_2023,Regulation Of Cell Adhesion Mediated By Integrin (GO:0033628),1/33,0.6726786355235029,0.7868329008105222,0,0,0.9084619728915664,0.3601938834741499,PLAU,GO_Biological_Process_2023
GO_Biological_Process_2023,Regulation Of Heart Contraction (GO:0008016),2/69,0.6733839355505881,0.7868329008105222,0,0,0.8675176155421985,0.343050843408506,GSK3A;APLN,GO_Biological_Process_2023
GO_Biological_Process_2023,Establishment Of Protein Localization To Membrane (GO:0090150),2/69,0.6733839355505881,0.7868329008105222,0,0,0.8675176155421985,0.343050843408506,ZDHHC9;PARD3,GO_Biological_Process_2023
GO_Biological_Process_2023,Phagocytosis (GO:0006909),2/69,0.6733839355505881,0.7868329008105222,0,0,0.8675176155421985,0.343050843408506,PIP5K1A;JMJD6,GO_Biological_Process_2023
GO_Biological_Process_2023,Phospholipid Metabolic Process (GO:0006644),2/69,0.6733839355505881,0.7868329008105222,0,0,0.8675176155421985,0.343050843408506,PIP5K1A;FITM2,GO_Biological_Process_2023
GO_Biological_Process_2023,Positive Regulation Of Phosphatidylinositol 3-Kinase Signaling (GO:0014068),2/69,0.6733839355505881,0.7868329008105222,0,0,0.8675176155421985,0.343050843408506,LEP;PDGFB,GO_Biological_Process_2023
GO_Biological_Process_2023,Sulfur Compound Biosynthetic Process (GO:0044272),2/70,0.6810472587115234,0.7925522686853264,0,0,0.8547156419128737,0.3283164315597606,XYLT2;B4GALT4,GO_Biological_Process_2023
GO_Biological_Process_2023,Negative Regulation Of Epithelial Cell Proliferation (GO:0050680),2/70,0.6810472587115234,0.7925522686853264,0,0,0.8547156419128737,0.3283164315597606,NUPR1;MEN1,GO_Biological_Process_2023
GO_Biological_Process_2023,Positive Regulation Of Protein Polymerization (GO:0032273),2/70,0.6810472587115234,0.7925522686853264,0,0,0.8547156419128737,0.3283164315597606,HSP90AA1;BAIAP2L1,GO_Biological_Process_2023
GO_Biological_Process_2023,Regulation Of Neuron Apoptotic Process (GO:0043523),3/105,0.6829313111782317,0.7925522686853264,0,0,0.854496179136307,0.325871512034369,CLCF1;KIF14;NUPR1,GO_Biological_Process_2023
GO_Biological_Process_2023,Cellular Response To Organonitrogen Compound (GO:0071417),3/105,0.6829313111782317,0.7925522686853264,0,0,0.854496179136307,0.325871512034369,RPTOR;BRCA1;SLC26A6,GO_Biological_Process_2023
GO_Biological_Process_2023,Lysosomal Transport (GO:0007041),3/105,0.6829313111782317,0.7925522686853264,0,0,0.854496179136307,0.325871512034369,SNAPIN;GGA3;ARL8B,GO_Biological_Process_2023
GO_Biological_Process_2023,DNA Damage Checkpoint Signaling (GO:0000077),1/34,0.6835800132362105,0.7925522686853264,0,0,0.8808871851040526,0.3350996732737467,INTS7,GO_Biological_Process_2023
GO_Biological_Process_2023,Regulation Of Metal Ion Transport (GO:0010959),1/34,0.6835800132362105,0.7925522686853264,0,0,0.8808871851040526,0.3350996732737467,NKAIN1,GO_Biological_Process_2023
GO_Biological_Process_2023,Apoptotic Mitochondrial Changes (GO:0008637),1/34,0.6835800132362105,0.7925522686853264,0,0,0.8808871851040526,0.3350996732737467,MFF,GO_Biological_Process_2023
GO_Biological_Process_2023,Regulation Of Phosphatidylinositol 3-Kinase Activity (GO:0043551),1/34,0.6835800132362105,0.7925522686853264,0,0,0.8808871851040526,0.3350996732737467,PDGFB,GO_Biological_Process_2023
GO_Biological_Process_2023,Cellular Response To Vascular Endothelial Growth Factor Stimulus (GO:0035924),1/34,0.6835800132362105,0.7925522686853264,0,0,0.8808871851040526,0.3350996732737467,DLL4,GO_Biological_Process_2023
GO_Biological_Process_2023,Embryonic Limb Morphogenesis (GO:0030326),1/34,0.6835800132362105,0.7925522686853264,0,0,0.8808871851040526,0.3350996732737467,OSR2,GO_Biological_Process_2023
GO_Biological_Process_2023,Inner Mitochondrial Membrane Organization (GO:0007007),1/34,0.6835800132362105,0.7925522686853264,0,0,0.8808871851040526,0.3350996732737467,SAMM50,GO_Biological_Process_2023
GO_Biological_Process_2023,"Mitochondrial Electron Transport, NADH To Ubiquinone (GO:0006120)",1/34,0.6835800132362105,0.7925522686853264,0,0,0.8808871851040526,0.3350996732737467,NDUFB9,GO_Biological_Process_2023
GO_Biological_Process_2023,Negative Regulation Of Ras Protein Signal Transduction (GO:0046580),1/34,0.6835800132362105,0.7925522686853264,0,0,0.8808871851040526,0.3350996732737467,DYNLL1,GO_Biological_Process_2023
GO_Biological_Process_2023,Negative Regulation Of Interleukin-6 Production (GO:0032715),1/34,0.6835800132362105,0.7925522686853264,0,0,0.8808871851040526,0.3350996732737467,NMB,GO_Biological_Process_2023
GO_Biological_Process_2023,Positive Regulation Of Neuron Death (GO:1901216),1/34,0.6835800132362105,0.7925522686853264,0,0,0.8808871851040526,0.3350996732737467,NUPR1,GO_Biological_Process_2023
GO_Biological_Process_2023,Regulation Of calcineurin-NFAT Signaling Cascade (GO:0070884),1/34,0.6835800132362105,0.7925522686853264,0,0,0.8808871851040526,0.3350996732737467,PTBP1,GO_Biological_Process_2023
GO_Biological_Process_2023,Regulation Of Hydrolase Activity (GO:0051336),2/71,0.6885630182726798,0.7968921873198868,0,0,0.8422847399829497,0.3142972327126005,PLXNA2;PLXNA3,GO_Biological_Process_2023
GO_Biological_Process_2023,Kidney Development (GO:0001822),2/71,0.6885630182726798,0.7968921873198868,0,0,0.8422847399829497,0.3142972327126005,OSR2;SIX2,GO_Biological_Process_2023
GO_Biological_Process_2023,Negative Regulation Of Supramolecular Fiber Organization (GO:1902904),2/71,0.6885630182726798,0.7968921873198868,0,0,0.8422847399829497,0.3142972327126005,MID1IP1;PFDN2,GO_Biological_Process_2023
GO_Biological_Process_2023,Negative Regulation Of Wnt Signaling Pathway (GO:0030178),4/140,0.6885746343255704,0.7968921873198868,0,0,0.8542760523271336,0.3187573606408014,GPI;GSK3A;SOX13;STK3,GO_Biological_Process_2023
GO_Biological_Process_2023,Regulation Of Cell Migration (GO:0030334),13/434,0.6888038750301213,0.7968921873198868,0,0,0.8957710971540154,0.3339423006194344,PDGFB;KIF14;STC1;DYNLL1;RAP2A;MIEN1;BRMS1;CCL7;PLAU;PLXNA2;RFFL;TRIM32;PLXNA3,GO_Biological_Process_2023
GO_Biological_Process_2023,Action Potential (GO:0001508),1/35,0.6941188484017234,0.7992613697257329,0,0,0.8549344436569809,0.3121468945584836,KCNMB3,GO_Biological_Process_2023
GO_Biological_Process_2023,Regulation Of Regulated Secretory Pathway (GO:1903305),1/35,0.6941188484017234,0.7992613697257329,0,0,0.8549344436569809,0.3121468945584836,SNAPIN,GO_Biological_Process_2023
GO_Biological_Process_2023,Cellular Response To Amino Acid Stimulus (GO:0071230),1/35,0.6941188484017234,0.7992613697257329,0,0,0.8549344436569809,0.3121468945584836,RPTOR,GO_Biological_Process_2023
GO_Biological_Process_2023,Response To Exogenous dsRNA (GO:0043330),1/35,0.6941188484017234,0.7992613697257329,0,0,0.8549344436569809,0.3121468945584836,COLEC12,GO_Biological_Process_2023
GO_Biological_Process_2023,Dendrite Morphogenesis (GO:0048813),1/35,0.6941188484017234,0.7992613697257329,0,0,0.8549344436569809,0.3121468945584836,CELSR2,GO_Biological_Process_2023
GO_Biological_Process_2023,Endoderm Formation (GO:0001706),1/35,0.6941188484017234,0.7992613697257329,0,0,0.8549344436569809,0.3121468945584836,MMP9,GO_Biological_Process_2023
GO_Biological_Process_2023,Skeletal Muscle Organ Development (GO:0060538),1/35,0.6941188484017234,0.7992613697257329,0,0,0.8549344436569809,0.3121468945584836,MYL6B,GO_Biological_Process_2023
GO_Biological_Process_2023,Glutamate Receptor Signaling Pathway (GO:0007215),1/35,0.6941188484017234,0.7992613697257329,0,0,0.8549344436569809,0.3121468945584836,PLCB1,GO_Biological_Process_2023
GO_Biological_Process_2023,Negative Regulation Of Cell Cycle G1/S Phase Transition (GO:1902807),1/35,0.6941188484017234,0.7992613697257329,0,0,0.8549344436569809,0.3121468945584836,E2F7,GO_Biological_Process_2023
GO_Biological_Process_2023,Neutral Amino Acid Transport (GO:0015804),1/35,0.6941188484017234,0.7992613697257329,0,0,0.8549344436569809,0.3121468945584836,SLC1A4,GO_Biological_Process_2023
GO_Biological_Process_2023,One-Carbon Compound Transport (GO:0019755),1/35,0.6941188484017234,0.7992613697257329,0,0,0.8549344436569809,0.3121468945584836,SLC26A6,GO_Biological_Process_2023
GO_Biological_Process_2023,Positive Regulation Of Autophagy (GO:0010508),3/107,0.6951958362768209,0.7999805473935641,0,0,0.8379764118057169,0.3046561240544676,GSK3A;PRKAA2;TRIM32,GO_Biological_Process_2023
GO_Biological_Process_2023,Second-Messenger-Mediated Signaling (GO:0019932),2/72,0.6959325386281433,0.7999805473935641,0,0,0.830209006679595,0.3009528824556688,CHRM3;PLCE1,GO_Biological_Process_2023
GO_Biological_Process_2023,Transforming Growth Factor Beta Receptor Signaling Pathway (GO:0007179),2/72,0.6959325386281433,0.7999805473935641,0,0,0.830209006679595,0.3009528824556688,GPI;SMAD3,GO_Biological_Process_2023
GO_Biological_Process_2023,Negative Regulation Of Cell Adhesion (GO:0007162),2/72,0.6959325386281433,0.7999805473935641,0,0,0.830209006679595,0.3009528824556688,PLXNA2;PLXNA3,GO_Biological_Process_2023
GO_Biological_Process_2023,Plasma Membrane Bounded Cell Projection Assembly (GO:0120031),8/275,0.6984569838766599,0.8025396001759573,0,0,0.8695979340892378,0.3120827725115586,UNC119B;DUSP23;RAP2A;IFT81;POC1A;PIP5K1A;CEP250;ASAP1,GO_Biological_Process_2023
GO_Biological_Process_2023,Response To Tumor Necrosis Factor (GO:0034612),3/108,0.701192260266741,0.8046517579436248,0,0,0.8299525248165731,0.2946108735676181,CCL7;BRCA1;TRIM32,GO_Biological_Process_2023
GO_Biological_Process_2023,Glycerophospholipid Biosynthetic Process (GO:0046474),3/108,0.701192260266741,0.8046517579436248,0,0,0.8299525248165731,0.2946108735676181,GNPAT;CHKA;PIP5K1A,GO_Biological_Process_2023
GO_Biological_Process_2023,Lipid Transport (GO:0006869),3/108,0.701192260266741,0.8046517579436248,0,0,0.8299525248165731,0.2946108735676181,PRELID2;CHKA;ATP8B1,GO_Biological_Process_2023
GO_Biological_Process_2023,Granulocyte Chemotaxis (GO:0071621),2/73,0.7031572191528204,0.8047943193862059,0,0,0.818473434877743,0.2882456951884948,CCL7;MEN1,GO_Biological_Process_2023
GO_Biological_Process_2023,Positive Regulation Of Secretion By Cell (GO:1903532),2/73,0.7031572191528204,0.8047943193862059,0,0,0.818473434877743,0.2882456951884948,NMB;STX1A,GO_Biological_Process_2023
GO_Biological_Process_2023,Blood Vessel Diameter Maintenance (GO:0097746),1/36,0.7043071802878168,0.8047943193862059,0,0,0.8304647160068847,0.2911116682205578,ADCY6,GO_Biological_Process_2023
GO_Biological_Process_2023,Substrate Adhesion-Dependent Cell Spreading (GO:0034446),1/36,0.7043071802878168,0.8047943193862059,0,0,0.8304647160068847,0.2911116682205578,KIF14,GO_Biological_Process_2023
GO_Biological_Process_2023,Histone Deacetylation (GO:0016575),1/36,0.7043071802878168,0.8047943193862059,0,0,0.8304647160068847,0.2911116682205578,MTA3,GO_Biological_Process_2023
GO_Biological_Process_2023,Lytic Vacuole Organization (GO:0080171),1/36,0.7043071802878168,0.8047943193862059,0,0,0.8304647160068847,0.2911116682205578,SNAPIN,GO_Biological_Process_2023
GO_Biological_Process_2023,Positive Regulation Of RNA Splicing (GO:0033120),1/36,0.7043071802878168,0.8047943193862059,0,0,0.8304647160068847,0.2911116682205578,DAZAP1,GO_Biological_Process_2023
GO_Biological_Process_2023,Positive Regulation Of Phospholipase C Activity (GO:0010863),1/36,0.7043071802878168,0.8047943193862059,0,0,0.8304647160068847,0.2911116682205578,ADRA1D,GO_Biological_Process_2023
GO_Biological_Process_2023,Positive Regulation Of Signaling Receptor Activity (GO:2000273),1/36,0.7043071802878168,0.8047943193862059,0,0,0.8304647160068847,0.2911116682205578,BUD31,GO_Biological_Process_2023
GO_Biological_Process_2023,Protein Destabilization (GO:0031648),1/36,0.7043071802878168,0.8047943193862059,0,0,0.8304647160068847,0.2911116682205578,GGA3,GO_Biological_Process_2023
GO_Biological_Process_2023,Extracellular Structure Organization (GO:0043062),3/109,0.7070984995679114,0.8076409432670839,0,0,0.8220800319215642,0.2849208563996636,MMP1;ADAMTS9;MMP9,GO_Biological_Process_2023
GO_Biological_Process_2023,Response To Lipid (GO:0033993),3/110,0.7129148938477956,0.8119119319792752,0,0,0.8143546884264619,0.2755721126978529,IRAK1;SPP1;PPARG,GO_Biological_Process_2023
GO_Biological_Process_2023,External Encapsulating Structure Organization (GO:0045229),3/110,0.7129148938477956,0.8119119319792752,0,0,0.8143546884264619,0.2755721126978529,MMP1;ADAMTS9;MMP9,GO_Biological_Process_2023
GO_Biological_Process_2023,Regulation Of Defense Response To Virus By Host (GO:0050691),1/37,0.7141566491991618,0.8119119319792752,0,0,0.8073544176706827,0.2717982416159434,HSP90AA1,GO_Biological_Process_2023
GO_Biological_Process_2023,Aortic Valve Morphogenesis (GO:0003180),1/37,0.7141566491991618,0.8119119319792752,0,0,0.8073544176706827,0.2717982416159434,DLL4,GO_Biological_Process_2023
GO_Biological_Process_2023,Regulation Of Phosphoprotein Phosphatase Activity (GO:0043666),1/37,0.7141566491991618,0.8119119319792752,0,0,0.8073544176706827,0.2717982416159434,CSNK2B,GO_Biological_Process_2023
GO_Biological_Process_2023,Type I Interferon-Mediated Signaling Pathway (GO:0060337),1/37,0.7141566491991618,0.8119119319792752,0,0,0.8073544176706827,0.2717982416159434,IRAK1,GO_Biological_Process_2023
GO_Biological_Process_2023,Ventricular Septum Development (GO:0003281),1/37,0.7141566491991618,0.8119119319792752,0,0,0.8073544176706827,0.2717982416159434,DAND5,GO_Biological_Process_2023
GO_Biological_Process_2023,Muscle Tissue Development (GO:0060537),1/37,0.7141566491991618,0.8119119319792752,0,0,0.8073544176706827,0.2717982416159434,MYL6B,GO_Biological_Process_2023
GO_Biological_Process_2023,Positive Regulation Of Receptor Signaling Pathway Via JAK-STAT (GO:0046427),1/37,0.7141566491991618,0.8119119319792752,0,0,0.8073544176706827,0.2717982416159434,LEP,GO_Biological_Process_2023
GO_Biological_Process_2023,Positive Regulation Of Receptor Signaling Pathway Via STAT (GO:1904894),1/37,0.7141566491991618,0.8119119319792752,0,0,0.8073544176706827,0.2717982416159434,LEP,GO_Biological_Process_2023
GO_Biological_Process_2023,Positive Regulation Of Signaling (GO:0023056),1/37,0.7141566491991618,0.8119119319792752,0,0,0.8073544176706827,0.2717982416159434,NMB,GO_Biological_Process_2023
GO_Biological_Process_2023,Endosomal Transport (GO:0016197),5/180,0.7186441038112956,0.8166686162821776,0,0,0.8294372294372294,0.2740369629677979,ANKRD27;RAB13;DPY30;CCDC93;YKT6,GO_Biological_Process_2023
GO_Biological_Process_2023,Regulation Of GTPase Activity (GO:0043087),6/214,0.7196146068463033,0.8174263009807522,0,0,0.8372388233920859,0.2754846258692907,TBC1D20;CCL7;PLXNA2;DVL3;GNB5;PLXNA3,GO_Biological_Process_2023
GO_Biological_Process_2023,Regulation Of Intracellular Transport (GO:0032386),1/38,0.7236785090345316,0.818587165957093,0,0,0.7854933246499511,0.2540348514601989,SPAG5,GO_Biological_Process_2023
GO_Biological_Process_2023,Regulation Of Neurotransmitter Secretion (GO:0046928),1/38,0.7236785090345316,0.818587165957093,0,0,0.7854933246499511,0.2540348514601989,SNAPIN,GO_Biological_Process_2023
GO_Biological_Process_2023,Cellular Response To Type I Interferon (GO:0071357),1/38,0.7236785090345316,0.818587165957093,0,0,0.7854933246499511,0.2540348514601989,IRAK1,GO_Biological_Process_2023
GO_Biological_Process_2023,Establishment Of Protein Localization To Plasma Membrane (GO:0061951),1/38,0.7236785090345316,0.818587165957093,0,0,0.7854933246499511,0.2540348514601989,GGA3,GO_Biological_Process_2023
GO_Biological_Process_2023,Fatty Acid Transport (GO:0015908),1/38,0.7236785090345316,0.818587165957093,0,0,0.7854933246499511,0.2540348514601989,PPARG,GO_Biological_Process_2023
GO_Biological_Process_2023,Tumor Necrosis Factor-Mediated Signaling Pathway (GO:0033209),1/38,0.7236785090345316,0.818587165957093,0,0,0.7854933246499511,0.2540348514601989,TRAF2,GO_Biological_Process_2023
GO_Biological_Process_2023,Membrane Assembly (GO:0071709),1/38,0.7236785090345316,0.818587165957093,0,0,0.7854933246499511,0.2540348514601989,TLCD1,GO_Biological_Process_2023
GO_Biological_Process_2023,Membrane Fission (GO:0090148),1/38,0.7236785090345316,0.818587165957093,0,0,0.7854933246499511,0.2540348514601989,EXOC6,GO_Biological_Process_2023
GO_Biological_Process_2023,Positive Regulation Of Bone Mineralization (GO:0030501),1/38,0.7236785090345316,0.818587165957093,0,0,0.7854933246499511,0.2540348514601989,OSR2,GO_Biological_Process_2023
GO_Biological_Process_2023,Positive Regulation Of Protein Tyrosine Kinase Activity (GO:0061098),1/38,0.7236785090345316,0.818587165957093,0,0,0.7854933246499511,0.2540348514601989,PDGFB,GO_Biological_Process_2023
GO_Biological_Process_2023,Protein Deubiquitination (GO:0016579),3/112,0.7242797233002146,0.8188895161247532,0,0,0.7993292497020428,0.2578457134278658,ENY2;CDK1;ATXN7L3,GO_Biological_Process_2023
GO_Biological_Process_2023,Dephosphorylation (GO:0016311),4/147,0.7245544176488433,0.8188895161247532,0,0,0.812162119272558,0.2616773430172527,NANP;DUSP23;PPP4R1;PPP1CA,GO_Biological_Process_2023
GO_Biological_Process_2023,Central Nervous System Development (GO:0007417),8/283,0.7280103382897961,0.8224499665566084,0,0,0.8439463124394632,0.2679023426874905,TMX2;NCOA6;CDK5RAP1;DHX37;SOX12;ZNF335;PAFAH1B3;GIT1,GO_Biological_Process_2023
GO_Biological_Process_2023,Defense Response To Symbiont (GO:0140546),4/148,0.7294333654463389,0.8227742501249422,0,0,0.8064800806858295,0.2544341892592389,AGBL5;EXOSC5;EXOSC4;APOBEC3B,GO_Biological_Process_2023
GO_Biological_Process_2023,Sphingolipid Biosynthetic Process (GO:0030148),2/77,0.7306378113536459,0.8227742501249422,0,0,0.7746606334841629,0.243117488485987,ELOVL5;ELOVL7,GO_Biological_Process_2023
GO_Biological_Process_2023,Positive Regulation Of JNK Cascade (GO:0046330),2/77,0.7306378113536459,0.8227742501249422,0,0,0.7746606334841629,0.243117488485987,TRAF2;PLCB1,GO_Biological_Process_2023
GO_Biological_Process_2023,Positive Regulation Of Synaptic Transmission (GO:0050806),2/77,0.7306378113536459,0.8227742501249422,0,0,0.7746606334841629,0.243117488485987,ADRA1D;FOXM1,GO_Biological_Process_2023
GO_Biological_Process_2023,Regulation Of T Cell Proliferation (GO:0042129),2/77,0.7306378113536459,0.8227742501249422,0,0,0.7746606334841629,0.243117488485987,LEP;ZP3,GO_Biological_Process_2023
GO_Biological_Process_2023,Regulation Of Monoatomic Cation Transmembrane Transport (GO:1904062),1/39,0.7328836408582261,0.8227742501249422,0,0,0.764782815472416,0.2376702809848173,NEDD4L,GO_Biological_Process_2023
GO_Biological_Process_2023,Carboxylic Acid Transmembrane Transport (GO:1905039),1/39,0.7328836408582261,0.8227742501249422,0,0,0.764782815472416,0.2376702809848173,SLC6A8,GO_Biological_Process_2023
GO_Biological_Process_2023,Digestive Tract Development (GO:0048565),1/39,0.7328836408582261,0.8227742501249422,0,0,0.764782815472416,0.2376702809848173,CDX2,GO_Biological_Process_2023
GO_Biological_Process_2023,Fibroblast Growth Factor Receptor Signaling Pathway (GO:0008543),1/39,0.7328836408582261,0.8227742501249422,0,0,0.764782815472416,0.2376702809848173,SHCBP1,GO_Biological_Process_2023
GO_Biological_Process_2023,Vesicle Cytoskeletal Trafficking (GO:0099518),1/39,0.7328836408582261,0.8227742501249422,0,0,0.764782815472416,0.2376702809848173,MYO1A,GO_Biological_Process_2023
GO_Biological_Process_2023,Internal Peptidyl-Lysine Acetylation (GO:0018393),1/39,0.7328836408582261,0.8227742501249422,0,0,0.764782815472416,0.2376702809848173,KAT7,GO_Biological_Process_2023
GO_Biological_Process_2023,Negative Regulation Of Mitochondrion Organization (GO:0010823),1/39,0.7328836408582261,0.8227742501249422,0,0,0.764782815472416,0.2376702809848173,PPARG,GO_Biological_Process_2023
GO_Biological_Process_2023,Neuron Projection Extension (GO:1990138),1/39,0.7328836408582261,0.8227742501249422,0,0,0.764782815472416,0.2376702809848173,HSP90AA1,GO_Biological_Process_2023
GO_Biological_Process_2023,"Nuclear-Transcribed mRNA Catabolic Process, Deadenylation-Dependent Decay (GO:0000288)",1/39,0.7328836408582261,0.8227742501249422,0,0,0.764782815472416,0.2376702809848173,EXOSC5,GO_Biological_Process_2023
GO_Biological_Process_2023,Organelle Transport Along Microtubule (GO:0072384),1/39,0.7328836408582261,0.8227742501249422,0,0,0.764782815472416,0.2376702809848173,SNAPIN,GO_Biological_Process_2023
GO_Biological_Process_2023,Negative Regulation Of Canonical Wnt Signaling Pathway (GO:0090090),3/114,0.7352903089650235,0.825131868817714,0,0,0.7848452682289541,0.2413319770079766,GSK3A;SOX13;STK3,GO_Biological_Process_2023
GO_Biological_Process_2023,Long-Chain Fatty Acid Metabolic Process (GO:0001676),2/78,0.7371614820067576,0.826542311700077,0,0,0.7644280384218465,0.2331110335355078,ELOVL5;ACSL3,GO_Biological_Process_2023
GO_Biological_Process_2023,Proteolysis Involved In Protein Catabolic Process (GO:0051603),2/78,0.7371614820067576,0.826542311700077,0,0,0.7644280384218465,0.2331110335355078,DDB1;HM13,GO_Biological_Process_2023
GO_Biological_Process_2023,Regulation Of Cytokine-Mediated Signaling Pathway (GO:0001959),1/40,0.7417825646293617,0.8289604989275797,0,0,0.7451343836886005,0.2225709834543296,IRAK1,GO_Biological_Process_2023
GO_Biological_Process_2023,L-alpha-amino Acid Transmembrane Transport (GO:1902475),1/40,0.7417825646293617,0.8289604989275797,0,0,0.7451343836886005,0.2225709834543296,SLC1A4,GO_Biological_Process_2023
GO_Biological_Process_2023,Regulation Of Microtubule Polymerization (GO:0031113),1/40,0.7417825646293617,0.8289604989275797,0,0,0.7451343836886005,0.2225709834543296,CAMSAP1,GO_Biological_Process_2023
GO_Biological_Process_2023,Aortic Valve Development (GO:0003176),1/40,0.7417825646293617,0.8289604989275797,0,0,0.7451343836886005,0.2225709834543296,DLL4,GO_Biological_Process_2023
GO_Biological_Process_2023,Synaptic Vesicle Endocytosis (GO:0048488),1/40,0.7417825646293617,0.8289604989275797,0,0,0.7451343836886005,0.2225709834543296,STX1A,GO_Biological_Process_2023
GO_Biological_Process_2023,Negative Regulation Of Mitotic Cell Cycle Phase Transition (GO:1901991),1/40,0.7417825646293617,0.8289604989275797,0,0,0.7451343836886005,0.2225709834543296,E2F7,GO_Biological_Process_2023
GO_Biological_Process_2023,Protein Deacetylation (GO:0006476),1/40,0.7417825646293617,0.8289604989275797,0,0,0.7451343836886005,0.2225709834543296,MTA3,GO_Biological_Process_2023
GO_Biological_Process_2023,Regulation Of Autophagosome Assembly (GO:2000785),1/40,0.7417825646293617,0.8289604989275797,0,0,0.7451343836886005,0.2225709834543296,NUPR1,GO_Biological_Process_2023
GO_Biological_Process_2023,Vesicle Fusion (GO:0006906),2/79,0.7435499494360978,0.830246022378647,0,0,0.7544612250494603,0.2235614476229236,RAB13;ARL8B,GO_Biological_Process_2023
GO_Biological_Process_2023,Positive Regulation Of Protein Localization To Membrane (GO:1905477),2/79,0.7435499494360978,0.830246022378647,0,0,0.7544612250494603,0.2235614476229236,PDCD5;MFF,GO_Biological_Process_2023
GO_Biological_Process_2023,Organelle Assembly (GO:0070925),9/322,0.7473986112758935,0.8320095798414109,0,0,0.8337781500818203,0.2427600280126307,UNC119B;DUSP23;YTHDF1;IFT81;POC1A;CEP250;AP3B1;ASAP1;AP1S3,GO_Biological_Process_2023
GO_Biological_Process_2023,Response To Type II Interferon (GO:0034341),2/80,0.7498049766587068,0.8320095798414109,0,0,0.7447499709943148,0.2144448984673512,CCL7;SLC26A6,GO_Biological_Process_2023
GO_Biological_Process_2023,Wound Healing (GO:0042060),2/80,0.7498049766587068,0.8320095798414109,0,0,0.7447499709943148,0.2144448984673512,SMAD3;ARL8B,GO_Biological_Process_2023
GO_Biological_Process_2023,Positive Regulation Of Immune Response (GO:0050778),2/80,0.7498049766587068,0.8320095798414109,0,0,0.7447499709943148,0.2144448984673512,POLR3F;ZP3,GO_Biological_Process_2023
GO_Biological_Process_2023,Regulation Of Chemokine Production (GO:0032642),1/41,0.7503854516072479,0.8320095798414109,0,0,0.7264683734939759,0.208618665295919,AIRE,GO_Biological_Process_2023
GO_Biological_Process_2023,Regulation Of Microtubule-Based Process (GO:0032886),1/41,0.7503854516072479,0.8320095798414109,0,0,0.7264683734939759,0.208618665295919,PRKAA2,GO_Biological_Process_2023
GO_Biological_Process_2023,Stem Cell Differentiation (GO:0048863),1/41,0.7503854516072479,0.8320095798414109,0,0,0.7264683734939759,0.208618665295919,METTL5,GO_Biological_Process_2023
GO_Biological_Process_2023,Heart Contraction (GO:0060047),1/41,0.7503854516072479,0.8320095798414109,0,0,0.7264683734939759,0.208618665295919,ATP1B1,GO_Biological_Process_2023
GO_Biological_Process_2023,Visual System Development (GO:0150063),1/41,0.7503854516072479,0.8320095798414109,0,0,0.7264683734939759,0.208618665295919,BLOC1S3,GO_Biological_Process_2023
GO_Biological_Process_2023,Lymphocyte Migration (GO:0072676),1/41,0.7503854516072479,0.8320095798414109,0,0,0.7264683734939759,0.208618665295919,CCL7,GO_Biological_Process_2023
GO_Biological_Process_2023,Negative Regulation Of DNA Recombination (GO:0045910),1/41,0.7503854516072479,0.8320095798414109,0,0,0.7264683734939759,0.208618665295919,UBQLN4,GO_Biological_Process_2023
GO_Biological_Process_2023,Negative Regulation Of Proteolysis (GO:0045861),1/41,0.7503854516072479,0.8320095798414109,0,0,0.7264683734939759,0.208618665295919,CSTB,GO_Biological_Process_2023
GO_Biological_Process_2023,Positive Regulation Of Actin Filament Polymerization (GO:0030838),1/41,0.7503854516072479,0.8320095798414109,0,0,0.7264683734939759,0.208618665295919,BAIAP2L1,GO_Biological_Process_2023
GO_Biological_Process_2023,Positive Regulation Of Ossification (GO:0045778),1/41,0.7503854516072479,0.8320095798414109,0,0,0.7264683734939759,0.208618665295919,OSR2,GO_Biological_Process_2023
GO_Biological_Process_2023,Positive Regulation Of Response To Biotic Stimulus (GO:0002833),1/41,0.7503854516072479,0.8320095798414109,0,0,0.7264683734939759,0.208618665295919,POLR3F,GO_Biological_Process_2023
GO_Biological_Process_2023,Protein Localization To Lysosome (GO:0061462),1/41,0.7503854516072479,0.8320095798414109,0,0,0.7264683734939759,0.208618665295919,GGA3,GO_Biological_Process_2023
GO_Biological_Process_2023,Regulation Of Amide Metabolic Process (GO:0034248),1/41,0.7503854516072479,0.8320095798414109,0,0,0.7264683734939759,0.208618665295919,TCOF1,GO_Biological_Process_2023
GO_Biological_Process_2023,Protein Processing (GO:0016485),3/117,0.7511512405051077,0.8325156458810729,0,0,0.7640721895372873,0.2186379290790256,APH1A;HM13;PARL,GO_Biological_Process_2023
GO_Biological_Process_2023,Epithelium Development (GO:0060429),4/154,0.7573524503332802,0.8367489535087322,0,0,0.7739788199697428,0.215109259809693,PIH1D1;PGK1;CDK1;PPARG,GO_Biological_Process_2023
GO_Biological_Process_2023,DNA Integrity Checkpoint Signaling (GO:0031570),1/42,0.7587021354742871,0.8367489535087322,0,0,0.7087129003820158,0.195708248175579,INTS7,GO_Biological_Process_2023
GO_Biological_Process_2023,Branching Morphogenesis Of An Epithelial Tube (GO:0048754),1/42,0.7587021354742871,0.8367489535087322,0,0,0.7087129003820158,0.195708248175579,DLL4,GO_Biological_Process_2023
GO_Biological_Process_2023,Ceramide Biosynthetic Process (GO:0046513),1/42,0.7587021354742871,0.8367489535087322,0,0,0.7087129003820158,0.195708248175579,B4GALT4,GO_Biological_Process_2023
GO_Biological_Process_2023,Collagen Fibril Organization (GO:0030199),1/42,0.7587021354742871,0.8367489535087322,0,0,0.7087129003820158,0.195708248175579,SERPINH1,GO_Biological_Process_2023
GO_Biological_Process_2023,Determination Of Heart Left/Right Asymmetry (GO:0061371),1/42,0.7587021354742871,0.8367489535087322,0,0,0.7087129003820158,0.195708248175579,DAND5,GO_Biological_Process_2023
GO_Biological_Process_2023,Substantia Nigra Development (GO:0021762),1/42,0.7587021354742871,0.8367489535087322,0,0,0.7087129003820158,0.195708248175579,DYNLL1,GO_Biological_Process_2023
GO_Biological_Process_2023,Keratinocyte Differentiation (GO:0030216),1/42,0.7587021354742871,0.8367489535087322,0,0,0.7087129003820158,0.195708248175579,PIP5K1A,GO_Biological_Process_2023
GO_Biological_Process_2023,Modulation By Host Of Symbiont Process (GO:0051851),1/42,0.7587021354742871,0.8367489535087322,0,0,0.7087129003820158,0.195708248175579,TFAP4,GO_Biological_Process_2023
GO_Biological_Process_2023,Negative Regulation Of I-kappaB kinase/NF-kappaB Signaling (GO:0043124),1/42,0.7587021354742871,0.8367489535087322,0,0,0.7087129003820158,0.195708248175579,TRIM59,GO_Biological_Process_2023
GO_Biological_Process_2023,Organic Hydroxy Compound Biosynthetic Process (GO:1901617),1/42,0.7587021354742871,0.8367489535087322,0,0,0.7087129003820158,0.195708248175579,SQLE,GO_Biological_Process_2023
GO_Biological_Process_2023,Potassium Ion Import Across Plasma Membrane (GO:1990573),1/42,0.7587021354742871,0.8367489535087322,0,0,0.7087129003820158,0.195708248175579,ATP1B1,GO_Biological_Process_2023
GO_Biological_Process_2023,Intracellular Monoatomic Cation Homeostasis (GO:0030003),5/190,0.7611995984738548,0.838921568699486,0,0,0.7841932841932842,0.2139747215655997,CCL7;FTH1;STC1;ATP1B1;CNNM4,GO_Biological_Process_2023
GO_Biological_Process_2023,Cellular Response To Tumor Necrosis Factor (GO:0071356),3/119,0.7612956041486975,0.838921568699486,0,0,0.7508203979581206,0.204773916170012,CCL7;TRAF2;BRCA1,GO_Biological_Process_2023
GO_Biological_Process_2023,Sodium Ion Transmembrane Transport (GO:0035725),2/82,0.7619219199670337,0.8392680665703184,0,0,0.7260558069381599,0.1974227026679166,SLC6A8;ATP1B1,GO_Biological_Process_2023
GO_Biological_Process_2023,Regulation Of Chromosome Organization (GO:0033044),1/43,0.7667421237889068,0.8407917910007939,0,0,0.691802925989673,0.1837461419911257,NSMCE2,GO_Biological_Process_2023
GO_Biological_Process_2023,Regulation Of Endothelial Cell Apoptotic Process (GO:2000351),1/43,0.7667421237889068,0.8407917910007939,0,0,0.691802925989673,0.1837461419911257,MEN1,GO_Biological_Process_2023
GO_Biological_Process_2023,Regulation Of Filopodium Assembly (GO:0051489),1/43,0.7667421237889068,0.8407917910007939,0,0,0.691802925989673,0.1837461419911257,MIEN1,GO_Biological_Process_2023
GO_Biological_Process_2023,Regulation Of Primary Metabolic Process (GO:0080090),1/43,0.7667421237889068,0.8407917910007939,0,0,0.691802925989673,0.1837461419911257,PPARG,GO_Biological_Process_2023
GO_Biological_Process_2023,Response To Amyloid-Beta (GO:1904645),1/43,0.7667421237889068,0.8407917910007939,0,0,0.691802925989673,0.1837461419911257,MMP9,GO_Biological_Process_2023
GO_Biological_Process_2023,Learning (GO:0007612),1/43,0.7667421237889068,0.8407917910007939,0,0,0.691802925989673,0.1837461419911257,YTHDF1,GO_Biological_Process_2023
GO_Biological_Process_2023,Lysosome Organization (GO:0007040),1/43,0.7667421237889068,0.8407917910007939,0,0,0.691802925989673,0.1837461419911257,SNAPIN,GO_Biological_Process_2023
GO_Biological_Process_2023,mRNA Destabilization (GO:0061157),1/43,0.7667421237889068,0.8407917910007939,0,0,0.691802925989673,0.1837461419911257,YTHDF1,GO_Biological_Process_2023
GO_Biological_Process_2023,Positive Regulation Of Biomineral Tissue Development (GO:0070169),1/43,0.7667421237889068,0.8407917910007939,0,0,0.691802925989673,0.1837461419911257,OSR2,GO_Biological_Process_2023
GO_Biological_Process_2023,Positive Regulation Of Stress Fiber Assembly (GO:0051496),1/43,0.7667421237889068,0.8407917910007939,0,0,0.691802925989673,0.1837461419911257,TESK1,GO_Biological_Process_2023
GO_Biological_Process_2023,Regulation Of Cell-Cell Adhesion (GO:0022407),1/43,0.7667421237889068,0.8407917910007939,0,0,0.691802925989673,0.1837461419911257,CELSR2,GO_Biological_Process_2023
GO_Biological_Process_2023,Calcium Ion Transmembrane Import Into Cytosol (GO:0097553),2/83,0.767787507757445,0.8409101275438684,0,0,0.7170549131333445,0.189476215613121,PLCE1;PLCB1,GO_Biological_Process_2023
GO_Biological_Process_2023,Vascular Transport (GO:0010232),2/83,0.767787507757445,0.8409101275438684,0,0,0.7170549131333445,0.189476215613121,SLC29A4;SLC1A4,GO_Biological_Process_2023
GO_Biological_Process_2023,Phospholipase C-activating G Protein-Coupled Receptor Signaling Pathway (GO:0007200),2/83,0.767787507757445,0.8409101275438684,0,0,0.7170549131333445,0.189476215613121,PLCE1;ADRA1D,GO_Biological_Process_2023
GO_Biological_Process_2023,Cilium Organization (GO:0044782),6/228,0.7735049580757769,0.8434717979309965,0,0,0.783865808145019,0.201314924486357,UNC119B;DUSP23;IFT81;POC1A;CEP250;ASAP1,GO_Biological_Process_2023
GO_Biological_Process_2023,Regulation Of Interleukin-1 Beta Production (GO:0032651),2/84,0.773526991106844,0.8434717979309965,0,0,0.7082735533237685,0.1818809051296424,SERPINB1;GIT1,GO_Biological_Process_2023
GO_Biological_Process_2023,Purine Ribonucleotide Metabolic Process (GO:0009150),2/84,0.773526991106844,0.8434717979309965,0,0,0.7082735533237685,0.1818809051296424,ATP1B1;RAN,GO_Biological_Process_2023
GO_Biological_Process_2023,Regulation Of Insulin Receptor Signaling Pathway (GO:0046626),1/44,0.7745146089511306,0.8434717979309965,0,0,0.6756794620341833,0.1726487761844533,GSK3A,GO_Biological_Process_2023
GO_Biological_Process_2023,Regulation Of Transport (GO:0051049),1/44,0.7745146089511306,0.8434717979309965,0,0,0.6756794620341833,0.1726487761844533,PTPRN,GO_Biological_Process_2023
GO_Biological_Process_2023,Regulation Of Viral Entry Into Host Cell (GO:0046596),1/44,0.7745146089511306,0.8434717979309965,0,0,0.6756794620341833,0.1726487761844533,TRIM11,GO_Biological_Process_2023
GO_Biological_Process_2023,Lymphocyte Chemotaxis (GO:0048247),1/44,0.7745146089511306,0.8434717979309965,0,0,0.6756794620341833,0.1726487761844533,CCL7,GO_Biological_Process_2023
GO_Biological_Process_2023,Neural Crest Cell Development (GO:0014032),1/44,0.7745146089511306,0.8434717979309965,0,0,0.6756794620341833,0.1726487761844533,TCOF1,GO_Biological_Process_2023
GO_Biological_Process_2023,Positive Regulation Of Biosynthetic Process (GO:0009891),1/44,0.7745146089511306,0.8434717979309965,0,0,0.6756794620341833,0.1726487761844533,RPTOR,GO_Biological_Process_2023
GO_Biological_Process_2023,Positive Regulation Of Chemotaxis (GO:0050921),1/44,0.7745146089511306,0.8434717979309965,0,0,0.6756794620341833,0.1726487761844533,PDGFB,GO_Biological_Process_2023
GO_Biological_Process_2023,Positive Regulation Of Leukocyte Cell-Cell Adhesion (GO:1903039),1/44,0.7745146089511306,0.8434717979309965,0,0,0.6756794620341833,0.1726487761844533,IRAK1,GO_Biological_Process_2023
GO_Biological_Process_2023,Regulation Of B Cell Proliferation (GO:0030888),1/44,0.7745146089511306,0.8434717979309965,0,0,0.6756794620341833,0.1726487761844533,CLCF1,GO_Biological_Process_2023
GO_Biological_Process_2023,Regulation Of DNA Recombination (GO:0000018),1/44,0.7745146089511306,0.8434717979309965,0,0,0.6756794620341833,0.1726487761844533,RAD51AP1,GO_Biological_Process_2023
GO_Biological_Process_2023,Regulation Of Cell-Substrate Adhesion (GO:0010810),1/44,0.7745146089511306,0.8434717979309965,0,0,0.6756794620341833,0.1726487761844533,PDGFB,GO_Biological_Process_2023
GO_Biological_Process_2023,Regulation Of Osteoblast Differentiation (GO:0045667),2/85,0.7791422561621446,0.8471401257908407,0,0,0.6997037925457487,0.1746192231606812,PPARG;MEN1,GO_Biological_Process_2023
GO_Biological_Process_2023,Response To Interleukin-1 (GO:0070555),2/85,0.7791422561621446,0.8471401257908407,0,0,0.6997037925457487,0.1746192231606812,CCL7;IRAK1,GO_Biological_Process_2023
GO_Biological_Process_2023,Transport Across Blood-Brain Barrier (GO:0150104),2/85,0.7791422561621446,0.8471401257908407,0,0,0.6997037925457487,0.1746192231606812,SLC29A4;SLC1A4,GO_Biological_Process_2023
GO_Biological_Process_2023,Positive Regulation Of Endothelial Cell Migration (GO:0010595),2/85,0.7791422561621446,0.8471401257908407,0,0,0.6997037925457487,0.1746192231606812,GPI;PDGFB,GO_Biological_Process_2023
GO_Biological_Process_2023,I-kappaB kinase/NF-kappaB Signaling (GO:0007249),1/45,0.7820284780229062,0.8482219404915923,0,0,0.660288882803943,0.1623413465629475,NKIRAS2,GO_Biological_Process_2023
GO_Biological_Process_2023,Determination Of Left/Right Symmetry (GO:0007368),1/45,0.7820284780229062,0.8482219404915923,0,0,0.660288882803943,0.1623413465629475,DAND5,GO_Biological_Process_2023
GO_Biological_Process_2023,Triglyceride Metabolic Process (GO:0006641),1/45,0.7820284780229062,0.8482219404915923,0,0,0.660288882803943,0.1623413465629475,LPGAT1,GO_Biological_Process_2023
GO_Biological_Process_2023,Hexose Metabolic Process (GO:0019318),1/45,0.7820284780229062,0.8482219404915923,0,0,0.660288882803943,0.1623413465629475,ALDOA,GO_Biological_Process_2023
GO_Biological_Process_2023,Natural Killer Cell Activation (GO:0030101),1/45,0.7820284780229062,0.8482219404915923,0,0,0.660288882803943,0.1623413465629475,KAT7,GO_Biological_Process_2023
GO_Biological_Process_2023,Positive Regulation Of Innate Immune Response (GO:0045089),1/45,0.7820284780229062,0.8482219404915923,0,0,0.660288882803943,0.1623413465629475,POLR3F,GO_Biological_Process_2023
GO_Biological_Process_2023,Regulation Of Cytokine Production Involved In Inflammatory Response (GO:1900015),1/46,0.789292323593758,0.8530062822453023,0,0,0.6455823293172691,0.1527567404029901,LEP,GO_Biological_Process_2023
GO_Biological_Process_2023,Amino Acid Transport (GO:0006865),1/46,0.789292323593758,0.8530062822453023,0,0,0.6455823293172691,0.1527567404029901,SLC1A4,GO_Biological_Process_2023
GO_Biological_Process_2023,Antiviral Innate Immune Response (GO:0140374),1/46,0.789292323593758,0.8530062822453023,0,0,0.6455823293172691,0.1527567404029901,NMB,GO_Biological_Process_2023
GO_Biological_Process_2023,Response To Glucose (GO:0009749),1/46,0.789292323593758,0.8530062822453023,0,0,0.6455823293172691,0.1527567404029901,PRKAA2,GO_Biological_Process_2023
GO_Biological_Process_2023,Development Of Primary Male Sexual Characteristics (GO:0046546),1/46,0.789292323593758,0.8530062822453023,0,0,0.6455823293172691,0.1527567404029901,MEA1,GO_Biological_Process_2023
GO_Biological_Process_2023,Vacuolar Transport (GO:0007034),1/46,0.789292323593758,0.8530062822453023,0,0,0.6455823293172691,0.1527567404029901,ATP6V0D2,GO_Biological_Process_2023
GO_Biological_Process_2023,Intracellular Protein Transmembrane Transport (GO:0065002),1/46,0.789292323593758,0.8530062822453023,0,0,0.6455823293172691,0.1527567404029901,TOMM20,GO_Biological_Process_2023
GO_Biological_Process_2023,Male Gonad Development (GO:0008584),1/46,0.789292323593758,0.8530062822453023,0,0,0.6455823293172691,0.1527567404029901,MEA1,GO_Biological_Process_2023
GO_Biological_Process_2023,Positive Regulation Of Blood Vessel Endothelial Cell Migration (GO:0043536),1/46,0.789292323593758,0.8530062822453023,0,0,0.6455823293172691,0.1527567404029901,PDGFB,GO_Biological_Process_2023
GO_Biological_Process_2023,Negative Regulation Of Cell Migration (GO:0030336),4/163,0.7949824182149025,0.8578391485613543,0,0,0.7298261639026061,0.1674478702847909,RAP2A;BRMS1;STC1;DYNLL1,GO_Biological_Process_2023
GO_Biological_Process_2023,Positive Regulation Of Plasma Membrane Bounded Cell Projection Assembly (GO:0120034),2/88,0.7952617980736487,0.8578391485613543,0,0,0.6751902907853661,0.1546752336868964,MIEN1;PLCE1,GO_Biological_Process_2023
GO_Biological_Process_2023,Regulation Of Interleukin-2 Production (GO:0032663),1/47,0.7963144530309413,0.8578391485613543,0,0,0.6315151911995809,0.1438346133387174,TRAF2,GO_Biological_Process_2023
GO_Biological_Process_2023,Regulation Of Wound Healing (GO:0061041),1/47,0.7963144530309413,0.8578391485613543,0,0,0.6315151911995809,0.1438346133387174,PLAU,GO_Biological_Process_2023
GO_Biological_Process_2023,Response To Organonitrogen Compound (GO:0010243),1/47,0.7963144530309413,0.8578391485613543,0,0,0.6315151911995809,0.1438346133387174,KAT7,GO_Biological_Process_2023
GO_Biological_Process_2023,Secondary Alcohol Metabolic Process (GO:1902652),1/47,0.7963144530309413,0.8578391485613543,0,0,0.6315151911995809,0.1438346133387174,SQLE,GO_Biological_Process_2023
GO_Biological_Process_2023,Negative Regulation Of Hydrolase Activity (GO:0051346),1/47,0.7963144530309413,0.8578391485613543,0,0,0.6315151911995809,0.1438346133387174,CSTB,GO_Biological_Process_2023
GO_Biological_Process_2023,Positive Regulation Of Epithelial To Mesenchymal Transition (GO:0010718),1/47,0.7963144530309413,0.8578391485613543,0,0,0.6315151911995809,0.1438346133387174,SMAD3,GO_Biological_Process_2023
GO_Biological_Process_2023,Regulation Of Vesicle-Mediated Transport (GO:0060627),2/89,0.8003992907927998,0.8612053144835762,0,0,0.667394809382639,0.1485918252422636,DNAJC5;RAB13,GO_Biological_Process_2023
GO_Biological_Process_2023,Organic Anion Transport (GO:0015711),2/89,0.8003992907927998,0.8612053144835762,0,0,0.667394809382639,0.1485918252422636,SLC35B2;SLC26A6,GO_Biological_Process_2023
GO_Biological_Process_2023,Positive Regulation Of Peptidyl-Serine Phosphorylation (GO:0033138),2/89,0.8003992907927998,0.8612053144835762,0,0,0.667394809382639,0.1485918252422636,RPTOR;HSP90AA1,GO_Biological_Process_2023
GO_Biological_Process_2023,Organic Substance Transport (GO:0071702),5/201,0.8022064454896447,0.8623902228556827,0,0,0.7397572665429808,0.163034579420418,CHKA;AQP10;SLC29A4;SLC50A1;SCAMP2,GO_Biological_Process_2023
GO_Biological_Process_2023,Regulation Of Tumor Necrosis Factor-Mediated Signaling Pathway (GO:0010803),1/48,0.8031028979845191,0.8623902228556827,0,0,0.6180466547039221,0.1355205926316042,RFFL,GO_Biological_Process_2023
GO_Biological_Process_2023,Myelination (GO:0042552),1/48,0.8031028979845191,0.8623902228556827,0,0,0.6180466547039221,0.1355205926316042,PARD3,GO_Biological_Process_2023
GO_Biological_Process_2023,Oligosaccharide Metabolic Process (GO:0009311),1/48,0.8031028979845191,0.8623902228556827,0,0,0.6180466547039221,0.1355205926316042,MAN1B1,GO_Biological_Process_2023
GO_Biological_Process_2023,Positive Regulation Of Reactive Oxygen Species Metabolic Process (GO:2000379),1/48,0.8031028979845191,0.8623902228556827,0,0,0.6180466547039221,0.1355205926316042,PDGFB,GO_Biological_Process_2023
GO_Biological_Process_2023,Regulation Of Peptidyl-Tyrosine Phosphorylation (GO:0050730),2/90,0.8054221506931382,0.8645357030375886,0,0,0.6597764980117922,0.1427681973141735,PDCL3;PDGFB,GO_Biological_Process_2023
GO_Biological_Process_2023,Cellular Response To Cytokine Stimulus (GO:0071345),8/308,0.8073671557782015,0.8662779171447929,0,0,0.7726027397260274,0.1653190235868536,GSK3A;PNPT1;CCL7;CLCF1;STK39;HNRNPU;BRCA1;SLC26A6,GO_Biological_Process_2023
GO_Biological_Process_2023,Erythrocyte Differentiation (GO:0030218),1/49,0.8096654239975561,0.8673605318381463,0,0,0.6051393072289156,0.127765587447982,RACGAP1,GO_Biological_Process_2023
GO_Biological_Process_2023,Unsaturated Fatty Acid Metabolic Process (GO:0033559),1/49,0.8096654239975561,0.8673605318381463,0,0,0.6051393072289156,0.127765587447982,ELOVL5,GO_Biological_Process_2023
GO_Biological_Process_2023,Interferon-Mediated Signaling Pathway (GO:0140888),1/49,0.8096654239975561,0.8673605318381463,0,0,0.6051393072289156,0.127765587447982,IRAK1,GO_Biological_Process_2023
GO_Biological_Process_2023,Neurogenesis (GO:0022008),1/49,0.8096654239975561,0.8673605318381463,0,0,0.6051393072289156,0.127765587447982,CIT,GO_Biological_Process_2023
GO_Biological_Process_2023,Regulation Of Cytokine Production (GO:0001817),4/167,0.8101335099831711,0.8675166237026318,0,0,0.7117678178628773,0.1498671396513825,POLA1;RNF26;LEP;HILPDA,GO_Biological_Process_2023
GO_Biological_Process_2023,B Cell Activation (GO:0042113),2/92,0.8151316879148752,0.8717275378499244,0,0,0.6450477626948216,0.1318513740142714,TPD52;CLCF1,GO_Biological_Process_2023
GO_Biological_Process_2023,Regulation Of Interleukin-12 Production (GO:0032655),1/50,0.8160095384035524,0.8717275378499244,0,0,0.5927587902630932,0.1205251912844735,PLCB1,GO_Biological_Process_2023
GO_Biological_Process_2023,Steroid Biosynthetic Process (GO:0006694),1/50,0.8160095384035524,0.8717275378499244,0,0,0.5927587902630932,0.1205251912844735,SQLE,GO_Biological_Process_2023
GO_Biological_Process_2023,Intracellular Iron Ion Homeostasis (GO:0006879),1/50,0.8160095384035524,0.8717275378499244,0,0,0.5927587902630932,0.1205251912844735,FTH1,GO_Biological_Process_2023
GO_Biological_Process_2023,Positive Regulation Of Cell Death (GO:0010942),1/50,0.8160095384035524,0.8717275378499244,0,0,0.5927587902630932,0.1205251912844735,HTATIP2,GO_Biological_Process_2023
GO_Biological_Process_2023,Regulation Of TORC1 Signaling (GO:1903432),1/50,0.8160095384035524,0.8717275378499244,0,0,0.5927587902630932,0.1205251912844735,PIH1D1,GO_Biological_Process_2023
GO_Biological_Process_2023,Circulatory System Development (GO:0072359),3/132,0.8192841334624729,0.8744606589836238,0,0,0.6746996416777911,0.1344840526724003,NCOA6;PDGFB;PLCE1,GO_Biological_Process_2023
GO_Biological_Process_2023,Regulation Of Peptidyl-Serine Phosphorylation (GO:0033135),2/93,0.8198222177922782,0.8744606589836238,0,0,0.6379261763877149,0.1267353707602373,RPTOR;HSP90AA1,GO_Biological_Process_2023
GO_Biological_Process_2023,Positive Regulation Of Protein Kinase B Signaling (GO:0051897),2/93,0.8198222177922782,0.8744606589836238,0,0,0.6379261763877149,0.1267353707602373,HSP90AA1;LEP,GO_Biological_Process_2023
GO_Biological_Process_2023,SMAD Protein Signal Transduction (GO:0060395),1/51,0.8221424998991335,0.8744606589836238,0,0,0.5808734939759036,0.1137591604239389,SMAD3,GO_Biological_Process_2023
GO_Biological_Process_2023,Amide Biosynthetic Process (GO:0043604),1/51,0.8221424998991335,0.8744606589836238,0,0,0.5808734939759036,0.1137591604239389,NANP,GO_Biological_Process_2023
GO_Biological_Process_2023,Regulation Of Synapse Assembly (GO:0051963),1/51,0.8221424998991335,0.8744606589836238,0,0,0.5808734939759036,0.1137591604239389,RAP2A,GO_Biological_Process_2023
GO_Biological_Process_2023,Sensory Perception (GO:0007600),1/51,0.8221424998991335,0.8744606589836238,0,0,0.5808734939759036,0.1137591604239389,NMB,GO_Biological_Process_2023
GO_Biological_Process_2023,Microtubule Bundle Formation (GO:0001578),1/51,0.8221424998991335,0.8744606589836238,0,0,0.5808734939759036,0.1137591604239389,ZNF207,GO_Biological_Process_2023
GO_Biological_Process_2023,Negative Regulation Of MAP Kinase Activity (GO:0043407),1/51,0.8221424998991335,0.8744606589836238,0,0,0.5808734939759036,0.1137591604239389,PPARG,GO_Biological_Process_2023
GO_Biological_Process_2023,Positive Regulation Of Actin Filament Bundle Assembly (GO:0032233),1/51,0.8221424998991335,0.8744606589836238,0,0,0.5808734939759036,0.1137591604239389,TESK1,GO_Biological_Process_2023
GO_Biological_Process_2023,Positive Regulation Of Protein Localization To Cell Periphery (GO:1904377),1/51,0.8221424998991335,0.8744606589836238,0,0,0.5808734939759036,0.1137591604239389,GPSM2,GO_Biological_Process_2023
GO_Biological_Process_2023,Cellular Response To Hormone Stimulus (GO:0032870),2/94,0.8244058159894688,0.8758294713097753,0,0,0.6309594071742409,0.1218334505707504,LEP;TRIM24,GO_Biological_Process_2023
GO_Biological_Process_2023,Sphingolipid Metabolic Process (GO:0006665),2/94,0.8244058159894688,0.8758294713097753,0,0,0.6309594071742409,0.1218334505707504,ELOVL5;ELOVL7,GO_Biological_Process_2023
GO_Biological_Process_2023,Vesicle Organization (GO:0016050),2/94,0.8244058159894688,0.8758294713097753,0,0,0.6309594071742409,0.1218334505707504,RNF26;TRAPPC4,GO_Biological_Process_2023
GO_Biological_Process_2023,Regulation Of ERK1 And ERK2 Cascade (GO:0070372),6/244,0.8251574546429749,0.8762820483205388,0,0,0.7305568661455477,0.1403991905482315,CCL7;SHC1;PDGFB;APIP;ADRA1D;YWHAZ,GO_Biological_Process_2023
GO_Biological_Process_2023,Cartilage Development (GO:0051216),1/52,0.8280713260035694,0.8786829409604121,0,0,0.569454287739192,0.1074309600160886,OSR2,GO_Biological_Process_2023
GO_Biological_Process_2023,Positive Regulation Of B Cell Activation (GO:0050871),1/52,0.8280713260035694,0.8786829409604121,0,0,0.569454287739192,0.1074309600160886,CLCF1,GO_Biological_Process_2023
GO_Biological_Process_2023,Supramolecular Fiber Organization (GO:0097435),8/316,0.8286797201848759,0.8788526026212934,0,0,0.7522188618079029,0.1413581293863665,KIF18A;KIF18B;DNAJB6;MYO1A;SERPINH1;KIF14;ZNF207;ALDOA,GO_Biological_Process_2023
GO_Biological_Process_2023,Positive Regulation Of Epithelial Cell Migration (GO:0010634),2/95,0.8288843944455008,0.8788526026212934,0,0,0.6241424609546051,0.1171356775814449,GPI;MMP9,GO_Biological_Process_2023
GO_Biological_Process_2023,Regulation Of Protein Metabolic Process (GO:0051246),2/96,0.8332598567210246,0.8802523887017061,0,0,0.6174705561438978,0.112632639044522,TCOF1;PARL,GO_Biological_Process_2023
GO_Biological_Process_2023,NADH Dehydrogenase Complex Assembly (GO:0010257),1/53,0.8338028014866773,0.8802523887017061,0,0,0.558474281742354,0.1015073659989997,NDUFB9,GO_Biological_Process_2023
GO_Biological_Process_2023,Blood Vessel Morphogenesis (GO:0048514),1/53,0.8338028014866773,0.8802523887017061,0,0,0.558474281742354,0.1015073659989997,CUL7,GO_Biological_Process_2023
GO_Biological_Process_2023,Carboxylic Acid Transport (GO:0046942),1/53,0.8338028014866773,0.8802523887017061,0,0,0.558474281742354,0.1015073659989997,SLC1A4,GO_Biological_Process_2023
GO_Biological_Process_2023,Spermatid Development (GO:0007286),1/53,0.8338028014866773,0.8802523887017061,0,0,0.558474281742354,0.1015073659989997,CDYL,GO_Biological_Process_2023
GO_Biological_Process_2023,Glycoprotein Metabolic Process (GO:0009100),1/53,0.8338028014866773,0.8802523887017061,0,0,0.558474281742354,0.1015073659989997,MAN1B1,GO_Biological_Process_2023
GO_Biological_Process_2023,Gonad Development (GO:0008406),1/53,0.8338028014866773,0.8802523887017061,0,0,0.558474281742354,0.1015073659989997,MEA1,GO_Biological_Process_2023
GO_Biological_Process_2023,Mitochondrial Respiratory Chain Complex I Assembly (GO:0032981),1/53,0.8338028014866773,0.8802523887017061,0,0,0.558474281742354,0.1015073659989997,NDUFB9,GO_Biological_Process_2023
GO_Biological_Process_2023,Positive Regulation Of NIK/NF-kappaB Signaling (GO:1901224),1/53,0.8338028014866773,0.8802523887017061,0,0,0.558474281742354,0.1015073659989997,IRAK1,GO_Biological_Process_2023
GO_Biological_Process_2023,Positive Regulation Of Chemokine Production (GO:0032722),1/53,0.8338028014866773,0.8802523887017061,0,0,0.558474281742354,0.1015073659989997,AIRE,GO_Biological_Process_2023
GO_Biological_Process_2023,Proton Motive Force-Driven Mitochondrial ATP Synthesis (GO:0042776),1/53,0.8338028014866773,0.8802523887017061,0,0,0.558474281742354,0.1015073659989997,NDUFB9,GO_Biological_Process_2023
GO_Biological_Process_2023,Regulation Of Neuron Projection Development (GO:0010975),4/174,0.8344398881772702,0.8802673735533267,0,0,0.682210554418439,0.1234764071848928,GSK3A;YTHDF1;CBFA2T2;ADCY6,GO_Biological_Process_2023
GO_Biological_Process_2023,Positive Regulation Of Cell Differentiation (GO:0045597),7/283,0.8344712262855952,0.8802673735533267,0,0,0.7346207215541165,0.1329347741488505,SMARCE1;SMARCC1;SMAD3;MMD;PPARG;PLCB1;TRIM32,GO_Biological_Process_2023
GO_Biological_Process_2023,Positive Regulation Of Cytokine Production (GO:0001819),8/320,0.8386262552187675,0.8833294173912698,0,0,0.7424189205011122,0.1306584070419439,IRAK1;AIRE;LEP;HILPDA;TRAF2;BRCA1;PLCB1;ZP3,GO_Biological_Process_2023
GO_Biological_Process_2023,Regulation Of Exocytosis (GO:0017157),1/54,0.839343485793191,0.8833294173912698,0,0,0.5479086155944533,0.095958116345726,RAB13,GO_Biological_Process_2023
GO_Biological_Process_2023,Regulation Of Focal Adhesion Assembly (GO:0051893),1/54,0.839343485793191,0.8833294173912698,0,0,0.5479086155944533,0.095958116345726,DYNLL1,GO_Biological_Process_2023
GO_Biological_Process_2023,Endoplasmic Reticulum Organization (GO:0007029),1/54,0.839343485793191,0.8833294173912698,0,0,0.5479086155944533,0.095958116345726,TOR1B,GO_Biological_Process_2023
GO_Biological_Process_2023,Negative Regulation Of Protein Catabolic Process (GO:0042177),1/54,0.839343485793191,0.8833294173912698,0,0,0.5479086155944533,0.095958116345726,AZIN1,GO_Biological_Process_2023
GO_Biological_Process_2023,Negative Regulation Of Protein Ubiquitination (GO:0031397),1/54,0.839343485793191,0.8833294173912698,0,0,0.5479086155944533,0.095958116345726,PRMT3,GO_Biological_Process_2023
GO_Biological_Process_2023,Extracellular Matrix Organization (GO:0030198),4/176,0.8408890457421172,0.884264330633856,0,0,0.6742075080040812,0.1168371670179815,MMP1;SERPINH1;ADAMTS9;MMP9,GO_Biological_Process_2023
GO_Biological_Process_2023,Positive Regulation Of Hydrolase Activity (GO:0051345),4/176,0.8408890457421172,0.884264330633856,0,0,0.6742075080040812,0.1168371670179815,TBC1D20;CCL7;DVL3;GNB5,GO_Biological_Process_2023
GO_Biological_Process_2023,Response To Peptide Hormone (GO:0043434),1/55,0.8446997208639686,0.8875778792834593,0,0,0.5377342704149933,0.0907556039262226,LEP,GO_Biological_Process_2023
GO_Biological_Process_2023,Positive Regulation Of Tyrosine Phosphorylation Of STAT Protein (GO:0042531),1/55,0.8446997208639686,0.8875778792834593,0,0,0.5377342704149933,0.0907556039262226,CLCF1,GO_Biological_Process_2023
GO_Biological_Process_2023,Intracellular Calcium Ion Homeostasis (GO:0006874),3/139,0.8452315643911066,0.8877900623639609,0,0,0.6397392038386351,0.1075687235404681,CCL7;STC1;ATP1B1,GO_Biological_Process_2023
GO_Biological_Process_2023,Regulation Of Organelle Organization (GO:0033043),2/100,0.8497682225716053,0.8912342087056535,0,0,0.5921445501277434,0.0963961859905929,MFF;PARL,GO_Biological_Process_2023
GO_Biological_Process_2023,Cellular Response To Peptide (GO:1901653),1/56,0.8498776380726655,0.8912342087056535,0,0,0.5279299014238773,0.0858746061590729,DDX11,GO_Biological_Process_2023
GO_Biological_Process_2023,Pattern Recognition Receptor Signaling Pathway (GO:0002221),1/56,0.8498776380726655,0.8912342087056535,0,0,0.5279299014238773,0.0858746061590729,IRAK1,GO_Biological_Process_2023
GO_Biological_Process_2023,Regulation Of Cation Channel Activity (GO:2001257),1/56,0.8498776380726655,0.8912342087056535,0,0,0.5279299014238773,0.0858746061590729,MMP9,GO_Biological_Process_2023
GO_Biological_Process_2023,Positive Regulation Of ERK1 And ERK2 Cascade (GO:0070374),4/179,0.8501665602926096,0.8912342087056535,0,0,0.6625459260860168,0.1075464393181062,CCL7;SHC1;PDGFB;ADRA1D,GO_Biological_Process_2023
GO_Biological_Process_2023,Visual Perception (GO:0007601),2/101,0.8536562475473006,0.894543988376085,0,0,0.5861328214269391,0.0927418542788672,RGS9BP;CEP250,GO_Biological_Process_2023
GO_Biological_Process_2023,Post-Transcriptional Regulation Of Gene Expression (GO:0010608),1/57,0.8548831652716945,0.8951325283058872,0,0,0.5184756884681584,0.0812920459388683,TCOF1,GO_Biological_Process_2023
GO_Biological_Process_2023,Regulation Of Calcium Ion Transport (GO:0051924),1/57,0.8548831652716945,0.8951325283058872,0,0,0.5184756884681584,0.0812920459388683,STC1,GO_Biological_Process_2023
GO_Biological_Process_2023,Regulation Of Protein Secretion (GO:0050708),2/102,0.8574523147798112,0.8970577712674966,0,0,0.5802413273001509,0.0892351460789969,ENSA;STX1A,GO_Biological_Process_2023
GO_Biological_Process_2023,Regulation Of Phagocytosis (GO:0050764),1/58,0.8597220334815584,0.8970577712674966,0,0,0.5093532022828154,0.0769867800292733,LMAN2,GO_Biological_Process_2023
GO_Biological_Process_2023,Renal System Development (GO:0072001),1/58,0.8597220334815584,0.8970577712674966,0,0,0.5093532022828154,0.0769867800292733,SIX2,GO_Biological_Process_2023
GO_Biological_Process_2023,Response To Organic Cyclic Compound (GO:0014070),1/58,0.8597220334815584,0.8970577712674966,0,0,0.5093532022828154,0.0769867800292733,SPP1,GO_Biological_Process_2023
GO_Biological_Process_2023,Selective Autophagy (GO:0061912),1/58,0.8597220334815584,0.8970577712674966,0,0,0.5093532022828154,0.0769867800292733,STK3,GO_Biological_Process_2023
GO_Biological_Process_2023,Eye Development (GO:0001654),1/58,0.8597220334815584,0.8970577712674966,0,0,0.5093532022828154,0.0769867800292733,BLOC1S3,GO_Biological_Process_2023
GO_Biological_Process_2023,Muscle Organ Development (GO:0007517),1/58,0.8597220334815584,0.8970577712674966,0,0,0.5093532022828154,0.0769867800292733,SGCE,GO_Biological_Process_2023
GO_Biological_Process_2023,Positive Regulation Of Type II Interferon Production (GO:0032729),1/58,0.8597220334815584,0.8970577712674966,0,0,0.5093532022828154,0.0769867800292733,ZP3,GO_Biological_Process_2023
GO_Biological_Process_2023,Regulation Of Bone Mineralization (GO:0030500),1/58,0.8597220334815584,0.8970577712674966,0,0,0.5093532022828154,0.0769867800292733,OSR2,GO_Biological_Process_2023
GO_Biological_Process_2023,Positive Regulation Of Cell Motility (GO:2000147),5/221,0.8623052157480314,0.8994043936348652,0,0,0.6705597643097643,0.0993407417441439,MIEN1;CCL7;PLAU;PDGFB;TRIM32,GO_Biological_Process_2023
GO_Biological_Process_2023,Chordate Embryonic Development (GO:0043009),1/59,0.8643997834767015,0.899540634209232,0,0,0.5005452845866224,0.0729394112376426,BRCA1,GO_Biological_Process_2023
GO_Biological_Process_2023,Heart Morphogenesis (GO:0003007),1/59,0.8643997834767015,0.899540634209232,0,0,0.5005452845866224,0.0729394112376426,DYNLL1,GO_Biological_Process_2023
GO_Biological_Process_2023,Positive Regulation Of Proteolysis (GO:0045862),1/59,0.8643997834767015,0.899540634209232,0,0,0.5005452845866224,0.0729394112376426,TRIM32,GO_Biological_Process_2023
GO_Biological_Process_2023,Macroautophagy (GO:0016236),2/104,0.864775778780856,0.899540634209232,0,0,0.5688048975246207,0.0826388314445637,ARL8B;STK3,GO_Biological_Process_2023
GO_Biological_Process_2023,Positive Regulation Of Inflammatory Response (GO:0050729),2/104,0.864775778780856,0.899540634209232,0,0,0.5688048975246207,0.0826388314445637,NUPR1;ZP3,GO_Biological_Process_2023
GO_Biological_Process_2023,Positive Regulation Of Kinase Activity (GO:0033674),2/104,0.864775778780856,0.899540634209232,0,0,0.5688048975246207,0.0826388314445637,MMD;PRKAG1,GO_Biological_Process_2023
GO_Biological_Process_2023,Positive Regulation Of Vasculature Development (GO:1904018),2/104,0.864775778780856,0.899540634209232,0,0,0.5688048975246207,0.0826388314445637,PDCL3;BRCA1,GO_Biological_Process_2023
GO_Biological_Process_2023,Negative Regulation Of MAPK Cascade (GO:0043409),2/105,0.8683067306168024,0.9021097566130788,0,0,0.563253232585043,0.0795371300445235,PPARG;FOXM1,GO_Biological_Process_2023
GO_Biological_Process_2023,Sterol Metabolic Process (GO:0016125),1/60,0.8689217722560759,0.9021097566130788,0,0,0.4920359403716561,0.0691321213688071,SQLE,GO_Biological_Process_2023
GO_Biological_Process_2023,Homophilic Cell Adhesion Via Plasma Membrane Adhesion Molecules (GO:0007156),1/60,0.8689217722560759,0.9021097566130788,0,0,0.4920359403716561,0.0691321213688071,CELSR2,GO_Biological_Process_2023
GO_Biological_Process_2023,Positive Regulation Of Phagocytosis (GO:0050766),1/60,0.8689217722560759,0.9021097566130788,0,0,0.4920359403716561,0.0691321213688071,LMAN2,GO_Biological_Process_2023
GO_Biological_Process_2023,Proton Motive Force-Driven ATP Synthesis (GO:0015986),1/60,0.8689217722560759,0.9021097566130788,0,0,0.4920359403716561,0.0691321213688071,NDUFB9,GO_Biological_Process_2023
GO_Biological_Process_2023,Response To Calcium Ion (GO:0051592),2/106,0.871752833377717,0.9046999130811556,0,0,0.5578083304327648,0.076558826990892,PRKAA2;KCNMB3,GO_Biological_Process_2023
GO_Biological_Process_2023,Fatty Acid Catabolic Process (GO:0009062),1/61,0.8732931787824912,0.9055999784599936,0,0,0.4838102409638554,0.0655485227117618,ABHD3,GO_Biological_Process_2023
GO_Biological_Process_2023,Positive Regulation Of Interleukin-8 Production (GO:0032757),1/61,0.8732931787824912,0.9055999784599936,0,0,0.4838102409638554,0.0655485227117618,LEP,GO_Biological_Process_2023
GO_Biological_Process_2023,Monoatomic Ion Transport (GO:0006811),2/107,0.8751158151278693,0.907140469379467,0,0,0.5524671407024349,0.0736985868847718,VDAC2;SLC26A6,GO_Biological_Process_2023
GO_Biological_Process_2023,Protein-Containing Complex Disassembly (GO:0032984),1/62,0.877519010064207,0.9092813462005316,0,0,0.4758542366186056,0.0621735251967465,PPP1CA,GO_Biological_Process_2023
GO_Biological_Process_2023,Cellular Response To Salt (GO:1902075),2/109,0.8815992224417704,0.9131576241689008,0,0,0.5420842672079615,0.0683122247941212,PRKAA2;PDGFB,GO_Biological_Process_2023
GO_Biological_Process_2023,Adenylate Cyclase-Activating G Protein-Coupled Receptor Signaling Pathway (GO:0007189),2/110,0.8847229977121642,0.9158430152362832,0,0,0.5370370370370371,0.0657766614295927,ADRA1D;ADCY6,GO_Biological_Process_2023
GO_Biological_Process_2023,Regulation Of Secretion By Cell (GO:1903530),1/64,0.8855531496264618,0.9158430152362832,0,0,0.4606999426276534,0.0559947616300502,RAB13,GO_Biological_Process_2023
GO_Biological_Process_2023,Cellular Response To Virus (GO:0098586),1/64,0.8855531496264618,0.9158430152362832,0,0,0.4606999426276534,0.0559947616300502,HSP90AA1,GO_Biological_Process_2023
GO_Biological_Process_2023,Positive Regulation Of Cysteine-Type Endopeptidase Activity (GO:2001056),1/64,0.8855531496264618,0.9158430152362832,0,0,0.4606999426276534,0.0559947616300502,PDCD5,GO_Biological_Process_2023
GO_Biological_Process_2023,T Cell Activation (GO:0042110),2/111,0.8877703499321107,0.9174308800565706,0,0,0.5320824165940194,0.0633402531404208,DLL4;LEP,GO_Biological_Process_2023
GO_Biological_Process_2023,Negative Regulation Of Inflammatory Response (GO:0050728),2/111,0.8877703499321107,0.9174308800565706,0,0,0.5320824165940194,0.0633402531404208,PPARG;GIT1,GO_Biological_Process_2023
GO_Biological_Process_2023,Autophagosome Assembly (GO:0000045),1/65,0.8893706627500167,0.9180270247258516,0,0,0.4534779743975903,0.0531662959464728,SMURF1,GO_Biological_Process_2023
GO_Biological_Process_2023,Regulation Of Tyrosine Phosphorylation Of STAT Protein (GO:0042509),1/65,0.8893706627500167,0.9180270247258516,0,0,0.4534779743975903,0.0531662959464728,CLCF1,GO_Biological_Process_2023
GO_Biological_Process_2023,Regulation Of Cell-Matrix Adhesion (GO:0001952),1/65,0.8893706627500167,0.9180270247258516,0,0,0.4534779743975903,0.0531662959464728,PLAU,GO_Biological_Process_2023
GO_Biological_Process_2023,Small GTPase Mediated Signal Transduction (GO:0007264),2/112,0.8907428981227767,0.919090927472543,0,0,0.5272178801590567,0.060998817418346,ARHGAP33;PLCE1,GO_Biological_Process_2023
GO_Biological_Process_2023,Positive Regulation Of Cell Migration (GO:0030335),6/272,0.8926067911668663,0.9206611249636018,0,0,0.6526977534884252,0.0741524164323881,MIEN1;CCL7;PLAU;PDGFB;ZP3;TRIM32,GO_Biological_Process_2023
GO_Biological_Process_2023,Regulation Of Endocytosis (GO:0030100),1/66,0.8930610206919642,0.9207767075410253,0,0,0.4464782205746061,0.0504968511395267,GPC3,GO_Biological_Process_2023
GO_Biological_Process_2023,Positive Regulation Of MAPK Cascade (GO:0043410),7/310,0.8939340682074515,0.9213238519901386,0,0,0.668211502001264,0.0749220491252236,IRAK1;CCL7;SHC1;LEP;PDGFB;PLCE1;ADRA1D,GO_Biological_Process_2023
GO_Biological_Process_2023,Regulation Of Interleukin-6 Production (GO:0032675),2/114,0.8964699423995015,0.9232302391875464,0,0,0.5177494074552899,0.0565850989771014,NMB;LEP,GO_Biological_Process_2023
GO_Biological_Process_2023,Response To Endoplasmic Reticulum Stress (GO:0034976),2/114,0.8964699423995015,0.9232302391875464,0,0,0.5177494074552899,0.0565850989771014,TRIB3;TRAF2,GO_Biological_Process_2023
GO_Biological_Process_2023,Cell-Cell Junction Organization (GO:0045216),1/68,0.900077047181511,0.9258820083965772,0,0,0.4331055565545765,0.0455951490682373,SMAD3,GO_Biological_Process_2023
GO_Biological_Process_2023,Skin Development (GO:0043588),1/68,0.900077047181511,0.9258820083965772,0,0,0.4331055565545765,0.0455951490682373,PIP5K1A,GO_Biological_Process_2023
GO_Biological_Process_2023,Intermediate Filament Organization (GO:0045109),1/68,0.900077047181511,0.9258820083965772,0,0,0.4331055565545765,0.0455951490682373,DNAJB6,GO_Biological_Process_2023
GO_Biological_Process_2023,Cellular Response To Calcium Ion (GO:0071277),1/69,0.9034107573890376,0.9286013552841482,0,0,0.4267142097802976,0.0433447538812966,PRKAA2,GO_Biological_Process_2023
GO_Biological_Process_2023,Response To Molecule Of Bacterial Origin (GO:0002237),1/69,0.9034107573890376,0.9286013552841482,0,0,0.4267142097802976,0.0433447538812966,IRAK1,GO_Biological_Process_2023
GO_Biological_Process_2023,Protein Maturation (GO:0051604),2/117,0.904538615301863,0.9294056562723608,0,0,0.5041642074890157,0.0505829374289339,APH1A;PARL,GO_Biological_Process_2023
GO_Biological_Process_2023,Sensory Organ Development (GO:0007423),1/70,0.9066334046739446,0.9301374349895484,0,0,0.4205081194342587,0.0412169843137923,BLOC1S3,GO_Biological_Process_2023
GO_Biological_Process_2023,Neutrophil Chemotaxis (GO:0030593),1/70,0.9066334046739446,0.9301374349895484,0,0,0.4205081194342587,0.0412169843137923,CCL7,GO_Biological_Process_2023
GO_Biological_Process_2023,Positive Regulation Of Protein Transport (GO:0051222),1/70,0.9066334046739446,0.9301374349895484,0,0,0.4205081194342587,0.0412169843137923,ACSL3,GO_Biological_Process_2023
GO_Biological_Process_2023,Regulation Of Actin Filament Polymerization (GO:0030833),1/70,0.9066334046739446,0.9301374349895484,0,0,0.4205081194342587,0.0412169843137923,BAIAP2L1,GO_Biological_Process_2023
GO_Biological_Process_2023,Monoatomic Cation Transmembrane Transport (GO:0098655),6/281,0.9089529176029572,0.9321617001789474,0,0,0.6310387639674437,0.0602402111034583,SLC6A8;SLC30A3;SLC29A4;ATP6V1H;ATP1B1;ATP6V0A1,GO_Biological_Process_2023
GO_Biological_Process_2023,Positive Regulation Of Angiogenesis (GO:0045766),2/119,0.9095873212683596,0.932456945345964,0,0,0.4954944502455815,0.0469551725630713,PDCL3;BRCA1,GO_Biological_Process_2023
GO_Biological_Process_2023,Defense Response To Bacterium (GO:0042742),4/204,0.9110376921046178,0.9333348021162068,0,0,0.5789712556732224,0.0539433355805388,COLEC12;GSDMC;SHC1;RBCK1,GO_Biological_Process_2023
GO_Biological_Process_2023,Adenylate Cyclase-Modulating G Protein-Coupled Receptor Signaling Pathway (GO:0007188),3/163,0.911137318899768,0.9333348021162068,0,0,0.5430985649546828,0.0505416533648411,HTR1D;ADRA1D;ADCY6,GO_Biological_Process_2023
GO_Biological_Process_2023,Cholesterol Homeostasis (GO:0042632),1/72,0.912760167050446,0.9346414039317924,0,0,0.4086203970812829,0.0372997359521002,RALY,GO_Biological_Process_2023
GO_Biological_Process_2023,Cellular Response To Reactive Oxygen Species (GO:0034614),1/73,0.9156713071354194,0.93619737367075,0,0,0.4029241967871486,0.035496740827682,MMP9,GO_Biological_Process_2023
GO_Biological_Process_2023,Sterol Homeostasis (GO:0055092),1/73,0.9156713071354194,0.93619737367075,0,0,0.4029241967871486,0.035496740827682,RALY,GO_Biological_Process_2023
GO_Biological_Process_2023,Ubiquitin-Dependent ERAD Pathway (GO:0030433),1/73,0.9156713071354194,0.93619737367075,0,0,0.4029241967871486,0.035496740827682,MAN1B1,GO_Biological_Process_2023
GO_Biological_Process_2023,Regulation Of Rho Protein Signal Transduction (GO:0035023),1/73,0.9156713071354194,0.93619737367075,0,0,0.4029241967871486,0.035496740827682,DYNLL1,GO_Biological_Process_2023
GO_Biological_Process_2023,Fatty Acid Metabolic Process (GO:0006631),2/122,0.9166936038973348,0.9368866266949212,0,0,0.4830316742081448,0.0420150569085083,GNPAT;ACSL3,GO_Biological_Process_2023
GO_Biological_Process_2023,Cellular Response To Lipopolysaccharide (GO:0071222),2/124,0.9211360637898434,0.9403555188385692,0,0,0.475063669856341,0.0390253017488941,IRAK1;GIT1,GO_Biological_Process_2023
GO_Biological_Process_2023,Positive Regulation Of Defense Response (GO:0031349),2/124,0.9211360637898434,0.9403555188385692,0,0,0.475063669856341,0.0390253017488941,POLR3F;ZP3,GO_Biological_Process_2023
GO_Biological_Process_2023,Protein Dephosphorylation (GO:0006470),2/124,0.9211360637898434,0.9403555188385692,0,0,0.475063669856341,0.0390253017488941,PPP4R1;PPP1CA,GO_Biological_Process_2023
GO_Biological_Process_2023,Response To Cytokine (GO:0034097),2/125,0.9232727773359156,0.942039159970625,0,0,0.4711768384652172,0.0376143083916996,IRAK1;TRIM32,GO_Biological_Process_2023
GO_Biological_Process_2023,Positive Regulation Of Interleukin-6 Production (GO:0032755),1/76,0.9238355047054922,0.942039159970625,0,0,0.3867469879518072,0.0306385792002219,LEP,GO_Biological_Process_2023
GO_Biological_Process_2023,Positive Regulation Of Protein Secretion (GO:0050714),1/76,0.9238355047054922,0.942039159970625,0,0,0.3867469879518072,0.0306385792002219,PPARG,GO_Biological_Process_2023
GO_Biological_Process_2023,Chloride Transport (GO:0006821),1/77,0.9263775679002698,0.9435586810066716,0,0,0.3816383956880152,0.0291851806231606,SLC26A6,GO_Biological_Process_2023
GO_Biological_Process_2023,Monoatomic Cation Homeostasis (GO:0055080),1/77,0.9263775679002698,0.9435586810066716,0,0,0.3816383956880152,0.0291851806231606,CNNM4,GO_Biological_Process_2023
GO_Biological_Process_2023,Neutrophil Migration (GO:1990266),1/77,0.9263775679002698,0.9435586810066716,0,0,0.3816383956880152,0.0291851806231606,CCL7,GO_Biological_Process_2023
GO_Biological_Process_2023,Cytosolic Transport (GO:0016482),2/127,0.9273836039980208,0.94422598500139,0,0,0.4635897435897436,0.0349490974320558,ANKRD27;YKT6,GO_Biological_Process_2023
GO_Biological_Process_2023,Generation Of Neurons (GO:0048699),3/172,0.9284185362364266,0.9449221940288288,0,0,0.5139348218595255,0.038171295490629,RACGAP1;LHX4;CIT,GO_Biological_Process_2023
GO_Biological_Process_2023,Organonitrogen Compound Catabolic Process (GO:1901565),1/78,0.9288349078745872,0.944988558446319,0,0,0.3766624941323736,0.027806831955808,TRIM24,GO_Biological_Process_2023
GO_Biological_Process_2023,Neuron Differentiation (GO:0030182),3/173,0.9301353088579438,0.9459539365596096,0,0,0.510885018660032,0.0370009547737171,ERCC3;ERCC2;LHX4,GO_Biological_Process_2023
GO_Biological_Process_2023,Negative Regulation Of Cellular Component Organization (GO:0051129),1/79,0.9312103443317208,0.946689473591485,0,0,0.3718141797961075,0.0264992313449416,DNAJB6,GO_Biological_Process_2023
GO_Biological_Process_2023,Positive Regulation Of Peptidyl-Tyrosine Phosphorylation (GO:0050731),2/130,0.9331619364400988,0.9483073873835878,0,0,0.4526536576168929,0.0313130083657658,CLCF1;PDGFB,GO_Biological_Process_2023
GO_Biological_Process_2023,Regulation Of Protein Localization To Plasma Membrane (GO:1903076),1/80,0.9335066031880802,0.9483073873835878,0,0,0.3670886075949367,0.0252583548212685,MRAP2,GO_Biological_Process_2023
GO_Biological_Process_2023,Synapse Organization (GO:0050808),2/131,0.9349894008957296,0.949455274645437,0,0,0.4491213301062822,0.0301899742985882,ARHGAP39;PPFIA4,GO_Biological_Process_2023
GO_Biological_Process_2023,Regulation Of Interleukin-8 Production (GO:0032677),1/81,0.9357263197115496,0.949845162709838,0,0,0.3624811746987952,0.0240804359328723,LEP,GO_Biological_Process_2023
GO_Biological_Process_2023,Regulation Of Epithelial To Mesenchymal Transition (GO:0010717),1/83,0.9399462315569128,0.953409464425048,0,0,0.3536034381428151,0.0218995823530286,SMAD3,GO_Biological_Process_2023
GO_Biological_Process_2023,Regulation Of NIK/NF-kappaB Signaling (GO:1901222),1/83,0.9399462315569128,0.953409464425048,0,0,0.3536034381428151,0.0218995823530286,IRAK1,GO_Biological_Process_2023
GO_Biological_Process_2023,Cellular Response To Metal Ion (GO:0071248),2/135,0.94183647932232,0.9549668296369116,0,0,0.4355231971331043,0.0260981214722522,PRKAA2;MMP9,GO_Biological_Process_2023
GO_Biological_Process_2023,Regulation Of Protein Kinase B Signaling (GO:0051896),2/136,0.9434380128920828,0.9559678370518884,0,0,0.4322505121451566,0.0251676198430937,HSP90AA1;LEP,GO_Biological_Process_2023
GO_Biological_Process_2023,Integrin-Mediated Signaling Pathway (GO:0007229),1/85,0.943889462299096,0.9559678370518884,0,0,0.3451484509466437,0.019931016556893,NME2,GO_Biological_Process_2023
GO_Biological_Process_2023,mRNA Metabolic Process (GO:0016071),1/85,0.943889462299096,0.9559678370518884,0,0,0.3451484509466437,0.019931016556893,PNPT1,GO_Biological_Process_2023
GO_Biological_Process_2023,Regulation Of Type II Interferon Production (GO:0032649),1/87,0.9475741271307664,0.9593385914630898,0,0,0.3370867189688988,0.0181521571140777,ZP3,GO_Biological_Process_2023
GO_Biological_Process_2023,Positive Regulation Of Cell Adhesion (GO:0045785),1/88,0.9493248322669186,0.9607495763934856,0,0,0.3331948483589531,0.0173275481706103,PDGFB,GO_Biological_Process_2023
GO_Biological_Process_2023,ERAD Pathway (GO:0036503),1/89,0.9510171567922348,0.9618597785893418,0,0,0.3293914293537787,0.0165430836662434,MAN1B1,GO_Biological_Process_2023
GO_Biological_Process_2023,Negative Regulation Of Multicellular Organismal Process (GO:0051241),4/231,0.951136704134611,0.9618597785893418,0,0,0.5093870587216006,0.0255190074730266,GSK3A;BRMS1;PARP1;STC1,GO_Biological_Process_2023
GO_Biological_Process_2023,Positive Regulation Of Neuron Projection Development (GO:0010976),1/92,0.9557629648608448,0.966175108354821,0,0,0.3184827220971799,0.0144098594850254,CBFA2T2,GO_Biological_Process_2023
GO_Biological_Process_2023,Cytoplasmic Translation (GO:0002181),1/93,0.9572405706715432,0.9673054358532194,0,0,0.3150045835515977,0.0137658701226271,EIF3M,GO_Biological_Process_2023
GO_Biological_Process_2023,Protein Glycosylation (GO:0006486),2/147,0.958497061080392,0.9680217577344744,0,0,0.3992302491288292,0.01692288426426,KRTCAP2;ALG8,GO_Biological_Process_2023
GO_Biological_Process_2023,"Retrograde Transport, Endosome To Golgi (GO:0042147)",1/94,0.9586688905099868,0.9680217577344744,0,0,0.311601243684415,0.0131525417587495,YKT6,GO_Biological_Process_2023
GO_Biological_Process_2023,T Cell Receptor Signaling Pathway (GO:0050852),1/95,0.960049565721608,0.9690522810790876,0,0,0.3082703153037682,0.0125682932406391,RBCK1,GO_Biological_Process_2023
GO_Biological_Process_2023,Skeletal System Development (GO:0001501),2/149,0.9607864565697684,0.9694324539292264,0,0,0.3937575030012005,0.0157515224649597,TCOF1;STC1,GO_Biological_Process_2023
GO_Biological_Process_2023,Positive Regulation Of Supramolecular Fiber Organization (GO:1902905),1/96,0.9613841834663702,0.9695363240768444,0,0,0.305009511731135,0.0120116330257401,BAIAP2L1,GO_Biological_Process_2023
GO_Biological_Process_2023,Inorganic Cation Transmembrane Transport (GO:0098662),5/284,0.9616099773173904,0.9695363240768444,0,0,0.5174323884001303,0.0202555839492555,SLC6A8;SLC30A3;ATP6V1H;ATP1B1;ATP6V0A1,GO_Biological_Process_2023
GO_Biological_Process_2023,Positive Regulation Of Cold-Induced Thermogenesis (GO:0120162),1/98,0.9639213318967886,0.9715027356308084,0,0,0.2986896037759284,0.0109755267981909,LEP,GO_Biological_Process_2023
GO_Biological_Process_2023,Axon Development (GO:0061564),1/99,0.9651267795205558,0.9723534869673588,0,0,0.2956263830833538,0.0104934974906216,PARD3,GO_Biological_Process_2023
GO_Biological_Process_2023,Inorganic Cation Import Across Plasma Membrane (GO:0098659),1/103,0.969559545789097,0.9764538689066092,0,0,0.2839741318214032,0.0087786022675699,ATP1B1,GO_Biological_Process_2023
GO_Biological_Process_2023,Response To Lipopolysaccharide (GO:0032496),2/159,0.9705299518421292,0.9770655070733892,0,0,0.3684852676984561,0.0110225051814691,IRAK1;GIT1,GO_Biological_Process_2023
GO_Biological_Process_2023,Positive Regulation Of Metabolic Process (GO:0009893),1/108,0.9743176970580828,0.9805119382136503,0,0,0.2706339376196374,0.0070413134229272,LEP,GO_Biological_Process_2023
GO_Biological_Process_2023,Nervous System Development (GO:0007399),8/433,0.9774538850618062,0.9833003382061012,0,0,0.5417852985943236,0.0123549611502028,UNC119B;CHRM3;TMEM223;GMFB;DPF2;CSPG5;RBM45;PAFAH1B3,GO_Biological_Process_2023
GO_Biological_Process_2023,Positive Regulation Of Signal Transduction (GO:0009967),4/266,0.9785301969303,0.9839175107740938,0,0,0.4405307710963033,0.0095611178254161,DLL4;ESM1;CSNK2A1;PIH1D1,GO_Biological_Process_2023
GO_Biological_Process_2023,Protein Modification By Small Protein Removal (GO:0070646),1/114,0.9790574204538184,0.9839175107740938,0,0,0.2561840281479902,0.0054221313749785,CDK1,GO_Biological_Process_2023
GO_Biological_Process_2023,Metal Ion Transport (GO:0030001),2/171,0.979164286084364,0.9839175107740938,0,0,0.3421064374771301,0.0072033385588866,KCNMB3;CNNM4,GO_Biological_Process_2023
GO_Biological_Process_2023,Cellular Response To Molecule Of Bacterial Origin (GO:0071219),1/117,0.9810888074774342,0.985483382202977,0,0,0.2495196302451184,0.0047639026419954,GIT1,GO_Biological_Process_2023
GO_Biological_Process_2023,Chemical Synaptic Transmission (GO:0007268),4/273,0.9818829216698,0.9859130381393404,0,0,0.4289096727387252,0.0078418422311713,CHRM3;SNAPIN;HTR1D;SLC1A4,GO_Biological_Process_2023
GO_Biological_Process_2023,Cellular Response To Lipid (GO:0071396),3/228,0.9827507939418672,0.9862852574420542,0,0,0.3848942598187311,0.0066970472709017,SPP1;GIT1;ADCY6,GO_Biological_Process_2023
GO_Biological_Process_2023,Cellular Response To Oxygen-Containing Compound (GO:1901701),7/406,0.98298664454091,0.9862852574420542,0,0,0.504879219324908,0.0086635988389692,RPTOR;PRKAA2;PDGFB;MMP9;ADCY6;SLC26A6;GIT1,GO_Biological_Process_2023
GO_Biological_Process_2023,Potassium Ion Transport (GO:0006813),1/122,0.984046602933442,0.9869807709630612,0,0,0.2391466693219157,0.0038459620801616,KCNMB3,GO_Biological_Process_2023
GO_Biological_Process_2023,Inflammatory Response (GO:0006954),3/236,0.9860495407481,0.9886212049750884,0,0,0.3715234106557058,0.0052194140569069,ELF3;CCL7;MEN1,GO_Biological_Process_2023
GO_Biological_Process_2023,Regulation Of Inflammatory Response (GO:0050727),3/240,0.9874630442518084,0.9896696655797456,0,0,0.3651764885846495,0.0046071419705278,PPARG;ZP3;MMP9,GO_Biological_Process_2023
GO_Biological_Process_2023,Antigen Receptor-Mediated Signaling Pathway (GO:0050851),1/134,0.9893950685105016,0.9912368314824124,0,0,0.2174336443518434,0.0023181828290056,RBCK1,GO_Biological_Process_2023
GO_Biological_Process_2023,Potassium Ion Transmembrane Transport (GO:0071805),1/137,0.9904245936605888,0.9918989882920152,0,0,0.212604092841956,0.0020455799127665,ATP1B1,GO_Biological_Process_2023
GO_Biological_Process_2023,Anterograde Trans-Synaptic Signaling (GO:0098916),2/199,0.9908526471322746,0.9919585094616632,0,0,0.2930534181653919,0.0026929987944051,CHRM3;HTR1D,GO_Biological_Process_2023
GO_Biological_Process_2023,Regulation Of Cold-Induced Thermogenesis (GO:0120161),1/146,0.992951885085513,0.993690413821166,0,0,0.1993144993768176,0.0014097654467754,LEP,GO_Biological_Process_2023
GO_Biological_Process_2023,Cell-Cell Adhesion Via Plasma-Membrane Adhesion Molecules (GO:0098742),1/172,0.9970934278517992,0.9974640945536026,0,0,0.1687803846966814,0.0004912866918056264,CELSR2,GO_Biological_Process_2023
GO_Biological_Process_2023,Negative Regulation Of Cytokine Production (GO:0001818),1/178,0.9976309521368106,0.9976309521368106,0,0,0.1630079640596283,0.0003866318246291277,NMB,GO_Biological_Process_2023
GO_Cellular_Component_2023,Nucleus (GO:0005634),245/4487,8.032140875363953e-18,2.144581613722176e-15,0,0,2.0754950495049505,81.69787886010559,TESK1;NUDT1;HNRNPU;TRIM28;CREB3L4;FTH1;TRIM24;DPF2;KAT7;UBAP2L;ZFPL1;ATXN7L3;ABT1;SMARCC1;CSNK2A1;METTL1;DDX11;DAPK2;PIH1D1;NSMCE2;SOX13;CSNK1D;HCFC1;JMJD6;GRWD1;CSNK2B;VDAC2;TRIB3;PRR11;HOXD1;AIRE;PRKDC;STC1;DGUOK;PDCD11;RACGAP1;HLTF;TP53BP2;PIP5K1A;NKX2-3;ZNF146;SETDB1;XRCC3;DCLK3;TRIP4;SRPK1;FAM111B;POLA1;GTF2IRD1;HOXD4;MAGED2;INTS7;HOXD9;INTS8;RAD18;HOXD8;TP73;APOBEC3B;TOP2A;GPI;OGG1;PTPRN;SUV39H1;PRKAG1;NKAP;NAT10;BRCA1;KIF11;SMG7;COIL;CHAF1B;AIFM3;CHAF1A;AIFM2;PBK;ARIH2;HTATIP2;TIGD3;PARP1;TIGD6;PRMT1;NCOA6;PRMT3;NME2;DYNLL1;CBFA2T2;TUBG1;PPRC1;SREBF2;NME1;DDB1;SCNM1;DMC1;PPARG;PLCB1;UMPS;EEF1E1;ALDOA;CSTB;DTYMK;CENPA;RAD54B;EXOSC5;RECQL5;CHRAC1;EXOSC4;LEO1;METTL5;BRD9;CHML;MSX1;RAE1;RIBC2;UBL4A;TSNAX;ZNF341;NPM1;ATAD5;NFYA;CDX2;SAAL1;TARBP1;PPP1CA;AGBL5;TFAP4;PSMC4;NCAPD2;UBAP2;HDGF;ZNF335;CRTC2;POGK;PDCD5;EFTUD2;ZNF207;NEK2;KNTC1;MEN1;HMGN1;OSR2;LIG3;CDYL;PUS7;THOC7;ILF3;PRPF6;BRMS1;FANCD2;SNRPF;NUPR1;SNRNP200;SNRPB;ISG20L2;FBXO43;NDRG1;STK3;RAD51AP1;CCNB1;MED30;IRAK1;BAG3;UBR5;OTX1;CYC1;CHTOP;SMAD3;BRPF3;CBX3;NONO;RPP40;HSPA6;FANCE;EIF2S2;AZIN1;CLK2;CDK7;KIF18A;GON4L;DIAPH3;KIF18B;TMEM115;UBE2S;MAFG;UBE2T;ZFP64;CDK1;PHF13;UBA2;LHX4;SAE1;GSK3A;NXT1;CDCA7L;CELF3;WDR4;DPY30;ADRA1D;FOXM1;PTBP1;SART1;EXO1;UBE2Q2;SIX5;SIX2;LBR;HSP90AA1;BUD31;CAD;UTP18;YWHAZ;ETV4;METTL23;ESPL1;ELF3;BIRC5;MCM5;PFDN2;PRKAA2;PRCC;RNF8;TULP3;FOXK2;DBF4B;LAGE3;AURKB;DNAJB6;E2F3;RALY;POLR2H;UBQLN4;MTA3;SMARCE1;PPIL2;GDAP1;YY1AP1;USF1;ERCC3;ERCC2;SSBP1;RBM45;TRIM32;TRMT61A;TAF2;RAN;FAM50A,GO_Cellular_Component_2023
GO_Cellular_Component_2023,Intracellular Membrane-Bounded Organelle (GO:0043231),266/5175,4.050917647043795e-16,5.4079750588034674e-14,0,0,1.9591226998030828,69.43604574341467,TESK1;NUDT1;HNRNPU;TFG;TRIM28;CREB3L4;FTH1;TRIM24;DPF2;KAT7;UBAP2L;AP1S3;ZFPL1;ATXN7L3;CCDC93;ABT1;SMARCC1;CSNK2A1;METTL1;DDX11;DAPK2;PIH1D1;NSMCE2;SOX13;CSNK1D;SCAMP2;HCFC1;JMJD6;GRWD1;CSNK2B;VDAC2;TRIB3;PRR11;HOXD1;AIRE;PRKDC;EIF5A2;STC1;DGUOK;PDCD11;RACGAP1;HLTF;TP53BP2;PIP5K1A;NKX2-3;ZNF146;ATP6V0A1;SETDB1;XRCC3;DCLK3;TRIP4;SRPK1;FAM111B;SQLE;POLA1;GTF2IRD1;HOXD4;MAGED2;INTS7;HOXD9;INTS8;RAD18;ITPA;HOXD8;TP73;APOBEC3B;TOP2A;GPI;OGG1;PTPRN;SUV39H1;PRKAG1;NKAP;NAT10;BRCA1;KIF11;SMG7;COIL;CHAF1B;AIFM3;CHAF1A;AIFM2;PBK;ARIH2;HTATIP2;TIGD3;PARP1;TIGD6;PRMT1;NCOA6;PRMT3;NME2;DYNLL1;CBFA2T2;TUBG1;PPRC1;SREBF2;NME1;DDB1;RNF144A;SCNM1;DMC1;PPARG;PLCB1;UMPS;EEF1E1;ALDOA;CSTB;DTYMK;CENPA;RAD54B;EXOSC5;RECQL5;CHRAC1;EXOSC4;LEO1;METTL5;BRD9;CHML;MSX1;RAE1;RIBC2;UBL4A;TSNAX;ZNF341;NPM1;ATAD5;NFYA;CDX2;SAAL1;TARBP1;BYSL;PPP1CA;AGBL5;TFAP4;PSMC4;NCAPD2;UBAP2;HDGF;ZNF335;CRTC2;POGK;PDCD5;EFTUD2;ZNF207;NEK2;KNTC1;MEN1;HMGN1;OSR2;LIG3;CDYL;PUS7;THOC7;ILF3;PRPF6;BRMS1;FANCD2;SNRPF;NUPR1;SNRNP200;SNRPB;LRRC59;ISG20L2;STK39;FBXO43;NDRG1;STK3;RAD51AP1;CCNB1;MED30;IRAK1;BAG3;UBR5;OTX1;CYC1;CPSF4;CHTOP;ANKRD27;SMAD3;BRPF3;CBX3;NONO;RPP40;HSPA6;FANCE;EIF2S2;AZIN1;CLK2;BCL9;CDK7;KIF18A;GON4L;DIAPH3;KIF18B;TMEM115;UBE2S;MAFG;UBE2T;ZFP64;CDK1;PHF13;UBA2;LHX4;SAE1;GSK3A;NXT1;CDCA7L;AQP10;CELF3;WDR4;DPY30;ADRA1D;FOXM1;PTBP1;SART1;EXO1;UBE2Q2;SIX5;SIX2;LBR;ADAMTS9;HSP90AA1;SUN1;BUD31;CAD;UTP18;YWHAZ;ETV4;METTL23;ESPL1;VGF;ELF3;DNAJC5;BIRC5;MCM5;PFDN2;PRKAA2;PRCC;RNF8;TULP3;FOXK2;DBF4B;LAGE3;AURKB;DNAJB6;E2F3;RALY;POLR2H;UBQLN4;MTA3;SMARCE1;PPIL2;SMOX;GDAP1;YY1AP1;USF1;ERCC3;ERCC2;SSBP1;RBM45;TRIM32;TRMT61A;TAF2;RAN;FAM50A,GO_Cellular_Component_2023
GO_Cellular_Component_2023,Nuclear Lumen (GO:0031981),68/780,3.5215394547514674e-13,3.1341701147288056e-11,0,0,2.979231362806542,85.42858930300714,TOP2A;ZNF692;POP4;CDCA7L;SUV39H1;HNRNPU;NAT10;GPATCH4;WDR43;RRP9;COIL;PTBP1;GOLGA3;ZNF207;KAT7;RPP38;ABT1;UTP15;NOM1;PARP1;NSUN5;METTL1;DDX11;PIH1D1;DDX55;RBM19;URB2;UTP18;ETV4;JMJD6;ILF3;FANCD2;GRWD1;BIRC5;EEF1E1;CSTB;DDX27;PRKDC;PRKRIP1;HEATR1;NOL7;TULP3;PKMYT1;EXOSC5;EXOSC4;TCOF1;PDCD11;RRS1;DHX37;METTL5;ZNF146;DEDD;DCAF13;E2F8;SMARCE1;NPM1;PNO1;YY1AP1;NLE1;BYSL;POLA1;UBE2T;NCAPD2;MAGED2;NOL10;HOXD9;SPC24;RAN,GO_Cellular_Component_2023
GO_Cellular_Component_2023,Intracellular Non-Membrane-Bounded Organelle (GO:0043232),88/1195,1.44725306593863e-12,9.660414215140354e-11,0,0,2.5112980419232267,68.46138440178187,TOP2A;ZNF692;POP4;CDCA7L;SUV39H1;HILPDA;NAT10;GPATCH4;HSF2BP;BRCA1;KIF11;FOXM1;WDR43;RRP9;COIL;PTBP1;GOLGA3;AIFM2;ZNF207;KAT7;RPP38;ABT1;UTP15;NOM1;PARP1;NSUN5;METTL1;DDX11;PIH1D1;DDX55;RBM19;CSNK1D;URB2;ACSL3;CDYL;DYNLL1;TUBG1;UTP18;ETV4;JMJD6;ILF3;FANCD2;GRWD1;DMC1;EEF1E1;CSTB;DDX27;PRKDC;PRKRIP1;HEATR1;NOL7;TULP3;ASAP1;PKMYT1;MRPL13;AURKB;RAD51AP1;EXOSC5;RECQL5;EXOSC4;TCOF1;PDCD11;RACGAP1;IRAK1;RRS1;DHX37;METTL5;ZNF146;DEDD;DCAF13;E2F8;NPM1;PNO1;CBX3;SRP68;FANCE;YY1AP1;NLE1;BYSL;POLA1;UBE2T;ERCC2;MAGED2;NOL10;INTS7;HOXD9;SPC24;RAN,GO_Cellular_Component_2023
GO_Cellular_Component_2023,Nucleolus (GO:0005730),65/771,5.398883826653522e-12,2.8830039634329807e-10,0,0,2.858557601510859,74.16478782194406,TOP2A;ZNF692;POP4;CDCA7L;SUV39H1;NAT10;GPATCH4;WDR43;RRP9;COIL;PTBP1;GOLGA3;ZNF207;KAT7;RPP38;ABT1;UTP15;NOM1;PARP1;NSUN5;METTL1;DDX11;PIH1D1;DDX55;RBM19;URB2;UTP18;ETV4;JMJD6;ILF3;FANCD2;GRWD1;EEF1E1;CSTB;DDX27;PRKDC;PRKRIP1;HEATR1;NOL7;TULP3;PKMYT1;EXOSC5;EXOSC4;TCOF1;PDCD11;RRS1;DHX37;METTL5;POLR2H;ZNF146;DEDD;DCAF13;E2F8;NPM1;PNO1;YY1AP1;NLE1;BYSL;POLA1;UBE2T;MAGED2;NOL10;HOXD9;SPC24;RAN,GO_Cellular_Component_2023
GO_Cellular_Component_2023,Small-Subunit Processome (GO:0032040),13/73,7.431195657257542e-07,3.306882067479606e-05,0,0,6.405291411042945,90.3940914026692,UTP15;PRKDC;PNO1;HEATR1;NOL7;NAT10;UTP18;WDR43;RRP9;PDCD11;DHX37;NOL10;DCAF13,GO_Cellular_Component_2023
GO_Cellular_Component_2023,Chromosome (GO:0005694),19/164,2.3604159630229765e-06,9.003300887530496e-05,0,0,3.892494929006085,50.43378277741446,TOP2A;SMARCE1;DDX27;NOL7;HNRNPU;HSF2BP;CDYL;BRCA1;FANCE;ETV4;BYSL;RAD51AP1;RECQL5;FANCD2;DMC1;BIRC5;KAT7;INTS7;NCAPD2,GO_Cellular_Component_2023
GO_Cellular_Component_2023,Spindle Microtubule (GO:0005876),10/68,7.875536283630122e-05,0.0026284602346615,0,0,5.074230060542248,47.94723294472588,KIF18A;KIF18B;CDK1;HNRNPU;KNTC1;CSNK1D;KIF11;TUBG1;SKA3;AURKB,GO_Cellular_Component_2023
GO_Cellular_Component_2023,Condensed Chromosome (GO:0000793),9/60,0.00015272123012027944,0.0045307298269016,0,0,5.187589670014347,45.582812601022255,FANCD2;CBX3;SUV39H1;NSMCE2;DMC1;RRS1;NCAPD2;TUBG1;CENPA,GO_Cellular_Component_2023
GO_Cellular_Component_2023,Mitotic Spindle (GO:0072686),14/143,0.0003017753010733434,0.0076009944942236,0,0,3.201800450112528,25.95324327051991,SPAG5;HNRNPU;KIF11;SKA3;DYNLL1;TUBG1;EML4;AGBL5;KIF18A;KIF18B;RACGAP1;ESPL1;NUP62;CDK1,GO_Cellular_Component_2023
GO_Cellular_Component_2023,Nuclear Chromosome (GO:0000228),11/95,0.0003131495859043444,0.0076009944942236,0,0,3.854685452162516,31.102799964658956,TOP2A;SMARCE1;BRMS1;SUV39H1;DMC1;RRS1;HNRNPU;BIRC5;MCM5;NCAPD2;TUBG1,GO_Cellular_Component_2023
GO_Cellular_Component_2023,tRNA Methyltransferase Complex (GO:0043527),3/6,0.0006788827103255003,0.0151051403047423,0,0,29.202416918429,213.03344734799185,METTL1;WDR4;TRMT61A,GO_Cellular_Component_2023
GO_Cellular_Component_2023,U4/U6 X U5 tri-snRNP Complex (GO:0046540),6/35,0.0009412593560053072,0.019332019081032,0,0,6.061221286170269,42.23635882231146,EFTUD2;SART1;PRPF6;SNRPF;SNRNP200;SNRPB,GO_Cellular_Component_2023
GO_Cellular_Component_2023,Spliceosomal tri-snRNP Complex (GO:0097526),6/36,0.0010981682276769,0.0209436369135538,0,0,5.858877086494689,39.92304310789357,EFTUD2;SART1;PRPF6;SNRPF;SNRNP200;SNRPB,GO_Cellular_Component_2023
GO_Cellular_Component_2023,Spindle (GO:0005819),16/210,0.0018225716591807,0.0324417755334181,0,0,2.4324178355280925,15.342491978897836,SPAG5;CBX3;HNRNPU;CSNK1D;KIF11;SKA3;DYNLL1;TUBG1;AURKB;EML4;AGBL5;RACGAP1;ESPL1;NUP62;ERCC2;CDK1,GO_Cellular_Component_2023
GO_Cellular_Component_2023,Condensed Nuclear Chromosome (GO:0000794),5/28,0.0020842989154803,0.0347817381520776,0,0,6.361001317523057,39.26851403075983,SUV39H1;DMC1;RRS1;NCAPD2;TUBG1,GO_Cellular_Component_2023
GO_Cellular_Component_2023,"Condensed Chromosome, Centromeric Region (GO:0000779)",3/9,0.0026455275577194,0.0358425399515993,0,0,14.59894259818731,86.6430422132278,CBX3;NCAPD2;CENPA,GO_Cellular_Component_2023
GO_Cellular_Component_2023,Multimeric Ribonuclease P Complex (GO:0030681),3/9,0.0026455275577194,0.0358425399515993,0,0,14.59894259818731,86.6430422132278,POP4;RPP40;RPP38,GO_Cellular_Component_2023
GO_Cellular_Component_2023,Transcription Factor TFIIH Core Complex (GO:0000439),3/9,0.0026455275577194,0.0358425399515993,0,0,14.59894259818731,86.6430422132278,CDK7;ERCC3;ERCC2,GO_Cellular_Component_2023
GO_Cellular_Component_2023,Ficolin-1-Rich Granule Lumen (GO:1904813),11/123,0.0026848344533033,0.0358425399515993,0,0,2.8868091961555264,17.090303650771688,KCMF1;GPI;CSTB;HSP90AA1;FTH1;CSNK2B;HSPA6;NME2;C1ORF35;ALDOA;MMP9,GO_Cellular_Component_2023
GO_Cellular_Component_2023,U5 snRNP (GO:0005682),4/19,0.0031516650651339,0.0400711701138458,0,0,7.794251134644478,44.893517660018766,PRPF6;SNRPF;SNRNP200;SNRPB,GO_Cellular_Component_2023
GO_Cellular_Component_2023,Transcription Factor TFIIH Holo Complex (GO:0005675),3/11,0.0049444989819199,0.0600082376442098,0,0,10.948074018126889,58.12857606531891,CDK7;ERCC3;ERCC2,GO_Cellular_Component_2023
GO_Cellular_Component_2023,U2-type Precatalytic Spliceosome (GO:0071005),6/49,0.005478394019174,0.0635970088312809,0,0,4.084836080036701,21.2695097897888,EFTUD2;SART1;PRPF6;SNRPF;SNRNP200;SNRPB,GO_Cellular_Component_2023
GO_Cellular_Component_2023,Precatalytic Spliceosome (GO:0071011),6/52,0.0073367377369538,0.0816212073236114,0,0,3.8178399419410174,18.7641525782283,EFTUD2;SART1;PRPF6;SNRPF;SNRNP200;SNRPB,GO_Cellular_Component_2023
GO_Cellular_Component_2023,Ficolin-1-Rich Granule (GO:0101002),13/184,0.0087129534525883,0.0930543428736439,0,0,2.2345280378861263,10.598242373630832,KCMF1;GPI;CSTB;HSP90AA1;HSPA6;NME2;C1ORF35;DYNLL1;MMP9;FTH1;CSNK2B;ALDOA;ATP6V0A1,GO_Cellular_Component_2023
GO_Cellular_Component_2023,Nuclear Membrane (GO:0031965),15/227,0.0091782006736906,0.0942530607644385,0,0,2.081603773584906,9.764645305258268,SUN1;SMAD3;NUP133;CBX3;SMOX;ADRA1D;LEMD2;UTP18;LMNB2;TMEM147;TBC1D20;CREB3L4;NUP62;DHX37;LBR,GO_Cellular_Component_2023
GO_Cellular_Component_2023,nBAF Complex (GO:0071565),3/14,0.0101272250841887,0.1001470036103112,0,0,7.960999725350178,36.56111357929986,SMARCE1;SMARCC1;DPF2,GO_Cellular_Component_2023
GO_Cellular_Component_2023,Cytoplasmic Vesicle Lumen (GO:0060205),9/115,0.0145835768643828,0.1263975010121702,0,0,2.488797169811321,10.522284149981816,GPI;CSTB;HSP90AA1;SERPINB1;CSNK2B;HSPA6;NME2;C1ORF35;ALDOA,GO_Cellular_Component_2023
GO_Cellular_Component_2023,SWI/SNF Complex (GO:0016514),4/29,0.0148628720002525,0.1263975010121702,0,0,4.674130105900152,19.67289473038432,SMARCE1;SMARCC1;DPF2;BRD9,GO_Cellular_Component_2023
GO_Cellular_Component_2023,U2-type Catalytic Step 2 Spliceosome (GO:0071007),4/29,0.0148628720002525,0.1263975010121702,0,0,4.674130105900152,19.67289473038432,EFTUD2;BUD31;SNRPF;SNRPB,GO_Cellular_Component_2023
GO_Cellular_Component_2023,U7 snRNP (GO:0005683),2/6,0.0151487641662526,0.1263975010121702,0,0,14.57843137254902,61.08124130492171,SNRPF;SNRPB,GO_Cellular_Component_2023
GO_Cellular_Component_2023,Astral Microtubule (GO:0000235),2/6,0.0151487641662526,0.1263975010121702,0,0,14.57843137254902,61.08124130492171,KIF18A;KIF18B,GO_Cellular_Component_2023
GO_Cellular_Component_2023,Endoribonuclease Complex (GO:1902555),3/17,0.0175720698102359,0.1379924305686174,0,0,6.254100129477773,25.275599071464487,TSNAX;POP4;RPP40,GO_Cellular_Component_2023
GO_Cellular_Component_2023,Transcription Factor TFTC Complex (GO:0033276),3/17,0.0175720698102359,0.1379924305686174,0,0,6.254100129477773,25.275599071464487,ENY2;ATXN7L3;TAF2,GO_Cellular_Component_2023
GO_Cellular_Component_2023,Nuclear Inner Membrane (GO:0005637),4/31,0.0186928963373119,0.1426000949160655,0,0,4.327449991595226,17.22157062768096,SMAD3;CBX3;LBR;LEMD2,GO_Cellular_Component_2023
GO_Cellular_Component_2023,Ribonuclease MRP Complex (GO:0000172),2/7,0.0207448070420493,0.1484896715188265,0,0,11.662141779788838,45.1961561293164,POP4;RPP40,GO_Cellular_Component_2023
GO_Cellular_Component_2023,Microtubule Cytoskeleton (GO:0015630),19/342,0.0207758422119881,0.1484896715188265,0,0,1.7311965033691494,6.706593622375925,CBX3;MID1IP1;KIF14;CSNK1D;KIF11;TUBG1;NDRG1;CAMSAP1;AURKB;KIF15;EML4;AGBL5;KIF18A;RACGAP1;TAF1A;ERCC2;BIRC5;CCT7;GTSE1,GO_Cellular_Component_2023
GO_Cellular_Component_2023,Microtubule (GO:0005874),12/185,0.0211333614895708,0.1484896715188265,0,0,2.0354610556878434,7.850574577650981,EML4;CDK1;KIF14;CSNK1D;KIF11;SKA3;TUBG1;CCT7;NDRG1;CAMSAP1;AURKB;KIF15,GO_Cellular_Component_2023
GO_Cellular_Component_2023,BLOC-1 Complex (GO:0031083),2/8,0.0270570254921627,0.1852365591386527,0,0,9.717948717948715,35.07993471030808,SNAPIN;BLOC1S3,GO_Cellular_Component_2023
GO_Cellular_Component_2023,U2-type Spliceosomal Complex (GO:0005684),7/90,0.0302904398251076,0.1935164947422984,0,0,2.46757241732889,8.628911069931588,EFTUD2;SART1;PRPF6;BUD31;SNRPF;SNRNP200;SNRPB,GO_Cellular_Component_2023
GO_Cellular_Component_2023,Cytoplasmic Dynein Complex (GO:0005868),3/21,0.0311655778049394,0.1935164947422984,0,0,4.863293051359516,16.86804534848698,DYNC2LI1;DYNLRB1;DYNLL1,GO_Cellular_Component_2023
GO_Cellular_Component_2023,Mitochondrial Outer Membrane Translocase Complex (GO:0005742),3/21,0.0311655778049394,0.1935164947422984,0,0,4.863293051359516,16.86804534848698,SAMM50;TOMM20;TOMM22,GO_Cellular_Component_2023
GO_Cellular_Component_2023,Proton-Transporting V-type ATPase Complex (GO:0033176),3/21,0.0311655778049394,0.1935164947422984,0,0,4.863293051359516,16.86804534848698,ATP6V1H;ATP6V0D2;ATP6V0A1,GO_Cellular_Component_2023
GO_Cellular_Component_2023,Nucleolar Exosome (RNase Complex) (GO:0101019),2/9,0.0340317546832577,0.2065108750097688,0,0,8.329239388062918,28.156670818107752,EXOSC5;EXOSC4,GO_Cellular_Component_2023
GO_Cellular_Component_2023,U4 snRNP (GO:0005687),2/10,0.0416180974340012,0.2469340447750738,0,0,7.287707390648567,23.169226342845047,SNRPF;SNRPB,GO_Cellular_Component_2023
GO_Cellular_Component_2023,Vacuolar Proton-Transporting V-type ATPase Complex (GO:0016471),3/24,0.0440937749605845,0.2542772931463144,0,0,4.1678895123003885,13.00980313456755,ATP6V1H;ATP6V0D2;ATP6V0A1,GO_Cellular_Component_2023
GO_Cellular_Component_2023,Organelle Inner Membrane (GO:0019866),20/398,0.0447604223890516,0.2542772931463144,0,0,1.5550633690168574,4.830696992456791,NDUFB9;SMAD3;UQCRB;MTFP1;CBX3;SLC41A3;MRPL49;MRPS18A;MRPS10;MRPL13;MRPL24;LEMD2;MRPL10;TMEM70;PARL;MRPL42;AIFM3;TMEM223;CYC1;LBR,GO_Cellular_Component_2023
GO_Cellular_Component_2023,MLL3/4 Complex (GO:0044666),2/11,0.0497677999691883,0.2657600518354658,0,0,6.477626948215184,19.43538827601789,NCOA6;DPY30,GO_Cellular_Component_2023
GO_Cellular_Component_2023,Mitochondrial Respiratory Chain Complex III (GO:0005750),2/11,0.0497677999691883,0.2657600518354658,0,0,6.477626948215184,19.43538827601789,UQCRB;CYC1,GO_Cellular_Component_2023
GO_Cellular_Component_2023,Respiratory Chain Complex III (GO:0045275),2/11,0.0497677999691883,0.2657600518354658,0,0,6.477626948215184,19.43538827601789,UQCRB;CYC1,GO_Cellular_Component_2023
GO_Cellular_Component_2023,Set1C/COMPASS Complex (GO:0048188),2/12,0.0584351328546181,0.2985763709378103,0,0,5.829562594268476,16.555013262307646,DPY30;HCFC1,GO_Cellular_Component_2023
GO_Cellular_Component_2023,npBAF Complex (GO:0071564),2/12,0.0584351328546181,0.2985763709378103,0,0,5.829562594268476,16.555013262307646,SMARCE1;SMARCC1,GO_Cellular_Component_2023
GO_Cellular_Component_2023,Histone Acetyltransferase Complex (GO:0000123),3/27,0.0592679687629361,0.2985763709378103,0,0,3.6463368580060425,10.303404012540238,BRPF3;KAT7;HCFC1,GO_Cellular_Component_2023
GO_Cellular_Component_2023,Mitochondrial Membrane (GO:0031966),25/540,0.0608960946274411,0.3007166570451995,0,0,1.4274878640776698,3.994947885539562,NDUFB9;UQCRB;MTFP1;SLC41A3;MRPS10;MFF;MRPL13;TOMM20;MRPL10;TMEM70;PARL;TOMM22;MRPL42;AIFM3;TMEM223;SAMM50;AIFM2;CYC1;MRPL49;MRPS18A;ACSL3;MRPL24;GDAP1;GNPAT;VDAC2,GO_Cellular_Component_2023
GO_Cellular_Component_2023,Adherens Junction (GO:0005912),9/150,0.0632646011986254,0.3007166570451995,0,0,1.8676050856253243,5.155391853398091,ILF3;CHAF1B;MPP3;BAIAP2L1;CDCA3;PARD3;NDRG1;EIF4G2;PPP1CA,GO_Cellular_Component_2023
GO_Cellular_Component_2023,U12-type Spliceosomal Complex (GO:0005689),3/28,0.0648020319655828,0.3007166570451995,0,0,3.5003021148036253,9.578290827659902,ZCRB1;SNRPF;SNRPB,GO_Cellular_Component_2023
GO_Cellular_Component_2023,GBAF Complex (GO:0140288),2/13,0.0675767768640897,0.3007166570451995,0,0,5.299328122857535,14.278991363245597,SMARCC1;BRD9,GO_Cellular_Component_2023
GO_Cellular_Component_2023,Brahma Complex (GO:0035060),2/13,0.0675767768640897,0.3007166570451995,0,0,5.299328122857535,14.278991363245597,SMARCE1;SMARCC1,GO_Cellular_Component_2023
GO_Cellular_Component_2023,mRNA Cleavage And Polyadenylation Specificity Factor Complex (GO:0005847),2/13,0.0675767768640897,0.3007166570451995,0,0,5.299328122857535,14.278991363245597,CPSF4;CSTF2,GO_Cellular_Component_2023
GO_Cellular_Component_2023,Mitotic Spindle Microtubule (GO:1990498),2/13,0.0675767768640897,0.3007166570451995,0,0,5.299328122857535,14.278991363245597,HNRNPU;TUBG1,GO_Cellular_Component_2023
GO_Cellular_Component_2023,MLL1 Complex (GO:0071339),3/30,0.0765481418820328,0.3322501217749968,0,0,3.2406847935548844,8.328026601339305,DPY30;MEN1;HCFC1,GO_Cellular_Component_2023
GO_Cellular_Component_2023,RSC-type Complex (GO:0016586),2/14,0.0771517136705985,0.3322501217749968,0,0,4.857466063348416,12.4447381339936,SMARCE1;SMARCC1,GO_Cellular_Component_2023
GO_Cellular_Component_2023,MLL1/2 Complex (GO:0044665),3/31,0.0827469236229118,0.3506893429732929,0,0,3.124784203711696,7.78686362426721,DPY30;MEN1;HCFC1,GO_Cellular_Component_2023
GO_Cellular_Component_2023,Endoplasmic reticulum-Golgi Intermediate Compartment Membrane (GO:0033116),4/52,0.0939993608369369,0.3921535834915964,0,0,2.4315431164901664,5.749304178587243,TBC1D20;ZDHHC9;CSNK1D;YKT6,GO_Cellular_Component_2023
GO_Cellular_Component_2023,trans-Golgi Network (GO:0005802),12/241,0.1078918857007999,0.4365515252816274,0,0,1.5332125159659482,3.413890256040764,C17ORF75;GGA3;ATP8B1;TMEM79;RAB13;COG2;DPY30;RGS20;AP1S3;FAM91A1;TJAP1;SCAMP2,GO_Cellular_Component_2023
GO_Cellular_Component_2023,RNA Polymerase III Complex (GO:0005666),2/17,0.1080984423255585,0.4365515252816274,0,0,3.885369532428356,8.643831968763203,POLR3F;POLR2H,GO_Cellular_Component_2023
GO_Cellular_Component_2023,Cul4-RING E3 Ubiquitin Ligase Complex (GO:0080008),3/35,0.1095466374302211,0.4365515252816274,0,0,2.7336197129909365,6.045140049355641,DDB1;DCAF4;DCAF13,GO_Cellular_Component_2023
GO_Cellular_Component_2023,U1 snRNP (GO:0005685),2/18,0.1190388105213596,0.4606284407130872,0,0,3.642345399698341,7.752024476302041,SNRPF;SNRPB,GO_Cellular_Component_2023
GO_Cellular_Component_2023,Kinetochore Microtubule (GO:0005828),2/18,0.1190388105213596,0.4606284407130872,0,0,3.642345399698341,7.752024476302041,KIF18A;KNTC1,GO_Cellular_Component_2023
GO_Cellular_Component_2023,Spliceosomal snRNP Complex (GO:0097525),4/57,0.1209848660957507,0.4614708463937922,0,0,2.201581366140496,4.649937579871295,PRPF6;SNRPF;SNRNP200;SNRPB,GO_Cellular_Component_2023
GO_Cellular_Component_2023,cullin-RING Ubiquitin Ligase Complex (GO:0031461),9/174,0.1268850601453075,0.4771593106872832,0,0,1.5939578713968958,3.2906840096362555,DDB1;CUL7;UBE2S;FBXL19;CUL2;FBXL18;DCAF4;ZSWIM5;DCAF13,GO_Cellular_Component_2023
GO_Cellular_Component_2023,Mitochondrial Outer Membrane (GO:0005741),8/151,0.1311974489421313,0.4811067193666367,0,0,1.6342135794190589,3.3191725083810013,SAMM50;AIFM2;VDAC2;ACSL3;MFF;TOMM20;GDAP1;TOMM22,GO_Cellular_Component_2023
GO_Cellular_Component_2023,SAGA-type Complex (GO:0070461),3/38,0.1315385412500542,0.4811067193666367,0,0,2.4989210185584807,5.068949786670471,ENY2;ATXN7L3;TAF2,GO_Cellular_Component_2023
GO_Cellular_Component_2023,Anaphase-Promoting Complex (GO:0005680),2/20,0.1416678804846292,0.4829907615966488,0,0,3.237305178481649,6.326567842867542,CUL7;UBE2S,GO_Cellular_Component_2023
GO_Cellular_Component_2023,Sin3 Complex (GO:0016580),2/21,0.1532997078267371,0.4829907615966488,0,0,3.066761927443042,5.751283871882412,BRMS1;CSNK2A1,GO_Cellular_Component_2023
GO_Cellular_Component_2023,Sin3-type Complex (GO:0070822),2/21,0.1532997078267371,0.4829907615966488,0,0,3.066761927443042,5.751283871882412,BRMS1;CSNK2A1,GO_Cellular_Component_2023
GO_Cellular_Component_2023,Pericentric Heterochromatin (GO:0005721),2/21,0.1532997078267371,0.4829907615966488,0,0,3.066761927443042,5.751283871882412,CHRAC1;CBX3,GO_Cellular_Component_2023
GO_Cellular_Component_2023,Cdc73/Paf1 Complex (GO:0016593),1/5,0.1555700580423662,0.4829907615966488,0,0,7.278237951807229,13.54231978462842,LEO1,GO_Cellular_Component_2023
GO_Cellular_Component_2023,THO Complex Part Of Transcription Export Complex (GO:0000445),1/5,0.1555700580423662,0.4829907615966488,0,0,7.278237951807229,13.54231978462842,THOC7,GO_Cellular_Component_2023
GO_Cellular_Component_2023,Box C/D RNP Complex (GO:0031428),1/5,0.1555700580423662,0.4829907615966488,0,0,7.278237951807229,13.54231978462842,RRP9,GO_Cellular_Component_2023
GO_Cellular_Component_2023,Cortical Granule (GO:0060473),1/5,0.1555700580423662,0.4829907615966488,0,0,7.278237951807229,13.54231978462842,HEXB,GO_Cellular_Component_2023
GO_Cellular_Component_2023,Insulin-Responsive Compartment (GO:0032593),1/5,0.1555700580423662,0.4829907615966488,0,0,7.278237951807229,13.54231978462842,RAB13,GO_Cellular_Component_2023
GO_Cellular_Component_2023,Protein Phosphatase 4 Complex (GO:0030289),1/5,0.1555700580423662,0.4829907615966488,0,0,7.278237951807229,13.54231978462842,PPP4R1,GO_Cellular_Component_2023
GO_Cellular_Component_2023,Sarcoglycan Complex (GO:0016012),1/5,0.1555700580423662,0.4829907615966488,0,0,7.278237951807229,13.54231978462842,SGCE,GO_Cellular_Component_2023
GO_Cellular_Component_2023,Serine Protease Inhibitor Complex (GO:0097180),1/5,0.1555700580423662,0.4829907615966488,0,0,7.278237951807229,13.54231978462842,PLAU,GO_Cellular_Component_2023
GO_Cellular_Component_2023,"Signal Recognition Particle, Endoplasmic Reticulum Targeting (GO:0005786)",1/5,0.1555700580423662,0.4829907615966488,0,0,7.278237951807229,13.54231978462842,SRP68,GO_Cellular_Component_2023
GO_Cellular_Component_2023,Recycling Endosome (GO:0055037),8/159,0.1607879418212673,0.4934526490376826,0,0,1.5469876117612669,2.827381167930301,RAP2A;GGA3;RAB13;AVL9;TUBG1;NDRG1;RAN;SCAMP2,GO_Cellular_Component_2023
GO_Cellular_Component_2023,Mitochondrial Ribosome (GO:0005761),2/22,0.1651078269231411,0.495310177570846,0,0,2.9132730015082955,5.247260667072598,MRPL49;MRPL13,GO_Cellular_Component_2023
GO_Cellular_Component_2023,Mitochondrial Inner Membrane (GO:0005743),16/370,0.1727331939086351,0.495310177570846,0,0,1.3218772035204096,2.3212257635531603,NDUFB9;UQCRB;MTFP1;SLC41A3;MRPL49;MRPS18A;MRPS10;MRPL13;MRPL24;MRPL10;TMEM70;PARL;MRPL42;AIFM3;TMEM223;CYC1,GO_Cellular_Component_2023
GO_Cellular_Component_2023,Platelet Alpha Granule Lumen (GO:0031093),4/66,0.1765755263503883,0.495310177570846,0,0,1.881118539846762,3.261871931127214,PDGFB;MAGED2;GTPBP2;ALDOA,GO_Cellular_Component_2023
GO_Cellular_Component_2023,Cul2-RING Ubiquitin Ligase Complex (GO:0031462),2/23,0.1770677073759409,0.495310177570846,0,0,2.7744020685197155,4.803108927529514,CUL2;ZSWIM5,GO_Cellular_Component_2023
GO_Cellular_Component_2023,SAGA Complex (GO:0000124),2/23,0.1770677073759409,0.495310177570846,0,0,2.7744020685197155,4.803108927529514,ENY2;ATXN7L3,GO_Cellular_Component_2023
GO_Cellular_Component_2023,Euchromatin (GO:0000791),3/44,0.1794668876198339,0.495310177570846,0,0,2.1325620809078183,3.66323956064871,EXOSC5;EXOSC4;CBX3,GO_Cellular_Component_2023
GO_Cellular_Component_2023,AP-3 Adaptor Complex (GO:0030123),1/6,0.1836543355037968,0.495310177570846,0,0,5.822289156626506,9.867032848996889,AP3M2,GO_Cellular_Component_2023
GO_Cellular_Component_2023,H3 Histone Acetyltransferase Complex (GO:0070775),1/6,0.1836543355037968,0.495310177570846,0,0,5.822289156626506,9.867032848996889,BRPF3,GO_Cellular_Component_2023
GO_Cellular_Component_2023,MOZ/MORF Histone Acetyltransferase Complex (GO:0070776),1/6,0.1836543355037968,0.495310177570846,0,0,5.822289156626506,9.867032848996889,BRPF3,GO_Cellular_Component_2023
GO_Cellular_Component_2023,Dystroglycan Complex (GO:0016011),1/6,0.1836543355037968,0.495310177570846,0,0,5.822289156626506,9.867032848996889,SGCE,GO_Cellular_Component_2023
GO_Cellular_Component_2023,"Proton-Transporting V-type ATPase, V0 Domain (GO:0033179)",1/6,0.1836543355037968,0.495310177570846,0,0,5.822289156626506,9.867032848996889,ATP6V0A1,GO_Cellular_Component_2023
GO_Cellular_Component_2023,"Vacuolar Proton-Transporting V-type ATPase, V0 Domain (GO:0000220)",1/6,0.1836543355037968,0.495310177570846,0,0,5.822289156626506,9.867032848996889,ATP6V0A1,GO_Cellular_Component_2023
GO_Cellular_Component_2023,U2 snRNP (GO:0005686),2/25,0.2013517225630883,0.5376090992434458,0,0,2.53288740245262,4.059463798522376,SNRPF;SNRPB,GO_Cellular_Component_2023
GO_Cellular_Component_2023,Recycling Endosome Membrane (GO:0055038),4/70,0.2036363150759032,0.5383257042105561,0,0,1.7667446018429378,2.811632067773713,RAP2A;GGA3;NDRG1;SCAMP2,GO_Cellular_Component_2023
GO_Cellular_Component_2023,Organelle Outer Membrane (GO:0031968),8/170,0.2059974524718623,0.5392286255881102,0,0,1.4411184395963696,2.2768107399368183,SAMM50;AIFM2;VDAC2;ACSL3;MFF;TOMM20;GDAP1;TOMM22,GO_Cellular_Component_2023
GO_Cellular_Component_2023,Heterochromatin (GO:0000792),3/49,0.2224204257551598,0.5765655696759969,0,0,1.900269276238014,2.8564579411958766,CHRAC1;CBX3;SUV39H1,GO_Cellular_Component_2023
GO_Cellular_Component_2023,9+0 Non-Motile Cilium (GO:0097731),1/8,0.2370557901163459,0.5976782658699373,0,0,4.158347676419965,5.985774165822479,TULP3,GO_Cellular_Component_2023
GO_Cellular_Component_2023,Smc5-Smc6 Complex (GO:0030915),1/8,0.2370557901163459,0.5976782658699373,0,0,4.158347676419965,5.985774165822479,NSMCE2,GO_Cellular_Component_2023
GO_Cellular_Component_2023,Dendrite Membrane (GO:0032590),2/28,0.2383814811232434,0.5976782658699373,0,0,2.2402830954867152,3.2123039055324973,SGCE;FOXM1,GO_Cellular_Component_2023
GO_Cellular_Component_2023,Golgi Lumen (GO:0005796),5/100,0.2395190054235329,0.5976782658699373,0,0,1.5342902711323765,2.192688764412238,PPIL2;PDGFB;GPC3;CSPG5;MUC13,GO_Cellular_Component_2023
GO_Cellular_Component_2023,Secretory Granule Lumen (GO:0034774),13/316,0.2548434009114611,0.6146475846277912,0,0,1.2523841341189337,1.71214190982304,GPI;CSTB;SERPINB1;HSP90AA1;HEXB;HSPA6;PDGFB;NME2;C1ORF35;GTPBP2;CSNK2B;MAGED2;ALDOA,GO_Cellular_Component_2023
GO_Cellular_Component_2023,Tertiary Granule Lumen (GO:1904724),3/53,0.2580849786629337,0.6146475846277912,0,0,1.7478851963746225,2.3674517234549413,CSTB;FTH1;MMP9,GO_Cellular_Component_2023
GO_Cellular_Component_2023,Apical Dendrite (GO:0097440),1/9,0.262433800178158,0.6146475846277912,0,0,3.6383659638554215,4.867247421192894,GSK3A,GO_Cellular_Component_2023
GO_Cellular_Component_2023,Autolysosome (GO:0044754),1/9,0.262433800178158,0.6146475846277912,0,0,3.6383659638554215,4.867247421192894,FTH1,GO_Cellular_Component_2023
GO_Cellular_Component_2023,bBAF Complex (GO:0140092),1/9,0.262433800178158,0.6146475846277912,0,0,3.6383659638554215,4.867247421192894,SMARCE1,GO_Cellular_Component_2023
GO_Cellular_Component_2023,Pi-Body (GO:0071546),1/9,0.262433800178158,0.6146475846277912,0,0,3.6383659638554215,4.867247421192894,TDRKH,GO_Cellular_Component_2023
GO_Cellular_Component_2023,Sodium:Potassium-Exchanging ATPase Complex (GO:0005890),1/9,0.262433800178158,0.6146475846277912,0,0,3.6383659638554215,4.867247421192894,ATP1B1,GO_Cellular_Component_2023
GO_Cellular_Component_2023,Intracellular Organelle Lumen (GO:0070013),32/856,0.2709472049084868,0.6179088008272575,0,0,1.1356615899016855,1.4829824422578892,GPI;CSTB;OGG1;PDGFB;NUDT1;C1ORF35;DGUOK;CCNB1;MTHFD1L;FTH1;SERPINH1;SPP1;GPC3;MUC13;IARS2;MEN1;KCMF1;HSP90AA1;PPIL2;HSPA6;NME2;PYCR2;TOR1B;MMP9;LYRM4;POLG2;VGF;CSNK2B;CDK1;CSPG5;SSBP1;ALDOA,GO_Cellular_Component_2023
GO_Cellular_Component_2023,Golgi Stack (GO:0005795),2/31,0.2757090022255211,0.6179088008272575,0,0,2.008217610651688,2.5874062645327967,TRAPPC4;COG2,GO_Cellular_Component_2023
GO_Cellular_Component_2023,Bicellular Tight Junction (GO:0005923),4/81,0.2830889508633388,0.6179088008272575,0,0,1.5134880248344695,1.9100129830679808,CHAF1B;PARD3;RAB13;WNK4,GO_Cellular_Component_2023
GO_Cellular_Component_2023,CD40 Receptor Complex (GO:0035631),1/10,0.2869688812830709,0.6179088008272575,0,0,3.233935742971888,4.037185542998664,TRAF2,GO_Cellular_Component_2023
GO_Cellular_Component_2023,CMG Complex (GO:0071162),1/10,0.2869688812830709,0.6179088008272575,0,0,3.233935742971888,4.037185542998664,MCM5,GO_Cellular_Component_2023
GO_Cellular_Component_2023,Nuclear Inclusion Body (GO:0042405),1/10,0.2869688812830709,0.6179088008272575,0,0,3.233935742971888,4.037185542998664,RAD18,GO_Cellular_Component_2023
GO_Cellular_Component_2023,Primary Lysosome (GO:0005766),1/10,0.2869688812830709,0.6179088008272575,0,0,3.233935742971888,4.037185542998664,HEXB,GO_Cellular_Component_2023
GO_Cellular_Component_2023,"Proton-Transporting V-type ATPase, V1 Domain (GO:0033180)",1/10,0.2869688812830709,0.6179088008272575,0,0,3.233935742971888,4.037185542998664,ATP6V1H,GO_Cellular_Component_2023
GO_Cellular_Component_2023,Serine-Type Endopeptidase Complex (GO:1905370),1/10,0.2869688812830709,0.6179088008272575,0,0,3.233935742971888,4.037185542998664,PLAU,GO_Cellular_Component_2023
GO_Cellular_Component_2023,"Vacuolar Proton-Transporting V-type ATPase, V1 Domain (GO:0000221)",1/10,0.2869688812830709,0.6179088008272575,0,0,3.233935742971888,4.037185542998664,ATP6V1H,GO_Cellular_Component_2023
GO_Cellular_Component_2023,Lipid Droplet (GO:0005811),4/82,0.2905614831291363,0.6206393279638353,0,0,1.494006749679972,1.8465028205256533,IRAK1;AIFM2;HILPDA;ACSL3,GO_Cellular_Component_2023
GO_Cellular_Component_2023,Tertiary Granule (GO:0070820),7/162,0.2941729013358057,0.6233663861639693,0,0,1.3164035689773508,1.610735063487984,CSTB;PLAU;FTH1;DYNLL1;ALDOA;MMP9;ATP6V0A1,GO_Cellular_Component_2023
GO_Cellular_Component_2023,P-body (GO:0000932),4/83,0.2980603815462807,0.6266308808886373,0,0,1.475018671364829,1.7854499067111709,YTHDF1;MEX3A;UBAP2;APOBEC3B,GO_Cellular_Component_2023
GO_Cellular_Component_2023,AP-1 Adaptor Complex (GO:0030121),1/11,0.3106889902256541,0.627301755257802,0,0,2.9103915662650603,3.4021397613526294,AP1S3,GO_Cellular_Component_2023
GO_Cellular_Component_2023,TRAPPII Protein Complex (GO:1990071),1/11,0.3106889902256541,0.627301755257802,0,0,2.9103915662650603,3.4021397613526294,TRAPPC4,GO_Cellular_Component_2023
GO_Cellular_Component_2023,TRAPPIII Protein Complex (GO:1990072),1/11,0.3106889902256541,0.627301755257802,0,0,2.9103915662650603,3.4021397613526294,TRAPPC4,GO_Cellular_Component_2023
GO_Cellular_Component_2023,U2-type Catalytic Step 1 Spliceosome (GO:0071006),1/11,0.3106889902256541,0.627301755257802,0,0,2.9103915662650603,3.4021397613526294,SNRNP200,GO_Cellular_Component_2023
GO_Cellular_Component_2023,Lysosomal Lumen (GO:0043202),4/86,0.3206819225124198,0.627301755257802,0,0,1.4208331795874691,1.6159214504162978,HSP90AA1;HEXB;GPC3;CSPG5,GO_Cellular_Component_2023
GO_Cellular_Component_2023,SCF Ubiquitin Ligase Complex (GO:0019005),3/61,0.3310712756472608,0.627301755257802,0,0,1.506172517970622,1.664955623401474,FBXL19;CUL2;FBXL18,GO_Cellular_Component_2023
GO_Cellular_Component_2023,90S Preribosome (GO:0030686),1/12,0.3336211582269958,0.627301755257802,0,0,2.6456736035049286,2.90428604616912,HEATR1,GO_Cellular_Component_2023
GO_Cellular_Component_2023,Cul4A-RING E3 Ubiquitin Ligase Complex (GO:0031464),1/12,0.3336211582269958,0.627301755257802,0,0,2.6456736035049286,2.90428604616912,DDB1,GO_Cellular_Component_2023
GO_Cellular_Component_2023,MIB Complex (GO:0140275),1/12,0.3336211582269958,0.627301755257802,0,0,2.6456736035049286,2.90428604616912,SAMM50,GO_Cellular_Component_2023
GO_Cellular_Component_2023,RNA Polymerase I Complex (GO:0005736),1/12,0.3336211582269958,0.627301755257802,0,0,2.6456736035049286,2.90428604616912,POLR2H,GO_Cellular_Component_2023
GO_Cellular_Component_2023,SAM Complex (GO:0001401),1/12,0.3336211582269958,0.627301755257802,0,0,2.6456736035049286,2.90428604616912,SAMM50,GO_Cellular_Component_2023
GO_Cellular_Component_2023,SUMO Ligase Complex (GO:0106068),1/12,0.3336211582269958,0.627301755257802,0,0,2.6456736035049286,2.90428604616912,NSMCE2,GO_Cellular_Component_2023
GO_Cellular_Component_2023,Cytoplasmic Side Of Lysosomal Membrane (GO:0098574),1/12,0.3336211582269958,0.627301755257802,0,0,2.6456736035049286,2.90428604616912,SNAPIN,GO_Cellular_Component_2023
GO_Cellular_Component_2023,Podosome (GO:0002102),1/12,0.3336211582269958,0.627301755257802,0,0,2.6456736035049286,2.90428604616912,ASAP1,GO_Cellular_Component_2023
GO_Cellular_Component_2023,Serine-Type Peptidase Complex (GO:1905286),1/12,0.3336211582269958,0.627301755257802,0,0,2.6456736035049286,2.90428604616912,PLAU,GO_Cellular_Component_2023
GO_Cellular_Component_2023,Platelet Alpha Granule (GO:0031091),4/89,0.3434229978534145,0.6412163666214103,0,0,1.370472546053217,1.4647505891771837,PDGFB;MAGED2;GTPBP2;ALDOA,GO_Cellular_Component_2023
GO_Cellular_Component_2023,Golgi Membrane (GO:0000139),16/427,0.348023688622203,0.6452939226536683,0,0,1.1351320954191175,1.198114594122871,SLC35B2;XYLT2;PDGFB;COG2;SREBF2;GOLGA3;CYTH2;ZDHHC9;TBC1D20;TMEM115;LMAN2;AP1S3;RFFL;ACBD3;YKT6;B4GALT4,GO_Cellular_Component_2023
GO_Cellular_Component_2023,ISWI-type Complex (GO:0031010),1/13,0.3557915209883394,0.6457734238915038,0,0,2.4250753012048194,2.506097879105358,CHRAC1,GO_Cellular_Component_2023
GO_Cellular_Component_2023,Clathrin Coat Of trans-Golgi Network Vesicle (GO:0030130),1/13,0.3557915209883394,0.6457734238915038,0,0,2.4250753012048194,2.506097879105358,AP1S3,GO_Cellular_Component_2023
GO_Cellular_Component_2023,Cytoplasmic Side Of Endoplasmic Reticulum Membrane (GO:0098554),1/13,0.3557915209883394,0.6457734238915038,0,0,2.4250753012048194,2.506097879105358,HM13,GO_Cellular_Component_2023
GO_Cellular_Component_2023,Mitochondrial Envelope (GO:0005740),6/146,0.3579568042544666,0.6457734238915038,0,0,1.248319965315413,1.2824527261573957,GNPAT;PRELID2;PNPT1;VDAC2;MFF;TMEM70,GO_Cellular_Component_2023
GO_Cellular_Component_2023,Tight Junction (GO:0070160),4/93,0.3737874758771037,0.6599494966240909,0,0,1.308606299614136,1.2877574393150435,CHAF1B;PARD3;RAB13;WNK4,GO_Cellular_Component_2023
GO_Cellular_Component_2023,"RNA Polymerase II, Core Complex (GO:0005665)",1/14,0.377225348739988,0.6599494966240909,0,0,2.238415199258573,2.182259020835098,POLR2H,GO_Cellular_Component_2023
GO_Cellular_Component_2023,Endopeptidase Complex (GO:1905369),1/14,0.377225348739988,0.6599494966240909,0,0,2.238415199258573,2.182259020835098,PLAU,GO_Cellular_Component_2023
GO_Cellular_Component_2023,Muscle Myosin Complex (GO:0005859),1/14,0.377225348739988,0.6599494966240909,0,0,2.238415199258573,2.182259020835098,MYL6B,GO_Cellular_Component_2023
GO_Cellular_Component_2023,Cyclin-Dependent Protein Kinase Holoenzyme Complex (GO:0000307),2/40,0.3858251590512013,0.6599494966240909,0,0,1.5318726680955783,1.458911055703643,CCNB1;CDK1,GO_Cellular_Component_2023
GO_Cellular_Component_2023,Polymeric Cytoskeletal Fiber (GO:0099513),10/265,0.3871014923911236,0.6599494966240909,0,0,1.1423439604849572,1.084162516095216,EML4;DIAPH3;KIF14;SLC1A4;KIF11;TUBG1;CCT7;NDRG1;CAMSAP1;KIF15,GO_Cellular_Component_2023
GO_Cellular_Component_2023,H4 Histone Acetyltransferase Complex (GO:1902562),1/15,0.3979470747433656,0.6599494966240909,0,0,2.07842082616179,1.915132313953084,HCFC1,GO_Cellular_Component_2023
GO_Cellular_Component_2023,U2-type Prespliceosome (GO:0071004),1/15,0.3979470747433656,0.6599494966240909,0,0,2.07842082616179,1.915132313953084,SNRPB,GO_Cellular_Component_2023
GO_Cellular_Component_2023,Axonal Growth Cone (GO:0044295),1/15,0.3979470747433656,0.6599494966240909,0,0,2.07842082616179,1.915132313953084,HSP90AA1,GO_Cellular_Component_2023
GO_Cellular_Component_2023,Cation-Transporting ATPase Complex (GO:0090533),1/15,0.3979470747433656,0.6599494966240909,0,0,2.07842082616179,1.915132313953084,ATP1B1,GO_Cellular_Component_2023
GO_Cellular_Component_2023,Prespliceosome (GO:0071010),1/15,0.3979470747433656,0.6599494966240909,0,0,2.07842082616179,1.915132313953084,SNRPB,GO_Cellular_Component_2023
GO_Cellular_Component_2023,Secondary Lysosome (GO:0005767),1/15,0.3979470747433656,0.6599494966240909,0,0,2.07842082616179,1.915132313953084,FTH1,GO_Cellular_Component_2023
GO_Cellular_Component_2023,trans-Golgi Network Transport Vesicle (GO:0030140),1/15,0.3979470747433656,0.6599494966240909,0,0,2.07842082616179,1.915132313953084,RAB13,GO_Cellular_Component_2023
GO_Cellular_Component_2023,Mitochondrial Matrix (GO:0005759),13/355,0.4009647473988668,0.6608493058981324,0,0,1.107294693789689,1.011936431642077,OGG1;NUDT1;MRPL49;PYCR2;MRPL13;DGUOK;CCNB1;MTHFD1L;LYRM4;POLG2;CDK1;IARS2;SSBP1,GO_Cellular_Component_2023
GO_Cellular_Component_2023,Vesicle Membrane (GO:0012506),3/69,0.4038652195077827,0.6615460957581473,0,0,1.323056852513046,1.1995813436414442,SPIRE2;AP1S3;SLC26A6,GO_Cellular_Component_2023
GO_Cellular_Component_2023,Transcription Factor TFIID Complex (GO:0005669),2/42,0.4094009320188983,0.6625563486342317,0,0,1.455128205128205,1.2995172739133578,ERCC3;TAF2,GO_Cellular_Component_2023
GO_Cellular_Component_2023,Cell-Cell Junction (GO:0005911),11/299,0.4094449345492443,0.6625563486342317,0,0,1.1123693934760448,0.9932934253810308,CHAF1B;MPP3;ILF3;BAIAP2L1;CDCA3;PARD3;FOXM1;NDRG1;VSIG10;EIF4G2;PPP1CA,GO_Cellular_Component_2023
GO_Cellular_Component_2023,trans-Golgi Network Membrane (GO:0032588),4/100,0.4265426670756022,0.6860656151155771,0,0,1.2127458396369135,1.03331145429523,TMEM79;COG2;AP1S3;SCAMP2,GO_Cellular_Component_2023
GO_Cellular_Component_2023,Cortical Actin Cytoskeleton (GO:0030864),2/44,0.4325247551215001,0.6915216144756918,0,0,1.385692738633915,1.161370863144511,MYO1A;DYNLL1,GO_Cellular_Component_2023
GO_Cellular_Component_2023,Phagocytic Vesicle Membrane (GO:0030670),2/45,0.4439038445034451,0.7054900385858325,0,0,1.3533971728226175,1.099157868448004,ATP6V0D2;ATP6V0A1,GO_Cellular_Component_2023
GO_Cellular_Component_2023,"Preribosome, Large Subunit Precursor (GO:0030687)",1/18,0.4560719932788273,0.7205397763635912,0,0,1.7113749114103474,1.3436083185793315,RRS1,GO_Cellular_Component_2023
GO_Cellular_Component_2023,Cytoplasmic Stress Granule (GO:0010494),3/76,0.4656067568910197,0.7280415760244705,0,0,1.1957538385134296,0.9140508198001824,RPTOR;YTHDF1;PRKAA2,GO_Cellular_Component_2023
GO_Cellular_Component_2023,Golgi-associated Vesicle (GO:0005798),2/47,0.4662738183527508,0.7280415760244705,0,0,1.2931121166415285,0.9866215591408496,RAB13;CSPG5,GO_Cellular_Component_2023
GO_Cellular_Component_2023,Apical Junction Complex (GO:0043296),4/106,0.4708327013749554,0.7308856469018203,0,0,1.1410518821749578,0.8595001222231381,CHAF1B;PARD3;RAB13;WNK4,GO_Cellular_Component_2023
GO_Cellular_Component_2023,Clathrin Adaptor Complex (GO:0030131),1/19,0.4741738534359113,0.7318174501005105,0,0,1.616214859437751,1.2059892162185668,AP1S3,GO_Cellular_Component_2023
GO_Cellular_Component_2023,Intermediate Filament Cytoskeleton (GO:0045111),3/81,0.5079310535764064,0.7759674136941329,0,0,1.1188124564257496,0.757894255979026,NDOR1;SESTD1;SLC1A4,GO_Cellular_Component_2023
GO_Cellular_Component_2023,Endocytic Vesicle Lumen (GO:0071682),1/21,0.5085928741440946,0.7759674136941329,0,0,1.4544427710843373,0.9833595739585842,HSP90AA1,GO_Cellular_Component_2023
GO_Cellular_Component_2023,Microbody Membrane (GO:0031903),2/53,0.5300339718372281,0.7995427710764966,0,0,1.1406263863011268,0.724085800323859,GNPAT;GDAP1,GO_Cellular_Component_2023
GO_Cellular_Component_2023,Peroxisomal Membrane (GO:0005778),2/53,0.5300339718372281,0.7995427710764966,0,0,1.1406263863011268,0.724085800323859,GNPAT;GDAP1,GO_Cellular_Component_2023
GO_Cellular_Component_2023,Golgi-associated Vesicle Membrane (GO:0030660),1/23,0.5407620868140726,0.8066116043539517,0,0,1.3220837897042717,0.8127852020520473,CSPG5,GO_Cellular_Component_2023
GO_Cellular_Component_2023,Core Mediator Complex (GO:0070847),1/23,0.5407620868140726,0.8066116043539517,0,0,1.3220837897042717,0.8127852020520473,MED30,GO_Cellular_Component_2023
GO_Cellular_Component_2023,Dendrite (GO:0030425),9/270,0.5444279191537306,0.8075680800780337,0,0,1.002628259041211,0.6096177585952041,SGCE;CHRM3;GSK3A;PRKAA2;TRAPPC4;HTR1D;FOXM1;ZWINT;STRN4,GO_Cellular_Component_2023
GO_Cellular_Component_2023,P Granule (GO:0043186),1/24,0.5560492877364934,0.8157426364046358,0,0,1.264536406495547,0.7421543199313053,TDRKH,GO_Cellular_Component_2023
GO_Cellular_Component_2023,Heterotrimeric G-protein Complex (GO:0005834),1/24,0.5560492877364934,0.8157426364046358,0,0,1.264536406495547,0.7421543199313053,GNB5,GO_Cellular_Component_2023
GO_Cellular_Component_2023,Extracellular Membrane-Bounded Organelle (GO:0065010),2/57,0.5695674340314888,0.8310082234229919,0,0,1.0574523515699987,0.5952167640614685,MAN1B1;ATP1B1,GO_Cellular_Component_2023
GO_Cellular_Component_2023,Vacuolar Membrane (GO:0005774),2/59,0.5884118248185074,0.8435989628717045,0,0,1.0202429149797572,0.5410635824326946,ATP6V0D2;ATP6V0A1,GO_Cellular_Component_2023
GO_Cellular_Component_2023,Extracellular Vesicle (GO:1903561),2/60,0.5976017289474559,0.8435989628717045,0,0,1.002600509699901,0.5161695743804398,MAN1B1;ATP1B1,GO_Cellular_Component_2023
GO_Cellular_Component_2023,Ficolin-1-Rich Granule Membrane (GO:0101003),2/60,0.5976017289474559,0.8435989628717045,0,0,1.002600509699901,0.5161695743804398,DYNLL1;ATP6V0A1,GO_Cellular_Component_2023
GO_Cellular_Component_2023,Serine/Threonine Protein Kinase Complex (GO:1902554),2/60,0.5976017289474559,0.8435989628717045,0,0,1.002600509699901,0.5161695743804398,PARD3;CDK1,GO_Cellular_Component_2023
GO_Cellular_Component_2023,Golgi Cisterna Membrane (GO:0032580),1/27,0.5989289240984339,0.8435989628717045,0,0,1.1184545875810936,0.573333629481516,TMEM115,GO_Cellular_Component_2023
GO_Cellular_Component_2023,Lumenal Side Of Endoplasmic Reticulum Membrane (GO:0098553),1/27,0.5989289240984339,0.8435989628717045,0,0,1.1184545875810936,0.573333629481516,HM13,GO_Cellular_Component_2023
GO_Cellular_Component_2023,Ribosome (GO:0005840),2/61,0.6066366529088767,0.8435989628717045,0,0,0.9855561520566506,0.492605861947361,SRP68;MRPL13,GO_Cellular_Component_2023
GO_Cellular_Component_2023,Lysosome (GO:0005764),16/503,0.6079937622791514,0.8435989628717045,0,0,0.9541388900314178,0.4747705966618172,HSP90AA1;ANKRD27;HEXB;AP3B1;RPTOR;GGA3;DNAJC5;TMEM79;GPC3;CSPG5;ATP6V1H;AP1S3;RFFL;ATP6V0D2;ARL8B;ATP6V0A1,GO_Cellular_Component_2023
GO_Cellular_Component_2023,Caveola (GO:0005901),2/62,0.6155167275964356,0.8435989628717045,0,0,0.969079939668175,0.4702878628015143,KIF18A;DYNLL1,GO_Cellular_Component_2023
GO_Cellular_Component_2023,Mitochondrial Intermembrane Space (GO:0005758),2/62,0.6155167275964356,0.8435989628717045,0,0,0.969079939668175,0.4702878628015143,PRELID2;PNPT1,GO_Cellular_Component_2023
GO_Cellular_Component_2023,Cytoskeleton (GO:0005856),19/599,0.6167727329170699,0.8435989628717045,0,0,0.9510649087221096,0.4596065538987362,MID1IP1;DYNLL1;FOXM1;NDRG1;AURKB;EML4;AGBL5;ARHGAP33;ILF3;KIF18A;NDOR1;BAIAP2L1;MYO1A;SESTD1;TAF1A;BIRC5;KNTC1;ALDOA;GTSE1,GO_Cellular_Component_2023
GO_Cellular_Component_2023,Lytic Vacuole Membrane (GO:0098852),9/287,0.6179783659072254,0.8435989628717045,0,0,0.940477496051939,0.4526535387572405,RPTOR;DNAJC5;TMEM79;ATP6V1H;AP3B1;AP1S3;ATP6V0D2;ATP6V0A1;ARL8B,GO_Cellular_Component_2023
GO_Cellular_Component_2023,Cortical Cytoskeleton (GO:0030863),2/63,0.6242422463606491,0.8435989628717045,0,0,0.9531439309645674,0.4491374050920642,MYO1A;DYNLL1,GO_Cellular_Component_2023
GO_Cellular_Component_2023,Protein Serine/Threonine Phosphatase Complex (GO:0008287),1/29,0.6251921601129883,0.8435989628717045,0,0,1.0384574010327023,0.4877595162283079,PPP4R1,GO_Cellular_Component_2023
GO_Cellular_Component_2023,Peroxisome (GO:0005777),4/129,0.6255902421295787,0.8435989628717045,0,0,0.9299848714069592,0.436218413154101,GNPAT;MVD;MFF;GDAP1,GO_Cellular_Component_2023
GO_Cellular_Component_2023,Non-Motile Cilium (GO:0097730),1/30,0.637672574512531,0.8512928869742289,0,0,1.0025965932696304,0.4510986195415593,TULP3,GO_Cellular_Component_2023
GO_Cellular_Component_2023,Rough Endoplasmic Reticulum (GO:0005791),1/30,0.637672574512531,0.8512928869742289,0,0,1.0025965932696304,0.4510986195415593,HM13,GO_Cellular_Component_2023
GO_Cellular_Component_2023,Intercalated Disc (GO:0014704),1/31,0.6497380162501877,0.8630848275562195,0,0,0.9691265060240964,0.4178738293681011,ATP1B1,GO_Cellular_Component_2023
GO_Cellular_Component_2023,Organelle Envelope Lumen (GO:0031970),2/68,0.6655718060463734,0.8797409515563451,0,0,0.8807075277663513,0.3585437399313573,PRELID2;PNPT1,GO_Cellular_Component_2023
GO_Cellular_Component_2023,Basolateral Plasma Membrane (GO:0016323),5/171,0.6759615955189133,0.8890726404115757,0,0,0.8748174516246805,0.34259514951101,MYO1A;AQP10;PDGFB;SLC29A4;SLC26A6,GO_Cellular_Component_2023
GO_Cellular_Component_2023,Aggresome (GO:0016235),1/35,0.6941188484017234,0.9064096966522648,0,0,0.8549344436569809,0.3121468945584836,URB2,GO_Cellular_Component_2023
GO_Cellular_Component_2023,Tertiary Granule Membrane (GO:0070821),2/72,0.6959325386281433,0.9064096966522648,0,0,0.830209006679595,0.3009528824556688,PLAU;DYNLL1,GO_Cellular_Component_2023
GO_Cellular_Component_2023,Bounding Membrane Of Organelle (GO:0098588),25/819,0.6996089802837867,0.9067747462901508,0,0,0.912163491813602,0.3258555388281082,COLEC12;SLC35B2;XYLT2;PDGFB;APH1A;GOLGA3;CYTH2;GGA3;IRAK1;LMAN2;AP1S3;RFFL;YKT6;ATP6V0A1;COG2;CSNK1D;SREBF2;RNF144A;ZDHHC9;TBC1D20;TMEM115;CSPG5;ACBD3;ATP6V0D2;B4GALT4,GO_Cellular_Component_2023
GO_Cellular_Component_2023,Motile Cilium (GO:0031514),2/73,0.7031572191528204,0.9069709058637828,0,0,0.818473434877743,0.2882456951884948,DYNC2LI1;IFT81,GO_Cellular_Component_2023
GO_Cellular_Component_2023,Extrinsic Component Of Cytoplasmic Side Of Plasma Membrane (GO:0031234),2/77,0.7306378113536459,0.9318148389601718,0,0,0.7746606334841629,0.243117488485987,RACGAP1;GNB5,GO_Cellular_Component_2023
GO_Cellular_Component_2023,Neuromuscular Junction (GO:0031594),1/39,0.7328836408582261,0.9318148389601718,0,0,0.764782815472416,0.2376702809848173,TRIP4,GO_Cellular_Component_2023
GO_Cellular_Component_2023,Glutamatergic Synapse (GO:0098978),2/78,0.7371614820067576,0.9318148389601718,0,0,0.7644280384218465,0.2331110335355078,ARHGAP39;YWHAZ,GO_Cellular_Component_2023
GO_Cellular_Component_2023,Brush Border Membrane (GO:0031526),1/40,0.7417825646293617,0.9318148389601718,0,0,0.7451343836886005,0.2225709834543296,SLC26A6,GO_Cellular_Component_2023
GO_Cellular_Component_2023,Cytoplasmic Vesicle Membrane (GO:0030659),11/389,0.7494622032254642,0.9318148389601718,0,0,0.8435148779185476,0.2432691779599793,APH1A;RNF144A;COLEC12;GGA3;IRAK1;SPIRE2;CSPG5;AP1S3;RFFL;ATP6V0D2;ATP6V0A1,GO_Cellular_Component_2023
GO_Cellular_Component_2023,Lysosomal Membrane (GO:0005765),10/356,0.7497496826696012,0.9318148389601718,0,0,0.837885540307991,0.2413243450865191,RPTOR;SNAPIN;DNAJC5;TMEM79;ATP6V1H;AP3B1;AP1S3;ATP6V0D2;ATP6V0A1;ARL8B,GO_Cellular_Component_2023
GO_Cellular_Component_2023,Mitochondrial Respiratory Chain Complex I (GO:0005747),1/41,0.7503854516072479,0.9318148389601718,0,0,0.7264683734939759,0.208618665295919,NDUFB9,GO_Cellular_Component_2023
GO_Cellular_Component_2023,Respiratory Chain Complex I (GO:0045271),1/41,0.7503854516072479,0.9318148389601718,0,0,0.7264683734939759,0.208618665295919,NDUFB9,GO_Cellular_Component_2023
GO_Cellular_Component_2023,Cilium (GO:0005929),7/257,0.7548579655624728,0.9318148389601718,0,0,0.8121276595744681,0.228391147230785,DYNC2LI1;NEK8;UNC119B;IFT81;TULP3;DYNLRB1;DYNLL1,GO_Cellular_Component_2023
GO_Cellular_Component_2023,Plasma Membrane Raft (GO:0044853),2/82,0.7619219199670337,0.9318148389601718,0,0,0.7260558069381599,0.1974227026679166,KIF18A;DYNLL1,GO_Cellular_Component_2023
GO_Cellular_Component_2023,Actin Cytoskeleton (GO:0015629),9/327,0.7631474768991567,0.9318148389601718,0,0,0.820452715140359,0.2217716349547105,ARHGAP33;ILF3;BAIAP2L1;DIAPH3;MYO1A;KNTC1;ASAP1;DYNLL1;ALDOA,GO_Cellular_Component_2023
GO_Cellular_Component_2023,Endosome Membrane (GO:0010008),10/361,0.7647023416753042,0.9318148389601718,0,0,0.8257323677171006,0.221518080070303,APH1A;RNF144A;RAP2A;GGA3;IRAK1;RFFL;ATP6V0D2;NDRG1;SCAMP2;ATP6V0A1,GO_Cellular_Component_2023
GO_Cellular_Component_2023,Autophagosome (GO:0005776),2/83,0.767787507757445,0.9318148389601718,0,0,0.7170549131333445,0.189476215613121,FTH1;UBQLN4,GO_Cellular_Component_2023
GO_Cellular_Component_2023,Actin-Based Cell Projection (GO:0098858),2/84,0.773526991106844,0.934532609165282,0,0,0.7082735533237685,0.1818809051296424,MYO1A;ACTG2,GO_Cellular_Component_2023
GO_Cellular_Component_2023,Cytoplasmic Side Of Plasma Membrane (GO:0009898),3/124,0.7851930377315673,0.9423422422939868,0,0,0.7196075004369429,0.1740195756390092,MIEN1;RACGAP1;TRAF2,GO_Cellular_Component_2023
GO_Cellular_Component_2023,Vacuolar Lumen (GO:0005775),4/161,0.7870498877586481,0.9423422422939868,0,0,0.7392004008595353,0.177011620742768,HSP90AA1;HEXB;GPC3;CSPG5,GO_Cellular_Component_2023
GO_Cellular_Component_2023,Cell-Cell Contact Zone (GO:0044291),1/47,0.7963144530309413,0.949178388210988,0,0,0.6315151911995809,0.1438346133387174,ATP1B1,GO_Cellular_Component_2023
GO_Cellular_Component_2023,Specific Granule Membrane (GO:0035579),2/90,0.8054221506931382,0.9523377454068171,0,0,0.6597764980117922,0.1427681973141735,PLAU;DNAJC5,GO_Cellular_Component_2023
GO_Cellular_Component_2023,Microbody Lumen (GO:0031907),1/49,0.8096654239975561,0.9523377454068171,0,0,0.6051393072289156,0.127765587447982,GNPAT,GO_Cellular_Component_2023
GO_Cellular_Component_2023,Peroxisomal Matrix (GO:0005782),1/49,0.8096654239975561,0.9523377454068171,0,0,0.6051393072289156,0.127765587447982,GNPAT,GO_Cellular_Component_2023
GO_Cellular_Component_2023,Golgi Cisterna (GO:0031985),1/51,0.8221424998991335,0.9627721380397748,0,0,0.5808734939759036,0.1137591604239389,TMEM115,GO_Cellular_Component_2023
GO_Cellular_Component_2023,Sarcolemma (GO:0042383),1/52,0.8280713260035694,0.965480541672284,0,0,0.569454287739192,0.1074309600160886,ATP1B1,GO_Cellular_Component_2023
GO_Cellular_Component_2023,Endoplasmic Reticulum Lumen (GO:0005788),7/284,0.8370717867161115,0.9717311611008772,0,0,0.7319302557800138,0.130170462402779,VGF;PDGFB;SERPINH1;GPC3;SPP1;TOR1B;MEN1,GO_Cellular_Component_2023
GO_Cellular_Component_2023,Phagocytic Vesicle (GO:0045335),2/100,0.8497682225716053,0.974798794925934,0,0,0.5921445501277434,0.0963961859905929,ATP6V0D2;ATP6V0A1,GO_Cellular_Component_2023
GO_Cellular_Component_2023,Endoplasmic Reticulum Membrane (GO:0005789),22/801,0.8498702702455027,0.974798794925934,0,0,0.815001886615412,0.1325776318736551,ALG8;LPGAT1;ELOVL5;GPAA1;HM13;RNF26;PIGZ;FITM2;CDKAL1;ELOVL7;ACSL3;SREBF2;PIGC;SQLE;TMEM147;TBC1D20;TMX2;LMAN2;CDK1;SRPRB;LBR;UBQLN4,GO_Cellular_Component_2023
GO_Cellular_Component_2023,Azurophil Granule Membrane (GO:0035577),1/58,0.8597220334815584,0.974798794925934,0,0,0.5093532022828154,0.0769867800292733,DNAJC5,GO_Cellular_Component_2023
GO_Cellular_Component_2023,Microvillus (GO:0005902),1/58,0.8597220334815584,0.974798794925934,0,0,0.5093532022828154,0.0769867800292733,MYO1A,GO_Cellular_Component_2023
GO_Cellular_Component_2023,Lytic Vacuole (GO:0000323),5/223,0.8673750093068396,0.974798794925934,0,0,0.6643383375034752,0.0945246223632515,RPTOR;GGA3;ANKRD27;RFFL;ARL8B,GO_Cellular_Component_2023
GO_Cellular_Component_2023,cis-Golgi Network (GO:0005801),1/60,0.8689217722560759,0.974798794925934,0,0,0.4920359403716561,0.0691321213688071,BCL9,GO_Cellular_Component_2023
GO_Cellular_Component_2023,Filopodium (GO:0030175),1/60,0.8689217722560759,0.974798794925934,0,0,0.4920359403716561,0.0691321213688071,ACTG2,GO_Cellular_Component_2023
GO_Cellular_Component_2023,Sperm Flagellum (GO:0036126),1/60,0.8689217722560759,0.974798794925934,0,0,0.4920359403716561,0.0691321213688071,ATP1B1,GO_Cellular_Component_2023
GO_Cellular_Component_2023,Collagen-Containing Extracellular Matrix (GO:0062023),9/373,0.8761469034753302,0.9787917289870844,0,0,0.7150353457518092,0.094543048881584,CSTB;SERPINB1;ANGPT2;PDGFB;SERPINH1;HDGF;ZP3;ADAMTS9;MMP9,GO_Cellular_Component_2023
GO_Cellular_Component_2023,Acrosomal Vesicle (GO:0001669),1/64,0.8855531496264618,0.9818644136753292,0,0,0.4606999426276534,0.0559947616300502,VDAC2,GO_Cellular_Component_2023
GO_Cellular_Component_2023,Neuron Projection (GO:0043005),14/557,0.8894451368170758,0.9818644136753292,0,0,0.7442523614328996,0.0871947106492113,CHRM3;NMB;GSK3A;ANKRD27;PRKAA2;SLC30A3;TRAPPC4;HTR1D;ZWINT;STRN4;RGS9BP;RAB13;STX1A;GIT1,GO_Cellular_Component_2023
GO_Cellular_Component_2023,Vesicle (GO:0031982),5/235,0.8945915260199389,0.9818644136753292,0,0,0.6292819499341239,0.0700944958452863,MYO1A;MAN1B1;ATP1B1;YWHAZ;SLC26A6,GO_Cellular_Component_2023
GO_Cellular_Component_2023,Focal Adhesion (GO:0005925),9/387,0.9001998782997568,0.9818644136753292,0,0,0.6880444250871081,0.0723399266661923,ENAH;NPM1;PLAU;NME2;PIP5K1A;SRP68;DYNLL1;YWHAZ;GIT1,GO_Cellular_Component_2023
GO_Cellular_Component_2023,Endocytic Vesicle Membrane (GO:0030666),3/159,0.9023037284220118,0.9818644136753292,0,0,0.5571403671856844,0.0572763072579448,COLEC12;ATP6V0D2;ATP6V0A1,GO_Cellular_Component_2023
GO_Cellular_Component_2023,Intermediate Filament (GO:0005882),1/69,0.9034107573890376,0.9818644136753292,0,0,0.4267142097802976,0.0433447538812966,SLC1A4,GO_Cellular_Component_2023
GO_Cellular_Component_2023,9+2 Motile Cilium (GO:0097729),1/70,0.9066334046739446,0.9818644136753292,0,0,0.4205081194342587,0.0412169843137923,ATP1B1,GO_Cellular_Component_2023
GO_Cellular_Component_2023,Actin Filament (GO:0005884),1/71,0.909748683946814,0.9818644136753292,0,0,0.4144793459552495,0.0392043119303695,DIAPH3,GO_Cellular_Component_2023
GO_Cellular_Component_2023,Cell-Substrate Junction (GO:0030055),9/395,0.9121010035710966,0.9818644136753292,0,0,0.6735000947807406,0.0619650701214937,ENAH;NPM1;PLAU;NME2;PIP5K1A;SRP68;DYNLL1;YWHAZ;GIT1,GO_Cellular_Component_2023
GO_Cellular_Component_2023,Voltage-Gated Potassium Channel Complex (GO:0008076),1/73,0.9156713071354194,0.9818644136753292,0,0,0.4029241967871486,0.035496740827682,KCNMB3,GO_Cellular_Component_2023
GO_Cellular_Component_2023,Membrane Raft (GO:0045121),3/169,0.9230333586750756,0.9827254173560416,0,0,0.5233046991591744,0.0419114228860142,PGK1;SERPINH1;DYNLL1,GO_Cellular_Component_2023
GO_Cellular_Component_2023,COPII-coated ER To Golgi Transport Vesicle (GO:0030134),1/76,0.9238355047054922,0.9827254173560416,0,0,0.3867469879518072,0.0306385792002219,LMAN2,GO_Cellular_Component_2023
GO_Cellular_Component_2023,Clathrin-Coated Vesicle (GO:0030136),1/78,0.9288349078745872,0.9827397705002744,0,0,0.3766624941323736,0.027806831955808,RAB13,GO_Cellular_Component_2023
GO_Cellular_Component_2023,Coated Vesicle (GO:0030135),1/79,0.9312103443317208,0.9827397705002744,0,0,0.3718141797961075,0.0264992313449416,LMAN2,GO_Cellular_Component_2023
GO_Cellular_Component_2023,Potassium Channel Complex (GO:0034705),1/81,0.9357263197115496,0.9836178242637156,0,0,0.3624811746987952,0.0240804359328723,KCNMB3,GO_Cellular_Component_2023
GO_Cellular_Component_2023,Early Endosome (GO:0005769),6/307,0.944651980769741,0.9891061916294936,0,0,0.5757439793505714,0.0327821100528807,AP3M2;GGA3;ANKRD27;AP3B1;AP1S3;ATP6V0D2,GO_Cellular_Component_2023
GO_Cellular_Component_2023,Azurophil Granule Lumen (GO:0035578),1/89,0.9510171567922348,0.9897212564494856,0,0,0.3293914293537787,0.0165430836662434,HEXB,GO_Cellular_Component_2023
GO_Cellular_Component_2023,Clathrin-Coated Vesicle Membrane (GO:0030665),1/90,0.9526530445974448,0.9897212564494856,0,0,0.3256734804386084,0.0157966319847671,DNAJC5,GO_Cellular_Component_2023
GO_Cellular_Component_2023,Endocytic Vesicle (GO:0030139),3/196,0.9605189621750524,0.9938949273312726,0,0,0.4494622982640139,0.0181050402812061,COLEC12;HSP90AA1;RAB13,GO_Cellular_Component_2023
GO_Cellular_Component_2023,Azurophil Granule (GO:0042582),2/155,0.9669503735157756,0.9938949273312726,0,0,0.3781977345991187,0.0127105091341329,HEXB;DNAJC5,GO_Cellular_Component_2023
GO_Cellular_Component_2023,Specific Granule (GO:0042581),2/159,0.9705299518421292,0.9938949273312726,0,0,0.3684852676984561,0.0110225051814691,PLAU;DNAJC5,GO_Cellular_Component_2023
GO_Cellular_Component_2023,Cell Projection Membrane (GO:0031253),1/105,0.9715602098631542,0.9938949273312726,0,0,0.2784841288229842,0.0080348340825694,SLC26A6,GO_Cellular_Component_2023
GO_Cellular_Component_2023,Early Endosome Membrane (GO:0031901),1/116,0.9804345417839044,0.9940554682645109,0,0,0.251702462022001,0.0049734885233805,GGA3,GO_Cellular_Component_2023
GO_Cellular_Component_2023,Secretory Granule Membrane (GO:0030667),4/279,0.9843567040620028,0.9940554682645109,0,0,0.4194196121578875,0.0066129653237339,PLAU;DNAJC5;DYNLL1;ATP6V0A1,GO_Cellular_Component_2023
GO_Cellular_Component_2023,Asymmetric Synapse (GO:0032279),1/133,0.989027889360687,0.9940554682645109,0,0,0.2190922782037239,0.0024171899382542,FOXM1,GO_Cellular_Component_2023
GO_Cellular_Component_2023,Axon (GO:0030424),2/205,0.9923491923656526,0.9940554682645109,0,0,0.284302580448625,0.0021835078440886,GSK3A;PRKAA2,GO_Cellular_Component_2023
GO_Cellular_Component_2023,Late Endosome (GO:0005770),2/205,0.9923491923656526,0.9940554682645109,0,0,0.284302580448625,0.0021835078440886,ANKRD27;SLC30A3,GO_Cellular_Component_2023
GO_Cellular_Component_2023,Postsynaptic Density (GO:0014069),1/151,0.9940554682645109,0.9940554682645109,0,0,0.1926204819277108,0.0011484554747809,FOXM1,GO_Cellular_Component_2023
GO_Molecular_Function_2023,RNA Binding (GO:0003723),100/1411,3.5758807659709295e-13,1.8737615213687668e-10,0,0,2.4333245580283918,69.73760892961226,POP4;DQX1;NUDT1;HNRNPU;GPATCH4;RRP9;EFTUD2;TRIM28;DHX57;ZNF207;UBAP2L;RPP38;ABT1;NOM1;DDX11;ZCRB1;PUS7;JMJD6;ILF3;PRPF6;GRWD1;SNRPF;SNRNP200;SNRPB;LRRC59;AARS2;PRKDC;PRKRIP1;CSTF2;ISG20L2;NTPCR;MRPL13;MRPL10;RAD51AP1;PDCD11;HLTF;SERPINH1;RRS1;DHX37;CPSF4;CHTOP;PNPT1;PNO1;NONO;RPP40;EIF2S2;SRPK1;MEX3A;NOL10;EIF4G2;APOBEC3B;TOP2A;DAZAP1;CELF3;NKAP;C1ORF35;NAT10;BRCA1;SMG7;WDR43;MRPL42;PTBP1;SART1;LBR;UTP15;HSP90AA1;DDX59;PARP1;NSUN5;PRMT1;DDX55;RBM19;PPRC1;UTP18;YWHAZ;NME1;CTU1;ALDOA;CSTB;DDX27;HEATR1;NOL7;UNK;TCOF1;RALY;HEATR6;RAE1;DCAF13;TSNAX;YTHDF1;NPM1;SRP68;BYSL;UBAP2;HDGF;SSBP1;RBM45;TRIM32;RAN;FAM50A,GO_Molecular_Function_2023
GO_Molecular_Function_2023,DNA Binding (GO:0003677),52/846,1.5745491642861346e-05,0.0041253188104296,0,0,1.9808679287149544,21.906332213446284,TOP2A;OGG1;POGK;HNRNPU;BRCA1;PTBP1;TRIM28;EME1;AIFM2;EXO1;ZFPL1;MEN1;HMGN1;TIGD3;OSR2;PARP1;TIGD6;DDX11;SOX13;NME2;SOX12;DDB1;ILF3;POLG2;DMC1;PPARG;MCM5;NUPR1;PRKDC;FOXK2;RAD51AP1;CHRAC1;E2F2;E2F3;POLR2H;DTD1;ZNF146;DEDD;TSNAX;ZNF341;SMAD3;ATAD5;NFYA;USF1;POLA1;TFAP4;ERCC3;ERCC2;POLR3F;LHX4;SSBP1;RAD18,GO_Molecular_Function_2023
GO_Molecular_Function_2023,Sequence-Specific Double-Stranded DNA Binding (GO:1990837),44/715,6.936951811427061e-05,0.0121165424972925,0,0,1.9708033050869829,18.87253662429608,HOXD1;SUV39H1;HNRNPU;FOXK2;BRCA1;CREB3L4;SIX2;E2F2;E2F3;KAT7;MSX1;OTX1;NKX2-3;E2F7;ZNF343;MEN1;E2F8;OSR2;CPSF4;SMAD3;NFYA;CDX2;ZNF282;DDX11;PRRX2;SOX13;SOX12;ETV4;SREBF2;USF1;POLA1;TFAP4;ELF3;MAFG;GRWD1;UBA2;HOXD4;PPARG;LHX4;ZNF335;HOXD9;HOXD8;TAF2;TP73,GO_Molecular_Function_2023
GO_Molecular_Function_2023,Kinase Binding (GO:0019900),31/460,0.00017044973286232528,0.0221272357119803,0,0,2.1548388519997355,18.697687830390908,PRKRIP1;PRKAG1;KIF14;KIF11;DBF4B;FOXM1;ADCY6;AURKB;RPTOR;CCNB1;RACGAP1;IRAK1;CDK5RAP1;PIP5K1A;RFFL;NPM1;SMAD3;PARP1;PIH1D1;TRIP4;TRAF2;ACSL3;YWHAZ;USF1;CIT;ARHGAP33;POLA1;TAX1BP1;TRIB3;STX1A;TP73,GO_Molecular_Function_2023
GO_Molecular_Function_2023,Protein Serine/Threonine Kinase Activity (GO:0004674),25/342,0.0002111377453433244,0.0221272357119803,0,0,2.343503548895899,19.833070102986856,GPI;GSK3A;PNCK;PRKAA2;PRKDC;PKN3;TESK1;WNK4;STK39;PKMYT1;AURKB;STK3;IRAK1;PBK;NEK2;HTATIP2;CSNK2A1;DAPK2;CSNK1D;SRPK1;CIT;CLK2;CDK7;CSNK2B;CDK1,GO_Molecular_Function_2023
GO_Molecular_Function_2023,Acetyltransferase Activator Activity (GO:0010698),3/5,0.00034805274725670395,0.0260542342232161,0,0,43.8058912386707,348.8331683045517,PDCD5;CDK1;NUPR1,GO_Molecular_Function_2023
GO_Molecular_Function_2023,Chromo Shadow Domain Binding (GO:0070087),3/5,0.00034805274725670395,0.0260542342232161,0,0,43.8058912386707,348.8331683045517,CHAF1A;TRIM28;LBR,GO_Molecular_Function_2023
GO_Molecular_Function_2023,snoRNA Binding (GO:0030515),6/31,0.0004779266666663156,0.0313041966666436,0,0,7.03247344461305,53.77066646667001,PRKDC;HEATR1;NUDT1;DHX37;RRP9;BYSL,GO_Molecular_Function_2023
GO_Molecular_Function_2023,DNA Replication Origin Binding (GO:0003688),4/13,0.0006813633957390169,0.0396704910408049,0,0,12.994452849218357,94.74794547674875,POLA1;DDX11;GRWD1;KAT7,GO_Molecular_Function_2023
GO_Molecular_Function_2023,Nucleoside Diphosphate Kinase Activity (GO:0004550),4/14,0.0009289380054504876,0.0486635871398749,0,0,11.694402420574889,81.6441027563461,DTYMK;NME6;NME2;NME1,GO_Molecular_Function_2023
GO_Molecular_Function_2023,Double-Stranded DNA Binding (GO:0003690),37/650,0.0011016349004103,0.0486635871398749,0,0,1.7994254008166997,12.25581430106571,HOXD1;PRKDC;HNRNPU;RAD51AP1;CREB3L4;SIX2;E2F2;E2F3;MSX1;OTX1;NKX2-3;E2F7;ZNF343;MEN1;E2F8;OSR2;CPSF4;CDX2;ZNF282;DDX11;PRRX2;SOX12;ETV4;SREBF2;USF1;TFAP4;POLG2;ELF3;MAFG;DMC1;POLR3F;UBA2;HOXD4;PPARG;LHX4;HOXD9;HOXD8,GO_Molecular_Function_2023
GO_Molecular_Function_2023,poly(G) Binding (GO:0034046),3/7,0.0011586986302655,0.0486635871398749,0,0,21.90067975830816,148.05862072996098,DAZAP1;PNPT1;HNRNPU,GO_Molecular_Function_2023
GO_Molecular_Function_2023,Tubulin Binding (GO:0015631),22/322,0.0012073027343862,0.0486635871398749,0,0,2.170917573872473,14.587190934658746,SPAG5;GPAA1;PDCD5;KIF14;BRCA1;NDRG1;CAMSAP1;KIF15;EML4;AGBL5;KIF18A;KIF18B;RACGAP1;IFT81;ZNF207;BIRC5;ALDOA;GTSE1;RAE1;GIT1;SPC24;ARL8B,GO_Molecular_Function_2023
GO_Molecular_Function_2023,Protein Kinase Binding (GO:0019901),30/511,0.0019895093854906,0.074464494142651,0,0,1.851850639252214,11.518265070006349,TOP2A;GSK3A;PRKRIP1;PRKAG1;KIF14;KIF11;DBF4B;FOXM1;ADCY6;RPTOR;CCNB1;RACGAP1;IRAK1;CDK5RAP1;RFFL;HSP90AA1;NPM1;SMAD3;PARP1;PIH1D1;TRIP4;TRAF2;ACSL3;YWHAZ;USF1;CIT;ARHGAP33;POLA1;TRIB3;TP73,GO_Molecular_Function_2023
GO_Molecular_Function_2023,Transcription Cis-Regulatory Region Binding (GO:0000976),28/474,0.0025347781348077,0.0770142466802781,0,0,1.8616271620755929,11.128154053817426,AIRE;SUV39H1;FOXK2;BRCA1;FOXM1;E2F2;E2F3;MSX1;E2F7;MEN1;E2F8;OSR2;NPM1;SMAD3;CDX2;NFYA;SOX13;SOX12;TFAP4;UBA2;HOXD4;PPARG;LHX4;ZNF335;HOXD9;HOXD8;TAF2;TP73,GO_Molecular_Function_2023
GO_Molecular_Function_2023,Nucleobase-Containing Compound Kinase Activity (GO:0019205),4/18,0.0025546384826871,0.0770142466802781,0,0,8.351415604063108,49.85665300715098,DTYMK;NME6;NME2;NME1,GO_Molecular_Function_2023
GO_Molecular_Function_2023,U3 snoRNA Binding (GO:0034511),3/9,0.0026455275577194,0.0770142466802781,0,0,14.59894259818731,86.6430422132278,PRKDC;DHX37;RRP9,GO_Molecular_Function_2023
GO_Molecular_Function_2023,Ribonuclease P RNA Binding (GO:0033204),3/9,0.0026455275577194,0.0770142466802781,0,0,14.59894259818731,86.6430422132278,POP4;RPP40;RPP38,GO_Molecular_Function_2023
GO_Molecular_Function_2023,Ubiquitin-Like Protein Transferase Activity (GO:0019787),17/240,0.002878660079175,0.0777290400276349,0,0,2.248408348557825,13.154156426718844,UBL4A;PIAS3;SMURF1;NSMCE2;CUL2;RNF8;NEDD4L;TRAF2;BRCA1;TRIM28;UBE2S;UBE2Q2;UBE2T;ARIH2;RBCK1;TRIM32;TRIM11,GO_Molecular_Function_2023
GO_Molecular_Function_2023,DNA Polymerase Binding (GO:0070182),4/19,0.0031516650651339,0.0777290400276349,0,0,7.794251134644478,44.893517660018766,HSP90AA1;POLG2;FANCD2;NAT10,GO_Molecular_Function_2023
GO_Molecular_Function_2023,R-SMAD Binding (GO:0070412),4/19,0.0031516650651339,0.0777290400276349,0,0,7.794251134644478,44.893517660018766,SMAD3;SMURF1;PPARG;MEN1,GO_Molecular_Function_2023
GO_Molecular_Function_2023,Damaged DNA Binding (GO:0003684),6/45,0.0035678750471109,0.0777290400276349,0,0,4.504727442511965,25.3876757338782,DDB1;PARP1;ERCC3;OGG1;ERCC2;RAD18,GO_Molecular_Function_2023
GO_Molecular_Function_2023,Protein-Arginine N-methyltransferase Activity (GO:0016274),3/10,0.0036864427648088,0.0777290400276349,0,0,12.512731981009926,70.11000480598744,METTL23;PRMT1;PRMT3,GO_Molecular_Function_2023
GO_Molecular_Function_2023,Ribonuclease P Activity (GO:0004526),3/10,0.0036864427648088,0.0777290400276349,0,0,12.512731981009926,70.11000480598744,POP4;RPP40;RPP38,GO_Molecular_Function_2023
GO_Molecular_Function_2023,"Phosphotransferase Activity, Phosphate Group As Acceptor (GO:0016776)",4/20,0.0038371810330272,0.0777290400276349,0,0,7.306732223903177,40.64747768001472,DTYMK;NME6;NME2;NME1,GO_Molecular_Function_2023
GO_Molecular_Function_2023,Ubiquitin-Like Protein Ligase Binding (GO:0044389),19/289,0.0038567844288521,0.0777290400276349,0,0,2.076797385620915,11.542676824495876,GPI;HSP90AA1;SMAD3;PTPRN;HM13;CUL2;HSPA6;RNF8;TRIP4;TRAF2;BRCA1;YWHAZ;CCNB1;TRIM28;UBE2T;HLTF;TRIB3;RFFL;RAD18,GO_Molecular_Function_2023
GO_Molecular_Function_2023,Sequence-Specific DNA Binding (GO:0043565),37/717,0.0056784862814961,0.1057502069065371,0,0,1.616323997751967,8.358125474952566,HOXD1;HNRNPU;FOXK2;SMG7;CREB3L4;SIX2;E2F2;E2F3;MSX1;OTX1;NKX2-3;E2F7;ZNF343;E2F8;OSR2;CPSF4;CHTOP;SMAD3;CDX2;ZNF282;PRMT1;FBXL19;PRRX2;SOX13;SOX12;ETV4;SREBF2;USF1;TFAP4;ELF3;MAFG;UBA2;HOXD4;PPARG;LHX4;HOXD9;HOXD8,GO_Molecular_Function_2023
GO_Molecular_Function_2023,Magnesium Ion Binding (GO:0000287),12/155,0.0057102554472349,0.1057502069065371,0,0,2.466336114115593,12.739838281691185,TOP2A;GPI;RAP2A;PRIM1;XYLT2;UBA2;FOXK2;YDJC;RAN;STK3;SRPK1;NME1,GO_Molecular_Function_2023
GO_Molecular_Function_2023,Ubiquitin-Protein Transferase Activity (GO:0004842),24/412,0.0058824407992591,0.1057502069065371,0,0,1.828360969490326,9.390066101506894,KCMF1;PPIL2;SMURF1;RNF26;CUL2;RNF8;NEDD4L;TRAF2;BRCA1;DCST1;RNF144A;TRIM28;UBE2S;UBE2Q2;UBE2T;UBR5;HLTF;TRIM24;ARIH2;TRIM59;RBCK1;RFFL;TRIM32;TRIM11,GO_Molecular_Function_2023
GO_Molecular_Function_2023,Nuclear Receptor Coactivator Activity (GO:0030374),6/50,0.0060544011587712,0.1057502069065371,0,0,3.991791971306387,20.385961073899672,ENY2;MED30;NCOA6;BUD31;PPRC1;ATXN7L3,GO_Molecular_Function_2023
GO_Molecular_Function_2023,Poly-Pyrimidine Tract Binding (GO:0008187),4/25,0.0087868356890347,0.1485258677759418,0,0,5.565593256969959,26.35030473674444,PTBP1;DAZAP1;PNPT1;HNRNPU,GO_Molecular_Function_2023
GO_Molecular_Function_2023,RNA Polymerase II-specific DNA-binding Transcription Factor Binding (GO:0061629),15/228,0.0095338975284921,0.1560784101210269,0,0,2.0717226435536293,9.639521748516954,SMARCE1;NPM1;SMAD3;PARP1;PRKDC;BUD31;TRIP4;BRMS1;PDCD11;CSNK2B;TP53BP2;PPARG;TRIM32;TP73;TEAD3,GO_Molecular_Function_2023
GO_Molecular_Function_2023,NF-kappaB Binding (GO:0051059),4/26,0.0101165155632942,0.1560784101210269,0,0,5.312336679961491,24.402675327786955,NPM1;BRMS1;PDCD11;TP53BP2,GO_Molecular_Function_2023
GO_Molecular_Function_2023,3'-5' DNA Helicase Activity (GO:0043138),3/14,0.0101272250841887,0.1560784101210269,0,0,7.960999725350178,36.56111357929986,RECQL5;ERCC3;MCM5,GO_Molecular_Function_2023
GO_Molecular_Function_2023,Ubiquitin-Like Protein Ligase Activity (GO:0061659),19/319,0.010705667194635,0.1602791317139642,0,0,1.8661764705882355,8.466809118152801,KCMF1;PIAS3;PPIL2;SMURF1;RNF26;NSMCE2;RNF8;NEDD4L;DCST1;RNF144A;TRIM28;HLTF;UBR5;TRIM24;ARIH2;TRIM59;RFFL;TRIM32;TRIM11,GO_Molecular_Function_2023
GO_Molecular_Function_2023,tRNA-specific Ribonuclease Activity (GO:0004549),3/15,0.0123506346310591,0.1756914984024137,0,0,7.297205438066465,32.06426972091619,POP4;RPP40;RPP38,GO_Molecular_Function_2023
GO_Molecular_Function_2023,ATP Binding (GO:0005524),17/279,0.0124056974062773,0.1756914984024137,0,0,1.909816464046744,8.38332928804592,GPI;DTYMK;HSP90AA1;RRM1;AARS2;DAPK2;CAD;WNK4;KIF14;PRKAG1;HNRNPU;SRPK1;NME1;STK3;MTHFD1L;PGK1;UBA2,GO_Molecular_Function_2023
GO_Molecular_Function_2023,"RNA Endonuclease Activity, Producing 5'-Phosphomonoesters (GO:0016891)",4/28,0.013150825483791,0.180408009616281,0,0,4.869137670196672,21.089553558400432,EXO1;POP4;RPP40;RPP38,GO_Molecular_Function_2023
GO_Molecular_Function_2023,Single-Stranded RNA Binding (GO:0003727),5/43,0.0135792501361983,0.180408009616281,0,0,3.8470893141945774,16.53945399356217,PTBP1;ILF3;DDX11;HNRNPU;JMJD6,GO_Molecular_Function_2023
GO_Molecular_Function_2023,Single-Stranded DNA Binding (GO:0003697),8/96,0.0146449666892473,0.180408009616281,0,0,2.663207416632074,11.24847883760859,RAD51AP1;POLA1;DDX11;DMC1;HNRNPU;MCM5;POLR2H;SSBP1,GO_Molecular_Function_2023
GO_Molecular_Function_2023,methyl-CpG Binding (GO:0008327),4/29,0.0148628720002525,0.180408009616281,0,0,4.674130105900152,19.67289473038432,CHTOP;CDX2;PRMT1;LHX4,GO_Molecular_Function_2023
GO_Molecular_Function_2023,RNA Polymerase II C-terminal Domain Binding (GO:0099122),2/6,0.0151487641662526,0.180408009616281,0,0,14.57843137254902,61.08124130492171,LEO1;HNRNPU,GO_Molecular_Function_2023
GO_Molecular_Function_2023,Arginine N-methyltransferase Activity (GO:0016273),2/6,0.0151487641662526,0.180408009616281,0,0,14.57843137254902,61.08124130492171,PRMT1;PRMT3,GO_Molecular_Function_2023
GO_Molecular_Function_2023,Fatty Acid Elongase Activity (GO:0009922),2/6,0.0151487641662526,0.180408009616281,0,0,14.57843137254902,61.08124130492171,ELOVL5;ELOVL7,GO_Molecular_Function_2023
GO_Molecular_Function_2023,Protein Kinase Inhibitor Activity (GO:0004860),5/45,0.0163305918202111,0.190160669195348,0,0,3.654356060606061,15.036634177988692,RPTOR;NPM1;GMFB;PRKRIP1;CIT,GO_Molecular_Function_2023
GO_Molecular_Function_2023,Ubiquitin Binding (GO:0043130),7/80,0.0170389177337682,0.1940954976629252,0,0,2.807053337219469,11.431037753732037,TOP2A;GGA3;SMAD3;NUP62;RBCK1;RAE1;TRIM32,GO_Molecular_Function_2023
GO_Molecular_Function_2023,Ubiquitin Protein Ligase Binding (GO:0031625),16/271,0.01955959081495,0.2180686295113579,0,0,1.844647874558144,7.257378826928469,GPI;HSP90AA1;SMAD3;HM13;CUL2;HSPA6;RNF8;TRAF2;BRCA1;YWHAZ;TRIM28;UBE2T;HLTF;TRIB3;RFFL;RAD18,GO_Molecular_Function_2023
GO_Molecular_Function_2023,Zinc Ion Binding (GO:0008270),19/341,0.0202242644635981,0.2190747554591749,0,0,1.7366642309097553,6.774505191967987,SMAD3;PARP1;ZNF282;AIRE;PRIM1;FBXL19;QPCTL;RNF26;CAD;APIP;RNF8;MMP9;POLA1;TRIM28;TRIM24;ARIH2;PPARG;ZFPL1;ZNF146,GO_Molecular_Function_2023
GO_Molecular_Function_2023,Beta-Tubulin Binding (GO:0048487),4/32,0.0208163703726141,0.2190747554591749,0,0,4.172682083423385,16.156689973482045,EML4;RACGAP1;PDCD5;ARL8B,GO_Molecular_Function_2023
GO_Molecular_Function_2023,Cadherin Binding (GO:0045296),18/319,0.0209040797193869,0.2190747554591749,0,0,1.7592671517404632,6.804512730916653,LRRC59;CSNK1D;ASAP1;NDRG1;YWHAZ;HCFC1;PPP1CA;GOLGA3;CHAF1B;BAIAP2L1;KLC2;DIAPH3;BAG3;UBAP2;ALDOA;YKT6;EIF4G2;RAN,GO_Molecular_Function_2023
GO_Molecular_Function_2023,Protein Kinase Regulator Activity (GO:0019887),8/103,0.0215150619927547,0.2210567153765385,0,0,2.466073860450212,9.467262559658565,RPTOR;CCNB1;NPM1;GMFB;PRKRIP1;CSNK2B;PRKAG1;DBF4B,GO_Molecular_Function_2023
GO_Molecular_Function_2023,Pyrophosphatase Activity (GO:0016462),5/49,0.0228904532757872,0.2282064469623605,0,0,3.3214531680440773,12.545246005369783,ENTPD6;FITM2;ACYP1;NTPCR;ITPA,GO_Molecular_Function_2023
GO_Molecular_Function_2023,DNA Secondary Structure Binding (GO:0000217),4/33,0.0230819497881776,0.2282064469623605,0,0,4.02858782409098,15.182556502746651,RAD51AP1;XRCC3;RAD18;MEN1,GO_Molecular_Function_2023
GO_Molecular_Function_2023,Kinase Activity (GO:0016301),8/106,0.0250623282487545,0.2385284168219442,0,0,2.3902090516571928,8.811241376005434,CSNK2A1;IRAK1;CHKA;STK39;PGK1;CDK1;TRIB3;PKMYT1,GO_Molecular_Function_2023
GO_Molecular_Function_2023,DNA-directed 5'-3' RNA Polymerase Activity (GO:0003899),4/34,0.0254915865305894,0.2385284168219442,0,0,3.894099848714069,14.289036547448635,PRIM2;PRIM1;POLR3F;POLR2H,GO_Molecular_Function_2023
GO_Molecular_Function_2023,Kinase Inhibitor Activity (GO:0019210),4/34,0.0254915865305894,0.2385284168219442,0,0,3.894099848714069,14.289036547448635,NPM1;GMFB;PRKRIP1;CDK1,GO_Molecular_Function_2023
GO_Molecular_Function_2023,RNA Polymerase II CTD Heptapeptide Repeat Kinase Activity (GO:0008353),2/8,0.0270570254921627,0.2390568046177842,0,0,9.717948717948715,35.07993471030808,CDK7;CDK1,GO_Molecular_Function_2023
GO_Molecular_Function_2023,Chloride Channel Inhibitor Activity (GO:0019869),2/8,0.0270570254921627,0.2390568046177842,0,0,9.717948717948715,35.07993471030808,WNK4;STX1A,GO_Molecular_Function_2023
GO_Molecular_Function_2023,Histone H3K14 Acetyltransferase Activity (GO:0036408),2/8,0.0270570254921627,0.2390568046177842,0,0,9.717948717948715,35.07993471030808,BRPF3;KAT7,GO_Molecular_Function_2023
GO_Molecular_Function_2023,Phosphatidylinositol Phospholipase C Activity (GO:0004435),3/20,0.0273729165592882,0.2390568046177842,0,0,5.149635685089746,18.52942530765232,CHRM3;PLCE1;PLCB1,GO_Molecular_Function_2023
GO_Molecular_Function_2023,Ion Channel Inhibitor Activity (GO:0008200),4/35,0.0280469203792949,0.2409276439139433,0,0,3.768288516909863,13.467397562670769,ENSA;WNK4;NEDD4L;STX1A,GO_Molecular_Function_2023
GO_Molecular_Function_2023,Microtubule Binding (GO:0008017),14/239,0.0293920106158122,0.2484098961723486,0,0,1.8265232974910397,6.442206830115093,SPAG5;KIF14;NDRG1;CAMSAP1;KIF15;EML4;KIF18A;KIF18B;RACGAP1;ZNF207;BIRC5;GTSE1;RAE1;SPC24,GO_Molecular_Function_2023
GO_Molecular_Function_2023,Adenyl Ribonucleotide Binding (GO:0032559),17/309,0.0299950415051033,0.2494825674392725,0,0,1.7109071114493488,5.999677650745293,GPI;DTYMK;HSP90AA1;RRM1;AARS2;DAPK2;CAD;WNK4;KIF14;PRKAG1;HNRNPU;SRPK1;NME1;STK3;MTHFD1L;PGK1;UBA2,GO_Molecular_Function_2023
GO_Molecular_Function_2023,Telomerase RNA Binding (GO:0070034),3/21,0.0311655778049394,0.2510214310905921,0,0,4.863293051359516,16.86804534848698,HNRNPU;SMG7;SNRPB,GO_Molecular_Function_2023
GO_Molecular_Function_2023,Ephrin Receptor Binding (GO:0046875),3/21,0.0311655778049394,0.2510214310905921,0,0,4.863293051359516,16.86804534848698,EFNA3;SHC1;EFNA4,GO_Molecular_Function_2023
GO_Molecular_Function_2023,Ubiquitin Protein Ligase Activity (GO:0061630),17/311,0.0316172031526318,0.2510214310905921,0,0,1.6990898211136307,5.86874782809516,KCMF1;PPIL2;SMURF1;RNF26;RNF8;NEDD4L;DCST1;RNF144A;TRIM28;HLTF;UBR5;TRIM24;ARIH2;TRIM59;RFFL;TRIM32;TRIM11,GO_Molecular_Function_2023
GO_Molecular_Function_2023,"DNA Endonuclease Activity, Producing 3'-Phosphomonoesters (GO:0016889)",2/9,0.0340317546832577,0.2511639359722124,0,0,8.329239388062918,28.156670818107752,EME1;XRCC3,GO_Molecular_Function_2023
GO_Molecular_Function_2023,G-quadruplex DNA Binding (GO:0051880),2/9,0.0340317546832577,0.2511639359722124,0,0,8.329239388062918,28.156670818107752,DDX11;NME2,GO_Molecular_Function_2023
GO_Molecular_Function_2023,Tat Protein Binding (GO:0030957),2/9,0.0340317546832577,0.2511639359722124,0,0,8.329239388062918,28.156670818107752,NPM1;TRIM32,GO_Molecular_Function_2023
GO_Molecular_Function_2023,Histone H3K9 Methyltransferase Activity (GO:0046974),2/9,0.0340317546832577,0.2511639359722124,0,0,8.329239388062918,28.156670818107752,SETDB1;SUV39H1,GO_Molecular_Function_2023
GO_Molecular_Function_2023,Nucleoside Triphosphate Diphosphatase Activity (GO:0047429),2/9,0.0340317546832577,0.2511639359722124,0,0,8.329239388062918,28.156670818107752,NUDT1;ITPA,GO_Molecular_Function_2023
GO_Molecular_Function_2023,Transcription Regulatory Region Nucleic Acid Binding (GO:0001067),13/224,0.0372232230867406,0.2644659728198033,0,0,1.8071409879917424,5.946980108221232,SMAD3;NFYA;SUV39H1;SOX13;FOXK2;SOX12;BRCA1;TFAP4;PPARG;ZNF335;TAF2;TP73;MEN1,GO_Molecular_Function_2023
GO_Molecular_Function_2023,Acetylation-Dependent Protein Binding (GO:0140033),3/23,0.0395291313236604,0.2644659728198033,0,0,4.376510574018127,14.139268762240729,DPF2;TRIM24;BRD9,GO_Molecular_Function_2023
GO_Molecular_Function_2023,Lysine-Acetylated Histone Binding (GO:0070577),3/23,0.0395291313236604,0.2644659728198033,0,0,4.376510574018127,14.139268762240729,DPF2;TRIM24;BRD9,GO_Molecular_Function_2023
GO_Molecular_Function_2023,Phospholipase C Activity (GO:0004629),3/23,0.0395291313236604,0.2644659728198033,0,0,4.376510574018127,14.139268762240729,CHRM3;PLCE1;PLCB1,GO_Molecular_Function_2023
GO_Molecular_Function_2023,Protein Phosphatase 2A Binding (GO:0051721),3/23,0.0395291313236604,0.2644659728198033,0,0,4.376510574018127,14.139268762240729,ENSA;SMG7;STRN4,GO_Molecular_Function_2023
GO_Molecular_Function_2023,Fatty Acid Synthase Activity (GO:0004312),2/10,0.0416180974340012,0.2644659728198033,0,0,7.287707390648567,23.169226342845047,ELOVL5;ELOVL7,GO_Molecular_Function_2023
GO_Molecular_Function_2023,Histone H4K12 Acetyltransferase Activity (GO:0043997),2/10,0.0416180974340012,0.2644659728198033,0,0,7.287707390648567,23.169226342845047,BRPF3;KAT7,GO_Molecular_Function_2023
GO_Molecular_Function_2023,Histone H4K5 Acetyltransferase Activity (GO:0043995),2/10,0.0416180974340012,0.2644659728198033,0,0,7.287707390648567,23.169226342845047,BRPF3;KAT7,GO_Molecular_Function_2023
GO_Molecular_Function_2023,Histone H4K8 Acetyltransferase Activity (GO:0043996),2/10,0.0416180974340012,0.2644659728198033,0,0,7.287707390648567,23.169226342845047,BRPF3;KAT7,GO_Molecular_Function_2023
GO_Molecular_Function_2023,Nuclear Retinoid X Receptor Binding (GO:0046965),2/10,0.0416180974340012,0.2644659728198033,0,0,7.287707390648567,23.169226342845047,NCOA6;PPARG,GO_Molecular_Function_2023
GO_Molecular_Function_2023,Semaphorin Receptor Activity (GO:0017154),2/10,0.0416180974340012,0.2644659728198033,0,0,7.287707390648567,23.169226342845047,PLXNA2;PLXNA3,GO_Molecular_Function_2023
GO_Molecular_Function_2023,RNA Polymerase II Transcription Regulatory Region Sequence-Specific DNA Binding (GO:0000977),52/1225,0.0418906025649688,0.2644659728198033,0,0,1.3134348285026471,4.167126484121082,ZNF692;HNRNPU;FOXM1;CREB3L4;SIX5;SIX2;ZNF526;ZNF765;TEAD3;ZNF165;OSR2;SOX13;SOX12;ETV4;SREBF2;RFX8;PPARG;ZNF28;ZNF473;HOXD1;AIRE;FOXK2;E2F2;E2F3;MSX1;OTX1;ZNF544;NKX2-3;ZNF146;E2F7;E2F8;ZNF189;ZNF341;SMAD3;NFYA;CDX2;USF1;ZBTB9;TFAP4;ZFAT;MAFG;UBA2;GTF2IRD1;HOXD4;ZNF138;LHX4;ZNF335;HOXD9;HOXD8;ZNF574;ZNF530;TP73,GO_Molecular_Function_2023
GO_Molecular_Function_2023,"DNA-binding Transcription Activator Activity, RNA Polymerase II-specific (GO:0001228)",18/348,0.0436259734712154,0.2718251538746624,0,0,1.6022200365322468,5.018317516850962,ZNF473;OSR2;SMAD3;FOXK2;SOX12;ETV4;TFAP4;ELF3;UBA2;E2F2;HOXD4;E2F3;OTX1;LHX4;ZNF544;HOXD8;TP73;ZNF574,GO_Molecular_Function_2023
GO_Molecular_Function_2023,SUMO Transferase Activity (GO:0019789),3/24,0.0440937749605845,0.2718251538746624,0,0,4.1678895123003885,13.00980313456755,PIAS3;TRIM28;NSMCE2,GO_Molecular_Function_2023
GO_Molecular_Function_2023,tRNA (Guanine) Methyltransferase Activity (GO:0016423),2/11,0.0497677999691883,0.3016155860223866,0,0,6.477626948215184,19.43538827601789,METTL1;TARBP1,GO_Molecular_Function_2023
GO_Molecular_Function_2023,GTPase Activator Activity (GO:0005096),12/211,0.0500773969159305,0.3016155860223866,0,0,1.7671204414107289,5.291086459074161,ARHGAP33;RACGAP1;TBC1D20;AGAP1;RGS20;ARHGAP39;ASAP1;GNB5;SIPA1L2;DYNLL1;PLCB1;GIT1,GO_Molecular_Function_2023
GO_Molecular_Function_2023,Transition Metal Ion Binding (GO:0046914),22/456,0.0529061732016475,0.3130722377773043,0,0,1.490070306956877,4.379667173038096,SMAD3;PARP1;ZNF282;AIRE;FBXL19;RNF26;PRIM1;QPCTL;CAD;XYLT2;APIP;RNF8;MMP9;JMJD6;POLA1;TRIM28;FTH1;TRIM24;ARIH2;PPARG;ZFPL1;ZNF146,GO_Molecular_Function_2023
GO_Molecular_Function_2023,Protein Heterodimerization Activity (GO:0046982),11/190,0.0531744831339314,0.3130722377773043,0,0,1.7999760818683477,5.28144776844599,TOP2A;IRAK1;TCOF1;PDGFB;UBA2;ADRA1D;ATP1B1;SAE1;PAFAH1B3;USF1;RAN,GO_Molecular_Function_2023
GO_Molecular_Function_2023,Acetyltransferase Activity (GO:0016407),3/27,0.0592679687629361,0.3412792926569069,0,0,3.6463368580060425,10.303404012540238,SMARCE1;NAT10;PAFAH1B3,GO_Molecular_Function_2023
GO_Molecular_Function_2023,Carboxy-Lyase Activity (GO:0016831),3/27,0.0592679687629361,0.3412792926569069,0,0,3.6463368580060425,10.303404012540238,MVD;UMPS;AZIN1,GO_Molecular_Function_2023
GO_Molecular_Function_2023,RNA Polymerase II Cis-Regulatory Region Sequence-Specific DNA Binding (GO:0000978),47/1122,0.0611686094542587,0.3437886512309034,0,0,1.2918190712726725,3.6094989741152816,ZNF28;ZNF473;ZNF692;HOXD1;HNRNPU;FOXK2;CREB3L4;SIX5;SIX2;ZNF526;TRIM24;E2F2;E2F3;ZNF765;OTX1;ZNF544;NKX2-3;ZNF146;E2F7;TEAD3;E2F8;ZNF189;ZNF165;ZNF341;SMAD3;NFYA;CDX2;SOX13;SOX12;ETV4;SREBF2;USF1;ZBTB9;RFX8;TFAP4;ZFAT;MAFG;UBA2;GTF2IRD1;HOXD4;PPARG;ZNF138;ZNF335;HOXD9;ZNF574;ZNF530;TP73,GO_Molecular_Function_2023
GO_Molecular_Function_2023,Cis-Regulatory Region Sequence-Specific DNA Binding (GO:0000987),46/1098,0.063372327727768,0.3437886512309034,0,0,1.2915133571257456,3.562934040001053,ZNF28;ZNF473;ZNF692;HOXD1;HNRNPU;FOXK2;CREB3L4;SIX5;SIX2;ZNF526;E2F2;E2F3;ZNF765;OTX1;ZNF544;NKX2-3;ZNF146;E2F7;TEAD3;E2F8;ZNF189;ZNF165;ZNF341;SMAD3;NFYA;CDX2;SOX13;SOX12;ETV4;SREBF2;USF1;ZBTB9;RFX8;TFAP4;ZFAT;MAFG;UBA2;GTF2IRD1;HOXD4;PPARG;ZNF138;ZNF335;HOXD9;ZNF574;ZNF530;TP73,GO_Molecular_Function_2023
GO_Molecular_Function_2023,Ribosome Binding (GO:0043022),6/85,0.0637408641483895,0.3437886512309034,0,0,2.219242811317493,6.109418809175308,TMEM223;NPM1;YTHDF1;TMEM147;SRP68;NME1,GO_Molecular_Function_2023
GO_Molecular_Function_2023,Exonuclease Activity (GO:0004527),4/46,0.0659475797133532,0.3437886512309034,0,0,2.77977090987681,7.557905504052328,EXOSC5;EXOSC4;EXO1;ISG20L2,GO_Molecular_Function_2023
GO_Molecular_Function_2023,tRNA Methyltransferase Activity (GO:0008175),2/13,0.0675767768640897,0.3437886512309034,0,0,5.299328122857535,14.278991363245597,METTL2B;TARBP1,GO_Molecular_Function_2023
GO_Molecular_Function_2023,Ubiquitin-Ubiquitin Ligase Activity (GO:0034450),2/13,0.0675767768640897,0.3437886512309034,0,0,5.299328122857535,14.278991363245597,PPIL2;UBR5,GO_Molecular_Function_2023
GO_Molecular_Function_2023,I-SMAD Binding (GO:0070411),2/13,0.0675767768640897,0.3437886512309034,0,0,5.299328122857535,14.278991363245597,SMAD3;SMURF1,GO_Molecular_Function_2023
GO_Molecular_Function_2023,NADPH Binding (GO:0070402),2/13,0.0675767768640897,0.3437886512309034,0,0,5.299328122857535,14.278991363245597,NDOR1;LBR,GO_Molecular_Function_2023
GO_Molecular_Function_2023,SUMO Ligase Activity (GO:0061665),2/13,0.0675767768640897,0.3437886512309034,0,0,5.299328122857535,14.278991363245597,PIAS3;NSMCE2,GO_Molecular_Function_2023
GO_Molecular_Function_2023,Chloride Channel Regulator Activity (GO:0017081),2/13,0.0675767768640897,0.3437886512309034,0,0,5.299328122857535,14.278991363245597,WNK4;STX1A,GO_Molecular_Function_2023
GO_Molecular_Function_2023,Histone H3 Acetyltransferase Activity (GO:0010484),2/13,0.0675767768640897,0.3437886512309034,0,0,5.299328122857535,14.278991363245597,BRPF3;KAT7,GO_Molecular_Function_2023
GO_Molecular_Function_2023,Histone H4 Methyltransferase Activity (GO:0140939),2/13,0.0675767768640897,0.3437886512309034,0,0,5.299328122857535,14.278991363245597,PRMT1;SMYD5,GO_Molecular_Function_2023
GO_Molecular_Function_2023,Gamma-Tubulin Binding (GO:0043015),3/29,0.070564248562616,0.3555352523731808,0,0,3.3655008133860096,8.92272229824642,RACGAP1;NDRG1;GIT1,GO_Molecular_Function_2023
GO_Molecular_Function_2023,Purine Ribonucleoside Triphosphate Binding (GO:0035639),22/476,0.076065836068369,0.3708944767283818,0,0,1.422921191277122,3.665667035053125,GPI;HSP90AA1;DTYMK;RRM1;AARS2;DAPK2;CAD;PRKAG1;WNK4;KIF14;HNRNPU;TUBG1;SRPK1;NME1;STK3;RAP2A;MTHFD1L;RAB13;PGK1;UBA2;RAN;ARL8B,GO_Molecular_Function_2023
GO_Molecular_Function_2023,"RNA Exonuclease Activity, Producing 5'-Phosphomonoesters (GO:0016896)",3/30,0.0765481418820328,0.3708944767283818,0,0,3.2406847935548844,8.328026601339305,EXOSC5;EXOSC4;PNPT1,GO_Molecular_Function_2023
GO_Molecular_Function_2023,pre-mRNA Binding (GO:0036002),3/30,0.0765481418820328,0.3708944767283818,0,0,3.2406847935548844,8.328026601339305,PTBP1;CELF3;HNRNPU,GO_Molecular_Function_2023
GO_Molecular_Function_2023,Translation Elongation Factor Activity (GO:0003746),2/14,0.0771517136705985,0.3708944767283818,0,0,4.857466063348416,12.4447381339936,EIF5A2;GTPBP2,GO_Molecular_Function_2023
GO_Molecular_Function_2023,RNA Exonuclease Activity (GO:0004532),2/14,0.0771517136705985,0.3708944767283818,0,0,4.857466063348416,12.4447381339936,EXOSC5;EXOSC4,GO_Molecular_Function_2023
GO_Molecular_Function_2023,RNA Polymerase II Complex Binding (GO:0000993),3/31,0.0827469236229118,0.3837113980389893,0,0,3.124784203711696,7.78686362426721,RECQL5;HNRNPU;WDR43,GO_Molecular_Function_2023
GO_Molecular_Function_2023,SH2 Domain Binding (GO:0042169),3/31,0.0827469236229118,0.3837113980389893,0,0,3.124784203711696,7.78686362426721,GPI;NUP62;DYNLL1,GO_Molecular_Function_2023
GO_Molecular_Function_2023,Kinesin Binding (GO:0019894),3/31,0.0827469236229118,0.3837113980389893,0,0,3.124784203711696,7.78686362426721,KLC2;KIF18B;TOR1B,GO_Molecular_Function_2023
GO_Molecular_Function_2023,Poly-Purine Tract Binding (GO:0070717),3/31,0.0827469236229118,0.3837113980389893,0,0,3.124784203711696,7.78686362426721,DAZAP1;PNPT1;HNRNPU,GO_Molecular_Function_2023
GO_Molecular_Function_2023,RNA Polymerase III Activity (GO:0001056),2/15,0.0871211211245513,0.3965604053121446,0,0,4.483582782225316,10.941986196154794,POLR3F;POLR2H,GO_Molecular_Function_2023
GO_Molecular_Function_2023,Methylated Histone Binding (GO:0035064),5/71,0.0872464669505124,0.3965604053121446,0,0,2.2117768595041323,5.394564041483564,CBX3;DPF2;TRIM24;PHF13;CDYL,GO_Molecular_Function_2023
GO_Molecular_Function_2023,Nuclear Receptor Binding (GO:0016922),7/115,0.0890315134925166,0.3965604053121446,0,0,1.8939125295508277,4.580929126923516,SMARCE1;SMAD3;MED30;NCOA6;BUD31;TRIP4;DCAF13,GO_Molecular_Function_2023
GO_Molecular_Function_2023,Ubiquitin Conjugating Enzyme Activity (GO:0061631),3/32,0.0891535377851404,0.3965604053121446,0,0,3.0168767579956244,7.292983550490432,UBE2Q2;UBE2S;UBE2T,GO_Molecular_Function_2023
GO_Molecular_Function_2023,DNA-binding Transcription Factor Binding (GO:0140297),14/282,0.0893017706618951,0.3965604053121446,0,0,1.5300112341518215,3.6961001021970974,GPI;NPM1;CRTC2;SMAD3;PARP1;PRKDC;YWHAZ;USF1;HCFC1;METTL23;CSNK2B;PPARG;TP73;TEAD3,GO_Molecular_Function_2023
GO_Molecular_Function_2023,"Phosphatidylinositol-4,5-Bisphosphate Binding (GO:0005546)",5/73,0.0955253601668178,0.4181550635248077,0,0,2.1465017825311943,5.040766471543258,GSDMC;SESTD1;PARD3;TULP3;PLCB1,GO_Molecular_Function_2023
GO_Molecular_Function_2023,RNA Polymerase Core Enzyme Binding (GO:0043175),3/33,0.0957607015705666,0.4181550635248077,0,0,2.916163141993957,6.841035546646329,RECQL5;HNRNPU;WDR43,GO_Molecular_Function_2023
GO_Molecular_Function_2023,Four-Way Junction DNA Binding (GO:0000400),2/16,0.0974482728811406,0.41854831958785,0,0,4.163111398405516,9.693528361982894,XRCC3;MEN1,GO_Molecular_Function_2023
GO_Molecular_Function_2023,Ribosomal Small Subunit Binding (GO:0043024),2/16,0.0974482728811406,0.41854831958785,0,0,4.163111398405516,9.693528361982894,NPM1;NME1,GO_Molecular_Function_2023
GO_Molecular_Function_2023,3'-5'-RNA Exonuclease Activity (GO:0000175),3/34,0.102560943270354,0.4299354741893241,0,0,2.82194717863756,6.426414916036482,EXOSC5;EXOSC4;PNPT1,GO_Molecular_Function_2023
GO_Molecular_Function_2023,Ubiquitin-Like Protein Conjugating Enzyme Binding (GO:0044390),3/34,0.102560943270354,0.4299354741893241,0,0,2.82194717863756,6.426414916036482,RNF144A;ARIH2;UBA2,GO_Molecular_Function_2023
GO_Molecular_Function_2023,Nuclear Estrogen Receptor Binding (GO:0030331),3/34,0.102560943270354,0.4299354741893241,0,0,2.82194717863756,6.426414916036482,NCOA6;TRIP4;DCAF13,GO_Molecular_Function_2023
GO_Molecular_Function_2023,Cadherin Binding Involved In Cell-Cell Adhesion (GO:0098641),2/17,0.1080984423255585,0.44601247069758,0,0,3.885369532428356,8.643831968763203,BAIAP2L1;PPP1CA,GO_Molecular_Function_2023
GO_Molecular_Function_2023,Nuclear Retinoic Acid Receptor Binding (GO:0042974),2/17,0.1080984423255585,0.44601247069758,0,0,3.885369532428356,8.643831968763203,NCOA6;PPARG,GO_Molecular_Function_2023
GO_Molecular_Function_2023,Ubiquitin-Like Protein Conjugating Enzyme Activity (GO:0061650),3/35,0.1095466374302211,0.4484565469799677,0,0,2.7336197129909365,6.045140049355641,UBE2Q2;UBE2S;UBE2T,GO_Molecular_Function_2023
GO_Molecular_Function_2023,Basal RNA Polymerase II Transcription Machinery Binding (GO:0001099),3/36,0.116710037461015,0.4704312279197836,0,0,2.650645427080472,5.693752659202398,RECQL5;HNRNPU;WDR43,GO_Molecular_Function_2023
GO_Molecular_Function_2023,Histone H3 Methyltransferase Activity (GO:0140938),3/36,0.116710037461015,0.4704312279197836,0,0,2.650645427080472,5.693752659202398,METTL23;SETDB1;SUV39H1,GO_Molecular_Function_2023
GO_Molecular_Function_2023,Methyltransferase Activity (GO:0008168),3/37,0.1240433057189528,0.4915385999929016,0,0,2.5725519815176825,5.369236357360326,PRMT1;SUV39H1;PRMT3,GO_Molecular_Function_2023
GO_Molecular_Function_2023,Peptidase Inhibitor Activity (GO:0030414),3/37,0.1240433057189528,0.4915385999929016,0,0,2.5725519815176825,5.369236357360326,CSTB;SERPINB1;GPC3,GO_Molecular_Function_2023
GO_Molecular_Function_2023,Nuclease Activity (GO:0004518),4/58,0.1267424057690231,0.4915385999929016,0,0,2.1606992771894435,4.463137301172029,EXO1;OGG1;ISG20L2;NME1,GO_Molecular_Function_2023
GO_Molecular_Function_2023,Small GTPase Binding (GO:0031267),10/199,0.1281465247234854,0.4915385999929016,0,0,1.546589119108203,3.17759253441724,GGA3;ANKRD27;TBC1D20;PLCE1;DVL3;BIRC5;KNTC1;CHML;NDRG1;GIT1,GO_Molecular_Function_2023
GO_Molecular_Function_2023,Histone Methyltransferase Activity (GO:0042054),2/19,0.1302383780251356,0.4915385999929016,0,0,3.427912341407151,6.987418228807119,PRMT1;SUV39H1,GO_Molecular_Function_2023
GO_Molecular_Function_2023,GTPase Binding (GO:0051020),11/225,0.1312772538729812,0.4915385999929016,0,0,1.5028366057903912,3.0514251942652613,HSP90AA1;GGA3;ANKRD27;TBC1D20;PLCE1;DVL3;BIRC5;KNTC1;CHML;NDRG1;GIT1,GO_Molecular_Function_2023
GO_Molecular_Function_2023,Alpha-Tubulin Binding (GO:0043014),3/38,0.1315385412500542,0.4915385999929016,0,0,2.4989210185584807,5.068949786670471,EML4;RACGAP1;ARL8B,GO_Molecular_Function_2023
GO_Molecular_Function_2023,Tau-Protein Kinase Activity (GO:0050321),2/20,0.1416678804846292,0.4915385999929016,0,0,3.237305178481649,6.326567842867542,GSK3A;CSNK1D,GO_Molecular_Function_2023
GO_Molecular_Function_2023,Histone H4 Acetyltransferase Activity (GO:0010485),2/20,0.1416678804846292,0.4915385999929016,0,0,3.237305178481649,6.326567842867542,BRPF3;KAT7,GO_Molecular_Function_2023
GO_Molecular_Function_2023,G Protein-Coupled Serotonin Receptor Activity (GO:0004993),2/21,0.1532997078267371,0.4915385999929016,0,0,3.066761927443042,5.751283871882412,CHRM3;HTR1D,GO_Molecular_Function_2023
GO_Molecular_Function_2023,Translation Initiation Factor Activity (GO:0003743),3/41,0.1549166176240228,0.4915385999929016,0,0,2.3012800127206234,4.291584047625172,EIF3M;EIF2S2;EIF4G2,GO_Molecular_Function_2023
GO_Molecular_Function_2023,Sulfur Amino Acid Transmembrane Transporter Activity (GO:0000099),1/5,0.1555700580423662,0.4915385999929016,0,0,7.278237951807229,13.54231978462842,SLC1A4,GO_Molecular_Function_2023
GO_Molecular_Function_2023,5'-Flap Endonuclease Activity (GO:0017108),1/5,0.1555700580423662,0.4915385999929016,0,0,7.278237951807229,13.54231978462842,EXO1,GO_Molecular_Function_2023
GO_Molecular_Function_2023,LBD Domain Binding (GO:0050693),1/5,0.1555700580423662,0.4915385999929016,0,0,7.278237951807229,13.54231978462842,PPARG,GO_Molecular_Function_2023
GO_Molecular_Function_2023,arachidonate-CoA Ligase Activity (GO:0047676),1/5,0.1555700580423662,0.4915385999929016,0,0,7.278237951807229,13.54231978462842,ACSL3,GO_Molecular_Function_2023
GO_Molecular_Function_2023,cAMP-dependent Protein Kinase Activity (GO:0004691),1/5,0.1555700580423662,0.4915385999929016,0,0,7.278237951807229,13.54231978462842,PRKAG1,GO_Molecular_Function_2023
GO_Molecular_Function_2023,Ferroxidase Activity (GO:0004322),1/5,0.1555700580423662,0.4915385999929016,0,0,7.278237951807229,13.54231978462842,FTH1,GO_Molecular_Function_2023
GO_Molecular_Function_2023,Four-Way Junction Helicase Activity (GO:0009378),1/5,0.1555700580423662,0.4915385999929016,0,0,7.278237951807229,13.54231978462842,RECQL5,GO_Molecular_Function_2023
GO_Molecular_Function_2023,"Hydrolase Activity, Acting On Acid Anhydrides, In Phosphorus-Containing Anhydrides (GO:0016818)",1/5,0.1555700580423662,0.4915385999929016,0,0,7.278237951807229,13.54231978462842,NUDT1,GO_Molecular_Function_2023
GO_Molecular_Function_2023,Neurotrophin TRK Receptor Binding (GO:0005167),1/5,0.1555700580423662,0.4915385999929016,0,0,7.278237951807229,13.54231978462842,SHC1,GO_Molecular_Function_2023
GO_Molecular_Function_2023,Neurotrophin TRKA Receptor Binding (GO:0005168),1/5,0.1555700580423662,0.4915385999929016,0,0,7.278237951807229,13.54231978462842,SHC1,GO_Molecular_Function_2023
GO_Molecular_Function_2023,"Oxidoreductase Activity, Acting On Metal Ions, Oxygen As Acceptor (GO:0016724)",1/5,0.1555700580423662,0.4915385999929016,0,0,7.278237951807229,13.54231978462842,FTH1,GO_Molecular_Function_2023
GO_Molecular_Function_2023,rRNA (Adenine) Methyltransferase Activity (GO:0016433),1/5,0.1555700580423662,0.4915385999929016,0,0,7.278237951807229,13.54231978462842,METTL5,GO_Molecular_Function_2023
GO_Molecular_Function_2023,3'-5' Exonuclease Activity (GO:0008408),3/42,0.1629803027909168,0.4915385999929016,0,0,2.2421566349058795,4.067554484340266,EXOSC5;EXOSC4;PNPT1,GO_Molecular_Function_2023
GO_Molecular_Function_2023,Promoter-Specific Chromatin Binding (GO:1990841),3/42,0.1629803027909168,0.4915385999929016,0,0,2.2421566349058795,4.067554484340266,TRIM28;SETDB1;HNRNPU,GO_Molecular_Function_2023
GO_Molecular_Function_2023,bHLH Transcription Factor Binding (GO:0043425),2/22,0.1651078269231411,0.4915385999929016,0,0,2.9132730015082955,5.247260667072598,SMAD3;USF1,GO_Molecular_Function_2023
GO_Molecular_Function_2023,Cysteine-Type Endopeptidase Inhibitor Activity (GO:0004869),2/22,0.1651078269231411,0.4915385999929016,0,0,2.9132730015082955,5.247260667072598,CSTB;PRKAA2,GO_Molecular_Function_2023
GO_Molecular_Function_2023,poly(U) RNA Binding (GO:0008266),2/22,0.1651078269231411,0.4915385999929016,0,0,2.9132730015082955,5.247260667072598,DAZAP1;PNPT1,GO_Molecular_Function_2023
GO_Molecular_Function_2023,snRNA Binding (GO:0017069),3/43,0.1711663294406717,0.4915385999929016,0,0,2.185989425981873,3.858532581055487,COIL;EFTUD2;HNRNPU,GO_Molecular_Function_2023
GO_Molecular_Function_2023,N-acetyltransferase Activity (GO:0008080),2/23,0.1770677073759409,0.4915385999929016,0,0,2.7744020685197155,4.803108927529514,SMARCE1;NAT10,GO_Molecular_Function_2023
GO_Molecular_Function_2023,Cyclin-Dependent Protein Kinase Activity (GO:0097472),2/23,0.1770677073759409,0.4915385999929016,0,0,2.7744020685197155,4.803108927529514,CDK7;CDK1,GO_Molecular_Function_2023
GO_Molecular_Function_2023,Cyclin-Dependent Protein Serine/Threonine Kinase Activity (GO:0004693),2/23,0.1770677073759409,0.4915385999929016,0,0,2.7744020685197155,4.803108927529514,CDK7;CDK1,GO_Molecular_Function_2023
GO_Molecular_Function_2023,mRNA 3'-UTR AU-rich Region Binding (GO:0035925),2/23,0.1770677073759409,0.4915385999929016,0,0,2.7744020685197155,4.803108927529514,ILF3;EXOSC4,GO_Molecular_Function_2023
GO_Molecular_Function_2023,Mannosyltransferase Activity (GO:0000030),2/23,0.1770677073759409,0.4915385999929016,0,0,2.7744020685197155,4.803108927529514,ALG8;PIGZ,GO_Molecular_Function_2023
GO_Molecular_Function_2023,Protein-Cysteine S-palmitoyltransferase Activity (GO:0019706),2/23,0.1770677073759409,0.4915385999929016,0,0,2.7744020685197155,4.803108927529514,ZDHHC9;YKT6,GO_Molecular_Function_2023
GO_Molecular_Function_2023,Signaling Receptor Complex Adaptor Activity (GO:0030159),3/44,0.1794668876198339,0.4915385999929016,0,0,2.1325620809078183,3.66323956064871,SHC1;NUP62;GNB5,GO_Molecular_Function_2023
GO_Molecular_Function_2023,GDP Binding (GO:0019003),4/67,0.1832231973176674,0.4915385999929016,0,0,1.8511634608457603,3.1415173433881685,RAP2A;NME2;RAN;ARL8B,GO_Molecular_Function_2023
GO_Molecular_Function_2023,1-Alkyl-2-Acetylglycerophosphocholine Esterase Activity (GO:0003847),1/6,0.1836543355037968,0.4915385999929016,0,0,5.822289156626506,9.867032848996889,PAFAH1B3,GO_Molecular_Function_2023
GO_Molecular_Function_2023,1-Phosphatidylinositol-4-Phosphate 5-Kinase Activity (GO:0016308),1/6,0.1836543355037968,0.4915385999929016,0,0,5.822289156626506,9.867032848996889,PIP5K1A,GO_Molecular_Function_2023
GO_Molecular_Function_2023,Sugar-Phosphatase Activity (GO:0050308),1/6,0.1836543355037968,0.4915385999929016,0,0,5.822289156626506,9.867032848996889,PFKFB4,GO_Molecular_Function_2023
GO_Molecular_Function_2023,5'-(N(7)-methylguanosine 5'-triphospho)-[mRNA] Hydrolase Activity (GO:0140933),1/6,0.1836543355037968,0.4915385999929016,0,0,5.822289156626506,9.867032848996889,NUDT1,GO_Molecular_Function_2023
GO_Molecular_Function_2023,DEAD/H-box RNA Helicase Binding (GO:0017151),1/6,0.1836543355037968,0.4915385999929016,0,0,5.822289156626506,9.867032848996889,SMAD3,GO_Molecular_Function_2023
GO_Molecular_Function_2023,G Protein-Coupled Acetylcholine Receptor Activity (GO:0016907),1/6,0.1836543355037968,0.4915385999929016,0,0,5.822289156626506,9.867032848996889,CHRM3,GO_Molecular_Function_2023
GO_Molecular_Function_2023,G Protein-Coupled Neurotransmitter Receptor Activity (GO:0099528),1/6,0.1836543355037968,0.4915385999929016,0,0,5.822289156626506,9.867032848996889,CHRM3,GO_Molecular_Function_2023
GO_Molecular_Function_2023,K48-linked Polyubiquitin Modification-Dependent Protein Binding (GO:0036435),1/6,0.1836543355037968,0.4915385999929016,0,0,5.822289156626506,9.867032848996889,UBQLN4,GO_Molecular_Function_2023
GO_Molecular_Function_2023,L-serine Transmembrane Transporter Activity (GO:0015194),1/6,0.1836543355037968,0.4915385999929016,0,0,5.822289156626506,9.867032848996889,SLC1A4,GO_Molecular_Function_2023
GO_Molecular_Function_2023,RNA Polymerase III Type 3 Promoter Sequence-Specific DNA Binding (GO:0001006),1/6,0.1836543355037968,0.4915385999929016,0,0,5.822289156626506,9.867032848996889,RPTOR,GO_Molecular_Function_2023
GO_Molecular_Function_2023,Aminophospholipid Flippase Activity (GO:0015247),1/6,0.1836543355037968,0.4915385999929016,0,0,5.822289156626506,9.867032848996889,ATP8B1,GO_Molecular_Function_2023
GO_Molecular_Function_2023,Arachidonic Acid Binding (GO:0050544),1/6,0.1836543355037968,0.4915385999929016,0,0,5.822289156626506,9.867032848996889,PPARG,GO_Molecular_Function_2023
GO_Molecular_Function_2023,Dopamine Receptor Binding (GO:0050780),1/6,0.1836543355037968,0.4915385999929016,0,0,5.822289156626506,9.867032848996889,DNAJC14,GO_Molecular_Function_2023
GO_Molecular_Function_2023,Flap Endonuclease Activity (GO:0048256),1/6,0.1836543355037968,0.4915385999929016,0,0,5.822289156626506,9.867032848996889,EXO1,GO_Molecular_Function_2023
GO_Molecular_Function_2023,Icosatetraenoic Acid Binding (GO:0050543),1/6,0.1836543355037968,0.4915385999929016,0,0,5.822289156626506,9.867032848996889,PPARG,GO_Molecular_Function_2023
GO_Molecular_Function_2023,mRNA 5'-Phosphatase Activity (GO:0140818),1/6,0.1836543355037968,0.4915385999929016,0,0,5.822289156626506,9.867032848996889,NUDT1,GO_Molecular_Function_2023
GO_Molecular_Function_2023,"Mannosyl-Oligosaccharide 1,2-Alpha-Mannosidase Activity (GO:0004571)",1/6,0.1836543355037968,0.4915385999929016,0,0,5.822289156626506,9.867032848996889,MAN1B1,GO_Molecular_Function_2023
GO_Molecular_Function_2023,Mannosyl-Oligosaccharide Mannosidase Activity (GO:0015924),1/6,0.1836543355037968,0.4915385999929016,0,0,5.822289156626506,9.867032848996889,MAN1B1,GO_Molecular_Function_2023
GO_Molecular_Function_2023,Mitogen-Activated Protein Kinase Kinase Binding (GO:0031434),1/6,0.1836543355037968,0.4915385999929016,0,0,5.822289156626506,9.867032848996889,TRIB3,GO_Molecular_Function_2023
GO_Molecular_Function_2023,Morphogen Activity (GO:0016015),1/6,0.1836543355037968,0.4915385999929016,0,0,5.822289156626506,9.867032848996889,DAND5,GO_Molecular_Function_2023
GO_Molecular_Function_2023,Patched Binding (GO:0005113),1/6,0.1836543355037968,0.4915385999929016,0,0,5.822289156626506,9.867032848996889,CCNB1,GO_Molecular_Function_2023
GO_Molecular_Function_2023,Phosphatidic Acid Transfer Activity (GO:1990050),1/6,0.1836543355037968,0.4915385999929016,0,0,5.822289156626506,9.867032848996889,PRELID2,GO_Molecular_Function_2023
GO_Molecular_Function_2023,Phosphofructokinase Activity (GO:0008443),1/6,0.1836543355037968,0.4915385999929016,0,0,5.822289156626506,9.867032848996889,PFKFB4,GO_Molecular_Function_2023
GO_Molecular_Function_2023,Signal Recognition Particle Binding (GO:0005047),1/6,0.1836543355037968,0.4915385999929016,0,0,5.822289156626506,9.867032848996889,SRP68,GO_Molecular_Function_2023
GO_Molecular_Function_2023,Protein Phosphatase Binding (GO:0019903),6/115,0.1844448691785695,0.4915385999929016,0,0,1.605936155698793,2.714681980840184,ENSA;NEK2;AP3B1;TRAF2;SMG7;STRN4,GO_Molecular_Function_2023
GO_Molecular_Function_2023,"DNA-binding Transcription Repressor Activity, RNA Polymerase II-specific (GO:0001227)",11/243,0.187574246789108,0.4915385999929016,0,0,1.3849322471791627,2.3177956429698416,ZNF692;CDX2;SOX13;UBA2;FOXK2;GTF2IRD1;HOXD9;ZNF620;SREBF2;ZNF343;E2F8,GO_Molecular_Function_2023
GO_Molecular_Function_2023,Potassium Channel Regulator Activity (GO:0015459),3/45,0.1878742444529555,0.4915385999929016,0,0,2.081678895123004,3.480530584298319,ENSA;KCNMB3;NEDD4L,GO_Molecular_Function_2023
GO_Molecular_Function_2023,Notch Binding (GO:0005112),2/24,0.1891562507265898,0.4915385999929016,0,0,2.6481557658028247,4.409661002058356,DLL4;DLK2,GO_Molecular_Function_2023
GO_Molecular_Function_2023,Methylation-Dependent Protein Binding (GO:0140034),4/68,0.1899517007928153,0.4915385999929016,0,0,1.82214447806354,3.026555457645638,CBX3;TRIM24;PHF13;CDYL,GO_Molecular_Function_2023
GO_Molecular_Function_2023,Hydro-Lyase Activity (GO:0016836),3/46,0.1963807577856216,0.4915385999929016,0,0,2.0331623691421346,3.309378108645167,CA12;APIP;CDYL,GO_Molecular_Function_2023
GO_Molecular_Function_2023,rRNA Binding (GO:0019843),3/46,0.1963807577856216,0.4915385999929016,0,0,2.0331623691421346,3.309378108645167,NPM1;RRS1;MRPS18A,GO_Molecular_Function_2023
GO_Molecular_Function_2023,Phosphatidylinositol Bisphosphate Binding (GO:1902936),5/93,0.1973904451019776,0.4915385999929016,0,0,1.6569387052341598,2.688501614628012,GSDMC;SESTD1;PARD3;TULP3;PLCB1,GO_Molecular_Function_2023
GO_Molecular_Function_2023,FAD Binding (GO:0071949),2/25,0.2013517225630883,0.4915385999929016,0,0,2.53288740245262,4.059463798522376,SQLE;NDOR1,GO_Molecular_Function_2023
GO_Molecular_Function_2023,MHC Class II Protein Complex Binding (GO:0023026),2/25,0.2013517225630883,0.4915385999929016,0,0,2.53288740245262,4.059463798522376,HSP90AA1;ATP1B1,GO_Molecular_Function_2023
GO_Molecular_Function_2023,Phosphatidylinositol-4-Phosphate Binding (GO:0070273),2/25,0.2013517225630883,0.4915385999929016,0,0,2.53288740245262,4.059463798522376,GSDMC;SESTD1,GO_Molecular_Function_2023
GO_Molecular_Function_2023,2-Acylglycerol-3-Phosphate O-acyltransferase Activity (GO:0047144),1/7,0.2108059367133811,0.4915385999929016,0,0,4.851656626506024,7.553142969486642,LPGAT1,GO_Molecular_Function_2023
GO_Molecular_Function_2023,tRNA (Cytosine) Methyltransferase Activity (GO:0016427),1/7,0.2108059367133811,0.4915385999929016,0,0,4.851656626506024,7.553142969486642,METTL2B,GO_Molecular_Function_2023
GO_Molecular_Function_2023,5'-3' DNA Helicase Activity (GO:0043139),1/7,0.2108059367133811,0.4915385999929016,0,0,4.851656626506024,7.553142969486642,ERCC2,GO_Molecular_Function_2023
GO_Molecular_Function_2023,Unmethylated CpG Binding (GO:0045322),1/7,0.2108059367133811,0.4915385999929016,0,0,4.851656626506024,7.553142969486642,FBXL19,GO_Molecular_Function_2023
GO_Molecular_Function_2023,GPI Anchor Binding (GO:0034235),1/7,0.2108059367133811,0.4915385999929016,0,0,4.851656626506024,7.553142969486642,GPAA1,GO_Molecular_Function_2023
GO_Molecular_Function_2023,O-acetyltransferase Activity (GO:0016413),1/7,0.2108059367133811,0.4915385999929016,0,0,4.851656626506024,7.553142969486642,GNPAT,GO_Molecular_Function_2023
GO_Molecular_Function_2023,RNA Polymerase III Cis-Regulatory Region Sequence-Specific DNA Binding (GO:0000992),1/7,0.2108059367133811,0.4915385999929016,0,0,4.851656626506024,7.553142969486642,RPTOR,GO_Molecular_Function_2023
GO_Molecular_Function_2023,Armadillo Repeat Domain Binding (GO:0070016),1/7,0.2108059367133811,0.4915385999929016,0,0,4.851656626506024,7.553142969486642,STRN4,GO_Molecular_Function_2023
GO_Molecular_Function_2023,Crossover Junction DNA Endonuclease Activity (GO:0008821),1/7,0.2108059367133811,0.4915385999929016,0,0,4.851656626506024,7.553142969486642,XRCC3,GO_Molecular_Function_2023
GO_Molecular_Function_2023,Cyclic Nucleotide-Dependent Protein Kinase Activity (GO:0004690),1/7,0.2108059367133811,0.4915385999929016,0,0,4.851656626506024,7.553142969486642,PRKAG1,GO_Molecular_Function_2023
GO_Molecular_Function_2023,Deoxycytidine Deaminase Activity (GO:0047844),1/7,0.2108059367133811,0.4915385999929016,0,0,4.851656626506024,7.553142969486642,APOBEC3B,GO_Molecular_Function_2023
GO_Molecular_Function_2023,Histone H4K20 Methyltransferase Activity (GO:0042799),1/7,0.2108059367133811,0.4915385999929016,0,0,4.851656626506024,7.553142969486642,SMYD5,GO_Molecular_Function_2023
GO_Molecular_Function_2023,Icosanoid Binding (GO:0050542),1/7,0.2108059367133811,0.4915385999929016,0,0,4.851656626506024,7.553142969486642,PPARG,GO_Molecular_Function_2023
GO_Molecular_Function_2023,Mitochondrial Ribosome Binding (GO:0097177),1/7,0.2108059367133811,0.4915385999929016,0,0,4.851656626506024,7.553142969486642,TMEM223,GO_Molecular_Function_2023
GO_Molecular_Function_2023,Oxidized DNA Binding (GO:0032356),1/7,0.2108059367133811,0.4915385999929016,0,0,4.851656626506024,7.553142969486642,OGG1,GO_Molecular_Function_2023
GO_Molecular_Function_2023,Sodium Channel Inhibitor Activity (GO:0019871),1/7,0.2108059367133811,0.4915385999929016,0,0,4.851656626506024,7.553142969486642,NEDD4L,GO_Molecular_Function_2023
GO_Molecular_Function_2023,Protein Serine/Threonine/Tyrosine Kinase Activity (GO:0004712),2/26,0.213633687582967,0.4915385999929016,0,0,2.4272247360482653,3.746403105341051,PRKAA2;AURKB,GO_Molecular_Function_2023
GO_Molecular_Function_2023,Serotonin Receptor Activity (GO:0099589),2/26,0.213633687582967,0.4915385999929016,0,0,2.4272247360482653,3.746403105341051,CHRM3;HTR1D,GO_Molecular_Function_2023
GO_Molecular_Function_2023,ADP Binding (GO:0043531),2/27,0.225982947410319,0.4915385999929016,0,0,2.33001508295626,3.465421498845892,PRKAG1;PGK1,GO_Molecular_Function_2023
GO_Molecular_Function_2023,N-methyltransferase Activity (GO:0008170),2/27,0.225982947410319,0.4915385999929016,0,0,2.33001508295626,3.465421498845892,PRMT1;METTL5,GO_Molecular_Function_2023
GO_Molecular_Function_2023,Nuclear Thyroid Hormone Receptor Binding (GO:0046966),2/27,0.225982947410319,0.4915385999929016,0,0,2.33001508295626,3.465421498845892,MED30;NCOA6,GO_Molecular_Function_2023
GO_Molecular_Function_2023,Palmitoyltransferase Activity (GO:0016409),2/27,0.225982947410319,0.4915385999929016,0,0,2.33001508295626,3.465421498845892,ZDHHC9;YKT6,GO_Molecular_Function_2023
GO_Molecular_Function_2023,S-adenosylmethionine-dependent Methyltransferase Activity (GO:0008757),3/50,0.231249362939094,0.4915385999929016,0,0,1.859741595423282,2.7231427317209618,METTL2B;SUV39H1;TARBP1,GO_Molecular_Function_2023
GO_Molecular_Function_2023,Hormone Activity (GO:0005179),4/74,0.2318115456933078,0.4915385999929016,0,0,1.6654419710395505,2.434593936627523,NMB;VGF;LEP;APLN,GO_Molecular_Function_2023
GO_Molecular_Function_2023,Transcription Coregulator Binding (GO:0001221),5/99,0.2333507283937187,0.4915385999929016,0,0,1.550693101225016,2.2565882716412293,SMAD3;CBX3;PPARG;HDGF;CIT,GO_Molecular_Function_2023
GO_Molecular_Function_2023,Histone Deacetylase Binding (GO:0042826),5/99,0.2333507283937187,0.4915385999929016,0,0,1.550693101225016,2.2565882716412293,HSP90AA1;BRMS1;TFAP4;MTA3;USF1,GO_Molecular_Function_2023
GO_Molecular_Function_2023,5'-3' DNA Exonuclease Activity (GO:0035312),1/8,0.2370557901163459,0.4915385999929016,0,0,4.158347676419965,5.985774165822479,EXO1,GO_Molecular_Function_2023
GO_Molecular_Function_2023,5S rRNA Binding (GO:0008097),1/8,0.2370557901163459,0.4915385999929016,0,0,4.158347676419965,5.985774165822479,RRS1,GO_Molecular_Function_2023
GO_Molecular_Function_2023,Vascular Endothelial Growth Factor Receptor 2 Binding (GO:0043184),1/8,0.2370557901163459,0.4915385999929016,0,0,4.158347676419965,5.985774165822479,PDCL3,GO_Molecular_Function_2023
GO_Molecular_Function_2023,L-alanine Transmembrane Transporter Activity (GO:0015180),1/8,0.2370557901163459,0.4915385999929016,0,0,4.158347676419965,5.985774165822479,SLC1A4,GO_Molecular_Function_2023
GO_Molecular_Function_2023,L-aspartate Transmembrane Transporter Activity (GO:0015183),1/8,0.2370557901163459,0.4915385999929016,0,0,4.158347676419965,5.985774165822479,SLC1A4,GO_Molecular_Function_2023
GO_Molecular_Function_2023,UDP Phosphatase Activity (GO:0045134),1/8,0.2370557901163459,0.4915385999929016,0,0,4.158347676419965,5.985774165822479,ENTPD6,GO_Molecular_Function_2023
GO_Molecular_Function_2023,cAMP Response Element Binding Protein Binding (GO:0008140),1/8,0.2370557901163459,0.4915385999929016,0,0,4.158347676419965,5.985774165822479,CRTC2,GO_Molecular_Function_2023
GO_Molecular_Function_2023,"Carbon-Nitrogen Ligase Activity, With Glutamine As amido-N-donor (GO:0016884)",1/8,0.2370557901163459,0.4915385999929016,0,0,4.158347676419965,5.985774165822479,CAD,GO_Molecular_Function_2023
GO_Molecular_Function_2023,Disulfide Oxidoreductase Activity (GO:0015036),1/8,0.2370557901163459,0.4915385999929016,0,0,4.158347676419965,5.985774165822479,TMX2,GO_Molecular_Function_2023
GO_Molecular_Function_2023,"Endodeoxyribonuclease Activity, Producing 5'-Phosphomonoesters (GO:0016888)",1/8,0.2370557901163459,0.4915385999929016,0,0,4.158347676419965,5.985774165822479,EXO1,GO_Molecular_Function_2023
GO_Molecular_Function_2023,Glucosyltransferase Activity (GO:0046527),1/8,0.2370557901163459,0.4915385999929016,0,0,4.158347676419965,5.985774165822479,ALG8,GO_Molecular_Function_2023
GO_Molecular_Function_2023,Glycerol Transmembrane Transporter Activity (GO:0015168),1/8,0.2370557901163459,0.4915385999929016,0,0,4.158347676419965,5.985774165822479,AQP10,GO_Molecular_Function_2023
GO_Molecular_Function_2023,Histone H4K16 Acetyltransferase Activity (GO:0046972),1/8,0.2370557901163459,0.4915385999929016,0,0,4.158347676419965,5.985774165822479,KAT7,GO_Molecular_Function_2023
GO_Molecular_Function_2023,Histone Reader Activity (GO:0140566),1/8,0.2370557901163459,0.4915385999929016,0,0,4.158347676419965,5.985774165822479,PIH1D1,GO_Molecular_Function_2023
GO_Molecular_Function_2023,Lysophospholipid Acyltransferase Activity (GO:0071617),1/8,0.2370557901163459,0.4915385999929016,0,0,4.158347676419965,5.985774165822479,LPGAT1,GO_Molecular_Function_2023
GO_Molecular_Function_2023,Nuclear Glucocorticoid Receptor Binding (GO:0035259),1/8,0.2370557901163459,0.4915385999929016,0,0,4.158347676419965,5.985774165822479,SMAD3,GO_Molecular_Function_2023
GO_Molecular_Function_2023,Nucleoside Transmembrane Transporter Activity (GO:0005337),1/8,0.2370557901163459,0.4915385999929016,0,0,4.158347676419965,5.985774165822479,SLC29A4,GO_Molecular_Function_2023
GO_Molecular_Function_2023,Phosphatidylinositol Bisphosphate Kinase Activity (GO:0052813),1/8,0.2370557901163459,0.4915385999929016,0,0,4.158347676419965,5.985774165822479,PIP5K1A,GO_Molecular_Function_2023
GO_Molecular_Function_2023,Phosphoserine Residue Binding (GO:0050815),1/8,0.2370557901163459,0.4915385999929016,0,0,4.158347676419965,5.985774165822479,YWHAZ,GO_Molecular_Function_2023
GO_Molecular_Function_2023,pre-miRNA Binding (GO:0070883),1/8,0.2370557901163459,0.4915385999929016,0,0,4.158347676419965,5.985774165822479,RAN,GO_Molecular_Function_2023
GO_Molecular_Function_2023,Prenyltransferase Activity (GO:0004659),1/8,0.2370557901163459,0.4915385999929016,0,0,4.158347676419965,5.985774165822479,GGPS1,GO_Molecular_Function_2023
GO_Molecular_Function_2023,Serine Transmembrane Transporter Activity (GO:0022889),1/8,0.2370557901163459,0.4915385999929016,0,0,4.158347676419965,5.985774165822479,SLC1A4,GO_Molecular_Function_2023
GO_Molecular_Function_2023,Single-Stranded DNA Exodeoxyribonuclease Activity (GO:0008297),1/8,0.2370557901163459,0.4915385999929016,0,0,4.158347676419965,5.985774165822479,EXO1,GO_Molecular_Function_2023
GO_Molecular_Function_2023,Ubiquitin Conjugating Enzyme Binding (GO:0031624),2/28,0.2383814811232434,0.4915385999929016,0,0,2.2402830954867152,3.2123039055324973,RNF144A;ARIH2,GO_Molecular_Function_2023
GO_Molecular_Function_2023,G Protein-Coupled Amine Receptor Activity (GO:0008227),2/28,0.2383814811232434,0.4915385999929016,0,0,2.2402830954867152,3.2123039055324973,CHRM3;HTR1D,GO_Molecular_Function_2023
GO_Molecular_Function_2023,Dicarboxylic Acid Transmembrane Transporter Activity (GO:0005310),2/28,0.2383814811232434,0.4915385999929016,0,0,2.2402830954867152,3.2123039055324973,SLC1A4;SLC26A6,GO_Molecular_Function_2023
GO_Molecular_Function_2023,tRNA Binding (GO:0000049),3/51,0.2401409954163794,0.4915385999929016,0,0,1.8209025679758308,2.5975704054076307,CTU1;AARS2;NAT10,GO_Molecular_Function_2023
GO_Molecular_Function_2023,E-box Binding (GO:0070888),3/51,0.2401409954163794,0.4915385999929016,0,0,1.8209025679758308,2.5975704054076307,TFAP4;PPARG;SREBF2,GO_Molecular_Function_2023
GO_Molecular_Function_2023,GTPase Regulator Activity (GO:0030695),17/424,0.2479231448936979,0.5037190889866476,0,0,1.2200685534018867,1.701552113246276,ARHGEF11;GPSM2;ANKRD27;AGAP1;ARHGAP39;ASAP1;DYNLL1;SIPA1L2;ARHGAP33;CYTH2;RACGAP1;TBC1D20;PLCE1;RGS20;GNB5;PLCB1;GIT1,GO_Molecular_Function_2023
GO_Molecular_Function_2023,Phosphoric Ester Hydrolase Activity (GO:0042578),3/52,0.2490884429106555,0.5037190889866476,0,0,1.783648806954806,2.479177759848653,NANP;DUSP23;PPP1CA,GO_Molecular_Function_2023
GO_Molecular_Function_2023,Superoxide-Generating NADPH Oxidase Activator Activity (GO:0016176),1/9,0.262433800178158,0.5037190889866476,0,0,3.6383659638554215,4.867247421192894,PDGFB,GO_Molecular_Function_2023
GO_Molecular_Function_2023,Thioesterase Binding (GO:0031996),1/9,0.262433800178158,0.5037190889866476,0,0,3.6383659638554215,4.867247421192894,TRAF2,GO_Molecular_Function_2023
GO_Molecular_Function_2023,"ATPase Activity, Coupled To Transmembrane Movement Of Ions, Rotational Mechanism (GO:0044769)",1/9,0.262433800178158,0.5037190889866476,0,0,3.6383659638554215,4.867247421192894,ATP6V1E2,GO_Molecular_Function_2023
GO_Molecular_Function_2023,Tumor Necrosis Factor Receptor Binding (GO:0005164),1/9,0.262433800178158,0.5037190889866476,0,0,3.6383659638554215,4.867247421192894,TRAF2,GO_Molecular_Function_2023
GO_Molecular_Function_2023,GDP Phosphatase Activity (GO:0004382),1/9,0.262433800178158,0.5037190889866476,0,0,3.6383659638554215,4.867247421192894,ENTPD6,GO_Molecular_Function_2023
GO_Molecular_Function_2023,RNA Polymerase I Transcription Regulatory Region Sequence-Specific DNA Binding (GO:0001163),1/9,0.262433800178158,0.5037190889866476,0,0,3.6383659638554215,4.867247421192894,PIH1D1,GO_Molecular_Function_2023
GO_Molecular_Function_2023,STAT Family Protein Binding (GO:0097677),1/9,0.262433800178158,0.5037190889866476,0,0,3.6383659638554215,4.867247421192894,PPARG,GO_Molecular_Function_2023
GO_Molecular_Function_2023,co-SMAD Binding (GO:0070410),1/9,0.262433800178158,0.5037190889866476,0,0,3.6383659638554215,4.867247421192894,SMAD3,GO_Molecular_Function_2023
GO_Molecular_Function_2023,Oxalate Transmembrane Transporter Activity (GO:0019531),1/9,0.262433800178158,0.5037190889866476,0,0,3.6383659638554215,4.867247421192894,SLC26A6,GO_Molecular_Function_2023
GO_Molecular_Function_2023,Oxidized Purine DNA Binding (GO:0032357),1/9,0.262433800178158,0.5037190889866476,0,0,3.6383659638554215,4.867247421192894,OGG1,GO_Molecular_Function_2023
GO_Molecular_Function_2023,"Oxidoreductase Activity, Acting On NAD(P)H, Heme Protein As Acceptor (GO:0016653)",1/9,0.262433800178158,0.5037190889866476,0,0,3.6383659638554215,4.867247421192894,NDOR1,GO_Molecular_Function_2023
GO_Molecular_Function_2023,Prostaglandin Receptor Activity (GO:0004955),1/9,0.262433800178158,0.5037190889866476,0,0,3.6383659638554215,4.867247421192894,PPARG,GO_Molecular_Function_2023
GO_Molecular_Function_2023,"Proton-Transporting ATPase Activity, Rotational Mechanism (GO:0046961)",1/9,0.262433800178158,0.5037190889866476,0,0,3.6383659638554215,4.867247421192894,ATP6V1E2,GO_Molecular_Function_2023
GO_Molecular_Function_2023,Pyrophosphate Hydrolysis-Driven Proton Transmembrane Transporter Activity (GO:0009678),1/9,0.262433800178158,0.5037190889866476,0,0,3.6383659638554215,4.867247421192894,ATP6V1E2,GO_Molecular_Function_2023
GO_Molecular_Function_2023,Small Ribosomal Subunit rRNA Binding (GO:0070181),1/9,0.262433800178158,0.5037190889866476,0,0,3.6383659638554215,4.867247421192894,MRPS18A,GO_Molecular_Function_2023
GO_Molecular_Function_2023,Protein-Lysine N-methyltransferase Activity (GO:0016279),3/54,0.2671240344500069,0.5108503432547578,0,0,1.7135240803269949,2.261924062390361,SETDB1;SMYD5;SUV39H1,GO_Molecular_Function_2023
GO_Molecular_Function_2023,Flavin Adenine Dinucleotide Binding (GO:0050660),3/55,0.2761992050744191,0.5224516309197448,0,0,1.6804845456658146,2.162166731435312,SQLE;NDOR1;AIFM2,GO_Molecular_Function_2023
GO_Molecular_Function_2023,Protein Serine/Threonine Kinase Activator Activity (GO:0043539),3/56,0.2853042519316279,0.5224516309197448,0,0,1.648691785897509,2.067787782907351,CCNB1;DBF4B;STK3,GO_Molecular_Function_2023
GO_Molecular_Function_2023,AMP Binding (GO:0016208),1/10,0.2869688812830709,0.5224516309197448,0,0,3.233935742971888,4.037185542998664,PRKAG1,GO_Molecular_Function_2023
GO_Molecular_Function_2023,FMN Binding (GO:0010181),1/10,0.2869688812830709,0.5224516309197448,0,0,3.233935742971888,4.037185542998664,NDOR1,GO_Molecular_Function_2023
GO_Molecular_Function_2023,N6-methyladenosine-containing RNA Binding (GO:1990247),1/10,0.2869688812830709,0.5224516309197448,0,0,3.233935742971888,4.037185542998664,YTHDF1,GO_Molecular_Function_2023
GO_Molecular_Function_2023,RNA Polymerase II Activity (GO:0001055),1/10,0.2869688812830709,0.5224516309197448,0,0,3.233935742971888,4.037185542998664,POLR2H,GO_Molecular_Function_2023
GO_Molecular_Function_2023,cAMP-dependent Protein Kinase Regulator Activity (GO:0008603),1/10,0.2869688812830709,0.5224516309197448,0,0,3.233935742971888,4.037185542998664,PRKAG1,GO_Molecular_Function_2023
GO_Molecular_Function_2023,Estrogen Response Element Binding (GO:0034056),1/10,0.2869688812830709,0.5224516309197448,0,0,3.233935742971888,4.037185542998664,TRIM24,GO_Molecular_Function_2023
GO_Molecular_Function_2023,Galactosyltransferase Activity (GO:0008378),1/10,0.2869688812830709,0.5224516309197448,0,0,3.233935742971888,4.037185542998664,B4GALT4,GO_Molecular_Function_2023
GO_Molecular_Function_2023,Glycerophospholipid Flippase Activity (GO:0140333),1/10,0.2869688812830709,0.5224516309197448,0,0,3.233935742971888,4.037185542998664,ATP8B1,GO_Molecular_Function_2023
GO_Molecular_Function_2023,Magnesium Ion Transmembrane Transporter Activity (GO:0015095),1/10,0.2869688812830709,0.5224516309197448,0,0,3.233935742971888,4.037185542998664,CNNM4,GO_Molecular_Function_2023
GO_Molecular_Function_2023,Platelet-Derived Growth Factor Binding (GO:0048407),1/10,0.2869688812830709,0.5224516309197448,0,0,3.233935742971888,4.037185542998664,PDGFB,GO_Molecular_Function_2023
GO_Molecular_Function_2023,Purine Ribonucleotide Transmembrane Transporter Activity (GO:0005346),1/10,0.2869688812830709,0.5224516309197448,0,0,3.233935742971888,4.037185542998664,SLC35B2,GO_Molecular_Function_2023
GO_Molecular_Function_2023,Monocarboxylic Acid Transmembrane Transporter Activity (GO:0008028),2/32,0.2881460330835997,0.5224516309197448,0,0,1.9411764705882355,2.415382332076235,SLC1A4;SLC26A6,GO_Molecular_Function_2023
GO_Molecular_Function_2023,Protein Serine/Threonine Kinase Inhibitor Activity (GO:0030291),2/32,0.2881460330835997,0.5224516309197448,0,0,1.9411764705882355,2.415382332076235,RPTOR;CIT,GO_Molecular_Function_2023
GO_Molecular_Function_2023,Phosphatase Activity (GO:0016791),4/83,0.2980603815462807,0.5385642756215554,0,0,1.475018671364829,1.7854499067111709,NANP;DUSP23;ENOPH1;PPP1CA,GO_Molecular_Function_2023
GO_Molecular_Function_2023,RNA Polymerase I Activity (GO:0001054),1/11,0.3106889902256541,0.5415079696239025,0,0,2.9103915662650603,3.4021397613526294,POLR2H,GO_Molecular_Function_2023
GO_Molecular_Function_2023,Calcium-Activated Potassium Channel Activity (GO:0015269),1/11,0.3106889902256541,0.5415079696239025,0,0,2.9103915662650603,3.4021397613526294,KCNMB3,GO_Molecular_Function_2023
GO_Molecular_Function_2023,Cytidine Deaminase Activity (GO:0004126),1/11,0.3106889902256541,0.5415079696239025,0,0,2.9103915662650603,3.4021397613526294,APOBEC3B,GO_Molecular_Function_2023
GO_Molecular_Function_2023,Hexosaminidase Activity (GO:0015929),1/11,0.3106889902256541,0.5415079696239025,0,0,2.9103915662650603,3.4021397613526294,HEXB,GO_Molecular_Function_2023
GO_Molecular_Function_2023,Histone Methyltransferase Binding (GO:1990226),1/11,0.3106889902256541,0.5415079696239025,0,0,2.9103915662650603,3.4021397613526294,CBX3,GO_Molecular_Function_2023
GO_Molecular_Function_2023,mRNA Methyltransferase Activity (GO:0008174),1/11,0.3106889902256541,0.5415079696239025,0,0,2.9103915662650603,3.4021397613526294,TRMT61A,GO_Molecular_Function_2023
GO_Molecular_Function_2023,Monoamine Transmembrane Transporter Activity (GO:0008504),1/11,0.3106889902256541,0.5415079696239025,0,0,2.9103915662650603,3.4021397613526294,SLC29A4,GO_Molecular_Function_2023
GO_Molecular_Function_2023,Organic Acid:Sodium Symporter Activity (GO:0005343),1/11,0.3106889902256541,0.5415079696239025,0,0,2.9103915662650603,3.4021397613526294,SLC6A8,GO_Molecular_Function_2023
GO_Molecular_Function_2023,Pseudouridine Synthase Activity (GO:0009982),1/11,0.3106889902256541,0.5415079696239025,0,0,2.9103915662650603,3.4021397613526294,PUS7,GO_Molecular_Function_2023
GO_Molecular_Function_2023,Transcription Coactivator Binding (GO:0001223),2/34,0.312932803935959,0.5415079696239025,0,0,1.819664404223228,2.114025683598866,SMAD3;CIT,GO_Molecular_Function_2023
GO_Molecular_Function_2023,Nucleosomal DNA Binding (GO:0031492),2/34,0.312932803935959,0.5415079696239025,0,0,1.819664404223228,2.114025683598866,SMARCE1;SMARCC1,GO_Molecular_Function_2023
GO_Molecular_Function_2023,Sodium Ion Transmembrane Transporter Activity (GO:0015081),2/34,0.312932803935959,0.5415079696239025,0,0,1.819664404223228,2.114025683598866,SLC41A3;CNNM4,GO_Molecular_Function_2023
GO_Molecular_Function_2023,Growth Factor Activity (GO:0008083),4/85,0.3131238831985543,0.5415079696239025,0,0,1.4384490390541829,1.670264270056533,CLCF1;PDGFB;CSPG5;OSGIN2,GO_Molecular_Function_2023
GO_Molecular_Function_2023,NADP Binding (GO:0050661),2/35,0.3252592370219438,0.5580042913308613,0,0,1.764431646784588,1.9816909892241008,NDOR1;LBR,GO_Molecular_Function_2023
GO_Molecular_Function_2023,Chemoattractant Activity (GO:0042056),2/35,0.3252592370219438,0.5580042913308613,0,0,1.764431646784588,1.9816909892241008,PDGFB;MEN1,GO_Molecular_Function_2023
GO_Molecular_Function_2023,5'-Nucleotidase Activity (GO:0008253),1/12,0.3336211582269958,0.5580042913308613,0,0,2.6456736035049286,2.90428604616912,NT5DC3,GO_Molecular_Function_2023
GO_Molecular_Function_2023,"DNA Exonuclease Activity, Producing 5'-Phosphomonoesters (GO:0016895)",1/12,0.3336211582269958,0.5580042913308613,0,0,2.6456736035049286,2.90428604616912,EXO1,GO_Molecular_Function_2023
GO_Molecular_Function_2023,Vascular Endothelial Growth Factor Receptor Binding (GO:0005172),1/12,0.3336211582269958,0.5580042913308613,0,0,2.6456736035049286,2.90428604616912,PDCL3,GO_Molecular_Function_2023
GO_Molecular_Function_2023,GDP-dissociation Inhibitor Activity (GO:0005092),1/12,0.3336211582269958,0.5580042913308613,0,0,2.6456736035049286,2.90428604616912,GPSM2,GO_Molecular_Function_2023
GO_Molecular_Function_2023,"Hydrolase Activity, Acting On Carbon-Nitrogen (But Not Peptide) Bonds, In Cyclic Amides (GO:0016812)",1/12,0.3336211582269958,0.5580042913308613,0,0,2.6456736035049286,2.90428604616912,CAD,GO_Molecular_Function_2023
GO_Molecular_Function_2023,"Intramolecular Oxidoreductase Activity, Transposing C=C Bonds (GO:0016863)",1/12,0.3336211582269958,0.5580042913308613,0,0,2.6456736035049286,2.90428604616912,SREBF2,GO_Molecular_Function_2023
GO_Molecular_Function_2023,Platelet-Derived Growth Factor Receptor Binding (GO:0005161),1/12,0.3336211582269958,0.5580042913308613,0,0,2.6456736035049286,2.90428604616912,PDGFB,GO_Molecular_Function_2023
GO_Molecular_Function_2023,Protein Kinase A Catalytic Subunit Binding (GO:0034236),1/12,0.3336211582269958,0.5580042913308613,0,0,2.6456736035049286,2.90428604616912,GSK3A,GO_Molecular_Function_2023
GO_Molecular_Function_2023,Amino Acid Binding (GO:0016597),2/36,0.3375268353664097,0.5580042913308613,0,0,1.7124478750776329,1.8599072062097632,AARS2;CAD,GO_Molecular_Function_2023
GO_Molecular_Function_2023,"Phosphatidylinositol-3,4,5-Trisphosphate Binding (GO:0005547)",2/36,0.3375268353664097,0.5580042913308613,0,0,1.7124478750776329,1.8599072062097632,RACGAP1;PARD3,GO_Molecular_Function_2023
GO_Molecular_Function_2023,Protein Kinase C Binding (GO:0005080),2/36,0.3375268353664097,0.5580042913308613,0,0,1.7124478750776329,1.8599072062097632,TOP2A;ADCY6,GO_Molecular_Function_2023
GO_Molecular_Function_2023,mRNA Binding (GO:0003729),11/282,0.3375712983814561,0.5580042913308613,0,0,1.1832041256192378,1.2849342847409282,PTBP1;DAZAP1;YTHDF1;CHTOP;UNK;CSTF2;CELF3;HNRNPU;EIF2S2;MRPL13;EIF4G2,GO_Molecular_Function_2023
GO_Molecular_Function_2023,PDZ Domain Binding (GO:0030165),3/62,0.3402342086407984,0.5588800167014996,0,0,1.4805673613600288,1.596230837597353,KIF14;SLC26A6;CIT,GO_Molecular_Function_2023
GO_Molecular_Function_2023,Nucleosome Binding (GO:0031491),3/62,0.3402342086407984,0.5588800167014996,0,0,1.4805673613600288,1.596230837597353,SMARCE1;SMARCC1;PARP1,GO_Molecular_Function_2023
GO_Molecular_Function_2023,N-acyltransferase Activity (GO:0016410),2/37,0.3497258922794931,0.5615504728852104,0,0,1.6634346046110753,1.7476137045974172,SMARCE1;NAT10,GO_Molecular_Function_2023
GO_Molecular_Function_2023,aminoacyl-tRNA Ligase Activity (GO:0004812),2/37,0.3497258922794931,0.5615504728852104,0,0,1.6634346046110753,1.7476137045974172,AARS2;IARS2,GO_Molecular_Function_2023
GO_Molecular_Function_2023,Sulfate Transmembrane Transporter Activity (GO:0015116),1/13,0.3557915209883394,0.5615504728852104,0,0,2.4250753012048194,2.506097879105358,SLC26A6,GO_Molecular_Function_2023
GO_Molecular_Function_2023,"4 Iron, 4 Sulfur Cluster Binding (GO:0051539)",1/13,0.3557915209883394,0.5615504728852104,0,0,2.4250753012048194,2.506097879105358,PRIM2,GO_Molecular_Function_2023
GO_Molecular_Function_2023,5'-3' Exonuclease Activity (GO:0008409),1/13,0.3557915209883394,0.5615504728852104,0,0,2.4250753012048194,2.506097879105358,EXO1,GO_Molecular_Function_2023
GO_Molecular_Function_2023,Transmembrane Receptor Protein Tyrosine Kinase Adaptor Activity (GO:0005068),1/13,0.3557915209883394,0.5615504728852104,0,0,2.4250753012048194,2.506097879105358,SHC1,GO_Molecular_Function_2023
GO_Molecular_Function_2023,Carbonate Dehydratase Activity (GO:0004089),1/13,0.3557915209883394,0.5615504728852104,0,0,2.4250753012048194,2.506097879105358,CA12,GO_Molecular_Function_2023
GO_Molecular_Function_2023,Insulin-Like Growth Factor Receptor Binding (GO:0005159),1/13,0.3557915209883394,0.5615504728852104,0,0,2.4250753012048194,2.506097879105358,SHC1,GO_Molecular_Function_2023
GO_Molecular_Function_2023,Nuclear Vitamin D Receptor Binding (GO:0042809),1/13,0.3557915209883394,0.5615504728852104,0,0,2.4250753012048194,2.506097879105358,MED30,GO_Molecular_Function_2023
GO_Molecular_Function_2023,"Oxidoreductase Activity, Acting On The CH-NH Group Of Donors, NAD Or NADP As Acceptor (GO:0016646)",1/13,0.3557915209883394,0.5615504728852104,0,0,2.4250753012048194,2.506097879105358,PYCR2,GO_Molecular_Function_2023
GO_Molecular_Function_2023,Peptide Hormone Receptor Binding (GO:0051428),1/13,0.3557915209883394,0.5615504728852104,0,0,2.4250753012048194,2.506097879105358,LEP,GO_Molecular_Function_2023
GO_Molecular_Function_2023,Phosphatidylinositol Phosphate Kinase Activity (GO:0016307),1/13,0.3557915209883394,0.5615504728852104,0,0,2.4250753012048194,2.506097879105358,PIP5K1A,GO_Molecular_Function_2023
GO_Molecular_Function_2023,Ribosomal Large Subunit Binding (GO:0043023),1/13,0.3557915209883394,0.5615504728852104,0,0,2.4250753012048194,2.506097879105358,NPM1,GO_Molecular_Function_2023
GO_Molecular_Function_2023,Double-Stranded RNA Binding (GO:0003725),3/65,0.3676501326917713,0.5615513714197549,0,0,1.4087077282915894,1.4095860849190305,ILF3;PRKRIP1;HNRNPU,GO_Molecular_Function_2023
GO_Molecular_Function_2023,Receptor Ligand Activity (GO:0048018),12/319,0.3726745036956568,0.5615513714197549,0,0,1.1389976605095,1.1242475093217608,DLL4;NMB;VGF;CLCF1;LEP;PDGFB;CSPG5;OSGIN2;ZP3;DAND5;MEN1;APLN,GO_Molecular_Function_2023
GO_Molecular_Function_2023,mRNA 3'-UTR Binding (GO:0003730),4/93,0.3737874758771037,0.5615513714197549,0,0,1.308606299614136,1.2877574393150435,DAZAP1;ILF3;EXOSC4;HNRNPU,GO_Molecular_Function_2023
GO_Molecular_Function_2023,Tau Protein Binding (GO:0048156),2/39,0.3738830611590648,0.5615513714197549,0,0,1.5733561615914555,1.5478869885391668,GSK3A;HSP90AA1,GO_Molecular_Function_2023
GO_Molecular_Function_2023,"Catalytic Activity, Acting On A tRNA (GO:0140101)",2/39,0.3738830611590648,0.5615513714197549,0,0,1.5733561615914555,1.5478869885391668,AARS2;DUS4L,GO_Molecular_Function_2023
GO_Molecular_Function_2023,Pentosyltransferase Activity (GO:0016763),2/39,0.3738830611590648,0.5615513714197549,0,0,1.5733561615914555,1.5478869885391668,PARP1;UMPS,GO_Molecular_Function_2023
GO_Molecular_Function_2023,1-Phosphatidylinositol Binding (GO:0005545),1/14,0.377225348739988,0.5615513714197549,0,0,2.238415199258573,2.182259020835098,SESTD1,GO_Molecular_Function_2023
GO_Molecular_Function_2023,C4-dicarboxylate Transmembrane Transporter Activity (GO:0015556),1/14,0.377225348739988,0.5615513714197549,0,0,2.238415199258573,2.182259020835098,SLC1A4,GO_Molecular_Function_2023
GO_Molecular_Function_2023,Transmembrane-Ephrin Receptor Activity (GO:0005005),1/14,0.377225348739988,0.5615513714197549,0,0,2.238415199258573,2.182259020835098,EFNA4,GO_Molecular_Function_2023
GO_Molecular_Function_2023,Water Channel Activity (GO:0015250),1/14,0.377225348739988,0.5615513714197549,0,0,2.238415199258573,2.182259020835098,AQP10,GO_Molecular_Function_2023
GO_Molecular_Function_2023,SUMO Binding (GO:0032183),1/14,0.377225348739988,0.5615513714197549,0,0,2.238415199258573,2.182259020835098,UBA2,GO_Molecular_Function_2023
GO_Molecular_Function_2023,Acylglycerol Lipase Activity (GO:0047372),1/14,0.377225348739988,0.5615513714197549,0,0,2.238415199258573,2.182259020835098,ABHD3,GO_Molecular_Function_2023
GO_Molecular_Function_2023,Adenine Nucleotide Transmembrane Transporter Activity (GO:0000295),1/14,0.377225348739988,0.5615513714197549,0,0,2.238415199258573,2.182259020835098,SLC35B2,GO_Molecular_Function_2023
GO_Molecular_Function_2023,Alanine Transmembrane Transporter Activity (GO:0022858),1/14,0.377225348739988,0.5615513714197549,0,0,2.238415199258573,2.182259020835098,SLC1A4,GO_Molecular_Function_2023
GO_Molecular_Function_2023,Aldo-Keto Reductase (NADP) Activity (GO:0004033),1/14,0.377225348739988,0.5615513714197549,0,0,2.238415199258573,2.182259020835098,MIOX,GO_Molecular_Function_2023
GO_Molecular_Function_2023,Endopeptidase Activator Activity (GO:0061133),1/14,0.377225348739988,0.5615513714197549,0,0,2.238415199258573,2.182259020835098,APH1A,GO_Molecular_Function_2023
GO_Molecular_Function_2023,Nucleoside Diphosphate Phosphatase Activity (GO:0017110),1/14,0.377225348739988,0.5615513714197549,0,0,2.238415199258573,2.182259020835098,ENTPD6,GO_Molecular_Function_2023
GO_Molecular_Function_2023,Nucleotidase Activity (GO:0008252),1/14,0.377225348739988,0.5615513714197549,0,0,2.238415199258573,2.182259020835098,NT5DC3,GO_Molecular_Function_2023
GO_Molecular_Function_2023,Nucleotidyltransferase Activity (GO:0016779),1/14,0.377225348739988,0.5615513714197549,0,0,2.238415199258573,2.182259020835098,PNPT1,GO_Molecular_Function_2023
GO_Molecular_Function_2023,Solute:Inorganic Anion Antiporter Activity (GO:0005452),1/14,0.377225348739988,0.5615513714197549,0,0,2.238415199258573,2.182259020835098,SLC26A6,GO_Molecular_Function_2023
GO_Molecular_Function_2023,Phosphatidylinositol-3-Phosphate Binding (GO:0032266),2/40,0.3858251590512013,0.5727262984216134,0,0,1.5318726680955783,1.458911055703643,SESTD1;PARD3,GO_Molecular_Function_2023
GO_Molecular_Function_2023,RNA Endonuclease Activity (GO:0004521),2/41,0.3976666195968502,0.5808475408510406,0,0,1.492516533240515,1.376311082379937,TSNAX;RPP40,GO_Molecular_Function_2023
GO_Molecular_Function_2023,DNA Nuclease Activity (GO:0004536),1/15,0.3979470747433656,0.5808475408510406,0,0,2.07842082616179,1.915132313953084,NME1,GO_Molecular_Function_2023
GO_Molecular_Function_2023,Voltage-Gated Monoatomic Anion Channel Activity (GO:0008308),1/15,0.3979470747433656,0.5808475408510406,0,0,2.07842082616179,1.915132313953084,VDAC2,GO_Molecular_Function_2023
GO_Molecular_Function_2023,Acidic Amino Acid Transmembrane Transporter Activity (GO:0015172),1/15,0.3979470747433656,0.5808475408510406,0,0,2.07842082616179,1.915132313953084,SLC1A4,GO_Molecular_Function_2023
GO_Molecular_Function_2023,Ephrin Receptor Activity (GO:0005003),1/15,0.3979470747433656,0.5808475408510406,0,0,2.07842082616179,1.915132313953084,EFNA4,GO_Molecular_Function_2023
GO_Molecular_Function_2023,"Oxidoreductase Activity, Acting On NAD(P)H, Quinone Or Similar Compound As Acceptor (GO:0016655)",1/15,0.3979470747433656,0.5808475408510406,0,0,2.07842082616179,1.915132313953084,AIFM2,GO_Molecular_Function_2023
GO_Molecular_Function_2023,Endopeptidase Regulator Activity (GO:0061135),2/42,0.4094009320188983,0.5944130349241965,0,0,1.455128205128205,1.2995172739133578,APH1A;CSTB,GO_Molecular_Function_2023
GO_Molecular_Function_2023,Ribonucleoside Triphosphate Phosphatase Activity (GO:0017111),10/270,0.4095097435260209,0.5944130349241965,0,0,1.1200822078684671,1.0000033268682575,EFTUD2;RAP2A;NKIRAS2;RAB13;AGAP1;RGS20;NTPCR;GNB5;RAN;ARL8B,GO_Molecular_Function_2023
GO_Molecular_Function_2023,RNA Nuclease Activity (GO:0004540),3/70,0.4128306900880435,0.5975781259837978,0,0,1.303242097668756,1.1530013791274178,TSNAX;EXOSC5;EXOSC4,GO_Molecular_Function_2023
GO_Molecular_Function_2023,Water Transmembrane Transporter Activity (GO:0005372),1/16,0.4179803227244385,0.5984199155945513,0,0,1.9397590361445785,1.6920923916188402,AQP10,GO_Molecular_Function_2023
GO_Molecular_Function_2023,Low-Density Lipoprotein Particle Binding (GO:0030169),1/16,0.4179803227244385,0.5984199155945513,0,0,1.9397590361445785,1.6920923916188402,COLEC12,GO_Molecular_Function_2023
GO_Molecular_Function_2023,Phosphatidylinositol Kinase Activity (GO:0052742),1/16,0.4179803227244385,0.5984199155945513,0,0,1.9397590361445785,1.6920923916188402,PIP5K1A,GO_Molecular_Function_2023
GO_Molecular_Function_2023,Phosphatidylinositol-5-Phosphate Binding (GO:0010314),1/16,0.4179803227244385,0.5984199155945513,0,0,1.9397590361445785,1.6920923916188402,SESTD1,GO_Molecular_Function_2023
GO_Molecular_Function_2023,Cell-Cell Adhesion Mediator Activity (GO:0098632),2/43,0.4210221284766967,0.6011324123209512,0,0,1.4195636978994224,1.2280218048618,BAIAP2L1;PPP1CA,GO_Molecular_Function_2023
GO_Molecular_Function_2023,Ubiquitin Ligase-Substrate Adaptor Activity (GO:1990756),2/44,0.4325247551215001,0.6078788260838448,0,0,1.385692738633915,1.161370863144511,FBXL19;DCAF13,GO_Molecular_Function_2023
GO_Molecular_Function_2023,Kinase Activator Activity (GO:0019209),2/44,0.4325247551215001,0.6078788260838448,0,0,1.385692738633915,1.161370863144511,RPTOR;DBF4B,GO_Molecular_Function_2023
GO_Molecular_Function_2023,Phosphoric Diester Hydrolase Activity (GO:0008081),2/44,0.4325247551215001,0.6078788260838448,0,0,1.385692738633915,1.161370863144511,PLCE1;PLCB1,GO_Molecular_Function_2023
GO_Molecular_Function_2023,"DNA Binding, Bending (GO:0008301)",1/17,0.4373479340336059,0.6078788260838448,0,0,1.818429969879518,1.503889251515023,TOP2A,GO_Molecular_Function_2023
GO_Molecular_Function_2023,RNA Polymerase Binding (GO:0070063),1/17,0.4373479340336059,0.6078788260838448,0,0,1.818429969879518,1.503889251515023,BRCA1,GO_Molecular_Function_2023
GO_Molecular_Function_2023,Carboxylic Acid Binding (GO:0031406),1/17,0.4373479340336059,0.6078788260838448,0,0,1.818429969879518,1.503889251515023,AARS2,GO_Molecular_Function_2023
GO_Molecular_Function_2023,Histone Acetyltransferase Binding (GO:0035035),1/17,0.4373479340336059,0.6078788260838448,0,0,1.818429969879518,1.503889251515023,TRIP4,GO_Molecular_Function_2023
GO_Molecular_Function_2023,"Hydrolase Activity, Acting On Carbon-Nitrogen (But Not Peptide) Bonds, In Cyclic Amidines (GO:0016814)",1/17,0.4373479340336059,0.6078788260838448,0,0,1.818429969879518,1.503889251515023,APOBEC3B,GO_Molecular_Function_2023
GO_Molecular_Function_2023,Neuropeptide Receptor Binding (GO:0071855),1/17,0.4373479340336059,0.6078788260838448,0,0,1.818429969879518,1.503889251515023,APLN,GO_Molecular_Function_2023
GO_Molecular_Function_2023,Phosphatidylcholine Transporter Activity (GO:0008525),1/17,0.4373479340336059,0.6078788260838448,0,0,1.818429969879518,1.503889251515023,ATP8B1,GO_Molecular_Function_2023
GO_Molecular_Function_2023,ATPase Binding (GO:0051117),3/73,0.4394561048471041,0.6091931188885782,0,0,1.2471946482520502,1.025465193424805,PIH1D1;ATP1B1;ATP6V0A1,GO_Molecular_Function_2023
GO_Molecular_Function_2023,Protein Phosphorylated Amino Acid Binding (GO:0045309),2/45,0.4439038445034451,0.6137351306591168,0,0,1.3533971728226175,1.099157868448004,SHC1;YWHAZ,GO_Molecular_Function_2023
GO_Molecular_Function_2023,5'-3' RNA Polymerase Activity (GO:0034062),1/18,0.4560719932788273,0.6175238358607379,0,0,1.7113749114103474,1.3436083185793315,POLR3F,GO_Molecular_Function_2023
GO_Molecular_Function_2023,Transforming Growth Factor Beta Receptor Binding (GO:0005160),1/18,0.4560719932788273,0.6175238358607379,0,0,1.7113749114103474,1.3436083185793315,SMAD3,GO_Molecular_Function_2023
GO_Molecular_Function_2023,Aspartic-Type Endopeptidase Activity (GO:0004190),1/18,0.4560719932788273,0.6175238358607379,0,0,1.7113749114103474,1.3436083185793315,HM13,GO_Molecular_Function_2023
GO_Molecular_Function_2023,Calcium Activated Cation Channel Activity (GO:0005227),1/18,0.4560719932788273,0.6175238358607379,0,0,1.7113749114103474,1.3436083185793315,KCNMB3,GO_Molecular_Function_2023
GO_Molecular_Function_2023,Hormone Receptor Binding (GO:0051427),1/18,0.4560719932788273,0.6175238358607379,0,0,1.7113749114103474,1.3436083185793315,LEP,GO_Molecular_Function_2023
GO_Molecular_Function_2023,Mannose Binding (GO:0005537),1/18,0.4560719932788273,0.6175238358607379,0,0,1.7113749114103474,1.3436083185793315,LMAN2,GO_Molecular_Function_2023
GO_Molecular_Function_2023,Nucleoside Monophosphate Kinase Activity (GO:0050145),1/18,0.4560719932788273,0.6175238358607379,0,0,1.7113749114103474,1.3436083185793315,DTYMK,GO_Molecular_Function_2023
GO_Molecular_Function_2023,"Oxidoreductase Activity, Acting On The CH-CH Group Of Donors, NAD Or NADP As Acceptor (GO:0016628)",1/18,0.4560719932788273,0.6175238358607379,0,0,1.7113749114103474,1.3436083185793315,LBR,GO_Molecular_Function_2023
GO_Molecular_Function_2023,Phosphatidylinositol Binding (GO:0035091),4/106,0.4708327013749554,0.6338854777655012,0,0,1.1410518821749578,0.8595001222231381,SESTD1;GPAA1;PARD3;TULP3,GO_Molecular_Function_2023
GO_Molecular_Function_2023,1-Acylglycerol-3-Phosphate O-acyltransferase Activity (GO:0003841),1/19,0.4741738534359113,0.6338854777655012,0,0,1.616214859437751,1.2059892162185668,LPGAT1,GO_Molecular_Function_2023
GO_Molecular_Function_2023,UDP-galactosyltransferase Activity (GO:0035250),1/19,0.4741738534359113,0.6338854777655012,0,0,1.616214859437751,1.2059892162185668,B4GALT4,GO_Molecular_Function_2023
GO_Molecular_Function_2023,Microtubule Plus-End Binding (GO:0051010),1/19,0.4741738534359113,0.6338854777655012,0,0,1.616214859437751,1.2059892162185668,KIF18A,GO_Molecular_Function_2023
GO_Molecular_Function_2023,Phospholipase Activity (GO:0004620),3/77,0.4742044032138863,0.6338854777655012,0,0,1.179533763370621,0.880069980409531,ABHD3;PLCE1;PLCB1,GO_Molecular_Function_2023
GO_Molecular_Function_2023,DNA-directed DNA Polymerase Activity (GO:0003887),1/20,0.4916741599010276,0.6451814459697011,0,0,1.5310716550412176,1.086967569300182,POLA1,GO_Molecular_Function_2023
GO_Molecular_Function_2023,WW Domain Binding (GO:0050699),1/20,0.4916741599010276,0.6451814459697011,0,0,1.5310716550412176,1.086967569300182,ENAH,GO_Molecular_Function_2023
GO_Molecular_Function_2023,Acetylcholine Receptor Activity (GO:0015464),1/20,0.4916741599010276,0.6451814459697011,0,0,1.5310716550412176,1.086967569300182,CHRM3,GO_Molecular_Function_2023
GO_Molecular_Function_2023,Actinin Binding (GO:0042805),1/20,0.4916741599010276,0.6451814459697011,0,0,1.5310716550412176,1.086967569300182,PPARG,GO_Molecular_Function_2023
GO_Molecular_Function_2023,Deaminase Activity (GO:0019239),1/20,0.4916741599010276,0.6451814459697011,0,0,1.5310716550412176,1.086967569300182,APOBEC3B,GO_Molecular_Function_2023
GO_Molecular_Function_2023,Lysophosphatidic Acid Acyltransferase Activity (GO:0042171),1/20,0.4916741599010276,0.6451814459697011,0,0,1.5310716550412176,1.086967569300182,LPGAT1,GO_Molecular_Function_2023
GO_Molecular_Function_2023,Phosphatidic Acid Binding (GO:0070300),1/20,0.4916741599010276,0.6451814459697011,0,0,1.5310716550412176,1.086967569300182,SESTD1,GO_Molecular_Function_2023
GO_Molecular_Function_2023,Phosphatidylinositol Phosphate Binding (GO:1901981),4/109,0.492504920587558,0.6451814459697011,0,0,1.1082775016209208,0.7849384574887438,GSDMC;RACGAP1;SESTD1;PARD3,GO_Molecular_Function_2023
GO_Molecular_Function_2023,DNA Endonuclease Activity (GO:0004520),1/21,0.5085928741440946,0.662941955352004,0,0,1.4544427710843373,0.9833595739585842,EXO1,GO_Molecular_Function_2023
GO_Molecular_Function_2023,DNA Polymerase Activity (GO:0034061),1/21,0.5085928741440946,0.662941955352004,0,0,1.4544427710843373,0.9833595739585842,POLA1,GO_Molecular_Function_2023
GO_Molecular_Function_2023,Endopeptidase Inhibitor Activity (GO:0004866),4/112,0.5137980163752883,0.6664112885659681,0,0,1.0773239199865523,0.7174169906785524,CSTB;SERPINB1;PRKAA2;SERPINH1,GO_Molecular_Function_2023
GO_Molecular_Function_2023,Phosphatase Binding (GO:0019902),4/112,0.5137980163752883,0.6664112885659681,0,0,1.0773239199865523,0.7174169906785524,SMAD3;NEK2;AP3B1;TRAF2,GO_Molecular_Function_2023
GO_Molecular_Function_2023,GTPase Activity (GO:0003924),9/265,0.5217831188071116,0.666727843507233,0,0,1.0224788014481707,0.6651257922407021,EFTUD2;RAP2A;NKIRAS2;RAB13;AGAP1;RGS20;GNB5;RAN;ARL8B,GO_Molecular_Function_2023
GO_Molecular_Function_2023,Chromatin DNA Binding (GO:0031490),3/83,0.5243652810873156,0.666727843507233,0,0,1.090728851963746,0.7041382650541519,SMARCE1;SMARCC1;HNRNPU,GO_Molecular_Function_2023
GO_Molecular_Function_2023,Bicarbonate Transmembrane Transporter Activity (GO:0015106),1/22,0.5249492963177141,0.666727843507233,0,0,1.3851118760757315,0.8926403342429933,SLC26A6,GO_Molecular_Function_2023
GO_Molecular_Function_2023,Phosphatase Inhibitor Activity (GO:0019212),1/22,0.5249492963177141,0.666727843507233,0,0,1.3851118760757315,0.8926403342429933,ENSA,GO_Molecular_Function_2023
GO_Molecular_Function_2023,Single-Stranded DNA Helicase Activity (GO:0017116),1/22,0.5249492963177141,0.666727843507233,0,0,1.3851118760757315,0.8926403342429933,MCM5,GO_Molecular_Function_2023
GO_Molecular_Function_2023,Syntaxin Binding (GO:0019905),2/53,0.5300339718372281,0.666727843507233,0,0,1.1406263863011268,0.724085800323859,SNAP47;STXBP4,GO_Molecular_Function_2023
GO_Molecular_Function_2023,Antiporter Activity (GO:0015297),2/53,0.5300339718372281,0.666727843507233,0,0,1.1406263863011268,0.724085800323859,SLC35E3;SLC26A6,GO_Molecular_Function_2023
GO_Molecular_Function_2023,Monoatomic Anion Channel Activity (GO:0005253),2/53,0.5300339718372281,0.666727843507233,0,0,1.1406263863011268,0.724085800323859,VDAC2;SLC1A4,GO_Molecular_Function_2023
GO_Molecular_Function_2023,Polyubiquitin Modification-Dependent Protein Binding (GO:0031593),2/53,0.5300339718372281,0.666727843507233,0,0,1.1406263863011268,0.724085800323859,UBQLN4;RAD18,GO_Molecular_Function_2023
GO_Molecular_Function_2023,Serine-Type Endopeptidase Inhibitor Activity (GO:0004867),2/53,0.5300339718372281,0.666727843507233,0,0,1.1406263863011268,0.724085800323859,SERPINB1;SERPINH1,GO_Molecular_Function_2023
GO_Molecular_Function_2023,Oxidoreduction-Driven Active Transmembrane Transporter Activity (GO:0015453),2/54,0.5401458867274845,0.666727843507233,0,0,1.118633252117415,0.6889841352309025,NDUFB9;UQCRB,GO_Molecular_Function_2023
GO_Molecular_Function_2023,Protein Tyrosine Kinase Binding (GO:1990782),3/85,0.5404931437728218,0.666727843507233,0,0,1.0640151794267187,0.6546601593764789,HSP90AA1;ANGPT2;SHC1,GO_Molecular_Function_2023
GO_Molecular_Function_2023,Zinc Ion Transmembrane Transporter Activity (GO:0005385),1/23,0.5407620868140726,0.666727843507233,0,0,1.3220837897042717,0.8127852020520473,SLC30A3,GO_Molecular_Function_2023
GO_Molecular_Function_2023,Alpha-Actinin Binding (GO:0051393),1/23,0.5407620868140726,0.666727843507233,0,0,1.3220837897042717,0.8127852020520473,PPARG,GO_Molecular_Function_2023
GO_Molecular_Function_2023,Calmodulin-Dependent Protein Kinase Activity (GO:0004683),1/23,0.5407620868140726,0.666727843507233,0,0,1.3220837897042717,0.8127852020520473,PNCK,GO_Molecular_Function_2023
GO_Molecular_Function_2023,Cyclosporin A Binding (GO:0016018),1/23,0.5407620868140726,0.666727843507233,0,0,1.3220837897042717,0.8127852020520473,PPIL2,GO_Molecular_Function_2023
GO_Molecular_Function_2023,Disordered Domain Specific Binding (GO:0097718),1/23,0.5407620868140726,0.666727843507233,0,0,1.3220837897042717,0.8127852020520473,HSP90AA1,GO_Molecular_Function_2023
GO_Molecular_Function_2023,Lipoprotein Particle Binding (GO:0071813),1/23,0.5407620868140726,0.666727843507233,0,0,1.3220837897042717,0.8127852020520473,COLEC12,GO_Molecular_Function_2023
GO_Molecular_Function_2023,Mitogen-Activated Protein Kinase Binding (GO:0051019),1/23,0.5407620868140726,0.666727843507233,0,0,1.3220837897042717,0.8127852020520473,PRMT1,GO_Molecular_Function_2023
GO_Molecular_Function_2023,Phospholipid Transfer Activity (GO:0120014),1/23,0.5407620868140726,0.666727843507233,0,0,1.3220837897042717,0.8127852020520473,PRELID2,GO_Molecular_Function_2023
GO_Molecular_Function_2023,Protein Tyrosine/Serine/Threonine Phosphatase Activity (GO:0008138),1/23,0.5407620868140726,0.666727843507233,0,0,1.3220837897042717,0.8127852020520473,DUSP23,GO_Molecular_Function_2023
GO_Molecular_Function_2023,Chloride Transmembrane Transporter Activity (GO:0015108),2/55,0.5501061329245225,0.6766563700761732,0,0,1.0974700475255414,0.655896444415662,SLC1A4;SLC26A6,GO_Molecular_Function_2023
GO_Molecular_Function_2023,Active Monoatomic Ion Transmembrane Transporter Activity (GO:0022853),1/24,0.5560492877364934,0.6776042483114477,0,0,1.264536406495547,0.7421543199313053,UQCRB,GO_Molecular_Function_2023
GO_Molecular_Function_2023,Monoatomic Anion Transmembrane Transporter Activity (GO:0008509),1/24,0.5560492877364934,0.6776042483114477,0,0,1.264536406495547,0.7421543199313053,SLC26A6,GO_Molecular_Function_2023
GO_Molecular_Function_2023,Peptidase Activator Activity (GO:0016504),1/24,0.5560492877364934,0.6776042483114477,0,0,1.264536406495547,0.7421543199313053,APH1A,GO_Molecular_Function_2023
GO_Molecular_Function_2023,"Phosphatidylinositol-3,5-Bisphosphate Binding (GO:0080025)",1/24,0.5560492877364934,0.6776042483114477,0,0,1.264536406495547,0.7421543199313053,SESTD1,GO_Molecular_Function_2023
GO_Molecular_Function_2023,Iron Ion Binding (GO:0005506),2/56,0.5599136039442065,0.6807302284611698,0,0,1.0770906653259595,0.6246832737564707,FTH1;JMJD6,GO_Molecular_Function_2023
GO_Molecular_Function_2023,Protein Kinase Activator Activity (GO:0030295),3/88,0.5640830588530599,0.684211858423619,0,0,1.0263017593744446,0.5876129423669123,RPTOR;DBF4B;STK3,GO_Molecular_Function_2023
GO_Molecular_Function_2023,Adenylyltransferase Activity (GO:0070566),1/25,0.5708283433404441,0.6844715146690908,0,0,1.2117846385542168,0.6794073418447489,FLAD1,GO_Molecular_Function_2023
GO_Molecular_Function_2023,Epidermal Growth Factor Receptor Binding (GO:0005154),1/25,0.5708283433404441,0.6844715146690908,0,0,1.2117846385542168,0.6794073418447489,SHC1,GO_Molecular_Function_2023
GO_Molecular_Function_2023,Ferrous Iron Binding (GO:0008198),1/25,0.5708283433404441,0.6844715146690908,0,0,1.2117846385542168,0.6794073418447489,FTH1,GO_Molecular_Function_2023
GO_Molecular_Function_2023,"Phosphatidylinositol-3,4-Bisphosphate Binding (GO:0043325)",1/25,0.5708283433404441,0.6844715146690908,0,0,1.2117846385542168,0.6794073418447489,SESTD1,GO_Molecular_Function_2023
GO_Molecular_Function_2023,poly(A) Binding (GO:0008143),1/25,0.5708283433404441,0.6844715146690908,0,0,1.2117846385542168,0.6794073418447489,HNRNPU,GO_Molecular_Function_2023
GO_Molecular_Function_2023,Endonuclease Activity (GO:0004519),2/58,0.579066983542616,0.6927650670692483,0,0,1.038515406162465,0.5673795158409277,TSNAX;OGG1,GO_Molecular_Function_2023
GO_Molecular_Function_2023,NAD+ ADP-ribosyltransferase Activity (GO:0003950),1/26,0.5851161197739073,0.6952400153322618,0,0,1.1632530120481928,0.6234395844845064,PARP1,GO_Molecular_Function_2023
GO_Molecular_Function_2023,Neuropeptide Activity (GO:0160041),1/26,0.5851161197739073,0.6952400153322618,0,0,1.1632530120481928,0.6234395844845064,NMB,GO_Molecular_Function_2023
GO_Molecular_Function_2023,Neuropeptide Hormone Activity (GO:0005184),1/26,0.5851161197739073,0.6952400153322618,0,0,1.1632530120481928,0.6234395844845064,NMB,GO_Molecular_Function_2023
GO_Molecular_Function_2023,Carboxylic Acid Transmembrane Transporter Activity (GO:0046943),2/59,0.5884118248185074,0.6959995399659094,0,0,1.0202429149797572,0.5410635824326946,SLC6A8;SLC1A4,GO_Molecular_Function_2023
GO_Molecular_Function_2023,Receptor Tyrosine Kinase Binding (GO:0030971),2/59,0.5884118248185074,0.6959995399659094,0,0,1.0202429149797572,0.5410635824326946,ANGPT2;SHC1,GO_Molecular_Function_2023
GO_Molecular_Function_2023,Tumor Necrosis Factor Receptor Superfamily Binding (GO:0032813),1/27,0.5989289240984339,0.6995805243504334,0,0,1.1184545875810936,0.573333629481516,TRAF2,GO_Molecular_Function_2023
GO_Molecular_Function_2023,Voltage-Gated Monoatomic Ion Channel Activity (GO:0005244),1/27,0.5989289240984339,0.6995805243504334,0,0,1.1184545875810936,0.573333629481516,VDAC2,GO_Molecular_Function_2023
GO_Molecular_Function_2023,Histone Acetyltransferase Activity (GO:0004402),1/27,0.5989289240984339,0.6995805243504334,0,0,1.1184545875810936,0.573333629481516,KAT7,GO_Molecular_Function_2023
GO_Molecular_Function_2023,"Oxidoreductase Activity, Acting On Paired Donors, With Incorporation Or Reduction Of Molecular Oxygen, NAD(P)H As One Donor, And Incorporation Of One Atom Of Oxygen (GO:0016709)",1/27,0.5989289240984339,0.6995805243504334,0,0,1.1184545875810936,0.573333629481516,SQLE,GO_Molecular_Function_2023
GO_Molecular_Function_2023,Protein Phosphatase Inhibitor Activity (GO:0004864),1/27,0.5989289240984339,0.6995805243504334,0,0,1.1184545875810936,0.573333629481516,ENSA,GO_Molecular_Function_2023
GO_Molecular_Function_2023,Protease Binding (GO:0002020),4/125,0.6007848014459829,0.6995805243504334,0,0,0.9609282204523576,0.489610682474443,CSTB;DVL3;TRIP4;RFFL,GO_Molecular_Function_2023
GO_Molecular_Function_2023,Serine-Type Endopeptidase Activity (GO:0004252),4/125,0.6007848014459829,0.6995805243504334,0,0,0.9609282204523576,0.489610682474443,PLAU;MMP1;MMP9;PARL,GO_Molecular_Function_2023
GO_Molecular_Function_2023,UDP-glycosyltransferase Activity (GO:0008194),2/61,0.6066366529088767,0.7032690400979014,0,0,0.9855561520566506,0.492605861947361,HEXB;B4GALT4,GO_Molecular_Function_2023
GO_Molecular_Function_2023,Protein Phosphatase Regulator Activity (GO:0019888),2/61,0.6066366529088767,0.7032690400979014,0,0,0.9855561520566506,0.492605861947361,PPP4R1;ENSA,GO_Molecular_Function_2023
GO_Molecular_Function_2023,Protein Homodimerization Activity (GO:0042803),21/662,0.6195206211962746,0.7121754171721867,0,0,0.95099369192159,0.4553446159723565,TPD52;TOP2A;HSP90AA1;NPM1;SMAD3;CHKA;PARP1;HM13;PDGFB;RNF8;DPY30;MFF;USF1;TFAP4;LYRM4;MTHFD1L;IRAK1;MUC13;MVD;SSBP1;PAFAH1B3,GO_Molecular_Function_2023
GO_Molecular_Function_2023,Growth Factor Receptor Binding (GO:0070851),3/96,0.6232372639328255,0.7121754171721867,0,0,0.9376279115095996,0.443336722372703,ESM1;SHC1;PDGFB,GO_Molecular_Function_2023
GO_Molecular_Function_2023,Hexosyltransferase Activity (GO:0016758),3/96,0.6232372639328255,0.7121754171721867,0,0,0.9376279115095996,0.443336722372703,HEXB;PIGZ;B4GALT4,GO_Molecular_Function_2023
GO_Molecular_Function_2023,Acylglycerol O-acyltransferase Activity (GO:0016411),1/29,0.6251921601129883,0.7121754171721867,0,0,1.0384574010327023,0.4877595162283079,LPGAT1,GO_Molecular_Function_2023
GO_Molecular_Function_2023,Histone Demethylase Activity (GO:0032452),1/29,0.6251921601129883,0.7121754171721867,0,0,1.0384574010327023,0.4877595162283079,JMJD6,GO_Molecular_Function_2023
GO_Molecular_Function_2023,Metal Ion Transmembrane Transporter Activity (GO:0046873),1/29,0.6251921601129883,0.7121754171721867,0,0,1.0384574010327023,0.4877595162283079,CNNM4,GO_Molecular_Function_2023
GO_Molecular_Function_2023,Metallocarboxypeptidase Activity (GO:0004181),1/29,0.6251921601129883,0.7121754171721867,0,0,1.0384574010327023,0.4877595162283079,AGBL5,GO_Molecular_Function_2023
GO_Molecular_Function_2023,miRNA Binding (GO:0035198),1/29,0.6251921601129883,0.7121754171721867,0,0,1.0384574010327023,0.4877595162283079,PNPT1,GO_Molecular_Function_2023
GO_Molecular_Function_2023,Guanyl Ribonucleotide Binding (GO:0032561),7/226,0.6284877162201886,0.714376493057221,0,0,0.9285922471582628,0.4312742650044109,RAP2A;RAB13;NME2;TUBG1;RAN;NME1;ARL8B,GO_Molecular_Function_2023
GO_Molecular_Function_2023,"Acyltransferase Activity, Transferring Groups Other Than Amino-Acyl Groups (GO:0016747)",2/64,0.6328136539842809,0.7177366984583619,0,0,0.9377219870578504,0.4290821569938054,LPGAT1;ZDHHC9,GO_Molecular_Function_2023
GO_Molecular_Function_2023,O-acyltransferase Activity (GO:0008374),1/31,0.6497380162501877,0.7337558631790914,0,0,0.9691265060240964,0.4178738293681011,LPGAT1,GO_Molecular_Function_2023
GO_Molecular_Function_2023,Adenyl Nucleotide Binding (GO:0030554),1/31,0.6497380162501877,0.7337558631790914,0,0,0.9691265060240964,0.4178738293681011,NDOR1,GO_Molecular_Function_2023
GO_Molecular_Function_2023,Metalloendopeptidase Activity (GO:0004222),3/101,0.6573105586714398,0.7407112532125473,0,0,0.8895585424502127,0.3732575903188831,MMP1;ADAMTS9;MMP9,GO_Molecular_Function_2023
GO_Molecular_Function_2023,Inorganic Anion Transmembrane Transporter Activity (GO:0015103),1/32,0.6614022629191301,0.742985562199553,0,0,0.9378157792460164,0.3876865319158089,SLC26A6,GO_Molecular_Function_2023
GO_Molecular_Function_2023,GTP Binding (GO:0005525),6/201,0.6621646136396779,0.742985562199553,0,0,0.8936617252246994,0.3684040862618672,RAP2A;RAB13;TUBG1;RAN;NME1;ARL8B,GO_Molecular_Function_2023
GO_Molecular_Function_2023,Telomeric DNA Binding (GO:0042162),1/33,0.6726786355235029,0.7483728344252983,0,0,0.9084619728915664,0.3601938834741499,SMG7,GO_Molecular_Function_2023
GO_Molecular_Function_2023,Transition Metal Ion Transmembrane Transporter Activity (GO:0046915),1/33,0.6726786355235029,0.7483728344252983,0,0,0.9084619728915664,0.3601938834741499,SLC30A3,GO_Molecular_Function_2023
GO_Molecular_Function_2023,NADH Dehydrogenase (Ubiquinone) Activity (GO:0008137),1/33,0.6726786355235029,0.7483728344252983,0,0,0.9084619728915664,0.3601938834741499,NDUFB9,GO_Molecular_Function_2023
GO_Molecular_Function_2023,Frizzled Binding (GO:0005109),1/33,0.6726786355235029,0.7483728344252983,0,0,0.9084619728915664,0.3601938834741499,DVL3,GO_Molecular_Function_2023
GO_Molecular_Function_2023,Carboxylic Ester Hydrolase Activity (GO:0052689),3/104,0.6766627728838222,0.7512103665066161,0,0,0.8630014058807693,0.3370730308533178,AARS2;ABHD3;PAFAH1B3,GO_Molecular_Function_2023
GO_Molecular_Function_2023,Hsp70 Protein Binding (GO:0030544),1/34,0.6835800132362105,0.7540966882858406,0,0,0.8808871851040526,0.3350996732737467,MVD,GO_Molecular_Function_2023
GO_Molecular_Function_2023,NADH Dehydrogenase (Quinone) Activity (GO:0050136),1/34,0.6835800132362105,0.7540966882858406,0,0,0.8808871851040526,0.3350996732737467,NDUFB9,GO_Molecular_Function_2023
GO_Molecular_Function_2023,Sodium Channel Regulator Activity (GO:0017080),1/34,0.6835800132362105,0.7540966882858406,0,0,0.8808871851040526,0.3350996732737467,NEDD4L,GO_Molecular_Function_2023
GO_Molecular_Function_2023,G Protein-Coupled Receptor Binding (GO:0001664),4/140,0.6885746343255704,0.7580107319046197,0,0,0.8542760523271336,0.3187573606408014,ARHGEF11;DVL3;TULP3;DNAJC14,GO_Molecular_Function_2023
GO_Molecular_Function_2023,Hsp90 Protein Binding (GO:0051879),1/35,0.6941188484017234,0.7609168965742743,0,0,0.8549344436569809,0.3121468945584836,CSNK2A1,GO_Molecular_Function_2023
GO_Molecular_Function_2023,Core Promoter Sequence-Specific DNA Binding (GO:0001046),1/35,0.6941188484017234,0.7609168965742743,0,0,0.8549344436569809,0.3121468945584836,NPM1,GO_Molecular_Function_2023
GO_Molecular_Function_2023,Serine-Type Peptidase Activity (GO:0008236),4/142,0.6991816475205535,0.7648667709828183,0,0,0.8418075379859238,0.3012363682542848,PLAU;MMP1;MMP9;PARL,GO_Molecular_Function_2023
GO_Molecular_Function_2023,Monoatomic Cation Transmembrane Transporter Activity (GO:0008324),1/37,0.7141566491991618,0.7796210087090849,0,0,0.8073544176706827,0.2717982416159434,SLC29A4,GO_Molecular_Function_2023
GO_Molecular_Function_2023,Carboxypeptidase Activity (GO:0004180),1/38,0.7236785090345316,0.788373261401444,0,0,0.7854933246499511,0.2540348514601989,AGBL5,GO_Molecular_Function_2023
GO_Molecular_Function_2023,Phosphotyrosine Residue Binding (GO:0001784),1/39,0.7328836408582261,0.796744870974503,0,0,0.764782815472416,0.2376702809848173,SHC1,GO_Molecular_Function_2023
GO_Molecular_Function_2023,Acetylglucosaminyltransferase Activity (GO:0008375),1/40,0.7417825646293617,0.8047496146289554,0,0,0.7451343836886005,0.2225709834543296,HEXB,GO_Molecular_Function_2023
GO_Molecular_Function_2023,2-Oxoglutarate-Dependent Dioxygenase Activity (GO:0016706),1/41,0.7503854516072479,0.8090575651074031,0,0,0.7264683734939759,0.208618665295919,JMJD6,GO_Molecular_Function_2023
GO_Molecular_Function_2023,Neutral L-amino Acid Transmembrane Transporter Activity (GO:0015175),1/41,0.7503854516072479,0.8090575651074031,0,0,0.7264683734939759,0.208618665295919,SLC1A4,GO_Molecular_Function_2023
GO_Molecular_Function_2023,Signal Sequence Binding (GO:0005048),1/41,0.7503854516072479,0.8090575651074031,0,0,0.7264683734939759,0.208618665295919,TOMM20,GO_Molecular_Function_2023
GO_Molecular_Function_2023,Transcription Corepressor Binding (GO:0001222),1/42,0.7587021354742871,0.81300596930169,0,0,0.7087129003820158,0.195708248175579,HDGF,GO_Molecular_Function_2023
GO_Molecular_Function_2023,Lipase Activity (GO:0016298),1/42,0.7587021354742871,0.81300596930169,0,0,0.7087129003820158,0.195708248175579,ABHD3,GO_Molecular_Function_2023
GO_Molecular_Function_2023,Regulatory RNA Binding (GO:0061980),1/42,0.7587021354742871,0.81300596930169,0,0,0.7087129003820158,0.195708248175579,PNPT1,GO_Molecular_Function_2023
GO_Molecular_Function_2023,CCR Chemokine Receptor Binding (GO:0048020),1/44,0.7745146089511306,0.8282564389599845,0,0,0.6756794620341833,0.1726487761844533,CCL7,GO_Molecular_Function_2023
GO_Molecular_Function_2023,Proton Transmembrane Transporter Activity (GO:0015078),1/45,0.7820284780229062,0.8345884368309631,0,0,0.660288882803943,0.1623413465629475,UQCRB,GO_Molecular_Function_2023
GO_Molecular_Function_2023,Metallopeptidase Activity (GO:0008237),3/124,0.7851930377315673,0.8362625036002871,0,0,0.7196075004369429,0.1740195756390092,MMP1;ADAMTS9;MMP9,GO_Molecular_Function_2023
GO_Molecular_Function_2023,Chemokine Activity (GO:0008009),1/46,0.789292323593758,0.8372250557958081,0,0,0.6455823293172691,0.1527567404029901,CCL7,GO_Molecular_Function_2023
GO_Molecular_Function_2023,Cyclin-Dependent Protein Serine/Threonine Kinase Regulator Activity (GO:0016538),1/46,0.789292323593758,0.8372250557958081,0,0,0.6455823293172691,0.1527567404029901,CCNB1,GO_Molecular_Function_2023
GO_Molecular_Function_2023,Manganese Ion Binding (GO:0030145),1/48,0.8031028979845191,0.8501533707957333,0,0,0.6180466547039221,0.1355205926316042,XYLT2,GO_Molecular_Function_2023
GO_Molecular_Function_2023,Chemokine Receptor Binding (GO:0042379),1/50,0.8160095384035524,0.8603400364657172,0,0,0.5927587902630932,0.1205251912844735,CCL7,GO_Molecular_Function_2023
GO_Molecular_Function_2023,Cholesterol Binding (GO:0015485),1/50,0.8160095384035524,0.8603400364657172,0,0,0.5927587902630932,0.1205251912844735,VDAC2,GO_Molecular_Function_2023
GO_Molecular_Function_2023,Metal Ion Binding (GO:0046872),14/521,0.8274937602751319,0.8695578653825057,0,0,0.79862569192594,0.1512227394343423,TPD52;TOP2A;GPI;PRIM1;XYLT2;FOXK2;YDJC;SRPK1;NME1;STK3;RAP2A;UBA2;MAN1B1;RAN,GO_Molecular_Function_2023
GO_Molecular_Function_2023,Channel Activity (GO:0015267),1/52,0.8280713260035694,0.8695578653825057,0,0,0.569454287739192,0.1074309600160886,AQP10,GO_Molecular_Function_2023
GO_Molecular_Function_2023,Myosin Binding (GO:0017022),1/54,0.839343485793191,0.8796319731112642,0,0,0.5479086155944533,0.095958116345726,TRIM32,GO_Molecular_Function_2023
GO_Molecular_Function_2023,Protein Serine/Threonine Phosphatase Activity (GO:0004722),1/55,0.8446997208639686,0.8834783507639113,0,0,0.5377342704149933,0.0907556039262226,PPP1CA,GO_Molecular_Function_2023
GO_Molecular_Function_2023,Cytokine Receptor Binding (GO:0005126),2/100,0.8497682225716053,0.8836029411707872,0,0,0.5921445501277434,0.0963961859905929,SMAD3;CLCF1,GO_Molecular_Function_2023
GO_Molecular_Function_2023,Amino Acid Transmembrane Transporter Activity (GO:0015171),1/56,0.8498776380726655,0.8836029411707872,0,0,0.5279299014238773,0.0858746061590729,SLC1A4,GO_Molecular_Function_2023
GO_Molecular_Function_2023,"Hydrolase Activity, Acting On Carbon-Nitrogen (But Not Peptide) Bonds, In Linear Amides (GO:0016811)",1/56,0.8498776380726655,0.8836029411707872,0,0,0.5279299014238773,0.0858746061590729,VNN2,GO_Molecular_Function_2023
GO_Molecular_Function_2023,Metalloexopeptidase Activity (GO:0008235),1/57,0.8548831652716945,0.8870470863413227,0,0,0.5184756884681584,0.0812920459388683,AGBL5,GO_Molecular_Function_2023
GO_Molecular_Function_2023,Sterol Binding (GO:0032934),1/59,0.8643997834767015,0.8933836026465317,0,0,0.5005452845866224,0.0729394112376426,VDAC2,GO_Molecular_Function_2023
GO_Molecular_Function_2023,SH3 Domain Binding (GO:0017124),1/59,0.8643997834767015,0.8933836026465317,0,0,0.5005452845866224,0.0729394112376426,ENAH,GO_Molecular_Function_2023
GO_Molecular_Function_2023,Secondary Active Transmembrane Transporter Activity (GO:0015291),1/60,0.8689217722560759,0.8962893871302829,0,0,0.4920359403716561,0.0691321213688071,SLC35E3,GO_Molecular_Function_2023
GO_Molecular_Function_2023,Cysteine-Type Endopeptidase Activity (GO:0004197),2/106,0.871752833377717,0.8974429954615398,0,0,0.5578083304327648,0.076558826990892,ESPL1;GPAA1,GO_Molecular_Function_2023
GO_Molecular_Function_2023,L-amino Acid Transmembrane Transporter Activity (GO:0015179),1/63,0.8816041070006607,0.9058050040555808,0,0,0.4681548775748154,0.058993217645699,SLC1A4,GO_Molecular_Function_2023
GO_Molecular_Function_2023,Chloride Channel Activity (GO:0005254),1/64,0.8855531496264618,0.9080818990298748,0,0,0.4606999426276534,0.0559947616300502,SLC1A4,GO_Molecular_Function_2023
GO_Molecular_Function_2023,Guanyl-Nucleotide Exchange Factor Activity (GO:0005085),4/203,0.909103077381225,0.9304101807573476,0,0,0.5819110682003056,0.0554542596433279,ARHGEF11;CYTH2;ANKRD27;PLCE1,GO_Molecular_Function_2023
GO_Molecular_Function_2023,Protein Tyrosine Phosphatase Activity (GO:0004725),1/76,0.9238355047054922,0.9436448430130172,0,0,0.3867469879518072,0.0306385792002219,PTPRN,GO_Molecular_Function_2023
GO_Molecular_Function_2023,"Phosphotransferase Activity, Alcohol Group As Acceptor (GO:0016773)",1/77,0.9263775679002698,0.944400477781598,0,0,0.3816383956880152,0.0291851806231606,CHKA,GO_Molecular_Function_2023
GO_Molecular_Function_2023,Amyloid-Beta Binding (GO:0001540),1/79,0.9312103443317208,0.9456477140112824,0,0,0.3718141797961075,0.0264992313449416,PFDN2,GO_Molecular_Function_2023
GO_Molecular_Function_2023,Potassium Channel Activity (GO:0005267),1/79,0.9312103443317208,0.9456477140112824,0,0,0.3718141797961075,0.0264992313449416,KCNMB3,GO_Molecular_Function_2023
GO_Molecular_Function_2023,Cytokine Activity (GO:0005125),3/178,0.9381648203431188,0.950867245376778,0,0,0.4961588260681916,0.0316696346664516,CCL7;CLCF1;MEN1,GO_Molecular_Function_2023
GO_Molecular_Function_2023,Actin Binding (GO:0003779),3/183,0.945334095904786,0.9562839116874668,0,0,0.482250755287009,0.0271106296228689,KIF18A;HNRNPU;ALDOA,GO_Molecular_Function_2023
GO_Molecular_Function_2023,"Oxidoreductase Activity, Acting On The CH-OH Group Of Donors, NAD Or NADP As Acceptor (GO:0016616)",1/95,0.960049565721608,0.9692985981466716,0,0,0.3082703153037682,0.0125682932406391,MIOX,GO_Molecular_Function_2023
GO_Molecular_Function_2023,Protein Tyrosine Kinase Activity (GO:0004713),1/99,0.9651267795205558,0.972550831670714,0,0,0.2956263830833538,0.0104934974906216,CLK2,GO_Molecular_Function_2023
GO_Molecular_Function_2023,Endopeptidase Activity (GO:0004175),6/335,0.9686068823738572,0.9741842732512496,0,0,0.5259696233124703,0.0167765604001217,ESPL1;PLAU;MMP1;ADAMTS9;MMP9;PARL,GO_Molecular_Function_2023
GO_Molecular_Function_2023,Cysteine-Type Peptidase Activity (GO:0008234),1/144,0.9924551381169612,0.9962576482246892,0,0,0.2021231780267924,0.0015307734879681,ESPL1,GO_Molecular_Function_2023
GO_Molecular_Function_2023,G Protein-Coupled Receptor Activity (GO:0004930),1/250,0.9997950398701156,0.9998984831779516,0,0,0.1154376542313833,2.366254162646971e-05,CELSR2,GO_Molecular_Function_2023
GO_Molecular_Function_2023,Calcium Ion Binding (GO:0005509),2/346,0.9998984831779516,0.9998984831779516,0,0,0.1665351292574274,1.6906975267334987e-05,TPD52;MAN1B1,GO_Molecular_Function_2023
KEGG_2021_Human,Ribosome biogenesis in eukaryotes,13/108,6.116783838992926e-05,0.0086292734908753,0,0,4.038101388440427,39.17721153460482,UTP15;NXT1;CSNK2A1;POP4;RPP40;HEATR1;NAT10;UTP18;WDR43;TCOF1;CSNK2B;RPP38;RAN,KEGG_2021_Human
KEGG_2021_Human,Ubiquitin mediated proteolysis,15/140,6.715387930642284e-05,0.0086292734908753,0,0,3.5464615384615383,34.07626033182309,PIAS3;CUL7;PPIL2;AIRE;SMURF1;CUL2;NEDD4L;BRCA1;DDB1;UBE2S;UBE2Q2;UBR5;UBA2;SAE1;TRIM32,KEGG_2021_Human
KEGG_2021_Human,Pyrimidine metabolism,8/56,0.0004969637394239133,0.0425732270106485,0,0,4.892694063926941,37.21869190965972,DTYMK;RRM1;NME6;CAD;ENTPD6;NME2;UMPS;NME1,KEGG_2021_Human
KEGG_2021_Human,Fanconi anemia pathway,7/54,0.0019837792260609,0.1274578152744136,0,0,4.365776369397918,27.167141684896897,SLX4;EME1;FANCD2;UBE2T;BRCA1;FANCE;FANCF,KEGG_2021_Human
KEGG_2021_Human,Cell cycle,11/124,0.0028601268060695,0.1470105178319755,0,0,2.861113366350031,16.75722431109337,CCNB1;CDK7;SMAD3;ESPL1;PRKDC;CDK1;E2F2;MCM5;E2F3;PKMYT1;YWHAZ,KEGG_2021_Human
KEGG_2021_Human,DNA replication,5/36,0.0064280433965519,0.2753345254856411,0,0,4.717497556207234,23.809611530656813,PRIM2;POLA1;PRIM1;MCM5;SSBP1,KEGG_2021_Human
KEGG_2021_Human,Purine metabolism,10/129,0.0110114302753341,0.3186363078280139,0,0,2.465328115979216,11.115724240696112,DGUOK;ADSL;RRM1;NME6;ENTPD6;NME2;NTPCR;ITPA;ADCY6;NME1,KEGG_2021_Human
KEGG_2021_Human,Bladder cancer,5/41,0.0111584699239382,0.3186363078280139,0,0,4.061237373737374,18.257521809641844,MMP1;DAPK2;E2F2;E2F3;MMP9,KEGG_2021_Human
KEGG_2021_Human,Homologous recombination,5/41,0.0111584699239382,0.3186363078280139,0,0,4.061237373737374,18.257521809641844,EME1;XRCC3;BRCA1;SSBP1;RAD54B,KEGG_2021_Human
KEGG_2021_Human,Basal transcription factors,5/45,0.0163305918202111,0.4196962097794275,0,0,3.654356060606061,15.036634177988692,CDK7;ERCC3;ERCC2;GTF2IRD1;TAF2,KEGG_2021_Human
KEGG_2021_Human,Hippo signaling pathway,11/163,0.0205412017365169,0.4697988483996105,0,0,2.1226963624657977,8.247360084349824,SMAD3;PARD3;TP53BP2;DVL3;BIRC5;CSNK1D;YWHAZ;STK3;TP73;TEAD3;PPP1CA,KEGG_2021_Human
KEGG_2021_Human,RNA transport,12/186,0.0219361329992036,0.4697988483996105,0,0,2.023657390294133,7.729602429566815,NXT1;NUP133;POP4;RPP40;NUP62;EIF2S2;RAE1;RPP38;THOC7;EIF4G2;RAN;PAIP1,KEGG_2021_Human
KEGG_2021_Human,Insulin secretion,7/86,0.0243589966751001,0.4815586265769805,0,0,2.5930514408833827,9.632807580594983,CHRM3;CREB3L4;KCNMB3;ATP1B1;PLCB1;STX1A;ADCY6,KEGG_2021_Human
KEGG_2021_Human,Spliceosome,10/150,0.0284592464721877,0.5224304530965898,0,0,2.093238822246456,7.450427603765834,EFTUD2;SART1;PRPF6;BUD31;HSPA6;HNRNPU;SNRPF;SNRNP200;SNRPC;SNRPB,KEGG_2021_Human
KEGG_2021_Human,Prostate cancer,7/97,0.0428653747664137,0.7238382442245774,0,0,2.274822695035461,7.164988327887742,HSP90AA1;CREB3L4;PLAU;PDGFB;E2F2;E2F3;MMP9,KEGG_2021_Human
KEGG_2021_Human,AMPK signaling pathway,8/120,0.047027987972651,0.7238382442245774,0,0,2.0899108501848227,6.388883312278593,RPTOR;CRTC2;PFKFB4;PRKAA2;CREB3L4;LEP;PRKAG1;PPARG,KEGG_2021_Human
KEGG_2021_Human,Longevity regulating pathway,7/102,0.0536520599321968,0.7238382442245774,0,0,2.154535274356103,6.302522887173253,RPTOR;PRKAA2;CREB3L4;HSPA6;PRKAG1;PPARG;ADCY6,KEGG_2021_Human
KEGG_2021_Human,Glycosylphosphatidylinositol (GPI)-anchor biosynthesis,3/26,0.0539681767282495,0.7238382442245774,0,0,3.805070274530408,11.10837271906672,PIGC;GPAA1;PIGZ,KEGG_2021_Human
KEGG_2021_Human,Vasopressin-regulated water reabsorption,4/44,0.0577253993917958,0.7238382442245774,0,0,2.919062027231468,8.325334221550763,DYNC2LI1;CREB3L4;DYNLL1;ADCY6,KEGG_2021_Human
KEGG_2021_Human,Collecting duct acid secretion,3/27,0.0592679687629361,0.7238382442245774,0,0,3.6463368580060425,10.303404012540238,ATP6V1E2;ATP6V0D2;ATP6V0A1,KEGG_2021_Human
KEGG_2021_Human,Lysosome,8/128,0.0639411227041387,0.7238382442245774,0,0,1.9497716894977168,5.361467718218325,AP3M2;GGA3;HEXB;ATP6V1H;AP3B1;AP1S3;ATP6V0D2;ATP6V0A1,KEGG_2021_Human
KEGG_2021_Human,Oocyte meiosis,8/129,0.0662896377796225,0.7238382442245774,0,0,1.9335572411537545,5.247136218224081,CCNB1;ESPL1;CDK1;FBXO43;PKMYT1;YWHAZ;ADCY6;PPP1CA,KEGG_2021_Human
KEGG_2021_Human,Nucleotide excision repair,4/47,0.0702748643458919,0.7238382442245774,0,0,2.7149843436653414,7.209209493293302,DDB1;CDK7;ERCC3;ERCC2,KEGG_2021_Human
KEGG_2021_Human,Non-alcoholic fatty liver disease,9/155,0.0743800085798799,0.7238382442245774,0,0,1.8031761610424324,4.685676005926188,NDUFB9;GSK3A;PRKAA2;UQCRB;LEP;PRKAG1;TRAF2;PPARG;CYC1,KEGG_2021_Human
KEGG_2021_Human,Vascular smooth muscle contraction,8/133,0.0762109494741272,0.7238382442245774,0,0,1.8712937595129373,4.817178208796132,ARHGEF11;KCNMB3;ADRA1D;MYL6B;PLCB1;ACTG2;ADCY6;PPP1CA,KEGG_2021_Human
KEGG_2021_Human,Adipocytokine signaling pathway,5/69,0.0793604640173847,0.7238382442245774,0,0,2.281131628787879,5.779828599451321,PRKAA2;LEP;PRKAG1;TRAF2;ACSL3,KEGG_2021_Human
KEGG_2021_Human,Circadian rhythm,3/31,0.0827469236229118,0.7238382442245774,0,0,3.124784203711696,7.78686362426721,PRKAA2;PRKAG1;CSNK1D,KEGG_2021_Human
KEGG_2021_Human,Epithelial cell signaling in Helicobacter pylori infection,5/70,0.083253857398428,0.7238382442245774,0,0,2.245920745920746,5.583046378302785,ATP6V1H;ATP6V1E2;ATP6V0D2;GIT1;ATP6V0A1,KEGG_2021_Human
KEGG_2021_Human,Vibrio cholerae infection,4/50,0.084100424101514,0.7238382442245774,0,0,2.537525488390449,6.282262663295393,ATP6V1H;ATP6V1E2;ATP6V0D2;ATP6V0A1,KEGG_2021_Human
KEGG_2021_Human,Apelin signaling pathway,8/137,0.0869773189658191,0.7238382442245774,0,0,1.8128915790591484,4.42727683955558,SMAD3;PRKAA2;PRKAG1;SPP1;GNB5;PLCB1;ADCY6;APLN,KEGG_2021_Human
KEGG_2021_Human,Thermogenesis,12/232,0.0875853188470721,0.7238382442245774,0,0,1.5966866211889184,3.8881584735138617,RPTOR;SMARCE1;NDUFB9;SMARCC1;PRKAA2;UQCRB;CREB3L4;PRKAG1;PPARG;ACSL3;CYC1;ADCY6,KEGG_2021_Human
KEGG_2021_Human,Hepatitis B,9/162,0.091841463313242,0.7238382442245774,0,0,1.7200502152080344,4.106949129209367,DDB1;SMAD3;IRAK1;CREB3L4;BIRC5;E2F2;E2F3;MMP9;YWHAZ,KEGG_2021_Human
KEGG_2021_Human,p53 signaling pathway,5/73,0.0955253601668178,0.7238382442245774,0,0,2.1465017825311943,5.040766471543258,CCNB1;AIFM2;CDK1;GTSE1;TP73,KEGG_2021_Human
KEGG_2021_Human,Base excision repair,3/33,0.0957607015705666,0.7238382442245774,0,0,2.916163141993957,6.841035546646329,PARP1;OGG1;LIG3,KEGG_2021_Human
KEGG_2021_Human,cGMP-PKG signaling pathway,9/167,0.1056680779358283,0.7723252832244428,0,0,1.6651840845940105,3.742422030643904,CREB3L4;KCNMB3;VDAC2;GTF2IRD1;ADRA1D;ATP1B1;PLCB1;ADCY6;PPP1CA,KEGG_2021_Human
KEGG_2021_Human,mRNA surveillance pathway,6/98,0.1081856427863032,0.7723252832244428,0,0,1.9043676189219505,4.235135740947502,CPSF4;DAZAP1;NXT1;CSTF2;SMG7;PPP1CA,KEGG_2021_Human
KEGG_2021_Human,Synaptic vesicle cycle,5/78,0.1178801131067918,0.8187888937417706,0,0,1.9989622249896224,4.273955469784073,ATP6V1H;ATP6V1E2;ATP6V0D2;STX1A;ATP6V0A1,KEGG_2021_Human
KEGG_2021_Human,NF-kappa B signaling pathway,6/104,0.1329389412829332,0.8664651382539861,0,0,1.7872162522064972,3.6063617380468815,CSNK2A1;IRAK1;PARP1;PLAU;CSNK2B;TRAF2,KEGG_2021_Human
KEGG_2021_Human,Relaxin signaling pathway,7/129,0.1388026014543196,0.8664651382539861,0,0,1.675357516567841,3.3083326572927123,CREB3L4;SHC1;MMP1;GNB5;PLCB1;MMP9;ADCY6,KEGG_2021_Human
KEGG_2021_Human,Steroid biosynthesis,2/20,0.1416678804846292,0.8664651382539861,0,0,3.237305178481649,6.326567842867542,SQLE;LBR,KEGG_2021_Human
KEGG_2021_Human,Glucagon signaling pathway,6/107,0.1462406645842652,0.8664651382539861,0,0,1.733860184197479,3.333349024780694,CRTC2;PRKAA2;CREB3L4;PRMT1;PRKAG1;PLCB1,KEGG_2021_Human
KEGG_2021_Human,Cellular senescence,8/156,0.1493449320743637,0.8664651382539861,0,0,1.578592290921058,3.0016879814914743,CCNB1;SMAD3;CDK1;VDAC2;E2F2;E2F3;FOXM1;PPP1CA,KEGG_2021_Human
KEGG_2021_Human,Drug metabolism,6/108,0.1508045077241388,0.8664651382539861,0,0,1.7167722931357672,3.2477399206483866,RRM1;NME6;NME2;UMPS;ITPA;NME1,KEGG_2021_Human
KEGG_2021_Human,Insulin resistance,6/108,0.1508045077241388,0.8664651382539861,0,0,1.7167722931357672,3.2477399206483866,CRTC2;PRKAA2;CREB3L4;PRKAG1;TRIB3;PPP1CA,KEGG_2021_Human
KEGG_2021_Human,Ferroptosis,3/41,0.1549166176240228,0.8664651382539861,0,0,2.3012800127206234,4.291584047625172,FTH1;VDAC2;ACSL3,KEGG_2021_Human
KEGG_2021_Human,Oxidative phosphorylation,7/133,0.1550871453684177,0.8664651382539861,0,0,1.6218338399189465,3.022722161156903,NDUFB9;UQCRB;ATP6V1H;CYC1;ATP6V1E2;ATP6V0D2;ATP6V0A1,KEGG_2021_Human
KEGG_2021_Human,Rap1 signaling pathway,10/210,0.163167687463113,0.8751230922234005,0,0,1.4606870229007634,2.648191756944421,ENAH;EFNA3;ANGPT2;PARD3;PDGFB;PLCE1;SIPA1L2;PLCB1;EFNA4;ADCY6,KEGG_2021_Human
KEGG_2021_Human,Terpenoid backbone biosynthesis,2/22,0.1651078269231411,0.8751230922234005,0,0,2.9132730015082955,5.247260667072598,GGPS1;MVD,KEGG_2021_Human
KEGG_2021_Human,Gap junction,5/88,0.1690440965298638,0.8751230922234005,0,0,1.7572106608251186,3.123610065267948,PDGFB;CDK1;CSNK1D;PLCB1;ADCY6,KEGG_2021_Human
KEGG_2021_Human,Estrogen signaling pathway,7/137,0.1722053964374903,0.8751230922234005,0,0,1.5716039279869067,2.764557155726254,HSP90AA1;CREB3L4;SHC1;HSPA6;PLCB1;MMP9;ADCY6,KEGG_2021_Human
KEGG_2021_Human,Mismatch repair,2/23,0.1770677073759409,0.8751230922234005,0,0,2.7744020685197155,4.803108927529514,EXO1;SSBP1,KEGG_2021_Human
KEGG_2021_Human,Protein export,2/23,0.1770677073759409,0.8751230922234005,0,0,2.7744020685197155,4.803108927529514,SRPRB;SRP68,KEGG_2021_Human
KEGG_2021_Human,Human T-cell leukemia virus 1 infection,10/219,0.1949204615600296,0.8789498233388998,0,0,1.3971291866028708,2.284534920452576,CRTC2;SMAD3;ESPL1;CREB3L4;VDAC2;E2F2;E2F3;MSX1;ADCY6;RAN,KEGG_2021_Human
KEGG_2021_Human,Rheumatoid arthritis,5/93,0.1973904451019776,0.8789498233388998,0,0,1.6569387052341598,2.688501614628012,MMP1;ATP6V1H;ATP6V1E2;ATP6V0D2;ATP6V0A1,KEGG_2021_Human
KEGG_2021_Human,Salivary secretion,5/93,0.1973904451019776,0.8789498233388998,0,0,1.6569387052341598,2.688501614628012,CHRM3;ADRA1D;ATP1B1;PLCB1;ADCY6,KEGG_2021_Human
KEGG_2021_Human,IL-17 signaling pathway,5/94,0.2032475982735169,0.8789498233388998,0,0,1.6382362955396663,2.6102516056276484,HSP90AA1;CCL7;MMP1;TRAF2;MMP9,KEGG_2021_Human
KEGG_2021_Human,Protein processing in endoplasmic reticulum,8/171,0.2103394026357171,0.8789498233388998,0,0,1.4322025193527,2.2328507753632496,HSP90AA1;SSR2;DNAJC5;LMAN2;HSPA6;TRAF2;MAN1B1;UBQLN4,KEGG_2021_Human
KEGG_2021_Human,Adherens junction,4/71,0.2105849636247005,0.8789498233388998,0,0,1.7402849594689187,2.7111309072375884,SMAD3;CSNK2A1;PARD3;CSNK2B,KEGG_2021_Human
KEGG_2021_Human,Amino sugar and nucleotide sugar metabolism,3/48,0.2136612114965956,0.8789498233388998,0,0,1.9425981873111784,2.998135413840895,GPI;NANP;HEXB,KEGG_2021_Human
KEGG_2021_Human,Endocytosis,11/252,0.2192908323637134,0.8789498233388998,0,0,1.3325846688745924,2.022005913862917,CYTH2;SMAD3;SMURF1;WIPF2;PARD3;HSPA6;AGAP1;NEDD4L;PIP5K1A;ASAP1;GIT1,KEGG_2021_Human
KEGG_2021_Human,Huntington disease,13/306,0.2207884435983148,0.8789498233388998,0,0,1.2958081199355096,1.9573833504332812,NDUFB9;UQCRB;DNAH14;TRAF2;KLC2;CREB3L4;PSMC4;VDAC2;PPARG;CYC1;POLR2H;PLCB1;STX1A,KEGG_2021_Human
KEGG_2021_Human,Inositol phosphate metabolism,4/73,0.2246762957511379,0.8789498233388998,0,0,1.6896665131881865,2.522831943651313,MIOX;PLCE1;PIP5K1A;PLCB1,KEGG_2021_Human
KEGG_2021_Human,Biosynthesis of unsaturated fatty acids,2/27,0.225982947410319,0.8789498233388998,0,0,2.33001508295626,3.465421498845892,ELOVL5;ELOVL7,KEGG_2021_Human
KEGG_2021_Human,Fatty acid elongation,2/27,0.225982947410319,0.8789498233388998,0,0,2.33001508295626,3.465421498845892,ELOVL5;ELOVL7,KEGG_2021_Human
KEGG_2021_Human,Diabetic cardiomyopathy,9/203,0.2354037731661056,0.8789498233388998,0,0,1.353634963540357,1.957969429100628,NDUFB9;SMAD3;PARP1;UQCRB;VDAC2;CYC1;PLCB1;MMP9;PPP1CA,KEGG_2021_Human
KEGG_2021_Human,Riboflavin metabolism,1/8,0.2370557901163459,0.8789498233388998,0,0,4.158347676419965,5.985774165822479,FLAD1,KEGG_2021_Human
KEGG_2021_Human,Sulfur relay system,1/8,0.2370557901163459,0.8789498233388998,0,0,4.158347676419965,5.985774165822479,CTU1,KEGG_2021_Human
KEGG_2021_Human,Glioma,4/75,0.2390015882137098,0.8789498233388998,0,0,1.64189981035989,2.3500267044227865,SHC1;PDGFB;E2F2;E2F3,KEGG_2021_Human
KEGG_2021_Human,Thyroid hormone synthesis,4/75,0.2390015882137098,0.8789498233388998,0,0,1.64189981035989,2.3500267044227865,CREB3L4;ATP1B1;PLCB1;ADCY6,KEGG_2021_Human
KEGG_2021_Human,Progesterone-mediated oocyte maturation,5/100,0.2395190054235329,0.8789498233388998,0,0,1.5342902711323765,2.192688764412238,CCNB1;HSP90AA1;CDK1;PKMYT1;ADCY6,KEGG_2021_Human
KEGG_2021_Human,Chronic myeloid leukemia,4/76,0.2462427520638162,0.8789498233388998,0,0,1.619011598587998,2.2689434580852947,SMAD3;SHC1;E2F2;E2F3,KEGG_2021_Human
KEGG_2021_Human,Gastric acid secretion,4/76,0.2462427520638162,0.8789498233388998,0,0,1.619011598587998,2.2689434580852947,CHRM3;ATP1B1;PLCB1;ADCY6,KEGG_2021_Human
KEGG_2021_Human,Cushing syndrome,7/155,0.2579178975931651,0.896322155626675,0,0,1.379169062679701,1.8689312653301016,CREB3L4;DVL3;E2F2;E2F3;PLCB1;ADCY6;MEN1,KEGG_2021_Human
KEGG_2021_Human,Endocrine and other factor-regulated calcium reabsorption,3/53,0.2580849786629337,0.896322155626675,0,0,1.7478851963746225,2.3674517234549413,ATP1B1;PLCB1;ADCY6,KEGG_2021_Human
KEGG_2021_Human,Pentose phosphate pathway,2/30,0.2632598355244676,0.9021037030638424,0,0,2.0800474035768155,2.776059900305556,GPI;ALDOA,KEGG_2021_Human
KEGG_2021_Human,RNA polymerase,2/31,0.2757090022255211,0.928930640294912,0,0,2.008217610651688,2.5874062645327967,POLR3F;POLR2H,KEGG_2021_Human
KEGG_2021_Human,PI3K-Akt signaling pathway,14/354,0.2911209823807167,0.928930640294912,0,0,1.2014547754585705,1.4826148381392543,CRTC2;HSP90AA1;PRKAA2;ANGPT2;PKN3;PDGFB;BRCA1;EFNA4;YWHAZ;RPTOR;EFNA3;CREB3L4;SPP1;GNB5,KEGG_2021_Human
KEGG_2021_Human,Fructose and mannose metabolism,2/33,0.3005579894756511,0.928930640294912,0,0,1.8784605653675863,2.2581248091634416,PFKFB4;ALDOA,KEGG_2021_Human
KEGG_2021_Human,SNARE interactions in vesicular transport,2/33,0.3005579894756511,0.928930640294912,0,0,1.8784605653675863,2.2581248091634416,YKT6;STX1A,KEGG_2021_Human
KEGG_2021_Human,Notch signaling pathway,3/59,0.3127388232298245,0.928930640294912,0,0,1.5601262408286578,1.8134702537451752,APH1A;DLL4;DVL3,KEGG_2021_Human
KEGG_2021_Human,Pathways in cancer,20/531,0.3152435836273251,0.928930640294912,0,0,1.1422503375354602,1.3186248210796667,ARHGEF11;HSP90AA1;SMAD3;MMP1;DAPK2;CUL2;PDGFB;TRAF2;MMP9;ADCY6;EML4;DLL4;TFG;DVL3;BIRC5;E2F2;PPARG;E2F3;GNB5;PLCB1,KEGG_2021_Human
KEGG_2021_Human,Salmonella infection,10/249,0.3163716811984017,0.928930640294912,0,0,1.2198409403047048,1.403838759446991,DYNC2LI1;CYTH2;HSP90AA1;KLC2;IRAK1;TRAF2;DYNLRB1;DYNLL1;ACBD3;ARL8B,KEGG_2021_Human
KEGG_2021_Human,Taste transduction,4/86,0.3206819225124198,0.928930640294912,0,0,1.4208331795874691,1.6159214504162978,CHRM3;HTR1D;PLCB1;ADCY6,KEGG_2021_Human
KEGG_2021_Human,Mineral absorption,3/60,0.3219044153909838,0.928930640294912,0,0,1.5326761011289554,1.7372893171992745,FTH1;ATP1B1;SLC26A6,KEGG_2021_Human
KEGG_2021_Human,Cholinergic synapse,5/113,0.3228796502898774,0.928930640294912,0,0,1.348695286195286,1.5246671464798398,CHRM3;CREB3L4;GNB5;PLCB1;ADCY6,KEGG_2021_Human
KEGG_2021_Human,Hepatocellular carcinoma,7/168,0.3260867860577671,0.928930640294912,0,0,1.2669485925730144,1.4197321001505063,SMARCE1;SMARCC1;SMAD3;SHC1;DVL3;E2F2;E2F3,KEGG_2021_Human
KEGG_2021_Human,Tight junction,7/169,0.3314618845827091,0.928930640294912,0,0,1.2590622537431049,1.3903099935689187,PRKAA2;PARD3;RAB13;PRKAG1;NEDD4L;MYL6B;TJAP1,KEGG_2021_Human
KEGG_2021_Human,"Alanine, aspartate and glutamate metabolism",2/37,0.3497258922794931,0.928930640294912,0,0,1.6634346046110753,1.7476137045974172,ADSL;CAD,KEGG_2021_Human
KEGG_2021_Human,Aldosterone-regulated sodium reabsorption,2/37,0.3497258922794931,0.928930640294912,0,0,1.6634346046110753,1.7476137045974172,NEDD4L;ATP1B1,KEGG_2021_Human
KEGG_2021_Human,Thyroid cancer,2/37,0.3497258922794931,0.928930640294912,0,0,1.6634346046110753,1.7476137045974172,TFG;PPARG,KEGG_2021_Human
KEGG_2021_Human,Non-homologous end-joining,1/13,0.3557915209883394,0.928930640294912,0,0,2.4250753012048194,2.506097879105358,PRKDC,KEGG_2021_Human
KEGG_2021_Human,Breast cancer,6/147,0.3639012158804219,0.928930640294912,0,0,1.2394020598585864,1.2528778716250666,DLL4;SHC1;DVL3;E2F2;E2F3;BRCA1,KEGG_2021_Human
KEGG_2021_Human,Cortisol synthesis and secretion,3/65,0.3676501326917713,0.928930640294912,0,0,1.4087077282915894,1.4095860849190305,CREB3L4;PLCB1;ADCY6,KEGG_2021_Human
KEGG_2021_Human,Phospholipase D signaling pathway,6/148,0.3698506712904124,0.928930640294912,0,0,1.2306097587039688,1.2240333135967518,CYTH2;SHC1;PDGFB;PIP5K1A;PLCB1;ADCY6,KEGG_2021_Human
KEGG_2021_Human,Various types of N-glycan biosynthesis,2/39,0.3738830611590648,0.928930640294912,0,0,1.5733561615914555,1.5478869885391668,HEXB;MAN1B1,KEGG_2021_Human
KEGG_2021_Human,Thyroid hormone signaling pathway,5/121,0.3757564311375166,0.928930640294912,0,0,1.2551593521421107,1.2285677155872954,MED24;MED30;PLCE1;ATP1B1;PLCB1,KEGG_2021_Human
KEGG_2021_Human,Gastric cancer,6/149,0.3758037481959447,0.928930640294912,0,0,1.221940426796269,1.1958986989756974,SMAD3;CDX2;SHC1;DVL3;E2F2;E2F3,KEGG_2021_Human
KEGG_2021_Human,Adrenergic signaling in cardiomyocytes,6/150,0.3817590409283681,0.928930640294912,0,0,1.213391502276176,1.1684543395002256,CREB3L4;ADRA1D;ATP1B1;PLCB1;ADCY6;PPP1CA,KEGG_2021_Human
KEGG_2021_Human,Glycolysis / Gluconeogenesis,3/67,0.3858204373869967,0.928930640294912,0,0,1.364543995468278,1.2995687849512636,GPI;PGK1;ALDOA,KEGG_2021_Human
KEGG_2021_Human,Mitophagy,3/68,0.3948605305075281,0.928930640294912,0,0,1.3434812921217756,1.2483932649687055,CSNK2A1;CSNK2B;TAX1BP1,KEGG_2021_Human
KEGG_2021_Human,Thiamine metabolism,1/15,0.3979470747433656,0.928930640294912,0,0,2.07842082616179,1.915132313953084,NTPCR,KEGG_2021_Human
KEGG_2021_Human,Amphetamine addiction,3/69,0.4038652195077827,0.928930640294912,0,0,1.323056852513046,1.1995813436414442,CREB3L4;STX1A;PPP1CA,KEGG_2021_Human
KEGG_2021_Human,Renal cell carcinoma,3/69,0.4038652195077827,0.928930640294912,0,0,1.323056852513046,1.1995813436414442,CUL2;PRCC;PDGFB,KEGG_2021_Human
KEGG_2021_Human,Oxytocin signaling pathway,6/154,0.4055748794846882,0.928930640294912,0,0,1.180351064266087,1.0652075380060364,PRKAA2;PRKAG1;MYL6B;PLCB1;ADCY6;PPP1CA,KEGG_2021_Human
KEGG_2021_Human,Human immunodeficiency virus 1 infection,8/212,0.4087072573640752,0.928930640294912,0,0,1.1419106455367536,1.0217315515801453,DDB1;CCNB1;IRAK1;CDK1;TRAF2;AP1S3;GNB5;APOBEC3B,KEGG_2021_Human
KEGG_2021_Human,Aldosterone synthesis and secretion,4/98,0.4115582506524048,0.928930640294912,0,0,1.2386776965912385,1.0997038956982057,CREB3L4;ATP1B1;PLCB1;ADCY6,KEGG_2021_Human
KEGG_2021_Human,Prion disease,10/273,0.4229669353474717,0.928930640294912,0,0,1.1071314544451862,0.952643737369128,NDUFB9;KLC2;CSNK2A1;UQCRB;CREB3L4;PSMC4;CSNK2B;HSPA6;VDAC2;CYC1,KEGG_2021_Human
KEGG_2021_Human,Lipid and atherosclerosis,8/215,0.4238941312214581,0.928930640294912,0,0,1.1251847440054703,0.965714049146996,HSP90AA1;IRAK1;MMP1;HSPA6;PPARG;TRAF2;PLCB1;MMP9,KEGG_2021_Human
KEGG_2021_Human,Melanoma,3/72,0.4306295403474771,0.928930640294912,0,0,1.265335610140549,1.0660542273878322,PDGFB;E2F2;E2F3,KEGG_2021_Human
KEGG_2021_Human,Non-small cell lung cancer,3/72,0.4306295403474771,0.928930640294912,0,0,1.265335610140549,1.0660542273878322,EML4;E2F2;E2F3,KEGG_2021_Human
KEGG_2021_Human,Melanogenesis,4/101,0.4339988078105716,0.928930640294912,0,0,1.2001809192569832,1.0018072059836485,CREB3L4;DVL3;PLCB1;ADCY6,KEGG_2021_Human
KEGG_2021_Human,Necroptosis,6/159,0.4352335215421336,0.928930640294912,0,0,1.1414799607248058,0.9495658580350438,HSP90AA1;PARP1;FTH1;VDAC2;TRAF2;RBCK1,KEGG_2021_Human
KEGG_2021_Human,Nitrogen metabolism,1/17,0.4373479340336059,0.928930640294912,0,0,1.818429969879518,1.503889251515023,CA12,KEGG_2021_Human
KEGG_2021_Human,Pancreatic secretion,4/102,0.4414279395694308,0.928930640294912,0,0,1.187872425823582,0.9713713790073636,CHRM3;ATP1B1;PLCB1;ADCY6,KEGG_2021_Human
KEGG_2021_Human,FoxO signaling pathway,5/131,0.441671578103703,0.928930640294912,0,0,1.15494227994228,0.9438057907813272,CCNB1;SMAD3;PRKAA2;PRMT1;PRKAG1,KEGG_2021_Human
KEGG_2021_Human,Glycosphingolipid biosynthesis,2/45,0.4439038445034451,0.928930640294912,0,0,1.3533971728226175,1.099157868448004,HEXB;B4GALT4,KEGG_2021_Human
KEGG_2021_Human,Dopaminergic synapse,5/132,0.448190354150306,0.928930640294912,0,0,1.1457885946074922,0.919538015370056,GSK3A;CREB3L4;GNB5;PLCB1;PPP1CA,KEGG_2021_Human
KEGG_2021_Human,PPAR signaling pathway,3/74,0.4482298153625578,0.928930640294912,0,0,1.2295646993744946,0.9866632061358932,MMP1;PPARG;ACSL3,KEGG_2021_Human
KEGG_2021_Human,Alzheimer disease,13/369,0.4555617423568286,0.928930640294912,0,0,1.0629652926173572,0.8357288486017841,CHRM3;NDUFB9;CSNK2A1;UQCRB;TRAF2;APH1A;KLC2;PSMC4;CSNK2B;VDAC2;DVL3;CYC1;PLCB1,KEGG_2021_Human
KEGG_2021_Human,Fatty acid biosynthesis,1/18,0.4560719932788273,0.928930640294912,0,0,1.7113749114103474,1.3436083185793315,ACSL3,KEGG_2021_Human
KEGG_2021_Human,Other glycan degradation,1/18,0.4560719932788273,0.928930640294912,0,0,1.7113749114103474,1.3436083185793315,HEXB,KEGG_2021_Human
KEGG_2021_Human,Chemokine signaling pathway,7/192,0.4564286994146065,0.928930640294912,0,0,1.1012075905692926,0.86370219969349,GSK3A;CCL7;SHC1;PARD3;GNB5;PLCB1;ADCY6,KEGG_2021_Human
KEGG_2021_Human,Transcriptional misregulation in cancer,7/192,0.4564286994146065,0.928930640294912,0,0,1.1012075905692926,0.86370219969349,PLAU;PRCC;PPARG;NUPR1;ETV4;MMP9;MEN1,KEGG_2021_Human
KEGG_2021_Human,Pancreatic cancer,3/76,0.4656067568910197,0.928930640294912,0,0,1.1957538385134296,0.9140508198001824,SMAD3;E2F2;E2F3,KEGG_2021_Human
KEGG_2021_Human,Carbohydrate digestion and absorption,2/47,0.4662738183527508,0.928930640294912,0,0,1.2931121166415285,0.9866215591408496,ATP1B1;PLCB1,KEGG_2021_Human
KEGG_2021_Human,"Parathyroid hormone synthesis, secretion and action",4/106,0.4708327013749554,0.928930640294912,0,0,1.1410518821749578,0.8595001222231381,ARHGEF11;CREB3L4;PLCB1;ADCY6,KEGG_2021_Human
KEGG_2021_Human,Glycosaminoglycan degradation,1/19,0.4741738534359113,0.928930640294912,0,0,1.616214859437751,1.2059892162185668,HEXB,KEGG_2021_Human
KEGG_2021_Human,Human cytomegalovirus infection,8/225,0.4741794239514161,0.928930640294912,0,0,1.0727717806816348,0.8004695803828399,ARHGEF11;CREB3L4;E2F2;TRAF2;E2F3;GNB5;PLCB1;ADCY6,KEGG_2021_Human
KEGG_2021_Human,Insulin signaling pathway,5/137,0.4804612501687095,0.928930640294912,0,0,1.1021005509641872,0.8078492906260021,RPTOR;PRKAA2;SHC1;PRKAG1;PPP1CA,KEGG_2021_Human
KEGG_2021_Human,Antigen processing and presentation,3/78,0.4827380198566971,0.928930640294912,0,0,1.1637462235649547,0.8475344664430249,HSP90AA1;NFYA;HSPA6,KEGG_2021_Human
KEGG_2021_Human,Pathogenic Escherichia coli infection,7/197,0.483237937392605,0.928930640294912,0,0,1.0719484882418813,0.7795703817305113,ARHGEF11;CYTH2;BAIAP2L1;IRAK1;MYO1A;WIPF2;TRAF2,KEGG_2021_Human
KEGG_2021_Human,RNA degradation,3/79,0.4912051743143238,0.928930640294912,0,0,1.148374145333121,0.8163715641034238,EXOSC5;EXOSC4;PNPT1,KEGG_2021_Human
KEGG_2021_Human,One carbon pool by folate,1/20,0.4916741599010276,0.928930640294912,0,0,1.5310716550412176,1.086967569300182,MTHFD1L,KEGG_2021_Human
KEGG_2021_Human,HIF-1 signaling pathway,4/109,0.492504920587558,0.928930640294912,0,0,1.1082775016209208,0.7849384574887438,ANGPT2;CUL2;PGK1;ALDOA,KEGG_2021_Human
KEGG_2021_Human,Measles,5/139,0.493192950199932,0.928930640294912,0,0,1.0855382180009046,0.7673179019233475,CSNK2A1;IRAK1;CSNK2B;HSPA6;TP73,KEGG_2021_Human
KEGG_2021_Human,Arginine and proline metabolism,2/50,0.4988032231933769,0.928930640294912,0,0,1.21210407239819,0.8430712340926604,SMOX;PYCR2,KEGG_2021_Human
KEGG_2021_Human,Cysteine and methionine metabolism,2/50,0.4988032231933769,0.928930640294912,0,0,1.21210407239819,0.8430712340926604,APIP;ENOPH1,KEGG_2021_Human
KEGG_2021_Human,N-Glycan biosynthesis,2/50,0.4988032231933769,0.928930640294912,0,0,1.21210407239819,0.8430712340926604,ALG8;MAN1B1,KEGG_2021_Human
KEGG_2021_Human,Pantothenate and CoA biosynthesis,1/21,0.5085928741440946,0.9403479759354842,0,0,1.4544427710843373,0.9833595739585842,VNN2,KEGG_2021_Human
KEGG_2021_Human,Signaling pathways regulating pluripotency of stem cells,5/143,0.5182973877094315,0.9446980754703822,0,0,1.0538537549407114,0.6925991098392675,SMAD3;SETDB1;HOXD1;DVL3;OTX1,KEGG_2021_Human
KEGG_2021_Human,Spinocerebellar ataxia,5/143,0.5182973877094315,0.9446980754703822,0,0,1.0538537549407114,0.6925991098392675,NFYA;PSMC4;VDAC2;TRAF2;PLCB1,KEGG_2021_Human
KEGG_2021_Human,Glycosaminoglycan biosynthesis,2/53,0.5300339718372281,0.9592868363532931,0,0,1.1406263863011268,0.724085800323859,XYLT2;B4GALT4,KEGG_2021_Human
KEGG_2021_Human,Proximal tubule bicarbonate reclamation,1/23,0.5407620868140726,0.9718591350434732,0,0,1.3220837897042717,0.8127852020520473,ATP1B1,KEGG_2021_Human
KEGG_2021_Human,Amyotrophic lateral sclerosis,12/364,0.5533822822970564,0.975487212200717,0,0,0.9910378671864124,0.586403278425536,NDUFB9;KLC2;NXT1;UQCRB;NUP133;PSMC4;DNAH14;NUP62;TRAF2;CYC1;RAE1;UBQLN4,KEGG_2021_Human
KEGG_2021_Human,Cardiac muscle contraction,3/87,0.5563018656145687,0.975487212200717,0,0,1.0385735865343115,0.6090654647103091,UQCRB;CYC1;ATP1B1,KEGG_2021_Human
KEGG_2021_Human,Hedgehog signaling pathway,2/56,0.5599136039442065,0.975487212200717,0,0,1.0770906653259595,0.6246832737564707,SMURF1;CSNK1D,KEGG_2021_Human
KEGG_2021_Human,"Growth hormone synthesis, secretion and action",4/119,0.5617857004522875,0.975487212200717,0,0,1.0113793330263765,0.5831965373545878,CREB3L4;SHC1;PLCB1;ADCY6,KEGG_2021_Human
KEGG_2021_Human,Axon guidance,6/182,0.5661453688997842,0.975487212200717,0,0,0.9911194647537592,0.5638522226832183,ENAH;EFNA3;PARD3;PLXNA2;EFNA4;PLXNA3,KEGG_2021_Human
KEGG_2021_Human,PD-L1 expression and PD-1 checkpoint pathway in cancer,3/89,0.5717804980363347,0.975487212200717,0,0,1.0143153235438769,0.567002373320532,EML4;CSNK2A1;CSNK2B,KEGG_2021_Human
KEGG_2021_Human,Phagosome,5/152,0.5727143375198686,0.975487212200717,0,0,0.9888682745825604,0.5511637549022806,COLEC12;ATP6V1H;ATP6V1E2;ATP6V0D2;ATP6V0A1,KEGG_2021_Human
KEGG_2021_Human,Shigellosis,8/246,0.5755074887776735,0.975487212200717,0,0,0.9770410447283936,0.5398181457162203,RPTOR;CYTH2;GSK3A;CBX3;PLCE1;TRAF2;RBCK1;PLCB1,KEGG_2021_Human
KEGG_2021_Human,MicroRNAs in cancer,10/310,0.5838043824362913,0.975487212200717,0,0,0.968702290076336,0.5213452208189411,RPTOR;EFNA3;PLAU;SHC1;PDGFB;E2F2;E2F3;BRCA1;EFNA4;MMP9,KEGG_2021_Human
KEGG_2021_Human,mTOR signaling pathway,5/154,0.5843668985876094,0.975487212200717,0,0,0.9754931869025828,0.5240605393008886,RPTOR;PRKAA2;ATP6V1H;DVL3;ATP6V1E2,KEGG_2021_Human
KEGG_2021_Human,Maturity onset diabetes of the young,1/26,0.5851161197739073,0.975487212200717,0,0,1.1632530120481928,0.6234395844845064,MAFA,KEGG_2021_Human
KEGG_2021_Human,Regulation of actin cytoskeleton,7/218,0.5906225658168762,0.975487212200717,0,0,0.9642028839366744,0.5077281246732059,ENAH;CHRM3;DIAPH3;PDGFB;PIP5K1A;GIT1;PPP1CA,KEGG_2021_Human
KEGG_2021_Human,Small cell lung cancer,3/92,0.594359782921685,0.975487212200717,0,0,0.9799721647034862,0.5098505569857433,E2F2;TRAF2;E2F3,KEGG_2021_Human
KEGG_2021_Human,Ribosome,5/158,0.607146110308715,0.975487212200717,0,0,0.949792038027332,0.4739327475059611,MRPS18A;MRPS10;MRPL13;MRPL24;MRPL10,KEGG_2021_Human
KEGG_2021_Human,Kaposi sarcoma-associated herpesvirus infection,6/193,0.623380752252285,0.975487212200717,0,0,0.9322827489390018,0.440594764531743,ANGPT2;PDGFB;E2F2;TRAF2;E2F3;GNB5,KEGG_2021_Human
KEGG_2021_Human,Cytosolic DNA-sensing pathway,2/63,0.6242422463606491,0.975487212200717,0,0,0.9531439309645674,0.4491374050920642,POLR3F;POLR2H,KEGG_2021_Human
KEGG_2021_Human,Lysine degradation,2/63,0.6242422463606491,0.975487212200717,0,0,0.9531439309645674,0.4491374050920642,SETDB1;SUV39H1,KEGG_2021_Human
KEGG_2021_Human,Circadian entrainment,3/97,0.6302330883541827,0.975487212200717,0,0,0.9276049366844508,0.4282432400381928,GNB5;PLCB1;ADCY6,KEGG_2021_Human
KEGG_2021_Human,Phosphatidylinositol signaling system,3/97,0.6302330883541827,0.975487212200717,0,0,0.9276049366844508,0.4282432400381928,PLCE1;PIP5K1A;PLCB1,KEGG_2021_Human
KEGG_2021_Human,GnRH secretion,2/64,0.6328136539842809,0.975487212200717,0,0,0.9377219870578504,0.4290821569938054,SPP1;PLCB1,KEGG_2021_Human
KEGG_2021_Human,Choline metabolism in cancer,3/98,0.6371386040907759,0.975487212200717,0,0,0.9177929718556208,0.4137117557891901,CHKA;PDGFB;PIP5K1A,KEGG_2021_Human
KEGG_2021_Human,Glycerophospholipid metabolism,3/98,0.6371386040907759,0.975487212200717,0,0,0.9177929718556208,0.4137117557891901,GNPAT;LPGAT1;CHKA,KEGG_2021_Human
KEGG_2021_Human,Inflammatory mediator regulation of TRP channels,3/98,0.6371386040907759,0.975487212200717,0,0,0.9177929718556208,0.4137117557891901,PLCB1;ADCY6;PPP1CA,KEGG_2021_Human
KEGG_2021_Human,Ascorbate and aldarate metabolism,1/30,0.637672574512531,0.975487212200717,0,0,1.0025965932696304,0.4510986195415593,MIOX,KEGG_2021_Human
KEGG_2021_Human,beta-Alanine metabolism,1/30,0.637672574512531,0.975487212200717,0,0,1.0025965932696304,0.4510986195415593,SMOX,KEGG_2021_Human
KEGG_2021_Human,Aminoacyl-tRNA biosynthesis,2/66,0.6494966110849845,0.9763700217018134,0,0,0.9083239064856712,0.3919941401628544,AARS2;IARS2,KEGG_2021_Human
KEGG_2021_Human,Wnt signaling pathway,5/166,0.6504725967063543,0.9763700217018134,0,0,0.9022209674383588,0.388005638196176,SMAD3;CSNK2A1;CSNK2B;DVL3;PLCB1,KEGG_2021_Human
KEGG_2021_Human,AGE-RAGE signaling pathway in diabetic complications,3/100,0.6506775418483627,0.9763700217018134,0,0,0.8987759678574766,0.3862409613161891,SMAD3;PLCE1;PLCB1,KEGG_2021_Human
KEGG_2021_Human,Ras signaling pathway,7/232,0.6555564166384896,0.9763700217018134,0,0,0.90354609929078,0.3815412362029453,EFNA3;ANGPT2;SHC1;PDGFB;PLCE1;GNB5;EFNA4,KEGG_2021_Human
KEGG_2021_Human,Long-term potentiation,2/67,0.6576097168319417,0.9763700217018134,0,0,0.8943032834435549,0.3748415506079582,PLCB1;PPP1CA,KEGG_2021_Human
KEGG_2021_Human,Viral carcinogenesis,6/203,0.671460353045549,0.9763700217018134,0,0,0.8844965838102647,0.3522952609927038,DDB1;CREB3L4;CDK1;TRAF2;ATP6V0D2;YWHAZ,KEGG_2021_Human
KEGG_2021_Human,Yersinia infection,4/137,0.672173600108361,0.9763700217018134,0,0,0.8736819355499187,0.3470602224085328,IRAK1;WIPF2;PIP5K1A;TRAF2,KEGG_2021_Human
KEGG_2021_Human,Renin secretion,2/69,0.6733839355505881,0.9763700217018134,0,0,0.8675176155421985,0.343050843408506,PLCB1;ADCY6,KEGG_2021_Human
KEGG_2021_Human,Proteoglycans in cancer,6/205,0.680591818231234,0.9763700217018134,0,0,0.8755156663438589,0.3368918956556055,TFAP4;PLAU;GPC3;PLCE1;MMP9;PPP1CA,KEGG_2021_Human
KEGG_2021_Human,Fluid shear stress and atherosclerosis,4/139,0.6831729562065526,0.9763700217018134,0,0,0.8606488485459741,0.3279134262978651,HSP90AA1;PRKAA2;PDGFB;MMP9,KEGG_2021_Human
KEGG_2021_Human,Apoptosis,4/142,0.6991816475205535,0.9763700217018134,0,0,0.8418075379859238,0.3012363682542848,PARP1;BIRC5;TRAF2;LMNB2,KEGG_2021_Human
KEGG_2021_Human,Starch and sucrose metabolism,1/36,0.7043071802878168,0.9763700217018134,0,0,0.8304647160068847,0.2911116682205578,GPI,KEGG_2021_Human
KEGG_2021_Human,African trypanosomiasis,1/37,0.7141566491991618,0.9763700217018134,0,0,0.8073544176706827,0.2717982416159434,PLCB1,KEGG_2021_Human
KEGG_2021_Human,Pathways of neurodegeneration,14/475,0.7152177164488795,0.9763700217018134,0,0,0.8804608961350967,0.2951025677822295,CHRM3;NDUFB9;CSNK2A1;UQCRB;DNAH14;TRAF2;KLC2;PSMC4;CSNK2B;DVL3;VDAC2;CYC1;PLCB1;STX1A,KEGG_2021_Human
KEGG_2021_Human,Tuberculosis,5/180,0.7186441038112956,0.9763700217018134,0,0,0.8294372294372294,0.2740369629677979,IRAK1;NFYA;ATP6V1H;ATP6V0D2;ATP6V0A1,KEGG_2021_Human
KEGG_2021_Human,NOD-like receptor signaling pathway,5/181,0.7231300831057575,0.9763700217018134,0,0,0.8246814738292011,0.2673338197488102,HSP90AA1;VDAC2;TRAF2;RBCK1;PLCB1,KEGG_2021_Human
KEGG_2021_Human,Primary immunodeficiency,1/38,0.7236785090345316,0.9763700217018134,0,0,0.7854933246499511,0.2540348514601989,AIRE,KEGG_2021_Human
KEGG_2021_Human,TNF signaling pathway,3/112,0.7242797233002146,0.9763700217018134,0,0,0.7993292497020428,0.2578457134278658,CREB3L4;TRAF2;MMP9,KEGG_2021_Human
KEGG_2021_Human,cAMP signaling pathway,6/216,0.7278215612605065,0.9763700217018134,0,0,0.8291784088445697,0.2634294572684021,CREB3L4;HTR1D;PLCE1;ATP1B1;ADCY6;PPP1CA,KEGG_2021_Human
KEGG_2021_Human,Retrograde endocannabinoid signaling,4/148,0.7294333654463389,0.9763700217018134,0,0,0.8064800806858295,0.2544341892592389,NDUFB9;GNB5;PLCB1;ADCY6,KEGG_2021_Human
KEGG_2021_Human,Serotonergic synapse,3/113,0.7298290497166596,0.9763700217018134,0,0,0.7920214226860752,0.249443147948209,HTR1D;GNB5;PLCB1,KEGG_2021_Human
KEGG_2021_Human,Glutamatergic synapse,3/114,0.7352903089650235,0.9763700217018134,0,0,0.7848452682289541,0.2413319770079766,GNB5;PLCB1;ADCY6,KEGG_2021_Human
KEGG_2021_Human,Neurotrophin signaling pathway,3/119,0.7612956041486975,0.9763700217018134,0,0,0.7508203979581206,0.204773916170012,IRAK1;SHC1;TP73,KEGG_2021_Human
KEGG_2021_Human,Peroxisome,2/82,0.7619219199670337,0.9763700217018134,0,0,0.7260558069381599,0.1974227026679166,GNPAT;ACSL3,KEGG_2021_Human
KEGG_2021_Human,MAPK signaling pathway,8/294,0.7653504067513113,0.9763700217018134,0,0,0.8110185096486466,0.2168837879892173,EFNA3;ANGPT2;IRAK1;HSPA6;PDGFB;TRAF2;EFNA4;STK3,KEGG_2021_Human
KEGG_2021_Human,Fatty acid degradation,1/43,0.7667421237889068,0.9763700217018134,0,0,0.691802925989673,0.1837461419911257,ACSL3,KEGG_2021_Human
KEGG_2021_Human,Porphyrin and chlorophyll metabolism,1/43,0.7667421237889068,0.9763700217018134,0,0,0.691802925989673,0.1837461419911257,HMBS,KEGG_2021_Human
KEGG_2021_Human,Type I diabetes mellitus,1/43,0.7667421237889068,0.9763700217018134,0,0,0.691802925989673,0.1837461419911257,PTPRN,KEGG_2021_Human
KEGG_2021_Human,Hepatitis C,4/157,0.7704530147386304,0.9763700217018134,0,0,0.7586841090445255,0.1978470672132151,E2F2;TRAF2;E2F3;YWHAZ,KEGG_2021_Human
KEGG_2021_Human,Human papillomavirus infection,9/331,0.7752397726832354,0.9763700217018134,0,0,0.810090327223148,0.2062351555979603,CREB3L4;PARD3;SPP1;ATP6V1H;DVL3;TUBG1;ATP6V1E2;ATP6V0D2;ATP6V0A1,KEGG_2021_Human
KEGG_2021_Human,Colorectal cancer,2/86,0.7846352033961573,0.9763700217018134,0,0,0.6913380736910149,0.1676746325462109,SMAD3;BIRC5,KEGG_2021_Human
KEGG_2021_Human,Platelet activation,3/124,0.7851930377315673,0.9763700217018134,0,0,0.7196075004369429,0.1740195756390092,PLCB1;ADCY6;PPP1CA,KEGG_2021_Human
KEGG_2021_Human,Proteasome,1/46,0.789292323593758,0.9763700217018134,0,0,0.6455823293172691,0.1527567404029901,PSMC4,KEGG_2021_Human
KEGG_2021_Human,Type II diabetes mellitus,1/46,0.789292323593758,0.9763700217018134,0,0,0.6455823293172691,0.1527567404029901,MAFA,KEGG_2021_Human
KEGG_2021_Human,Pyruvate metabolism,1/47,0.7963144530309413,0.9763700217018134,0,0,0.6315151911995809,0.1438346133387174,ACYP1,KEGG_2021_Human
KEGG_2021_Human,GABAergic synapse,2/89,0.8003992907927998,0.9763700217018134,0,0,0.667394809382639,0.1485918252422636,GNB5;ADCY6,KEGG_2021_Human
KEGG_2021_Human,Focal adhesion,5/201,0.8022064454896447,0.9763700217018134,0,0,0.7397572665429808,0.163034579420418,SHC1;PDGFB;SPP1;PIP5K1A;PPP1CA,KEGG_2021_Human
KEGG_2021_Human,Neuroactive ligand-receptor interaction,9/341,0.8035144796910332,0.9763700217018134,0,0,0.7852767778430796,0.1717872053985256,CHRM3;NMB;PARD3;LEP;PMCH;HTR1D;TAC3;ADRA1D;APLN,KEGG_2021_Human
KEGG_2021_Human,Bile secretion,2/90,0.8054221506931382,0.9763700217018134,0,0,0.6597764980117922,0.1427681973141735,ATP1B1;ADCY6,KEGG_2021_Human
KEGG_2021_Human,Hypertrophic cardiomyopathy,2/90,0.8054221506931382,0.9763700217018134,0,0,0.6597764980117922,0.1427681973141735,PRKAA2;PRKAG1,KEGG_2021_Human
KEGG_2021_Human,Epstein-Barr virus infection,5/202,0.8056423171737768,0.9763700217018134,0,0,0.7359636978926319,0.159053096456128,IRAK1;PSMC4;E2F2;TRAF2;E2F3,KEGG_2021_Human
KEGG_2021_Human,Cocaine addiction,1/49,0.8096654239975561,0.9763700217018134,0,0,0.6051393072289156,0.127765587447982,CREB3L4,KEGG_2021_Human
KEGG_2021_Human,Ether lipid metabolism,1/49,0.8096654239975561,0.9763700217018134,0,0,0.6051393072289156,0.127765587447982,PAFAH1B3,KEGG_2021_Human
KEGG_2021_Human,Morphine addiction,2/91,0.8103323070641091,0.9763700217018134,0,0,0.6523293846492789,0.1371919537667337,GNB5;ADCY6,KEGG_2021_Human
KEGG_2021_Human,Calcium signaling pathway,6/240,0.8132043752363685,0.9763700217018134,0,0,0.7432006536710634,0.1536736927345738,CHRM3;PDGFB;PLCE1;VDAC2;ADRA1D;PLCB1,KEGG_2021_Human
KEGG_2021_Human,Cholesterol metabolism,1/50,0.8160095384035524,0.9763700217018134,0,0,0.5927587902630932,0.1205251912844735,VDAC2,KEGG_2021_Human
KEGG_2021_Human,GnRH signaling pathway,2/93,0.8198222177922782,0.9763700217018134,0,0,0.6379261763877149,0.1267353707602373,PLCB1;ADCY6,KEGG_2021_Human
KEGG_2021_Human,Ovarian steroidogenesis,1/51,0.8221424998991335,0.9763700217018134,0,0,0.5808734939759036,0.1137591604239389,ADCY6,KEGG_2021_Human
KEGG_2021_Human,TGF-beta signaling pathway,2/94,0.8244058159894688,0.9763700217018134,0,0,0.6309594071742409,0.1218334505707504,SMAD3;SMURF1,KEGG_2021_Human
KEGG_2021_Human,Fc gamma R-mediated phagocytosis,2/97,0.8375340958582299,0.9764272690884672,0,0,0.6109391124871001,0.1083154141861117,PIP5K1A;ASAP1,KEGG_2021_Human
KEGG_2021_Human,Autophagy,3/137,0.8381680841167393,0.9764272690884672,0,0,0.6493551878071876,0.1146349706246469,RPTOR;PRKAA2;DAPK2,KEGG_2021_Human
KEGG_2021_Human,Parkinson disease,6/249,0.8392350514526657,0.9764272690884672,0,0,0.7153374922722419,0.1253732357768779,NDUFB9;KLC2;UQCRB;PSMC4;VDAC2;CYC1,KEGG_2021_Human
KEGG_2021_Human,Regulation of lipolysis in adipocytes,1/55,0.8446997208639686,0.9764272690884672,0,0,0.5377342704149933,0.0907556039262226,ADCY6,KEGG_2021_Human
KEGG_2021_Human,Herpes simplex virus 1 infection,13/498,0.8488985695442549,0.9764272690884672,0,0,0.774935171715894,0.1269464471074714,ZNF473;ZNF282;TRAF2;HCFC1;SRPK1;PPP1CA;IRAK1;ZNF765;ZNF544;ZNF620;ZNF343;ZNF530;ZNF189,KEGG_2021_Human
KEGG_2021_Human,Glutathione metabolism,1/57,0.8548831652716945,0.9764272690884672,0,0,0.5184756884681584,0.0812920459388683,RRM1,KEGG_2021_Human
KEGG_2021_Human,Legionellosis,1/57,0.8548831652716945,0.9764272690884672,0,0,0.5184756884681584,0.0812920459388683,HSPA6,KEGG_2021_Human
KEGG_2021_Human,Chagas disease,2/102,0.8574523147798112,0.9764272690884672,0,0,0.5802413273001509,0.0892351460789969,IRAK1;PLCB1,KEGG_2021_Human
KEGG_2021_Human,Toll-like receptor signaling pathway,2/104,0.864775778780856,0.9764272690884672,0,0,0.5688048975246207,0.0826388314445637,IRAK1;SPP1,KEGG_2021_Human
KEGG_2021_Human,Long-term depression,1/60,0.8689217722560759,0.9764272690884672,0,0,0.4920359403716561,0.0691321213688071,PLCB1,KEGG_2021_Human
KEGG_2021_Human,Viral myocarditis,1/60,0.8689217722560759,0.9764272690884672,0,0,0.4920359403716561,0.0691321213688071,EIF4G2,KEGG_2021_Human
KEGG_2021_Human,Alcoholism,4/186,0.870046088020463,0.9764272690884672,0,0,0.6368306428820801,0.0886526168273417,CREB3L4;SHC1;GNB5;PPP1CA,KEGG_2021_Human
KEGG_2021_Human,Th17 cell differentiation,2/107,0.8751158151278693,0.977846802121141,0,0,0.5524671407024349,0.0736985868847718,HSP90AA1;SMAD3,KEGG_2021_Human
KEGG_2021_Human,Basal cell carcinoma,1/63,0.8816041070006607,0.9808322748881808,0,0,0.4681548775748154,0.058993217645699,DVL3,KEGG_2021_Human
KEGG_2021_Human,Inflammatory bowel disease,1/65,0.8893706627500167,0.9819076700113648,0,0,0.4534779743975903,0.0531662959464728,SMAD3,KEGG_2021_Human
KEGG_2021_Human,Toxoplasmosis,2/112,0.8907428981227767,0.9819076700113648,0,0,0.5272178801590567,0.060998817418346,IRAK1;HSPA6,KEGG_2021_Human
KEGG_2021_Human,Chemical carcinogenesis,5/239,0.9025250875297076,0.9819076700113648,0,0,0.6183954933954934,0.0634218943755909,DLL4;HSP90AA1;CREB3L4;BIRC5;ADCY6,KEGG_2021_Human
KEGG_2021_Human,Prolactin signaling pathway,1/70,0.9066334046739446,0.9819076700113648,0,0,0.4205081194342587,0.0412169843137923,SHC1,KEGG_2021_Human
KEGG_2021_Human,RIG-I-like receptor signaling pathway,1/70,0.9066334046739446,0.9819076700113648,0,0,0.4205081194342587,0.0412169843137923,TRAF2,KEGG_2021_Human
KEGG_2021_Human,JAK-STAT signaling pathway,3/162,0.908999505428722,0.9819076700113648,0,0,0.5465427805962492,0.0521460450649548,PIAS3;LEP;PDGFB,KEGG_2021_Human
KEGG_2021_Human,Sphingolipid signaling pathway,2/119,0.9095873212683596,0.9819076700113648,0,0,0.4954944502455815,0.0469551725630713,TRAF2;PLCB1,KEGG_2021_Human
KEGG_2021_Human,Pertussis,1/76,0.9238355047054922,0.9819076700113648,0,0,0.3867469879518072,0.0306385792002219,IRAK1,KEGG_2021_Human
KEGG_2021_Human,Bacterial invasion of epithelial cells,1/77,0.9263775679002698,0.9819076700113648,0,0,0.3816383956880152,0.0291851806231606,SHC1,KEGG_2021_Human
KEGG_2021_Human,Leishmaniasis,1/77,0.9263775679002698,0.9819076700113648,0,0,0.3816383956880152,0.0291851806231606,IRAK1,KEGG_2021_Human
KEGG_2021_Human,Osteoclast differentiation,2/127,0.9273836039980208,0.9819076700113648,0,0,0.4635897435897436,0.0349490974320558,TRAF2;PPARG,KEGG_2021_Human
KEGG_2021_Human,Influenza A,3/172,0.9284185362364266,0.9819076700113648,0,0,0.5139348218595255,0.038171295490629,CPSF4;NXT1;RAE1,KEGG_2021_Human
KEGG_2021_Human,Complement and coagulation cascades,1/85,0.943889462299096,0.9901207829015009,0,0,0.3451484509466437,0.019931016556893,PLAU,KEGG_2021_Human
KEGG_2021_Human,ErbB signaling pathway,1/85,0.943889462299096,0.9901207829015009,0,0,0.3451484509466437,0.019931016556893,SHC1,KEGG_2021_Human
KEGG_2021_Human,ECM-receptor interaction,1/88,0.9493248322669186,0.9917743166365774,0,0,0.3331948483589531,0.0173275481706103,SPP1,KEGG_2021_Human
KEGG_2021_Human,Th1 and Th2 cell differentiation,1/92,0.9557629648608448,0.9927362679991948,0,0,0.3184827220971799,0.0144098594850254,DLL4,KEGG_2021_Human
KEGG_2021_Human,Dilated cardiomyopathy,1/96,0.9613841834663702,0.9927362679991948,0,0,0.305009511731135,0.0120116330257401,ADCY6,KEGG_2021_Human
KEGG_2021_Human,Viral protein interaction with cytokine and cytokine receptor,1/100,0.9662920069017548,0.9927362679991948,0,0,0.2926250456370938,0.0100338804328642,CCL7,KEGG_2021_Human
KEGG_2021_Human,Amoebiasis,1/102,0.9685071161732016,0.9927362679991948,0,0,0.2868006680186091,0.0091774632171386,PLCB1,KEGG_2021_Human
KEGG_2021_Human,Protein digestion and absorption,1/103,0.969559545789097,0.9927362679991948,0,0,0.2839741318214032,0.0087786022675699,ATP1B1,KEGG_2021_Human
KEGG_2021_Human,Leukocyte transendothelial migration,1/114,0.9790574204538184,0.9972303251934208,0,0,0.2561840281479902,0.0054221313749785,MMP9,KEGG_2021_Human
KEGG_2021_Human,Neutrophil extracellular trap formation,2/189,0.9877006363239752,0.9972303251934208,0,0,0.3088860389898452,0.0038226583484569,VDAC2;PLCB1,KEGG_2021_Human
KEGG_2021_Human,Natural killer cell mediated cytotoxicity,1/131,0.9882550031600223,0.9972303251934208,0,0,0.2224860982391102,0.0026285651607285,SHC1,KEGG_2021_Human
KEGG_2021_Human,Systemic lupus erythematosus,1/135,0.9897499748360498,0.9972303251934208,0,0,0.2157997662290955,0.0022233673866103,SNRPB,KEGG_2021_Human
KEGG_2021_Human,Coronavirus disease,2/232,0.996603909530712,0.9972303251934208,0,0,0.2505738081185651,0.000852419589297222,IRAK1;MMP1,KEGG_2021_Human
KEGG_2021_Human,Cytokine-cytokine receptor interaction,3/295,0.9972303251934208,0.9972303251934208,0,0,0.2955396680875719,0.0008196844274177908,CCL7;CLCF1;LEP,KEGG_2021_Human
