gene,pvalue,up_trend,dn_trend
ENSG00000121410,0.0001470847360558052,False,False
ENSG00000268895,0.00010486271580193818,False,True
ENSG00000148584,0.014716805718823847,False,False
ENSG00000175899,0.04563775557348399,False,False
ENSG00000166535,0.532732583174514,False,False
ENSG00000256069,0.15500139699657436,False,True
ENSG00000128274,0.5351638569387906,False,False
ENSG00000118017,0.5750437301107526,False,False
ENSG00000265544,,False,False
ENSG00000094914,0.10070336319299901,True,False
ENSG00000081760,0.0013697914968163279,False,False
ENSG00000250420,0.6166731471582543,False,False
ENSG00000114771,0.0033279585598461766,False,True
ENSG00000197953,0.5962796833959243,False,False
ENSG00000188984,0.36669096210060714,False,False
ENSG00000204518,0.12713573293203653,False,False
ENSG00000109576,1.9333515885495224e-05,False,True
ENSG00000103591,0.00043027164079083085,True,False
ENSG00000115977,0.7796531216557535,False,False
ENSG00000127837,0.6173891676341228,False,False
ENSG00000129673,0.851524166908942,False,False
ENSG00000124608,0.005604144273101112,True,False
ENSG00000266967,0.006566556700442134,False,False
ENSG00000157426,0.05468455105609742,False,True
ENSG00000149313,0.7462764190832842,False,False
ENSG00000008311,6.809851321385056e-05,False,True
ENSG00000276072,8.557930329463442e-05,True,False
ENSG00000183044,2.2808412116341337e-05,False,True
ENSG00000165029,0.11811216396395953,False,False
ENSG00000154263,0.04053298140875852,False,True
ENSG00000251595,0.04347216550870775,True,False
ENSG00000144452,0.07803394147912096,False,False
ENSG00000179869,0.011825105958974845,False,False
ENSG00000238098,0.8106205545755808,False,True
ENSG00000107331,0.34350746793762077,True,False
ENSG00000167972,0.7108643183251449,False,False
ENSG00000198691,0.6002241472793903,True,False
ENSG00000154265,0.028039610918596164,False,False
ENSG00000154262,0.0006921941058096916,False,True
ENSG00000064687,0.41562260194879497,False,False
ENSG00000141338,0.00012491883166976402,False,True
ENSG00000154258,1.4386123303933132e-05,False,True
ENSG00000085563,0.7462764190832948,False,False
ENSG00000135776,0.6412496602955313,True,False
ENSG00000073734,0.0011332187516933357,False,True
ENSG00000005471,0.003983786198493815,False,True
ENSG00000004846,0.007123653589459142,False,False
ENSG00000115657,0.05311251282173222,True,False
ENSG00000131269,0.09809411493143176,False,False
ENSG00000197150,0.4279243099007961,True,False
ENSG00000150967,0.018422799806099538,False,False
ENSG00000103222,0.9287701192945929,False,False
ENSG00000124574,0.0017879432297619286,False,False
ENSG00000121270,0.5841040013440686,False,False
ENSG00000140798,0.1983681058230378,False,False
ENSG00000243064,0.7214498640142072,False,False
ENSG00000023839,0.33754797109326373,True,False
ENSG00000108846,0.5558465542560704,True,False
ENSG00000125257,0.08396172292214722,False,False
ENSG00000114770,0.5640126163946804,False,False
ENSG00000275331,0.14915473443257996,False,False
ENSG00000256340,0.011905862467360221,False,False
ENSG00000255277,0.6002241472793903,False,False
ENSG00000006071,0.8455274487369271,False,False
ENSG00000069431,0.0018124472102579682,False,True
ENSG00000101986,0.02782235594449047,True,False
ENSG00000173208,0.011518521827906249,False,True
ENSG00000117528,0.008340914623353957,False,True
ENSG00000119688,0.0009596376539762304,False,True
ENSG00000164163,0.9460872201279513,False,True
ENSG00000232169,0.0015170216306513086,True,False
ENSG00000033050,0.00027007236603043225,False,False
ENSG00000161204,0.6903860758448381,False,False
ENSG00000160179,0.6602295377331096,True,False
ENSG00000118777,0.002365726993059368,False,True
ENSG00000172350,0.0062847029717791525,False,True
ENSG00000138075,0.0001147866252330571,False,False
ENSG00000143921,0.004399127505094707,False,False
ENSG00000143994,0.1440242693448326,False,False
ENSG00000144827,0.002834686257268654,False,False
ENSG00000106077,0.8786975403013207,True,False
ENSG00000100997,0.002142368124915537,False,False
ENSG00000131969,0.41376517602003604,True,False
ENSG00000139826,0.003692833587835196,False,True
ENSG00000248487,0.8468247216543837,True,False
ENSG00000114786,0.3017783964414383,False,False
ENSG00000114779,0.011653896047618779,False,True
ENSG00000168792,0.003929926081213771,False,False
ENSG00000236063,0.361321418713897,True,False
ENSG00000183260,0.8484730417605634,False,False
ENSG00000140526,0.0022230026517241048,False,True
ENSG00000158201,0.026169264577854207,True,False
ENSG00000100439,0.015419917140115823,True,False
ENSG00000011198,0.002379568359792589,False,True
ENSG00000163686,0.00031614497299468767,False,True
ENSG00000127220,0.9731431232675515,False,False
ENSG00000136754,0.22701439326129677,True,False
ENSG00000138443,0.20921053376993967,True,False
ENSG00000108798,0.004442108381306341,False,True
ENSG00000154175,0.0012550211930603976,False,True
ENSG00000097007,0.034025282283365106,False,False
ENSG00000143322,0.009510838020894181,True,False
ENSG00000099204,0.14713818758765998,False,True
ENSG00000163995,0.2137338304383542,True,False
ENSG00000173210,0.11185310964622822,False,False
ENSG00000175164,0.1303939606089685,False,False
ENSG00000276016,0.16518642360838853,False,True
ENSG00000174429,0.5493989144072968,False,False
ENSG00000146109,0.021440168970145015,True,False
ENSG00000114626,0.4401619539926275,False,True
ENSG00000166016,0.19280296201274424,False,False
ENSG00000060971,5.392562823442823e-05,False,False
ENSG00000167315,2.623617394135293e-05,False,False
ENSG00000278540,3.7123365948509814e-05,True,False
ENSG00000076555,5.3455804835896715e-05,False,True
ENSG00000111271,0.009840063198199855,False,True
ENSG00000240303,3.2683704653342693e-05,False,False
ENSG00000151498,0.0024192269220246563,False,True
ENSG00000177646,0.06056224396732265,True,False
ENSG00000115361,1.827341660372359e-05,False,True
ENSG00000117054,0.0001250403480334042,False,True
ENSG00000122971,0.0002740400576641056,False,True
ENSG00000196177,2.748963572522159e-05,False,True
ENSG00000072778,0.018422799806099538,False,True
ENSG00000157766,0.0009194188295107539,False,False
ENSG00000072818,0.009735382667346458,False,True
ENSG00000114331,0.8838386131886712,False,False
ENSG00000131584,0.6758171240006762,False,False
ENSG00000075239,4.400913764949941e-05,False,True
ENSG00000120437,0.6338113721005718,False,False
ENSG00000182827,0.04385424263959268,True,False
ENSG00000181513,0.0004281849734996593,False,False
ENSG00000107897,0.023837162182840932,False,False
ENSG00000230124,6.80985132138511e-05,True,False
ENSG00000176244,0.06694139301865497,True,False
ENSG00000110455,0.022728135396336932,False,True
ENSG00000205126,0.5962796833959243,False,False
ENSG00000102977,0.08202516264164568,True,False
ENSG00000159640,0.8145225744292595,False,False
ENSG00000130234,0.007686768999148264,False,True
ENSG00000167769,0.0005719418072420732,False,False
ENSG00000177076,0.01348373319166033,False,True
ENSG00000078124,0.6917727229543855,False,False
ENSG00000087085,0.9797889530019297,True,False
ENSG00000100813,0.5063116857241694,False,False
ENSG00000131473,9.844058742735422e-05,False,False
ENSG00000153086,2.151589653913592e-05,False,False
ENSG00000122729,0.0006703371900456649,False,True
ENSG00000100412,0.729063703322179,False,False
ENSG00000184227,0.2037898387282614,False,False
ENSG00000162390,0.4625383689040139,False,True
ENSG00000172497,6.294113417361939e-05,False,True
ENSG00000112304,0.014759795383680177,False,False
ENSG00000119673,0.12630791646930128,False,False
ENSG00000177465,0.07478808165730418,False,True
ENSG00000205669,0.004943536649716191,False,True
ENSG00000097021,0.40682668823286516,True,False
ENSG00000101473,0.2521491340072056,True,False
ENSG00000123130,0.37419249198924803,False,False
ENSG00000161533,0.00023206389555355454,False,True
ENSG00000168306,2.748963572522159e-05,False,False
ENSG00000087008,0.16518642360838853,False,True
ENSG00000153093,0.698594242775421,False,False
ENSG00000143727,0.055326318415397334,True,False
ENSG00000134575,0.2917403444795648,False,False
ENSG00000102575,0.4536308304450588,False,True
ENSG00000162836,0.03808762609477184,True,False
ENSG00000100312,0.16137643191568696,False,True
ENSG00000111644,0.6468856075164668,False,False
ENSG00000134940,0.017808822992865625,True,False
ENSG00000103740,0.14896501752633784,False,False
ENSG00000130377,0.08341720453832176,True,False
ENSG00000167107,0.13586264850624483,False,False
ENSG00000176715,0.1492998265752604,False,True
ENSG00000151726,0.00011681321282780664,False,False
ENSG00000123983,0.0016997936459394994,True,False
ENSG00000068366,2.294185929669267e-05,True,False
ENSG00000197142,0.000375149224318906,False,False
ENSG00000164398,0.7668722115381088,False,False
ENSG00000166743,0.8634530530416704,False,False
ENSG00000183747,2.748963572522159e-05,False,True
ENSG00000066813,3.833380495512199e-05,False,True
ENSG00000005187,2.215272974866041e-05,False,True
ENSG00000215009,0.36787944117145116,False,False
ENSG00000183549,2.7276642038718503e-05,False,True
ENSG00000154930,0.46979017045706384,False,False
ENSG00000131069,0.7895702985492836,False,False
ENSG00000111058,0.8659753094387994,False,False
ENSG00000143632,0.11844374867974834,False,False
ENSG00000107796,0.07179554070655211,False,False
ENSG00000075624,0.14543143230726377,False,False
ENSG00000169067,0.273564042841722,False,False
ENSG00000159251,0.00692831853362743,False,False
ENSG00000291420,0.021440168970145015,True,False
ENSG00000163017,0.00262765723365739,True,False
ENSG00000288649,0.42875725233373474,False,False
ENSG00000136518,0.0007643608311317413,False,False
ENSG00000077080,0.8245652950993733,False,False
ENSG00000187003,0.5962796833959243,False,False
ENSG00000148156,0.04632724848816227,False,False
ENSG00000117148,0.0030372844255382035,True,False
ENSG00000181786,0.36787944117145116,False,False
ENSG00000072110,0.8460017628060118,False,False
ENSG00000077522,0.8838386131886712,False,False
ENSG00000248746,0.2330234977280963,False,False
ENSG00000282844,0.10148972027241246,True,False
ENSG00000131966,0.7019357058822984,True,False
ENSG00000138107,0.30866513398957124,False,False
ENSG00000115073,0.6758171240006762,False,False
ENSG00000138071,0.8484730417605574,False,False
ENSG00000115091,0.07068728632759971,True,False
ENSG00000133627,0.09353027464612838,True,False
ENSG00000226481,,False,False
ENSG00000288338,0.36787944117145116,False,False
ENSG00000106526,0.026683126764957106,False,False
ENSG00000101442,0.34051468229391474,True,False
ENSG00000075089,0.06038584920686455,False,False
ENSG00000113812,0.8264889020158215,False,False
ENSG00000123165,0.17686918131043766,False,False
ENSG00000169717,,False,False
ENSG00000115170,0.54514209189753,False,False
ENSG00000135503,0.08306852157274283,False,False
ENSG00000123612,0.006566556700442087,False,True
ENSG00000121989,0.11141893994634149,False,True
ENSG00000114739,0.7888029805353111,False,False
ENSG00000139567,0.45099217093361643,False,False
ENSG00000243989,0.07805699654811224,False,True
ENSG00000132744,0.014759795383680177,False,False
ENSG00000119640,0.02279452717605955,True,False
ENSG00000170634,4.4352789498377696e-05,False,True
ENSG00000196839,0.3224699710555938,False,False
ENSG00000164113,0.5962796833959243,False,False
ENSG00000140955,0.03193211357248673,False,True
ENSG00000137845,0.8838386131886712,True,False
ENSG00000073670,0.8169018986631806,False,True
ENSG00000148848,0.19582577895800432,False,False
ENSG00000143537,0.0008294080952103756,True,False
ENSG00000151694,0.38079895733984226,False,False
ENSG00000278548,0.16895653641471803,False,False
ENSG00000135074,0.6718860612012494,False,False
ENSG00000276286,0.12713573293203653,False,False
ENSG00000134007,0.5700961379251326,False,True
ENSG00000139985,0.5290284269662393,False,True
ENSG00000235812,0.5444494082653788,False,False
ENSG00000008277,0.6468856075164668,False,False
ENSG00000114948,0.4576177946128047,False,False
ENSG00000042980,0.06571610339612656,False,False
ENSG00000168594,0.04111412154482537,False,False
ENSG00000134249,0.8315497217649173,False,False
ENSG00000197140,0.22636709715615747,False,False
ENSG00000149451,0.2917403444795648,False,False
ENSG00000293380,0.5962796833959243,False,False
ENSG00000271968,0.36669096210060714,False,False
ENSG00000069206,0.5962796833959243,False,False
ENSG00000151651,0.5807064113317143,False,False
ENSG00000282230,0.01606264136845738,False,False
ENSG00000134028,0.02397662836157582,False,False
ENSG00000154734,0.18617113185875345,False,True
ENSG00000142303,0.2129041999228439,False,False
ENSG00000281690,0.010043043624906588,False,True
ENSG00000160323,4.47861303717353e-05,False,True
ENSG00000138316,0.4951148695123805,False,False
ENSG00000166106,0.2378602531407626,False,False
ENSG00000145536,0.026438097805207065,False,False
ENSG00000140470,0.0013304135634783713,False,True
ENSG00000140873,0.5807044020295418,False,False
ENSG00000145808,,False,False
ENSG00000087116,0.0004062836809681622,False,True
ENSG00000173157,0.1435366349894662,False,False
ENSG00000156140,0.008332808778877139,False,False
ENSG00000158859,0.2667771109015765,True,False
ENSG00000154736,0.4304280042513139,False,True
ENSG00000049192,0.24561588954839772,False,False
ENSG00000136378,0.11338607018522638,False,False
ENSG00000134917,0.06438791214185696,False,False
ENSG00000163638,0.013249804462575334,True,False
ENSG00000241684,0.024987267796190763,False,True
ENSG00000178031,0.019758699569321515,False,False
ENSG00000197859,8.574588096139972e-05,False,True
ENSG00000156218,0.01935935556370506,False,True
ENSG00000143382,0.007350550518689816,False,False
ENSG00000185761,0.25961231091905224,False,False
ENSG00000105963,0.05249642488970277,False,True
ENSG00000184060,0.002356544173003303,False,True
ENSG00000160710,0.11505184950452893,True,False
ENSG00000197381,0.02512213789449958,False,True
ENSG00000185736,0.0028941786279708987,False,True
ENSG00000205696,,False,False
ENSG00000065457,0.9047054630375765,False,False
ENSG00000189007,0.9260649655225167,False,False
ENSG00000213638,0.8659753094387994,True,False
ENSG00000063761,0.15597715923417643,False,False
ENSG00000133597,0.0008399581546774035,False,False
ENSG00000285451,0.08720662610258513,True,False
ENSG00000164742,1.2839240978113464e-05,False,True
ENSG00000143199,0.08978779094001982,False,False
ENSG00000078295,0.07123925843921208,False,False
ENSG00000138031,0.6784506019178687,False,False
ENSG00000129467,0.24585481549216193,False,False
ENSG00000173175,0.00262765723365739,False,True
ENSG00000174233,0.006503020123561989,True,False
ENSG00000121281,0.03462600745359591,False,True
ENSG00000155897,0.2681602431085524,False,True
ENSG00000162104,0.7941899068540217,False,True
ENSG00000141433,0.020313856056236562,False,False
ENSG00000078549,0.24562419611702857,False,False
ENSG00000087274,0.0946279279360439,True,False
ENSG00000075340,0.0006848241731559718,False,True
ENSG00000148700,0.0497145101076509,False,True
ENSG00000118492,0.023832909695733005,False,False
ENSG00000187758,3.101196131593507e-05,False,True
ENSG00000196616,2.54324488258417e-05,False,True
ENSG00000248144,0.0009765803052742808,False,True
ENSG00000198099,2.02966257151733e-05,False,True
ENSG00000197894,0.05916538797052582,False,True
ENSG00000172955,3.2747322549876324e-05,False,True
ENSG00000196344,0.02977521802014589,False,False
ENSG00000147576,0.0005308244247359333,False,False
ENSG00000280830,0.00010640327667562834,False,False
ENSG00000182035,0.6934991047285144,False,False
ENSG00000181092,0.37769291844897557,False,False
ENSG00000159346,0.02052232214449494,True,False
ENSG00000285070,0.8786975403013207,True,False
ENSG00000156110,0.00011864464194839845,False,True
ENSG00000148926,0.47622870216349256,True,False
ENSG00000128165,7.303656761576793e-05,True,False
ENSG00000101126,0.07130855732328323,True,False
ENSG00000101544,0.19754689293753813,True,False
ENSG00000181915,0.08720662610258513,False,False
ENSG00000163485,0.027633639139866346,False,False
ENSG00000128271,0.3141146968650818,False,False
ENSG00000170425,0.7108643183251449,False,False
ENSG00000282608,0.006415100388647098,False,True
ENSG00000159322,0.08453511783334182,False,False
ENSG00000144843,0.2086011831321167,False,False
ENSG00000153531,0.4536308304450619,True,False
ENSG00000120907,2.145322892368034e-05,False,True
ENSG00000170214,0.0007337759967888322,False,False
ENSG00000171873,0.0009033234334115003,True,False
ENSG00000150594,0.17358396891838315,False,False
ENSG00000274286,4.5267697050968946e-05,False,True
ENSG00000184160,0.1374571063828397,False,False
ENSG00000043591,0.024166441328333437,False,True
ENSG00000169252,0.0010172855709004091,False,True
ENSG00000188778,0.5789399767802186,False,False
ENSG00000130706,0.5645612667564903,True,False
ENSG00000239900,0.009483136570542498,True,False
ENSG00000111863,0.2037852023130512,False,True
ENSG00000106624,0.00271069737375976,False,False
ENSG00000139154,0.4951148695123805,False,True
ENSG00000181026,0.38752206154707847,False,False
ENSG00000196526,0.23647667826617091,False,False
ENSG00000272620,0.879963530737017,False,False
ENSG00000157510,0.5640126163946804,False,False
ENSG00000169129,0.0719352886735801,False,True
ENSG00000172493,0.002718615666210725,False,False
ENSG00000155966,0.39365424163338336,False,False
ENSG00000144218,0.06707169252601035,True,False
ENSG00000072364,0.1137172853449419,False,True
ENSG00000223959,0.49607859644832597,True,False
ENSG00000141385,0.9932170803579593,False,False
ENSG00000079557,3.79998242651914e-05,False,True
ENSG00000183077,0.14915473443257996,False,True
ENSG00000081051,0.03291886815763896,False,False
ENSG00000119844,0.3826546990822456,True,False
ENSG00000038002,0.9703087278278311,False,False
ENSG00000157985,0.0014144547167671447,True,False
ENSG00000151303,0.04577106927310013,False,True
ENSG00000135439,0.05039585354505424,False,False
ENSG00000133612,0.23441639115790464,False,False
ENSG00000188234,0.7528354471352348,True,False
ENSG00000172650,0.028451546916670584,False,False
ENSG00000204149,0.1620052725512871,False,False
ENSG00000204172,0.2378602531407626,False,False
ENSG00000273540,0.36787944117145116,False,False
ENSG00000285501,0.017582764101747823,False,False
ENSG00000146856,0.3039004998213801,True,False
ENSG00000186094,7.604546681357606e-06,False,True
ENSG00000084693,0.007568114061536908,True,False
ENSG00000237405,0.45451380988517487,False,True
ENSG00000173744,0.07851369147465591,False,False
ENSG00000106351,0.20921053376993967,True,False
ENSG00000164252,0.6666801905045303,False,False
ENSG00000262327,0.8460017628060118,False,False
ENSG00000162688,2.2808412116341337e-05,False,True
ENSG00000116771,0.03857210017041502,False,True
ENSG00000187546,0.00011019359825607751,False,False
ENSG00000206324,0.0013460270408302373,True,False
ENSG00000169692,0.12816353343155473,False,False
ENSG00000160216,0.2230759299481516,False,False
ENSG00000026652,0.14318651542098132,False,False
ENSG00000155189,0.6437484380858923,False,True
ENSG00000018510,0.4625383689040139,False,False
ENSG00000106541,0.46979017045706384,True,False
ENSG00000173467,0.9402653747501754,False,False
ENSG00000188157,0.03314367906940857,False,False
ENSG00000159723,0.8652563582672231,False,False
ENSG00000135744,0.35991891133236914,False,False
ENSG00000135049,0.31016934707242383,False,False
ENSG00000144891,0.21793072841537264,False,False
ENSG00000180772,0.15383758562994948,False,False
ENSG00000177674,0.8838386131886712,False,False
ENSG00000172482,3.2747322549876324e-05,False,True
ENSG00000113492,6.480408254827677e-05,False,True
ENSG00000153207,0.06438791214185696,True,False
ENSG00000101444,0.5009254422650236,False,False
ENSG00000168710,0.34350746793762077,False,False
ENSG00000158467,0.5807064113317143,False,False
ENSG00000126705,0.04809792289527816,False,True
ENSG00000135541,0.09298623193068865,False,True
ENSG00000124942,0.5142497771684864,True,False
ENSG00000185567,0.651303345773445,False,False
ENSG00000106546,0.7773822889285338,False,False
ENSG00000063438,0.9656030691398102,False,False
ENSG00000100591,0.024590472493619675,False,False
ENSG00000145192,0.25961231091905224,False,True
ENSG00000169877,0.06239681413308419,False,False
ENSG00000111732,0.4225654683223986,False,False
ENSG00000186063,0.023606518977166754,True,False
ENSG00000204472,0.03624504484793213,False,True
ENSG00000126878,0.5182653724777262,False,False
ENSG00000156709,0.04809792289527816,False,True
ENSG00000042286,0.005385135610889873,True,False
ENSG00000183773,0.026761071578449175,True,False
ENSG00000146416,0.0015273817382445319,False,False
ENSG00000163568,0.0014820318313435129,False,True
ENSG00000164022,0.03786607969598651,True,False
ENSG00000106305,0.020284269860038055,False,False
ENSG00000110711,0.5596425648013799,True,False
ENSG00000129221,0.23751427782615694,False,False
ENSG00000160224,0.0024706976211012572,True,False
ENSG00000196581,0.0011202465639782982,False,True
ENSG00000129474,0.37057188668272373,True,False
ENSG00000106992,0.4794809831420318,False,False
ENSG00000004455,0.1725742734570529,False,True
ENSG00000147853,0.002257855488085363,False,True
ENSG00000162433,0.3475388054239949,False,False
ENSG00000154027,0.022560660329591524,False,False
ENSG00000140057,0.19735491346486317,False,False
ENSG00000165695,0.6379368044947629,False,False
ENSG00000121057,0.2917403444795648,False,False
ENSG00000108599,0.0026792541629110374,False,True
ENSG00000023516,0.1286629523173662,False,False
ENSG00000131016,0.13586264850624483,False,True
ENSG00000170776,0.006297678931171649,False,True
ENSG00000186471,0.40485988743380064,False,False
ENSG00000292343,0.9135447234295009,False,False
ENSG00000111254,2.0739808672748908e-05,False,True
ENSG00000147081,0.8507086892852735,False,False
ENSG00000179841,0.017634125596247885,False,True
ENSG00000151320,0.1452900995367527,False,False
ENSG00000118507,0.0033572080081625782,False,True
ENSG00000105127,0.17358396891838315,False,False
ENSG00000011243,0.3974433123556129,True,False
ENSG00000127914,0.014817310344199636,False,False
ENSG00000166452,0.00027537553289137275,True,False
ENSG00000174574,0.936933085603705,True,False
ENSG00000135334,0.9296735921020747,False,True
ENSG00000106948,0.004663394477010355,False,True
ENSG00000162641,0.17126304367726622,False,False
ENSG00000117448,0.0024192269220246563,False,True
ENSG00000085662,0.6375196679718531,False,True
ENSG00000198074,0.012868907137631334,False,False
ENSG00000227471,0.014718231902229498,False,False
ENSG00000187134,0.0008869603679495775,False,False
ENSG00000151632,0.0003664964827863105,False,False
ENSG00000196139,1.881427803255377e-05,True,False
ENSG00000198610,0.6002241472793903,False,True
ENSG00000122787,1.1660994841527678e-05,False,True
ENSG00000165568,0.16728759262552026,False,True
ENSG00000053371,0.530501277933769,False,False
ENSG00000229020,0.0013633022321206255,False,True
ENSG00000162482,0.0006782041382053894,False,False
ENSG00000211454,0.017789112034918134,False,False
ENSG00000142208,0.29344725534065114,False,True
ENSG00000204673,0.24922428578819908,False,False
ENSG00000105221,0.15903994168049718,False,False
ENSG00000275199,0.008859185598187904,False,True
ENSG00000166971,0.005001553043743747,False,False
ENSG00000148218,0.004390581364016082,False,False
ENSG00000023330,0.012994640457254776,False,True
ENSG00000158578,0.9538552425624877,False,False
ENSG00000163631,0.013242026136838399,True,False
ENSG00000170017,0.8994430127919598,False,False
ENSG00000161618,0.7297729092033649,False,False
ENSG00000059573,0.0017879432297619286,True,False
ENSG00000165092,0.8145225744292595,True,False
ENSG00000128918,0.3435074679376159,False,True
ENSG00000184254,0.02710147203774571,False,True
ENSG00000137124,0.0007510999667073711,False,True
ENSG00000144908,0.03628030267088074,False,False
ENSG00000136010,0.12196331179941294,False,False
ENSG00000111275,0.00010557884864821897,False,True
ENSG00000108602,0.3488930708560868,True,False
ENSG00000072210,0.19754689293753813,False,False
ENSG00000006534,0.5310173297198827,True,False
ENSG00000132746,0.8588304481569708,False,False
ENSG00000159423,0.012881425528801897,False,False
ENSG00000112294,0.0003528593813897534,False,False
ENSG00000119711,2.2808412116341337e-05,False,True
ENSG00000164904,0.00931861402666279,False,True
ENSG00000118514,1.7137623240454825e-05,False,True
ENSG00000143149,0.0020606474467021636,False,True
ENSG00000149925,0.0071810115468953295,True,False
ENSG00000136872,2.1853228579951525e-05,False,True
ENSG00000109107,0.6544773324202532,True,False
ENSG00000033011,0.009255406616544806,True,False
ENSG00000139133,0.8145225744292595,False,False
ENSG00000175548,0.22789900741253097,False,False
ENSG00000253710,0.15765431691636933,False,True
ENSG00000182858,0.06145197701271806,True,False
ENSG00000101901,0.9912875674532804,True,False
ENSG00000172339,0.9287701192945929,False,False
ENSG00000251287,0.178018915798806,False,False
ENSG00000119523,0.8484730417605574,False,True
ENSG00000214160,0.00043574469009374084,False,False
ENSG00000120697,0.6468856075164668,False,True
ENSG00000088035,0.8011700468456162,True,False
ENSG00000159063,0.0009411570048363479,True,False
ENSG00000086848,0.16728759262552026,False,False
ENSG00000171094,0.6743029615510563,False,False
ENSG00000100601,0.8240816544909277,False,False
ENSG00000189046,0.05373583104307887,False,False
ENSG00000166199,0.4092069448749911,False,False
ENSG00000160993,0.8097846959737904,False,False
ENSG00000091542,0.651303345773445,False,False
ENSG00000239382,0.056963881454593294,True,False
ENSG00000125652,0.09084152316193816,False,True
ENSG00000137760,0.0394443921234643,False,True
ENSG00000151360,0.00010734355023393034,False,True
ENSG00000116127,0.5875214699347704,True,False
ENSG00000108839,0.8224807192892474,False,False
ENSG00000179477,0.1688666489377218,False,False
ENSG00000262943,0.32587629087131037,False,False
ENSG00000161905,0.5621533839218236,False,False
ENSG00000179593,0.32121826968583733,False,False
ENSG00000274114,0.03244233714277388,False,False
ENSG00000012779,0.17785501511810992,False,False
ENSG00000132965,0.19582577895800712,False,False
ENSG00000179148,0.12810075473075896,False,False
ENSG00000163295,0.3034205826302635,True,False
ENSG00000073331,0.1379927398276936,False,True
ENSG00000198796,0.9287701192945929,False,False
ENSG00000136383,0.716415207307324,False,False
ENSG00000162551,3.859559577983331e-05,False,False
ENSG00000163283,0.19413952851140473,False,False
ENSG00000003393,0.35991891133236653,False,False
ENSG00000178038,0.2086011831321167,True,False
ENSG00000180318,0.21467204947701368,False,False
ENSG00000156150,0.24158949047348857,True,False
ENSG00000052850,0.056309243014964185,False,False
ENSG00000183684,0.004876700868259802,True,False
ENSG00000242110,0.044585129904799264,False,True
ENSG00000178522,0.13922694608066558,False,False
ENSG00000106927,0.0009765803052742808,False,False
ENSG00000110497,0.021755151136953622,False,False
ENSG00000123505,0.9932170803579593,False,False
ENSG00000139344,5.47178613204379e-05,False,True
ENSG00000162066,0.2591079646748744,True,False
ENSG00000125363,0.36787944117145116,False,False
ENSG00000099721,0.11453898598791974,False,False
ENSG00000159461,0.5558465542560704,False,False
ENSG00000104899,0.41189156301167174,False,False
ENSG00000135409,1.7783599326930679e-06,False,True
ENSG00000181754,0.9287701192945929,False,True
ENSG00000139211,0.329121868610169,False,False
ENSG00000176020,0.000266939614129865,True,False
ENSG00000101935,0.5623698623643318,False,False
ENSG00000144233,0.9874397796982158,False,True
ENSG00000166126,0.7911071745580447,False,False
ENSG00000151743,0.7941899068540217,False,True
ENSG00000126016,0.000551875736580208,False,True
ENSG00000166025,0.00029620668504601083,False,True
ENSG00000114019,0.02383716218284109,False,True
ENSG00000116748,0.0018365543815738396,False,False
ENSG00000116337,0.5063116857241694,False,False
ENSG00000133805,0.7594521225252041,False,False
ENSG00000078053,0.0006612528413284203,False,True
ENSG00000145020,0.48747214940996786,False,False
ENSG00000187689,,False,False
ENSG00000237763,0.11880321317710957,False,True
ENSG00000174876,0.5310173297198827,False,True
ENSG00000187733,0.4423784264132228,False,False
ENSG00000243480,0.03285491700116598,False,True
ENSG00000240038,0.0006177652408756084,False,True
ENSG00000174945,0.3006675464340772,False,True
ENSG00000196704,0.7108643183251449,False,False
ENSG00000214174,0.7911071745580447,False,False
ENSG00000153107,0.002975897727267147,True,False
ENSG00000164162,0.2900433623011773,False,False
ENSG00000141552,0.2086011831321167,False,False
ENSG00000129055,0.4794809831420318,False,False
ENSG00000166295,0.0527009893654591,False,True
ENSG00000176248,0.996118394014622,False,False
ENSG00000053900,0.2778967629195067,False,False
ENSG00000089053,0.41040229050591415,True,False
ENSG00000196510,0.000172679394456609,False,False
ENSG00000214274,5.3455804835896715e-05,False,True
ENSG00000013523,0.8864204184047131,False,False
ENSG00000174606,0.8592656070832756,False,False
ENSG00000154188,0.010431181255549942,False,False
ENSG00000091879,0.04157069748863386,True,False
ENSG00000101280,0.44551148611738434,False,False
ENSG00000116194,0.0013073322736279985,False,True
ENSG00000136859,0.0550044987626716,False,False
ENSG00000132855,0.0008399581546774035,False,False
ENSG00000167772,0.016219578488259088,False,False
ENSG00000187151,0.4175232694333961,False,False
ENSG00000130812,3.766875335949346e-05,False,True
ENSG00000171819,0.026591230207767023,False,True
ENSG00000029534,0.8169018986631806,False,True
ENSG00000145362,0.0015573735524287017,False,True
ENSG00000151150,0.0016461204837098088,False,True
ENSG00000151687,0.8003914559964804,False,False
ENSG00000166839,0.7122479953939524,False,False
ENSG00000153930,0.1866242908746785,False,False
ENSG00000185722,5.288713145294067e-05,False,True
ENSG00000154122,0.012982012041866891,False,True
ENSG00000131503,0.5182653724777226,False,False
ENSG00000254996,0.9703087278278311,False,False
ENSG00000001629,0.873586371776637,False,True
ENSG00000170209,0.7537613372615584,False,False
ENSG00000160117,0.43000970690402607,False,False
ENSG00000176915,0.07235616678610683,True,False
ENSG00000144504,0.1666382481047044,True,False
ENSG00000106524,0.9590534611157338,False,True
ENSG00000164331,0.07581306145742386,False,False
ENSG00000148677,0.040730510167947945,False,False
ENSG00000088448,0.2118716888577065,False,False
ENSG00000167522,0.5558465542560744,True,False
ENSG00000101745,0.05468455105609742,False,False
ENSG00000076513,0.6375196679718531,False,False
ENSG00000198720,0.003063979137094701,True,False
ENSG00000118454,0.03857210017041502,False,True
ENSG00000172932,0.33104749083823115,False,False
ENSG00000134461,0.010492211884038576,True,False
ENSG00000132466,0.26886027935922086,False,False
ENSG00000180071,0.6997242025459831,True,False
ENSG00000230453,0.6909183993646988,False,False
ENSG00000226435,0.0004716244776543899,False,True
ENSG00000291168,0.31016934707242383,False,False
ENSG00000165887,0.053341941758306435,False,False
ENSG00000260691,0.3483083695934506,False,True
ENSG00000291280,0.37520591663362174,False,False
ENSG00000186481,0.8465890758608828,False,False
ENSG00000229089,0.15716755270637486,False,False
ENSG00000282715,0.669929112893902,False,False
ENSG00000152766,0.012390063274889325,False,True
ENSG00000163126,0.735471448709095,False,False
ENSG00000089847,3.878368310723017e-05,False,False
ENSG00000107890,0.8584305579681832,False,False
ENSG00000261239,0.05122043944568435,False,False
ENSG00000237636,0.08181201330950282,False,False
ENSG00000105186,0.0008800880703156601,True,False
ENSG00000206560,0.07537207543469329,False,False
ENSG00000154065,0.33363252404653704,True,False
ENSG00000148513,0.10922014777413408,False,False
ENSG00000180777,0.7557325325475317,False,False
ENSG00000163046,0.05755346639670725,True,False
ENSG00000224309,0.16339301360749847,True,False
ENSG00000145700,0.19130909668625085,True,False
ENSG00000167612,0.039176843981361974,True,False
ENSG00000164236,0.3435074679376159,False,False
ENSG00000272031,0.5563872609782938,False,False
ENSG00000189127,0.0772912887812249,False,False
ENSG00000235711,0.36787944117145116,False,False
ENSG00000198483,0.6902577645182348,False,False
ENSG00000291582,0.729063703322179,False,False
ENSG00000291600,0.68574569976798,True,False
ENSG00000214262,0.8484730417605634,False,False
ENSG00000230006,0.004544591428306661,False,True
ENSG00000186352,0.9460872201279513,True,False
ENSG00000213337,0.01644186979388597,False,False
ENSG00000154945,0.045904772399021236,True,False
ENSG00000137494,0.0015170216306513086,False,False
ENSG00000065413,0.06707169252601035,False,True
ENSG00000183831,0.0019291419568823625,False,False
ENSG00000186106,0.6998912343999902,False,False
ENSG00000168876,0.18347565131987473,True,False
ENSG00000151458,0.18726037965393566,False,True
ENSG00000139645,0.00032645314945659325,False,False
ENSG00000144031,0.013327326257460291,False,True
ENSG00000100124,0.10696066620686197,False,False
ENSG00000164512,2.3346903763822412e-05,False,True
ENSG00000135299,0.9153229121112986,False,False
ENSG00000189295,0.9850729168736058,False,False
ENSG00000230778,0.9387171153978677,False,False
ENSG00000235098,0.5279285318830353,False,False
ENSG00000106013,0.09417905652119668,False,False
ENSG00000156381,0.6544773324202532,False,False
ENSG00000064999,0.0012059752550644496,False,True
ENSG00000185046,0.034025282283365106,False,False
ENSG00000168096,0.6216054675696967,True,False
ENSG00000284290,0.00030172951671974564,False,False
ENSG00000165138,0.0003186136376921938,False,False
ENSG00000206199,0.9254214551848112,False,False
ENSG00000163516,0.026067685803835845,True,False
ENSG00000011426,8.931989207142296e-05,False,False
ENSG00000131620,0.0005918941199738813,False,True
ENSG00000160746,0.0048719616063703,False,False
ENSG00000047617,0.09229823010061979,False,False
ENSG00000134343,0.0001768877623149907,False,True
ENSG00000262139,0.005743469357295515,False,False
ENSG00000171714,0.716415207307324,False,False
ENSG00000177119,0.7470023688500776,False,False
ENSG00000146205,0.3684163607179038,False,True
ENSG00000074855,0.8786975403013207,False,False
ENSG00000185101,0.4707046035904452,False,True
ENSG00000140350,0.06438791214185696,False,False
ENSG00000259516,0.056632536498472566,False,False
ENSG00000136938,0.011653896047618779,True,False
ENSG00000139223,,False,False
ENSG00000143401,0.15903994168049718,False,False
ENSG00000166825,0.030872779416240555,False,False
ENSG00000169604,0.028451546916670584,False,False
ENSG00000163297,0.000172679394456609,False,True
ENSG00000274209,0.04111412154482537,False,False
ENSG00000135046,0.06056224396732221,False,False
ENSG00000109511,2.7516376613897226e-05,False,False
ENSG00000122359,0.08569368195559113,True,False
ENSG00000104537,0.6758171240006762,False,False
ENSG00000182718,0.0005627124214310323,False,False
ENSG00000213406,0.9921503067961076,False,False
ENSG00000231991,0.0004074704873726983,False,False
ENSG00000216740,0.22006089930549202,False,False
ENSG00000138772,0.05565002096663637,False,True
ENSG00000196975,0.4946337083554061,False,False
ENSG00000164111,0.5863800978415693,False,False
ENSG00000197043,0.02052232214449494,False,True
ENSG00000138279,0.5446123134242818,False,False
ENSG00000265190,0.05641914940798438,False,False
ENSG00000264230,0.004337637498045578,False,True
ENSG00000143412,0.11141893994634149,True,False
ENSG00000136250,0.0034971412455997368,False,True
ENSG00000131480,0.0064526337800191,False,True
ENSG00000131471,7.183927387054849e-05,False,True
ENSG00000138356,0.0004793067999917267,False,False
ENSG00000243478,0.046851206176913844,False,False
ENSG00000138660,0.007097714140714112,False,False
ENSG00000100280,0.8386310295131585,False,False
ENSG00000290475,,False,False
ENSG00000166747,0.02028426986003777,False,False
ENSG00000213983,0.3905480847787201,False,False
ENSG00000072958,0.9047054630375765,False,False
ENSG00000129354,0.8896408978928683,True,False
ENSG00000106367,0.012547664707893565,True,False
ENSG00000182287,0.0022100719893942177,False,True
ENSG00000152056,0.009400515382840315,True,False
ENSG00000196961,0.12741803752648712,False,False
ENSG00000281385,0.8050743765976687,False,True
ENSG00000006125,0.5645612667564943,True,False
ENSG00000161203,0.21750735656533157,False,False
ENSG00000042753,0.8786975403013207,False,True
ENSG00000132842,0.0017501045888789933,True,False
ENSG00000103723,0.43099044320358093,False,False
ENSG00000065000,0.03585946292035051,True,False
ENSG00000185009,0.6325800730766368,True,False
ENSG00000070718,0.0010172855709004013,True,False
ENSG00000177879,0.0036713532787011316,True,False
ENSG00000157823,0.031144120465018937,False,True
ENSG00000134262,0.5695231992134334,False,True
ENSG00000081014,0.7773822889285338,False,True
ENSG00000221838,0.040297210976628944,False,False
ENSG00000100478,0.0003407221016447184,False,True
ENSG00000254470,0.19850959519351905,True,False
ENSG00000120868,0.5824027287582181,True,False
ENSG00000107282,5.47178613204379e-05,False,True
ENSG00000034053,0.21043458021775974,False,True
ENSG00000011132,0.7376198545313661,False,False
ENSG00000166313,0.36520655802604113,False,False
ENSG00000077420,0.2521491340072056,False,False
ENSG00000163697,0.005225244083782902,False,True
ENSG00000113108,0.7826912205822796,False,False
ENSG00000134982,0.27360707721798055,False,True
ENSG00000115266,0.014377365549910514,True,False
ENSG00000154856,0.012682584540782969,False,True
ENSG00000198768,0.0051677240367889905,True,False
ENSG00000132703,0.002086858853642658,False,True
ENSG00000164062,0.6964970061782193,False,False
ENSG00000100823,0.47207959171908154,False,False
ENSG00000169188,0.003960613489236168,True,False
ENSG00000117362,0.028368678392087458,True,False
ENSG00000138613,0.596152875121186,False,False
ENSG00000166181,0.5382949871275255,False,False
ENSG00000149089,0.0023156605856772213,True,False
ENSG00000169621,0.8786975403013207,False,False
ENSG00000171388,1.7187684421774944e-05,True,False
ENSG00000134817,0.000874118503656784,False,True
ENSG00000105290,0.04169213079332189,False,False
ENSG00000084234,0.7404941610992368,False,False
ENSG00000118137,0.0018142102910628365,False,True
ENSG00000158874,0.17157045114709019,True,False
ENSG00000110244,0.7404941610992368,False,False
ENSG00000110243,0.0001476578857890713,False,True
ENSG00000084674,0.020284269860038055,False,False
ENSG00000111701,,False,False
ENSG00000124701,0.9225703417579223,False,False
ENSG00000128383,0.9460872201279513,False,False
ENSG00000179750,0.010940174150283736,True,False
ENSG00000244509,0.0024981078790027107,False,True
ENSG00000243811,0.07581306145742386,False,True
ENSG00000128394,0.7376198545313661,False,False
ENSG00000239713,0.004857771436980599,False,True
ENSG00000100298,0.33363252404653704,False,True
ENSG00000173627,0.2792190816595555,False,False
ENSG00000184730,0.5142497771684864,False,False
ENSG00000130208,0.0005643561761200707,False,False
ENSG00000291128,0.003558884179944482,False,True
ENSG00000234906,0.3882763621588816,False,False
ENSG00000110245,0.00010155154119522864,False,False
ENSG00000267467,0.000172679394456609,False,True
ENSG00000224916,0.00033383575123509783,False,False
ENSG00000189058,0.44532760991231046,False,False
ENSG00000130203,0.3882763621588816,False,False
ENSG00000175336,2.215272974866041e-05,False,True
ENSG00000091583,5.9374362582883515e-05,False,True
ENSG00000100342,0.005686475970612797,False,True
ENSG00000128335,0.4388799297915562,False,True
ENSG00000128284,0.0007210457473896496,False,True
ENSG00000100336,0.3278443471950506,False,False
ENSG00000277390,0.47322186583863535,False,True
ENSG00000221963,0.0007778558195516869,False,False
ENSG00000178878,0.07235616678610683,False,False
ENSG00000206409,0.3074670175579975,False,False
ENSG00000184831,0.24205973750856533,False,False
ENSG00000155008,0.028451546916670584,False,False
ENSG00000142192,0.061811519492814486,False,False
ENSG00000062725,0.6998912343999902,False,False
ENSG00000157500,0.996118394014622,False,False
ENSG00000136044,0.9135447234295009,False,False
ENSG00000198931,0.33104749083823115,True,False
ENSG00000137074,0.1996710327199939,True,False
ENSG00000240583,0.2720155718170121,False,True
ENSG00000143595,0.005056445281337617,True,False
ENSG00000178301,0.5542275848558886,False,False
ENSG00000184945,,False,False
ENSG00000185176,,False,False
ENSG00000167580,0.36787944117145116,False,False
ENSG00000165272,0.002184435870723736,False,False
ENSG00000171885,0.016850218297603827,False,True
ENSG00000161798,0.15576311310254248,False,False
ENSG00000086159,0.16137643191568696,False,False
ENSG00000165269,0.07179554070655211,False,False
ENSG00000186466,0.07625662759581507,False,False
ENSG00000103375,0.010388720772246444,True,False
ENSG00000103569,0.009391379800097166,False,True
ENSG00000021776,0.8668176978057169,False,False
ENSG00000169083,6.294113417361939e-05,False,True
ENSG00000078061,0.19735491346486317,False,False
ENSG00000186635,0.974089760472383,False,False
ENSG00000047365,0.01566167476841703,False,True
ENSG00000120318,0.19168147437256342,False,False
ENSG00000198576,0.3292199134571469,False,True
ENSG00000095139,0.6602295377331096,False,False
ENSG00000109321,0.5634722025648664,False,False
ENSG00000143761,0.0012404633540426713,False,False
ENSG00000134287,0.35367469303578436,False,False
ENSG00000168374,0.46979017045706384,False,False
ENSG00000004059,0.5122536621554425,False,False
ENSG00000165527,0.9759857983375362,False,False
ENSG00000101199,0.0780569965481117,False,False
ENSG00000149182,0.873586371776637,False,False
ENSG00000242247,0.1685938824910001,True,False
ENSG00000066777,0.09583159386688303,True,False
ENSG00000124198,0.12231958217487512,True,False
ENSG00000164144,0.3526445732999315,False,True
ENSG00000132254,0.004125697531225403,False,False
ENSG00000101246,0.14828713784902875,True,False
ENSG00000118520,2.3031257563903514e-05,False,False
ENSG00000081181,0.7462764190832948,True,False
ENSG00000186103,0.03429097372359302,False,True
ENSG00000265293,0.6094609717950021,False,False
ENSG00000134884,0.23327955347312515,False,True
ENSG00000175220,0.01880282457732865,True,False
ENSG00000071205,0.002048661164862306,False,True
ENSG00000198826,0.0001060933644387019,True,False
ENSG00000274734,9.036813312233314e-05,True,False
ENSG00000165322,0.05718585440934759,True,False
ENSG00000075884,0.005686475970612797,False,True
ENSG00000140750,0.6904288229928944,False,True
ENSG00000146376,0.5875214699347704,False,False
ENSG00000213390,0.367700641932594,True,False
ENSG00000269891,0.5962796833959243,False,False
ENSG00000137727,0.001048414326002949,False,True
ENSG00000107863,0.6216054675696967,False,False
ENSG00000128805,0.18617113185875345,False,False
ENSG00000275832,0.01606264136845738,False,False
ENSG00000138639,0.006541067914650231,False,True
ENSG00000163219,0.0030939151886989974,False,True
ENSG00000145819,0.6002241472793903,True,False
ENSG00000276907,0.420091619356054,False,False
ENSG00000088756,0.3428401394095986,False,False
ENSG00000137962,0.0057364544430047685,False,True
ENSG00000186517,0.0061345045615969675,False,True
ENSG00000031081,0.006813708992405283,False,True
ENSG00000134909,0.10089937940989221,False,False
ENSG00000004777,0.003483566721209079,True,False
ENSG00000160007,0.3488930708560868,True,False
ENSG00000147256,0.8315497217649173,False,False
ENSG00000147799,0.0001325518452800281,True,False
ENSG00000089820,0.8297095074058933,False,False
ENSG00000124143,0.16936903510051066,False,False
ENSG00000165895,0.18347565131987473,False,False
ENSG00000006740,0.34686364525689367,False,False
ENSG00000100852,0.23647667826617091,False,False
ENSG00000258655,0.8224807192892474,False,False
ENSG00000047648,0.04280111801309059,False,False
ENSG00000241484,0.7099395861464198,False,True
ENSG00000123329,0.011496337339239587,False,True
ENSG00000141522,0.39054808477871716,False,False
ENSG00000111348,0.013815501429045286,False,True
ENSG00000242173,0.4685217492020932,False,False
ENSG00000076928,0.36520655802604113,False,True
ENSG00000104728,0.42378380719059094,False,False
ENSG00000074964,0.05457831592478969,False,False
ENSG00000132694,0.00011019359825607908,True,False
ENSG00000196914,0.07242655215680929,False,True
ENSG00000198844,0.24158949047348857,False,False
ENSG00000130762,0.40210763052438364,True,False
ENSG00000110237,0.46979017045706384,False,False
ENSG00000104880,0.6758171240006762,False,True
ENSG00000142632,0.6468856075164668,True,False
ENSG00000116584,0.030993082350196394,True,False
ENSG00000240771,0.022728135396336932,False,False
ENSG00000114790,0.01049221188403843,False,True
ENSG00000281157,0.09583159386688303,False,False
ENSG00000163947,0.16566895420133448,False,False
ENSG00000214694,0.004437791463880138,False,False
ENSG00000213214,0.37057188668272373,True,False
ENSG00000183111,0.4279243099007961,True,False
ENSG00000236699,0.419181642348217,False,True
ENSG00000136002,0.45075201586428737,False,True
ENSG00000165801,0.6264593656375133,False,False
ENSG00000284933,0.190011462456638,True,False
ENSG00000129675,0.0007824068889251013,False,True
ENSG00000102606,0.19393101123917492,False,False
ENSG00000131089,0.7888029805353111,False,False
ENSG00000117713,0.24205973750856533,False,False
ENSG00000049618,0.6904288229928944,False,True
ENSG00000189079,0.8468247216543837,False,False
ENSG00000116017,0.042058563188110264,True,False
ENSG00000179361,0.33558453716259506,False,False
ENSG00000205143,7.652596917774556e-05,False,True
ENSG00000032219,0.0006574278733224964,False,True
ENSG00000054267,0.9424148823115995,False,False
ENSG00000196843,0.36520655802604113,False,True
ENSG00000150347,0.5167558627527982,True,False
ENSG00000166233,0.9874397796982158,False,False
ENSG00000177479,0.001495057418253519,True,False
ENSG00000120805,0.7376198545313661,False,False
ENSG00000175414,0.030514665182586668,False,True
ENSG00000152213,0.009650563802540767,False,True
ENSG00000174225,0.4366001814814898,False,False
ENSG00000169379,0.7528354471352348,False,True
ENSG00000179674,0.7168979462227283,True,False
ENSG00000185305,0.7773822889285338,False,False
ENSG00000214087,0.6108212600394947,True,False
ENSG00000185829,0.12979377179915244,True,False
ENSG00000275748,0.7826912205822796,False,False
ENSG00000213465,0.27681807718123913,False,False
ENSG00000102931,0.45187001429844487,True,False
ENSG00000273003,0.41904004239059534,False,False
ENSG00000138175,0.9845637435410837,False,False
ENSG00000122644,0.02052232214449494,True,False
ENSG00000188042,0.03876007299701681,False,True
ENSG00000175906,0.020127104393798265,False,False
ENSG00000162980,0.2877960642431118,False,True
ENSG00000165997,0.9287701192945929,False,False
ENSG00000141748,0.5962796833959243,False,False
ENSG00000113966,0.5863800978415693,False,True
ENSG00000170540,0.020284269860038055,False,True
ENSG00000182196,0.974089760472383,False,False
ENSG00000144746,0.02614383283585492,False,True
ENSG00000177917,0.04157069748863386,False,False
ENSG00000143862,0.0043905813640161126,True,False
ENSG00000134108,0.028368678392087458,True,False
ENSG00000196503,0.5424321903433325,False,False
ENSG00000104442,7.07991482468178e-05,True,False
ENSG00000282813,0.451870014298448,False,True
ENSG00000157343,0.2833535703875884,False,False
ENSG00000118690,0.9260649655225167,False,False
ENSG00000165309,0.013722681459038108,False,False
ENSG00000140691,0.00011019359825607908,False,False
ENSG00000105676,0.04053298140875795,False,True
ENSG00000125449,0.0020150773139389518,True,False
ENSG00000114098,0.8011700468456162,False,False
ENSG00000135931,0.01913479331460357,False,False
ENSG00000126947,0.012572088378453332,False,False
ENSG00000184867,0.012282115684357347,False,False
ENSG00000102401,0.14973595039385398,False,True
ENSG00000196440,0.13705674616225733,False,False
ENSG00000125962,0.05968539293045729,False,False
ENSG00000286237,0.7071870623301117,False,False
ENSG00000198960,0.3368922200202556,False,True
ENSG00000254636,0.6173122133080948,True,False
ENSG00000143437,0.8838386131886712,False,True
ENSG00000172379,0.5563872609782938,False,True
ENSG00000241685,4.1515211476068494e-05,True,False
ENSG00000130429,0.23327955347312515,False,False
ENSG00000163466,0.031786560125624946,False,False
ENSG00000111229,0.10613191944448408,False,False
ENSG00000241553,0.07625662759581507,False,False
ENSG00000250151,0.54514209189753,False,False
ENSG00000162704,0.009994338368391463,False,False
ENSG00000136950,0.05603006841825544,True,False
ENSG00000128989,0.7248229182033002,False,False
ENSG00000172995,0.00011993202312613557,False,True
ENSG00000120500,0.5009089077167426,False,False
ENSG00000137486,0.018280057279947668,False,True
ENSG00000141480,0.9153229121112986,False,False
ENSG00000197070,0.8460017628060118,False,True
ENSG00000105643,0.19168147437256342,False,False
ENSG00000113369,0.07851369147465591,False,False
ENSG00000140450,0.028121518195156608,False,True
ENSG00000205784,0.07676530757057907,False,True
ENSG00000100299,0.6301246464787518,False,False
ENSG00000113273,0.7108643183251449,False,True
ENSG00000006756,0.010350358949557546,False,False
ENSG00000062096,0.00774687710002389,False,True
ENSG00000141337,0.39283309876564215,False,True
ENSG00000205667,0.5962796833959243,False,False
ENSG00000183876,0.013726853517138591,False,True
ENSG00000180801,0.9845637435410837,False,False
ENSG00000164291,0.037645821978377625,False,False
ENSG00000129744,0.8350920010537627,False,False
ENSG00000156219,0.050358909155326606,False,False
ENSG00000111339,0.00025452021704818503,False,True
ENSG00000167311,0.898972970409288,False,False
ENSG00000117407,0.02296361956585183,False,False
ENSG00000173409,0.2137338304383542,True,False
ENSG00000099889,0.37057188668272373,False,True
ENSG00000004848,0.10604724825469326,False,False
ENSG00000214435,0.8145225744292595,True,False
ENSG00000104763,0.09895626471281824,False,True
ENSG00000188611,0.09298623193068865,False,False
ENSG00000204147,0.27069639122831485,False,False
ENSG00000153317,0.0058207299378841065,True,False
ENSG00000151693,0.08695262640055974,True,False
ENSG00000282854,0.19754689293753813,False,False
ENSG00000065802,0.09914888025247717,True,False
ENSG00000146926,0.12713573293203653,False,False
ENSG00000165192,0.9620438235659513,False,False
ENSG00000198881,0.3788553062502374,False,False
ENSG00000196372,0.18347565131987473,False,True
ENSG00000239388,0.7911071745580447,False,False
ENSG00000146809,0.32991808220187296,False,False
ENSG00000161664,0.001638137373867021,True,False
ENSG00000154007,0.36787944117145116,False,False
ENSG00000182177,0.36787944117145116,False,False
ENSG00000100628,0.06733305290718963,False,True
ENSG00000115239,0.4865251421327479,False,False
ENSG00000005981,0.5430260650907353,False,False
ENSG00000164122,0.3451413592667513,False,False
ENSG00000148331,0.08404339774345629,True,False
ENSG00000183475,0.2037898387282614,False,False
ENSG00000177981,0.12375510123331274,False,False
ENSG00000102048,0.056963881454593294,False,True
ENSG00000258527,0.018973141194697576,True,False
ENSG00000138303,0.8145225744292595,False,False
ENSG00000100325,0.31411469686507726,True,False
ENSG00000112249,0.5382949871275216,False,False
ENSG00000139352,0.5083366701594345,False,False
ENSG00000183734,0.029066691790402662,False,True
ENSG00000176009,0.04111412154482537,False,False
ENSG00000187855,0.45554089884061655,False,True
ENSG00000111875,0.5218047320440177,False,True
ENSG00000288210,0.0010453606942056365,True,False
ENSG00000141505,0.0600929989131339,False,False
ENSG00000161944,0.017044129575986937,False,False
ENSG00000116539,0.735471448709095,False,False
ENSG00000129691,0.9646646794477719,False,True
ENSG00000101440,0.14338319728102533,False,False
ENSG00000126522,0.003960613489236168,False,False
ENSG00000196433,0.36321581512078066,False,True
ENSG00000292339,0.03069320001470077,False,False
ENSG00000292331,0.8786975403013207,False,False
ENSG00000070669,0.005050419809253524,False,False
ENSG00000138381,0.8097846959737904,False,False
ENSG00000108381,1.3257875379874369e-05,False,True
ENSG00000204653,3.2683704653342693e-05,False,False
ENSG00000166183,4.487330529386735e-05,False,True
ENSG00000198363,0.0015756505884998288,True,False
ENSG00000174939,0.16302257981161195,True,False
ENSG00000128203,0.3578253511177706,False,False
ENSG00000066279,7.476091306433206e-05,True,False
ENSG00000292224,0.0005051445063301708,False,False
ENSG00000244617,0.006860241458946316,False,False
ENSG00000169696,0.7683649063695428,False,False
ENSG00000162174,0.011733483322113903,True,False
ENSG00000130707,9.036813312233314e-05,False,False
ENSG00000034533,0.027313097883434164,False,True
ENSG00000188886,0.740289287979337,False,False
ENSG00000152092,0.004842136145873057,False,True
ENSG00000148219,0.3006675464340772,False,True
ENSG00000171456,0.06145197701271806,True,False
ENSG00000143970,0.7594521225252041,False,False
ENSG00000141431,3.277667156136819e-05,False,True
ENSG00000154438,0.9351451567688491,False,False
ENSG00000138138,0.02397662836157582,False,True
ENSG00000156802,7.497929921812227e-05,True,False
ENSG00000119778,0.8082115353306712,False,False
ENSG00000197785,0.7865054977525469,True,False
ENSG00000160072,0.9544023865431298,False,True
ENSG00000215915,0.0019781935084185963,False,True
ENSG00000176208,0.01566167476841703,True,False
ENSG00000231257,0.10821593598552688,False,False
ENSG00000167654,0.946078456564784,False,True
ENSG00000107669,0.29344725534065114,False,True
ENSG00000123268,0.6718860612012494,False,False
ENSG00000115966,0.6084502925805204,False,False
ENSG00000162772,0.8289031814174833,False,True
ENSG00000128272,0.008116903707478655,False,False
ENSG00000169136,0.10948593736855652,False,True
ENSG00000118217,0.651303345773445,False,False
ENSG00000168468,0.0020150773139389518,True,False
ENSG00000170653,0.6964970061782193,False,False
ENSG00000171681,0.1379927398276936,False,False
ENSG00000166669,0.11915025250180696,False,True
ENSG00000152348,0.2900433623011773,False,False
ENSG00000145782,0.7376198545313661,False,False
ENSG00000175224,0.06145197701271806,True,False
ENSG00000126775,0.3485540105612531,False,False
ENSG00000281089,0.5574702528721746,False,False
ENSG00000168010,0.027579955545032883,False,True
ENSG00000110046,0.09217609565721824,False,False
ENSG00000066739,0.0028735359788953406,False,False
ENSG00000144848,0.2917403444795648,False,False
ENSG00000101844,0.09334857431547813,False,True
ENSG00000168397,0.24205973750856533,True,False
ENSG00000125703,0.0497145101076509,False,True
ENSG00000130734,0.6412496602955313,False,True
ENSG00000057663,0.16153341286821266,False,True
ENSG00000197548,0.09857215548341693,False,False
ENSG00000198925,0.3435074679376159,False,False
ENSG00000181652,0.9047054630375765,False,False
ENSG00000138363,0.0007710788031927639,True,False
ENSG00000198513,0.2738732319413783,False,False
ENSG00000119787,0.5063116857241694,False,False
ENSG00000184743,0.06278061720057111,True,False
ENSG00000149311,0.24276682484732598,False,True
ENSG00000166454,0.013172733592997046,False,False
ENSG00000111676,0.5563872609782938,True,False
ENSG00000172238,,False,False
ENSG00000179774,0.0005643561761200707,False,True
ENSG00000168874,0.00020332005043939135,False,True
ENSG00000177556,0.4492415970235619,False,False
ENSG00000206190,0.05249642488970205,False,False
ENSG00000118322,0.8798603630017399,False,False
ENSG00000145246,0.012572088378453332,False,True
ENSG00000068650,0.9932170803579593,False,False
ENSG00000058063,0.2129041999228439,False,False
ENSG00000101974,3.128452563528866e-05,False,True
ENSG00000075673,0.6127111328476885,False,False
ENSG00000105726,0.0542608472194719,True,False
ENSG00000159363,0.9153229121112986,False,False
ENSG00000133657,0.3297624949163444,False,False
ENSG00000127249,0.00022334420021817005,False,True
ENSG00000187527,0.1100823983277791,False,False
ENSG00000163399,0.0924453537785658,False,False
ENSG00000018625,0.4931930286714282,False,True
ENSG00000105409,0.0021571462394168175,False,True
ENSG00000132681,0.6838309531180335,False,False
ENSG00000143153,0.0001677153121860176,True,False
ENSG00000129244,0.025122137894499404,False,True
ENSG00000069849,0.02439994194452047,False,False
ENSG00000101892,0.5594326972744944,False,False
ENSG00000196296,0.9932170803579593,False,False
ENSG00000174437,0.001023237492952513,True,False
ENSG00000074370,0.04230463891834747,False,True
ENSG00000070961,0.6777912719387762,True,False
ENSG00000157087,0.7535677772790077,False,False
ENSG00000067842,0.8532938346470283,False,False
ENSG00000058668,0.43000970690402607,True,False
ENSG00000017260,0.7683649063695428,True,False
ENSG00000064270,0.08555296328222417,False,True
ENSG00000105675,0.4375643892847785,False,False
ENSG00000186009,0.36669096210060714,False,False
ENSG00000071553,0.001195468277001697,False,False
ENSG00000205464,0.3592197004571333,False,True
ENSG00000182220,0.6864127675167437,True,False
ENSG00000033627,2.7489635725221977e-05,True,False
ENSG00000185344,0.596152875121186,False,False
ENSG00000105929,0.008436382569814292,False,False
ENSG00000117410,0.47345859636325194,False,False
ENSG00000185883,0.047401536651985224,True,False
ENSG00000213435,0.066623311422591,False,False
ENSG00000159720,0.24158949047348857,True,False
ENSG00000147614,0.00033890723574024585,True,False
ENSG00000113732,0.1722390151391712,True,False
ENSG00000171130,0.7638955157717768,False,False
ENSG00000114573,0.8224807192892474,False,False
ENSG00000116039,0.30317592690060857,False,False
ENSG00000147416,0.7624115035808352,False,False
ENSG00000155097,6.154922414789014e-05,True,False
ENSG00000143882,0.10884908446831844,False,False
ENSG00000100554,0.5574702528721746,False,False
ENSG00000131100,0.00048351943041423574,True,False
ENSG00000250565,0.0015848693858094203,True,False
ENSG00000128524,0.008833382163257502,False,False
ENSG00000136888,0.41040229050591726,True,False
ENSG00000226850,0.33558453716259506,False,True
ENSG00000254870,0.22442035987016523,False,True
ENSG00000151418,0.36787944117145116,False,False
ENSG00000047249,0.0004992849938019971,True,False
ENSG00000165240,0.5558465542560744,False,False
ENSG00000123191,0.012572088378453332,False,True
ENSG00000124406,0.025171037417555983,False,True
ENSG00000132932,0.11682342721487089,False,False
ENSG00000081923,0.009510838020894181,True,False
ENSG00000143515,0.21750735656533157,False,False
ENSG00000130270,0.7895702985492836,False,False
ENSG00000104043,0.0003528593813897484,False,True
ENSG00000179766,0.16339301360749847,True,False
ENSG00000054793,0.05780075017682039,True,False
ENSG00000282266,0.8169018986631806,False,True
ENSG00000123472,0.002036744604290185,False,True
ENSG00000171953,0.30866513398957324,False,True
ENSG00000175054,0.8264889020158215,True,False
ENSG00000164053,0.013096111025803556,True,False
ENSG00000088812,0.48747214940996786,True,False
ENSG00000107518,0.058084885087373514,False,True
ENSG00000085224,0.8370018293859048,False,False
ENSG00000124788,0.8994430127919598,False,False
ENSG00000130638,0.18617113185875345,True,False
ENSG00000224470,0.5197792916729134,False,False
ENSG00000204842,0.6758171240006762,False,False
ENSG00000168488,0.1500274071396726,False,False
ENSG00000066427,0.044585129904799264,False,False
ENSG00000123594,0.5962796833959243,False,False
ENSG00000163635,0.0030669596613122313,False,False
ENSG00000146776,0.024590472493619675,False,False
ENSG00000162650,0.040297210976628944,True,False
ENSG00000087152,0.030872779416240555,True,False
ENSG00000253719,0.8786975403013207,False,False
ENSG00000230223,,False,False
ENSG00000148090,0.26342633161717544,False,False
ENSG00000115307,0.0783611637101914,True,False
ENSG00000087586,8.675217810625494e-05,True,False
ENSG00000175756,0.9759857983375362,False,False
ENSG00000178999,0.00023616104372707562,True,False
ENSG00000105146,0.0002740400576641018,False,True
ENSG00000158321,2.585631324239553e-05,False,True
ENSG00000169857,0.3224699710555938,False,False
ENSG00000135407,0.4044602769610365,False,False
ENSG00000105778,0.005225244083782977,True,False
ENSG00000101200,0.8749028325881515,False,True
ENSG00000119986,0.12741803752648712,False,False
ENSG00000166148,8.425827922140307e-05,False,False
ENSG00000198049,0.5962796833959243,False,False
ENSG00000126895,0.24871097342962525,False,True
ENSG00000204195,0.17585273691060072,False,False
ENSG00000147160,0.3865405158234035,False,False
ENSG00000162779,0.01056597284671936,False,False
ENSG00000103126,0.12816353343155473,False,False
ENSG00000168646,0.4790150152650764,False,False
ENSG00000167601,5.766750449739598e-05,False,True
ENSG00000160862,2.3031257563903514e-05,False,False
ENSG00000214313,2.215272974866041e-05,False,False
ENSG00000163512,0.4388799297915562,True,False
ENSG00000155096,0.010043043624906588,True,False
ENSG00000172232,0.42754134307925784,False,True
ENSG00000166710,0.002873535978895301,False,True
ENSG00000169255,0.18617113185875345,False,False
ENSG00000162885,0.0005282501115359847,True,False
ENSG00000172318,0.47478007542629785,False,False
ENSG00000162630,0.003483566721209079,False,True
ENSG00000236802,0.18472865091460983,False,False
ENSG00000183778,0.0077612593018068785,False,True
ENSG00000176022,0.05039585354505495,True,False
ENSG00000109956,0.000629283594820621,False,True
ENSG00000112309,0.9731431232675515,False,False
ENSG00000149541,0.014210592770030724,False,False
ENSG00000170340,0.31656750785167814,False,True
ENSG00000179913,0.12643078408264358,True,False
ENSG00000176383,0.014106137954006389,False,False
ENSG00000176597,0.009228449140630465,True,False
ENSG00000198488,0.2276736813773932,False,False
ENSG00000156966,0.11788270864238544,False,True
ENSG00000177191,0.0783611637101914,False,True
ENSG00000237172,0.1950656604423096,False,True
ENSG00000135454,0.00026980990505398464,False,False
ENSG00000167080,0.004975156401192664,False,False
ENSG00000139044,0.04169213079332189,False,True
ENSG00000182272,0.6218272349528216,False,False
ENSG00000086062,0.22701439326129677,False,True
ENSG00000117411,0.11742513441494493,True,False
ENSG00000158850,0.0003751492243189087,True,False
ENSG00000121578,0.004627261819917054,True,False
ENSG00000158470,0.21043458021775974,False,False
ENSG00000118276,0.3826546990822456,False,False
ENSG00000027847,0.35574396863052726,False,False
ENSG00000108641,0.2667771109015765,False,False
ENSG00000123810,0.90999870276312,True,False
ENSG00000164929,0.08396172292214722,False,True
ENSG00000136881,0.001177014722089391,False,True
ENSG00000105393,0.8994430127919598,False,False
ENSG00000186318,0.025024623653682448,False,True
ENSG00000278768,0.13907027650998902,False,False
ENSG00000182240,0.7865054977525469,False,False
ENSG00000156273,0.4790150152650764,False,False
ENSG00000112182,0.006415100388647098,False,True
ENSG00000002330,0.8976956738320017,False,False
ENSG00000107262,0.22834260631380535,False,True
ENSG00000112208,0.004546983646113874,True,False
ENSG00000151929,0.0016034691076855937,True,False
ENSG00000156735,0.09353027464612773,False,True
ENSG00000166170,0.7248229182033002,False,False
ENSG00000227761,0.005109690563456476,True,False
ENSG00000187172,0.5171289804447163,False,False
ENSG00000266074,0.10602877861738248,False,False
ENSG00000140320,0.3488930708560868,False,False
ENSG00000175866,0.01566167476841703,False,False
ENSG00000006453,0.01564645448315455,True,False
ENSG00000128298,0.002785507402711732,True,False
ENSG00000007516,0.9047054630375765,False,False
ENSG00000030110,0.005089856757981897,False,False
ENSG00000095739,0.29689109581326834,False,False
ENSG00000175334,0.00023524435960622984,True,False
ENSG00000125888,0.06731944228329094,False,False
ENSG00000153064,0.025318307817299743,False,False
ENSG00000172530,0.34551725725535215,True,False
ENSG00000163930,0.23532984890796552,True,False
ENSG00000138376,0.045108372402552055,True,False
ENSG00000125492,0.5962796833959243,False,False
ENSG00000143032,0.12713573293203653,False,False
ENSG00000131668,0.8380772435917638,False,True
ENSG00000043039,0.49145466109457625,False,True
ENSG00000176788,0.004529334047177672,False,True
ENSG00000230535,,False,False
ENSG00000156127,0.9912875674532804,False,False
ENSG00000168062,0.04809792289527816,False,False
ENSG00000123685,0.09031312025579095,False,False
ENSG00000087088,0.03350005929995229,True,False
ENSG00000198604,0.7888029805353111,False,False
ENSG00000009954,0.18347565131987473,True,False
ENSG00000076108,0.6758171240006762,True,False
ENSG00000123636,0.0542608472194719,False,False
ENSG00000105327,0.02981085055719824,True,False
ENSG00000214413,0.05956944271357314,False,True
ENSG00000129151,4.5932734594441225e-05,False,True
ENSG00000174483,0.0600929989131339,False,False
ENSG00000179941,0.17358396891838315,False,False
ENSG00000181004,0.0965799090162398,False,True
ENSG00000125124,0.23237405416209425,True,False
ENSG00000140463,0.9884003241552884,False,False
ENSG00000163093,0.00291575171843986,False,False
ENSG00000138686,0.47622870216349256,True,False
ENSG00000122507,0.40132646004563294,False,True
ENSG00000114439,0.7122479953939524,False,True
ENSG00000187244,0.26342633161717544,True,False
ENSG00000132692,0.0014420547208108946,True,False
ENSG00000283852,0.8224807192892474,False,False
ENSG00000185825,0.0003470749319821291,True,False
ENSG00000050820,0.14828713784902875,True,False
ENSG00000137936,0.5978943136367422,False,False
ENSG00000262117,0.08289916794080741,False,False
ENSG00000064787,0.20083926557103307,True,False
ENSG00000116752,0.8082115353306712,True,False
ENSG00000141376,0.7911071745580447,False,False
ENSG00000124243,0.0005776802552140014,True,False
ENSG00000060982,0.016538067685808712,False,False
ENSG00000105552,0.22834260631380535,False,False
ENSG00000107949,0.7039861495263369,True,False
ENSG00000186666,0.39283309876564215,False,False
ENSG00000114200,0.0016034691076855815,False,True
ENSG00000248098,0.01269492168430551,False,False
ENSG00000083123,2.3031257563903514e-05,False,False
ENSG00000103507,0.027392882922839663,False,False
ENSG00000142867,0.30866513398957324,False,True
ENSG00000119866,0.4794809831420318,False,False
ENSG00000127152,0.01345753847782468,False,True
ENSG00000171791,0.1263079164693031,False,True
ENSG00000140379,0.7213077800163539,False,False
ENSG00000171552,0.18347565131987473,True,False
ENSG00000137875,0.1289133910749996,False,True
ENSG00000153094,0.6917727229543855,True,False
ENSG00000126453,0.07897305842632306,True,False
ENSG00000099968,0.4865251421327479,False,False
ENSG00000121380,0.5142497771684864,False,False
ENSG00000188761,0.5563872609782938,False,True
ENSG00000129473,0.8003914559964804,False,False
ENSG00000258643,0.8082115353306712,False,False
ENSG00000069399,0.8668176978057169,False,False
ENSG00000113916,0.6173891676341228,False,True
ENSG00000161940,0.040375648345516504,False,False
ENSG00000110987,0.029123269274825263,True,False
ENSG00000106635,0.03585946292035051,True,False
ENSG00000099385,0.11811216396395953,False,False
ENSG00000116128,0.0011873595117441761,True,False
ENSG00000186174,0.09972897931580418,True,False
ENSG00000029363,0.2738732319413783,False,False
ENSG00000197580,0.00013834555854607403,False,True
ENSG00000183337,0.07897305842632306,True,False
ENSG00000085185,0.04053298140875795,False,False
ENSG00000291031,0.002862309443673332,False,True
ENSG00000186716,0.11012651636000251,True,False
ENSG00000169668,0.651303345773445,True,False
ENSG00000284128,0.7888029805353111,False,True
ENSG00000074582,0.4903242455360224,False,False
ENSG00000236824,0.07255872725853454,False,False
ENSG00000161267,0.005286566542001696,False,False
ENSG00000164039,1.7713624466979626e-05,False,True
ENSG00000100739,0.032652614706577064,False,False
ENSG00000168398,0.08178625457008354,False,False
ENSG00000176697,0.11023364331299876,False,False
ENSG00000145734,0.6102276534195306,False,False
ENSG00000166546,0.0020686772366457725,False,True
ENSG00000126581,0.03016070495795876,False,False
ENSG00000183092,0.18560039712653942,False,True
ENSG00000177324,0.1267479820719239,False,False
ENSG00000178409,0.00019747512921519127,False,False
ENSG00000188848,0.00014775291341036475,False,True
ENSG00000162373,0.017227398030131316,False,False
ENSG00000151917,0.11406099150029839,False,False
ENSG00000165626,0.19754689293753813,True,False
ENSG00000167995,0.5107616622540112,True,False
ENSG00000039987,0.7776293510773301,False,False
ENSG00000127325,0.9480965395761879,False,False
ENSG00000142959,0.030514665182586668,True,False
ENSG00000105829,0.8659753094387994,False,True
ENSG00000177951,0.017531552203727797,True,False
ENSG00000133169,0.028383885169907953,False,True
ENSG00000133134,0.0039837861984937575,True,False
ENSG00000102409,0.009840063198199855,False,True
ENSG00000291824,0.20860118313211531,False,True
ENSG00000103429,0.7213077800163539,False,False
ENSG00000125864,0.04381162433134508,False,False
ENSG00000170819,0.03471665344713538,True,False
ENSG00000242252,0.5472316084459683,False,False
ENSG00000182492,0.0012672831496596273,False,True
ENSG00000180535,0.037645821978377625,False,False
ENSG00000205899,0.05499395756074765,False,False
ENSG00000180828,4.1649789006761104e-05,False,False
ENSG00000125533,0.36787944117145116,False,False
ENSG00000134107,0.9627906350072438,True,False
ENSG00000123095,0.10089937940989221,False,False
ENSG00000145692,0.0001610044174998235,False,True
ENSG00000132840,0.002975897727267125,False,False
ENSG00000122870,0.361321418713897,False,False
ENSG00000151746,0.00623068298202166,False,False
ENSG00000185963,0.5563872609782938,False,False
ENSG00000015475,0.023196970456444987,False,False
ENSG00000100290,0.5962462748028912,False,False
ENSG00000136717,0.47622870216349256,True,False
ENSG00000110934,0.004042312864521953,False,True
ENSG00000147439,0.8968232777162128,False,False
ENSG00000110330,0.5107616622540112,False,False
ENSG00000023445,0.9405840623298023,False,False
ENSG00000089685,6.355608909215881e-05,True,False
ENSG00000115760,0.24205973750856533,False,False
ENSG00000101197,0.2093891788880192,True,False
ENSG00000293247,0.36787944117145116,False,False
ENSG00000134897,0.017997881627690844,False,False
ENSG00000270181,0.6399469600617878,False,False
ENSG00000166619,0.01235397573750203,False,True
ENSG00000259571,0.13922694608066558,False,False
ENSG00000136573,0.002403316193419341,False,True
ENSG00000197299,0.0003580433149997729,False,False
ENSG00000108578,0.8634530530416704,False,False
ENSG00000095585,0.0007778558195516869,False,True
ENSG00000135441,0.4092069448749911,False,False
ENSG00000196072,0.5563872609782938,False,False
ENSG00000189114,0.00017167496068352085,True,False
ENSG00000106605,0.19754689293753813,False,False
ENSG00000090013,0.044067956850409255,False,False
ENSG00000117475,0.1776821725514313,True,False
ENSG00000104081,0.8484730417605574,False,False
ENSG00000168283,0.30866513398957124,True,False
ENSG00000168487,0.07951238454121316,False,True
ENSG00000163217,4.960997426878071e-06,False,False
ENSG00000130385,0.5962796833959243,False,False
ENSG00000125845,0.7462764190832948,True,False
ENSG00000138756,0.001622287112315494,False,True
ENSG00000152785,0.048819565674027156,False,False
ENSG00000125378,0.21920579487202158,False,False
ENSG00000112175,4.8143316179430005e-06,False,True
ENSG00000153162,6.300236095300923e-05,False,True
ENSG00000101144,0.5605984851816079,False,False
ENSG00000183682,0.07235616678610582,False,False
ENSG00000116985,0.17157045114709019,True,False
ENSG00000164619,1.645188510933606e-05,False,True
ENSG00000107779,0.9506977725270581,False,False
ENSG00000138696,1.814014560818956e-05,False,True
ENSG00000204217,0.07951238454121316,False,True
ENSG00000165733,0.06009299891313475,False,False
ENSG00000291069,0.46119117072507054,False,False
ENSG00000242338,0.42875725233373474,False,False
ENSG00000102010,0.014231597919378107,False,False
ENSG00000169594,1.2202093607611958e-05,False,True
ENSG00000173068,0.15811484526585814,False,False
ENSG00000113734,0.3224699710555938,False,False
ENSG00000140299,0.023955857801015654,False,True
ENSG00000176171,0.03301502836635483,False,False
ENSG00000104765,0.4903242455360224,False,False
ENSG00000163141,0.6964970061782193,False,False
ENSG00000144857,0.024951736451924746,False,False
ENSG00000145919,0.0008245836313238678,True,False
ENSG00000176720,0.01412793323002749,False,True
ENSG00000178096,0.021755151136953622,True,False
ENSG00000183336,0.0006574278733224964,False,False
ENSG00000169627,0.0006644969224938301,False,False
ENSG00000163170,4.4352789498377696e-05,False,False
ENSG00000152430,0.18814855989877746,False,False
ENSG00000261236,6.221103741990736e-05,True,False
ENSG00000136122,0.001589498991244134,False,False
ENSG00000232416,0.051613502352387194,False,False
ENSG00000172331,0.0058037763675435105,True,False
ENSG00000137274,0.001726443470105863,False,False
ENSG00000101425,0.03312069061640302,False,True
ENSG00000198183,,False,False
ENSG00000131050,0.017352150356443222,False,False
ENSG00000131059,,False,False
ENSG00000183566,0.4975647106777361,False,False
ENSG00000125999,0.6162837772565328,False,False
ENSG00000078898,0.012428776416162565,True,False
ENSG00000186190,,False,False
ENSG00000186191,0.023890982676188714,False,False
ENSG00000167104,0.36669096210060714,False,False
ENSG00000184459,0.3223293429802801,False,False
ENSG00000162813,0.06629368263435294,True,False
ENSG00000171634,0.7941899068540217,False,True
ENSG00000183795,0.41108238952873677,False,False
ENSG00000157764,0.9932170803579593,False,True
ENSG00000089234,0.07478808165730312,True,False
ENSG00000106009,0.14571451043171124,False,False
ENSG00000012048,0.014817310344199636,True,False
ENSG00000139618,0.2877960642431097,False,False
ENSG00000185515,0.041248601692345205,False,True
ENSG00000100425,0.5167558627527982,False,True
ENSG00000215077,0.36520655802604113,False,False
ENSG00000169925,0.9590534611157338,False,False
ENSG00000141867,0.09172907376313824,False,False
ENSG00000166164,0.11516376763724923,False,False
ENSG00000169075,0.004618835708963984,False,False
ENSG00000112983,0.22569390609902698,True,False
ENSG00000028310,0.004943536649716191,True,False
ENSG00000137948,0.058826900165938854,False,False
ENSG00000185024,0.2900433623011773,True,False
ENSG00000104221,0.20083926557103307,False,False
ENSG00000164713,0.7895702985492836,False,False
ENSG00000184992,0.020402948819559646,True,False
ENSG00000136492,0.323411946933161,True,False
ENSG00000113460,0.002356544173003338,False,False
ENSG00000254999,0.4466284686086408,True,False
ENSG00000174744,0.001385867106009911,True,False
ENSG00000100916,0.11077084324322485,False,True
ENSG00000162819,0.3978299303332715,True,False
ENSG00000156983,0.21624216950861125,True,False
ENSG00000096070,0.0016461204837098088,True,False
ENSG00000102239,0.05255354382233018,False,False
ENSG00000160469,0.06946093552266765,False,False
ENSG00000174672,0.5609695920271868,True,False
ENSG00000185658,0.006503020123561989,False,False
ENSG00000165288,0.4363270726588312,False,False
ENSG00000168000,0.4457608079422838,False,True
ENSG00000160058,0.00454256480909922,False,True
ENSG00000172270,0.000976580305274294,False,False
ENSG00000164061,0.027180638891089032,False,False
ENSG00000162399,0.330650884281754,False,False
ENSG00000188334,,False,False
ENSG00000119411,0.4625383689040139,False,False
ENSG00000109743,0.3039004998213801,False,False
ENSG00000130303,0.039675172893414636,False,True
ENSG00000188909,,False,False
ENSG00000095564,0.29631432844590533,False,False
ENSG00000064726,0.90999870276312,False,False
ENSG00000148925,0.045904772399021236,True,False
ENSG00000138152,0.7213077800163539,False,True
ENSG00000204347,0.18727520069325845,False,False
ENSG00000233436,0.8886073612387294,False,False
ENSG00000222009,0.3458533635102353,False,False
ENSG00000133243,0.3368922200202556,True,False
ENSG00000132640,0.002384200121562366,False,False
ENSG00000184887,0.03379449152783904,False,True
ENSG00000011114,0.05830876132676219,False,False
ENSG00000189195,0.8710527214723434,False,False
ENSG00000183826,0.7297729092033649,False,False
ENSG00000174808,0.17304371883436814,True,False
ENSG00000169814,0.0007071598880591938,False,False
ENSG00000145741,0.7550345754095902,False,False
ENSG00000134717,0.9534748818673352,False,False
ENSG00000118903,0.36787944117145116,False,False
ENSG00000133639,0.5142497771684864,False,False
ENSG00000159388,0.6958201383926648,False,False
ENSG00000154640,0.055326318415397334,False,False
ENSG00000137707,,False,False
ENSG00000010671,0.009228449140630465,False,True
ENSG00000186265,0.03808762609477184,False,False
ENSG00000292177,0.32180289877231655,False,False
ENSG00000292170,0.2437128219959003,True,False
ENSG00000124508,0.4652445827701861,False,False
ENSG00000124549,0.9816960841823692,True,False
ENSG00000026950,0.21793072841537264,False,True
ENSG00000186470,0.0419768564373623,False,True
ENSG00000111801,0.0222687759836629,False,True
ENSG00000229741,0.2264718537281993,False,False
ENSG00000168903,0.12503357210350116,False,False
ENSG00000113303,0.04073051016794822,True,False
ENSG00000165810,0.014546095543015688,False,True
ENSG00000166167,0.016538067685808476,False,False
ENSG00000169679,8.862782858682298e-05,False,False
ENSG00000156970,0.00010486271580193891,False,False
ENSG00000154473,0.004529334047177638,False,False
ENSG00000137656,0.005149590336619709,True,False
ENSG00000106245,0.0022490913827087075,True,False
ENSG00000112578,0.00028965623024380797,True,False
ENSG00000082153,0.3488930708560918,False,False
ENSG00000136261,0.000172679394456609,True,False
ENSG00000214688,0.010533097217241516,False,True
ENSG00000183559,,False,False
ENSG00000178645,,False,False
ENSG00000222047,0.10183647012172257,False,False
ENSG00000203942,0.6314561346892058,False,False
ENSG00000179133,0.20983278318358708,False,False
ENSG00000177354,0.02405639162665823,False,False
ENSG00000119965,0.716415207307324,True,False
ENSG00000154493,0.10440277588848035,False,False
ENSG00000120055,0.5142497771684864,True,False
ENSG00000176029,0.1252441711919033,False,False
ENSG00000110665,0.0019781935084185963,False,True
ENSG00000171067,0.009391379800097166,False,False
ENSG00000171987,,False,False
ENSG00000180878,0.007406700543647645,False,False
ENSG00000149300,0.42875725233373474,False,True
ENSG00000110696,0.6758171240006762,False,False
ENSG00000166323,0.05311251282173222,False,False
ENSG00000175573,0.005786872176499087,False,False
ENSG00000180425,0.06501700254173598,False,True
ENSG00000173237,0.1697973772787359,False,False
ENSG00000185742,0.2462904601047477,False,False
ENSG00000205177,0.2617294340003659,False,False
ENSG00000187479,0.007329141163404331,False,False
ENSG00000179088,0.706187119245792,False,False
ENSG00000157895,0.22834260631380535,False,False
ENSG00000177627,0.021998083984405833,False,False
ENSG00000185306,0.12772654022497745,True,False
ENSG00000111678,0.5807064113317143,False,False
ENSG00000182993,0.011836608979429071,False,True
ENSG00000214700,0.34762545940866574,False,False
ENSG00000235162,0.10119411935468373,False,False
ENSG00000174456,0.1939310112391763,False,False
ENSG00000179933,0.6525710891123018,False,False
ENSG00000227051,0.1374571063828397,False,True
ENSG00000184601,1.3638850828996169e-05,False,True
ENSG00000179008,0.20468847405526705,False,False
ENSG00000100802,0.05311251282173222,True,False
ENSG00000183643,,False,False
ENSG00000169609,0.5762070137928801,True,False
ENSG00000189227,0.08720662610258513,False,False
ENSG00000188277,0.06616489455904562,True,False
ENSG00000166455,0.013923381811684897,False,False
ENSG00000185905,0.003383423262555029,False,True
ENSG00000166152,0.36787944117145116,False,False
ENSG00000234186,,False,False
ENSG00000159761,0.07242655215680929,False,True
ENSG00000153446,0.0009907455059653594,False,False
ENSG00000215131,0.6810984720808795,False,False
ENSG00000260456,0.3435074679376159,False,True
ENSG00000205832,0.0007421093607579001,False,True
ENSG00000256806,0.07068728632759921,False,False
ENSG00000205710,0.24585481549216193,False,True
ENSG00000186665,0.00028352617091459946,True,False
ENSG00000214226,0.5841040013440686,False,False
ENSG00000108666,0.03253701995783554,True,False
ENSG00000278145,0.1635813474795484,False,False
ENSG00000177576,0.41562260194879497,False,True
ENSG00000166845,0.045108372402551396,False,False
ENSG00000206043,0.5962796833959243,False,False
ENSG00000131943,0.2778967629195067,False,True
ENSG00000177025,0.5310173297198827,False,True
ENSG00000119559,0.10991257467628988,False,False
ENSG00000167644,0.6084502925805204,True,False
ENSG00000214212,0.07851369147465535,False,False
ENSG00000105072,0.367700641932594,False,True
ENSG00000160392,0.2778967629195067,False,False
ENSG00000104979,0.4666036214822298,True,False
ENSG00000221916,0.1992831337984575,True,False
ENSG00000235034,0.22834937975855452,False,False
ENSG00000197223,0.2641958335000569,False,False
ENSG00000106392,0.9703087278278311,False,False
ENSG00000171155,0.8592656070832756,False,False
ENSG00000180999,0.07393561317670728,True,False
ENSG00000162817,0.24561588954839772,False,False
ENSG00000182795,0.651303345773445,False,False
ENSG00000197982,0.9153229121112986,False,True
ENSG00000203963,0.18466960222555506,False,False
ENSG00000203910,0.36787944117145116,False,False
ENSG00000131591,0.5258793213338224,False,False
ENSG00000143110,7.497929921812181e-05,False,True
ENSG00000198912,0.999028182778181,False,True
ENSG00000204006,0.36787944117145116,False,False
ENSG00000119280,0.003524449189336565,True,False
ENSG00000116667,0.014127933230027392,False,True
ENSG00000253313,0.1500274071396726,False,False
ENSG00000142686,0.008069689665280105,False,False
ENSG00000213057,0.9153229121112986,False,False
ENSG00000239887,0.3974433123556157,True,False
ENSG00000143793,0.00022715267563360472,True,False
ENSG00000164008,0.02430523098382558,False,True
ENSG00000162642,0.3378763251248627,False,True
ENSG00000203724,0.7441027999840577,False,False
ENSG00000118292,0.03565087720139229,False,True
ENSG00000143443,0.00291575171843986,True,False
ENSG00000162757,0.002036744604290185,True,False
ENSG00000162598,0.12713573293203653,False,False
ENSG00000142698,,False,False
ENSG00000173372,0.002873535978895301,False,True
ENSG00000173369,0.002342836732329307,False,True
ENSG00000108561,0.6525710891123018,False,True
ENSG00000159189,0.002718615666210725,False,True
ENSG00000131094,0.0017097387779404886,True,False
ENSG00000144119,0.0045190701026172715,False,False
ENSG00000165985,0.7441027999840577,False,False
ENSG00000186897,0.00021572135497825972,True,False
ENSG00000173918,0.00023616104372707562,False,True
ENSG00000145861,0.005775630077704028,False,False
ENSG00000082196,0.3224699710555938,True,False
ENSG00000273294,0.7083097369277053,False,False
ENSG00000172247,0.41537858842345143,False,True
ENSG00000223953,0.2611312474719329,False,False
ENSG00000133466,0.18726037965393566,False,False
ENSG00000163145,0.00020450963291894272,False,True
ENSG00000184471,0.7286920262761458,False,False
ENSG00000240654,0.0017723658949752505,False,True
ENSG00000205863,0.23786025314076092,True,False
ENSG00000288512,2.241270991851664e-05,False,False
ENSG00000139178,3.2747322549876324e-05,False,True
ENSG00000182326,7.30365676157669e-05,False,True
ENSG00000206372,0.018156065120366018,False,False
ENSG00000258713,0.36669096210060714,False,False
ENSG00000149609,0.0021939870317692948,False,False
ENSG00000125975,,False,False
ENSG00000215595,0.7594521225252041,False,False
ENSG00000198547,0.04988057729300516,False,False
ENSG00000196476,0.001577183322414529,True,False
ENSG00000160298,0.0018019046484447818,False,False
ENSG00000154642,2.2631689229632335e-05,False,True
ENSG00000240770,0.36787944117145116,False,False
ENSG00000169314,0.9604289387815244,False,True
ENSG00000128346,0.1613764319156881,True,False
ENSG00000100249,0.5958344615198381,False,False
ENSG00000242259,0.3978299303332715,True,False
ENSG00000205856,,False,False
ENSG00000157617,0.011905862467360221,False,True
ENSG00000172375,0.7404941610992368,False,False
ENSG00000168014,0.26368258289232577,True,False
ENSG00000198535,0.037536174030826236,False,False
ENSG00000205502,0.0979987853811823,False,False
ENSG00000183186,0.19582577895800432,False,False
ENSG00000225556,0.15549278952233977,True,False
ENSG00000273045,0.11742513441494493,True,False
ENSG00000115998,0.02637361114396026,False,False
ENSG00000187944,0.3266205559481686,False,False
ENSG00000168887,0.030455384647227007,True,False
ENSG00000178074,0.8668176978057169,False,True
ENSG00000204128,0.24561588954839772,False,False
ENSG00000186132,0.05024906960952281,True,False
ENSG00000187833,0.767810097670458,True,False
ENSG00000188674,0.5962796833959243,False,False
ENSG00000284308,0.7911071745580447,False,False
ENSG00000125730,2.307608724818443e-05,False,True
ENSG00000171860,0.02795794220674982,False,True
ENSG00000088543,0.2928771782877895,True,False
ENSG00000180697,0.36669096210060714,False,False
ENSG00000288547,0.4000464016982295,False,False
ENSG00000179021,0.14973595039385398,False,True
ENSG00000163632,0.4934897036348993,False,False
ENSG00000114529,0.7773822889285338,False,False
ENSG00000188315,0.9215738736404122,False,False
ENSG00000187068,0.02203187635766728,False,True
ENSG00000180044,0.10520725225527013,False,False
ENSG00000167798,2.5931842828227938e-05,False,True
ENSG00000244207,0.01410048703520969,False,False
ENSG00000224389,0.10800570596723044,False,True
ENSG00000123838,0.0009411570048363342,False,False
ENSG00000123843,0.1666382481047044,False,False
ENSG00000138813,0.012390163456013325,False,False
ENSG00000151470,0.01486059359587412,False,True
ENSG00000163633,0.2241041444182154,False,False
ENSG00000205208,0.0374268454460028,True,False
ENSG00000237136,0.36787944117145116,False,False
ENSG00000106804,0.013855858269218913,False,False
ENSG00000197405,0.6494063470802454,False,True
ENSG00000113583,0.28335357038759035,False,False
ENSG00000082213,0.1776821725514313,False,False
ENSG00000181904,0.5695231992134334,False,True
ENSG00000172244,0.000172679394456609,True,False
ENSG00000178776,0.00013213551497279755,False,False
ENSG00000185056,0.3510138941916114,True,False
ENSG00000187658,0.5962796833959243,False,False
ENSG00000234511,0.029694581745524893,False,False
ENSG00000164241,0.6173891676341228,False,True
ENSG00000039537,3.7123365948509814e-05,False,True
ENSG00000112539,0.36787944117145116,False,False
ENSG00000185127,0.3815401716215524,False,True
ENSG00000188112,0.8297095074058933,False,True
ENSG00000204564,0.008172336005894343,False,False
ENSG00000197261,0.6082481171613529,False,False
ENSG00000225543,0.36787944117145116,False,False
ENSG00000203872,0.6344279200793124,False,False
ENSG00000203623,0.0008539571358844326,True,False
ENSG00000137434,0.4297670291767455,False,True
ENSG00000184530,0.44883249746313547,False,False
ENSG00000112308,0.5706317598354691,False,False
ENSG00000198663,0.15597715923417532,True,False
ENSG00000112936,5.429389939105154e-05,False,True
ENSG00000136197,0.0073577008590977305,False,False
ENSG00000170279,0.33363319844946754,False,False
ENSG00000164746,0.7485282545329602,False,False
ENSG00000157131,2.3031257563903514e-05,False,True
ENSG00000021852,2.3031257563903514e-05,False,True
ENSG00000176919,0.9703087278278311,False,False
ENSG00000182307,2.8413571540141132e-05,True,False
ENSG00000165084,0.12469182208221159,False,False
ENSG00000288596,0.1374571063828397,False,False
ENSG00000288602,0.7122479953939524,True,False
ENSG00000164743,0.9153229121112986,False,False
ENSG00000241852,0.33104749083823115,False,False
ENSG00000171060,,False,False
ENSG00000189376,3.7595574648466746e-05,True,False
ENSG00000213563,0.3485540105612531,False,False
ENSG00000113600,3.0003532589887482e-05,False,True
ENSG00000188959,0.003952919244957593,True,False
ENSG00000187753,0.5131964842620099,False,False
ENSG00000196366,0.02483072923839724,True,False
ENSG00000135045,0.0012012941342961737,True,False
ENSG00000157653,0.1540180517521487,False,False
ENSG00000179058,0.4390069810208109,True,False
ENSG00000204669,0.016851596498686797,False,False
ENSG00000147894,0.00019292040501092661,False,True
ENSG00000136819,0.026017044370912158,False,True
ENSG00000155621,0.13350557304031743,True,False
ENSG00000133742,0.24268299510878732,False,False
ENSG00000154975,0.12542678741438099,False,False
ENSG00000063180,0.5640126163946804,True,False
ENSG00000074410,0.0006782041382053894,True,False
ENSG00000185015,0.0015848693858094203,False,True
ENSG00000118298,0.008455227877739006,False,True
ENSG00000104267,0.04136909411416726,False,True
ENSG00000164879,0.00010050607744319296,False,True
ENSG00000167434,0.4485938933112633,True,False
ENSG00000174990,0.03677752865336121,False,False
ENSG00000169239,0.5305012779337728,False,False
ENSG00000186312,0.9153229121112986,False,False
ENSG00000131686,0.7593424785102955,False,False
ENSG00000168748,0.0713113032208551,False,False
ENSG00000178538,0.6410755132899841,False,False
ENSG00000107159,0.06463881455130797,True,False
ENSG00000135932,0.2014259426585675,False,True
ENSG00000102547,0.01118758162444498,False,True
ENSG00000099991,0.3224699710555938,False,False
ENSG00000134508,0.15811484526585695,False,False
ENSG00000149679,0.0059639494220090055,True,False
ENSG00000157782,0.9968397729098821,False,False
ENSG00000167791,,False,False
ENSG00000175544,7.367848645918748e-05,False,True
ENSG00000105507,0.7940464506893616,False,False
ENSG00000100314,0.7745199747328188,False,False
ENSG00000145309,,False,False
ENSG00000154040,0.0005878793497215061,False,False
ENSG00000158966,0.7706093981732294,False,False
ENSG00000141837,0.4044602769610365,False,True
ENSG00000148408,0.11816657402982932,False,False
ENSG00000285479,0.1440242693448326,False,False
ENSG00000157388,0.7441027999840577,False,False
ENSG00000198216,0.09192973746359126,False,False
ENSG00000102001,0.2322024917109247,False,False
ENSG00000006283,0.7701005765250394,True,False
ENSG00000196557,0.5863800978415693,False,True
ENSG00000100346,0.09628710454699725,False,False
ENSG00000081248,0.1932059219186933,False,False
ENSG00000153956,0.00024362428737492655,False,True
ENSG00000007402,0.02052232214449494,False,False
ENSG00000157445,0.3378763251248627,False,True
ENSG00000284953,0.10089937940989292,False,True
ENSG00000067191,0.6325800730766368,False,False
ENSG00000165995,0.3074670175579975,False,True
ENSG00000167535,0.034191097171807044,False,False
ENSG00000182389,0.18134739323916432,False,False
ENSG00000108878,0.27278976084157325,False,False
ENSG00000166862,0.12713573293203653,False,False
ENSG00000006116,0.12713573293203653,False,False
ENSG00000075461,0.16643863259241287,True,False
ENSG00000075429,0.012390163456013325,False,False
ENSG00000130433,0.09128084847171465,False,False
ENSG00000105605,0.16895653641471803,False,False
ENSG00000142408,0.15401805175214764,True,False
ENSG00000116161,0.00017067636945585006,True,False
ENSG00000084774,0.00022277818190446006,True,False
ENSG00000182985,0.4707046035904452,False,True
ENSG00000175161,0.5634799318476482,False,True
ENSG00000162706,0.007491679187068965,False,True
ENSG00000105767,0.05956944271357314,False,False
ENSG00000163618,0.005574680773029511,False,False
ENSG00000081803,0.6758171240006762,True,False
ENSG00000164304,0.3626127437120434,True,False
ENSG00000270419,0.13907027650998902,False,False
ENSG00000104327,0.3285379707090939,False,False
ENSG00000172137,0.48051262646733195,False,False
ENSG00000110680,0.7904857766166444,False,False
ENSG00000175868,0.3425155004361585,False,False
ENSG00000012822,0.16153341286821266,False,False
ENSG00000136436,0.11880321317710957,False,False
ENSG00000004948,0.5563789161036423,False,True
ENSG00000064989,0.03253701995783577,False,True
ENSG00000122786,0.04913783790562352,False,True
ENSG00000185933,0.14447395840561694,False,False
ENSG00000138172,0.11822705905603602,False,False
ENSG00000183128,0.740289287979337,False,False
ENSG00000198668,0.002834686257268654,False,True
ENSG00000143933,0.028286051231967944,False,False
ENSG00000160014,0.1613764319156881,True,False
ENSG00000178363,0.05896260135201389,False,True
ENSG00000129007,0.0780569965481117,False,False
ENSG00000178372,0.36787944117145116,False,False
ENSG00000169885,0.551003778645792,True,False
ENSG00000183166,0.0002460099255985131,False,False
ENSG00000179218,0.12375510123331274,True,False
ENSG00000269058,0.30180452687139747,True,False
ENSG00000128595,0.020127104393798265,False,False
ENSG00000130643,0.08631087354076518,False,False
ENSG00000134072,0.1517880998955445,True,False
ENSG00000183049,0.00623068298202166,False,False
ENSG00000008118,0.3212484345366629,False,False
ENSG00000070808,0.020494865375821996,False,True
ENSG00000058404,2.0775815733484267e-05,False,True
ENSG00000145349,0.255356467494421,False,False
ENSG00000148660,0.6784506019178687,True,False
ENSG00000162545,0.596152875121186,True,False
ENSG00000163888,0.02397662836157582,False,False
ENSG00000152495,0.00013594540717662608,False,True
ENSG00000004660,0.15811484526585814,False,True
ENSG00000110931,0.06785883299191747,False,False
ENSG00000143919,0.5807064113317143,False,False
ENSG00000164076,0.15407130546214853,False,False
ENSG00000164615,0.01269492168430551,False,False
ENSG00000164047,0.06385905224802611,False,False
ENSG00000130559,0.012868907137631334,True,False
ENSG00000118200,0.02028426986003777,True,False
ENSG00000076826,0.8584305579681955,False,False
ENSG00000171735,0.8864204184047004,False,False
ENSG00000108509,0.023196970456444987,False,True
ENSG00000111530,0.8968232777162128,False,False
ENSG00000144712,0.0012118523158546524,False,True
ENSG00000171302,0.0003751492243189087,True,False
ENSG00000283777,0.029066691790402662,True,False
ENSG00000131236,0.6784506019178687,False,False
ENSG00000112186,3.303513896982288e-05,True,False
ENSG00000042493,0.0020546455651842847,False,False
ENSG00000014216,0.00043574469009374084,True,False
ENSG00000142330,0.2037898387282614,False,False
ENSG00000137225,0.022728135396336932,False,False
ENSG00000292260,0.015152397635842769,True,False
ENSG00000162949,0.12584446675352381,False,True
ENSG00000214711,0.8482904363184327,False,False
ENSG00000162909,0.03585946292035051,True,False
ENSG00000092529,4.1839389134215794e-05,False,True
ENSG00000149260,0.37057188668272373,False,False
ENSG00000077274,0.0027059146628785145,False,True
ENSG00000131375,0.1199639583915186,False,False
ENSG00000203697,0.22443820590556188,True,False
ENSG00000135773,0.5128655594998972,False,False
ENSG00000126247,0.17768217255142876,False,False
ENSG00000256812,0.9844901092771532,False,True
ENSG00000135387,0.1666382481047044,True,False
ENSG00000110888,0.007914284025709893,False,False
ENSG00000105519,0.9314831751655464,False,False
ENSG00000180881,0.06942997941527133,False,True
ENSG00000152611,0.12713573293203653,False,False
ENSG00000116489,0.9759857983375362,False,False
ENSG00000198898,0.10002030037277693,True,False
ENSG00000177938,0.07582290028502317,False,False
ENSG00000077549,0.7624115035808244,False,False
ENSG00000100065,0.05039585354505495,True,False
ENSG00000198286,0.018156065120366018,False,True
ENSG00000141527,0.023606518977166754,False,True
ENSG00000204397,0.020127104393798265,False,True
ENSG00000255501,0.010788779525045127,True,False
ENSG00000132357,0.004272664061538916,False,True
ENSG00000105483,0.012682584540782969,False,True
ENSG00000187796,0.05468455105609742,False,True
ENSG00000153048,0.2833535703875884,False,False
ENSG00000142453,0.15765431691636933,False,False
ENSG00000172508,0.5142497771684864,True,False
ENSG00000134905,0.4213187605081594,False,True
ENSG00000164326,0.36787944117145116,False,False
ENSG00000177640,0.019379548089784815,False,True
ENSG00000108349,0.0013304135634783815,False,False
ENSG00000127995,0.8584305579681832,False,False
ENSG00000147044,0.01885775002394929,True,False
ENSG00000167971,0.367700641932594,True,False
ENSG00000177303,0.5063116857241694,False,False
ENSG00000137752,0.010431181255549865,False,True
ENSG00000003400,0.10089937940989292,False,False
ENSG00000291983,0.7661899035762681,False,True
ENSG00000105141,0.19258918982926504,False,False
ENSG00000106144,0.13586264850624483,False,False
ENSG00000164305,0.33754797109326373,False,False
ENSG00000196954,0.16566895420133448,False,False
ENSG00000137757,0.7475109416734437,False,True
ENSG00000138794,0.07647938292234908,False,True
ENSG00000165806,0.18347565131987215,False,True
ENSG00000064012,0.7796531216557535,False,False
ENSG00000118412,0.8224807192892474,False,False
ENSG00000132906,0.4960785964483295,False,True
ENSG00000143318,0.6494063470802454,False,False
ENSG00000118729,0.12873686065502982,False,False
ENSG00000036828,0.005846303057294821,False,False
ENSG00000087589,0.017328191881109917,False,True
ENSG00000310517,0.29344725534065114,False,True
ENSG00000130940,0.9215738736404122,False,False
ENSG00000121691,2.3031257563903514e-05,False,True
ENSG00000175294,0.03671296930238809,False,False
ENSG00000166762,0.24585481549216193,True,False
ENSG00000291053,0.5807064113317143,True,False
ENSG00000152705,0.936933085603705,False,False
ENSG00000188782,0.5962796833959243,False,False
ENSG00000133962,0.9740469565383766,True,False
ENSG00000174898,0.33363319844946754,False,False
ENSG00000099338,0.14973595039385612,False,True
ENSG00000105974,0.06805705729028859,True,False
ENSG00000105971,0.9544023865431366,False,False
ENSG00000182533,0.7191996160971919,False,False
ENSG00000078699,0.02052232214449494,True,False
ENSG00000129993,2.3278903121391317e-05,False,True
ENSG00000067955,0.6468856075164668,False,False
ENSG00000110395,0.33558453716259506,False,True
ENSG00000114423,0.9703087278278311,False,False
ENSG00000142273,0.9242659083608107,False,True
ENSG00000105879,0.1085320485244178,True,False
ENSG00000102924,0.373577287554873,False,False
ENSG00000141668,2.923915565458337e-06,False,False
ENSG00000139899,0.0018230514543636548,False,True
ENSG00000054803,0.01889073765828279,False,True
ENSG00000159228,0.5167558627527982,False,False
ENSG00000159231,0.3662733729200411,False,False
ENSG00000236830,0.7865054977525469,True,False
ENSG00000145439,2.669938038666246e-05,False,True
ENSG00000160200,2.114261814056621e-05,False,True
ENSG00000108468,0.001385867106009911,True,False
ENSG00000173894,0.02739288292284006,False,False
ENSG00000122565,0.00043574469009374084,True,False
ENSG00000293256,0.31016934707242383,False,False
ENSG00000141582,3.878368310723047e-05,True,False
ENSG00000094916,0.9656030691398102,True,False
ENSG00000183741,0.5351638569387906,False,False
ENSG00000100307,0.09545961337853968,False,False
ENSG00000141570,6.042263233044667e-05,False,False
ENSG00000100211,0.7462764190832948,False,True
ENSG00000283718,0.716415207307324,False,False
ENSG00000132024,0.9424148823115995,False,False
ENSG00000154222,0.30657148318941785,False,False
ENSG00000048342,0.239950808373247,False,True
ENSG00000188649,0.3435074679376159,False,False
ENSG00000060339,0.17358396891838315,False,False
ENSG00000183287,1.4386123303933132e-05,False,True
ENSG00000135736,0.30657148318941785,False,False
ENSG00000150636,0.04502074081789478,False,False
ENSG00000173581,0.25461271131954394,False,True
ENSG00000159884,0.009782825958998877,True,False
ENSG00000168491,0.22701439326129677,True,False
ENSG00000164221,0.17157045114709019,True,False
ENSG00000161180,0.3200388574426669,False,False
ENSG00000159873,0.31656750785168053,False,False
ENSG00000160799,0.25961231091905224,False,False
ENSG00000147144,0.6864127675167437,True,False
ENSG00000176714,0.4794809831420318,False,False
ENSG00000151773,0.7865054977525469,False,False
ENSG00000007080,0.3815401716215524,False,False
ENSG00000277868,0.11012651636000098,False,False
ENSG00000169193,0.10948593736855652,False,False
ENSG00000164366,0.0020150773139389518,True,False
ENSG00000244607,0.1613764319156881,False,True
ENSG00000100147,0.030693200014700984,False,False
ENSG00000128596,0.23995080837324365,False,True
ENSG00000185298,0.0003751492243189087,True,False
ENSG00000163006,0.005065172729087714,True,False
ENSG00000175455,0.8864204184047004,False,True
ENSG00000163081,0.5962796833959243,False,False
ENSG00000163492,0.6215560725537257,False,True
ENSG00000135637,0.028286051231967944,True,False
ENSG00000170160,0.32404145904006687,False,False
ENSG00000205212,0.3420302068173967,False,False
ENSG00000135205,0.00029135094739465395,False,True
ENSG00000153237,0.2351011513079887,False,True
ENSG00000181982,0.9506977725270581,False,False
ENSG00000149548,0.10821593598552763,False,False
ENSG00000144395,0.0497145101076509,False,False
ENSG00000198865,0.000124554990670064,False,True
ENSG00000197599,0.90999870276312,False,False
ENSG00000187860,0.4946337083554061,False,True
ENSG00000163749,0.0008947558680961537,False,True
ENSG00000183401,0.8890097654027761,False,True
ENSG00000203952,0.03977803656538307,False,True
ENSG00000203799,0.9290476436090117,False,False
ENSG00000278749,0.04111412154482537,False,False
ENSG00000198937,0.027101472037745898,True,False
ENSG00000242715,0.19016638340967484,False,False
ENSG00000250709,0.4353845758766812,False,False
ENSG00000159588,0.023837162182840932,False,False
ENSG00000122483,0.6797711866145533,False,True
ENSG00000101997,0.40682668823286516,True,False
ENSG00000159214,0.6468856075164668,True,False
ENSG00000147419,0.02397662836157582,False,True
ENSG00000162592,0.36787944117145116,False,False
ENSG00000024862,0.011552362264397494,False,False
ENSG00000160050,0.15811484526585814,False,False
ENSG00000151468,9.34054361827924e-05,False,True
ENSG00000186409,0.06145197701271806,False,True
ENSG00000288407,,False,False
ENSG00000109881,0.0004896697908625985,True,False
ENSG00000165972,0.0008663016701688129,False,True
ENSG00000284862,0.016346231461555314,False,False
ENSG00000141519,0.1026807840832584,False,False
ENSG00000161973,0.0019296435715179913,False,False
ENSG00000180329,0.027633639139866543,False,False
ENSG00000108588,0.15811484526585695,False,False
ENSG00000152492,0.9656030691398102,False,False
ENSG00000164051,0.0924453537785658,True,False
ENSG00000138483,0.5169671128772049,False,False
ENSG00000176155,0.18617113185875345,False,True
ENSG00000133773,0.14713818758765998,True,False
ENSG00000108091,0.2900433623011773,False,False
ENSG00000183273,0.7139181991816187,False,False
ENSG00000104983,0.1386652177389657,True,False
ENSG00000130783,0.015951944996967508,False,True
ENSG00000173093,0.7946732700886494,False,False
ENSG00000180376,0.4790150152650764,False,True
ENSG00000166510,0.0033150407359811415,False,False
ENSG00000198624,0.0043144093496467,False,True
ENSG00000216937,0.7941899068540217,False,False
ENSG00000123171,0.9745473285821548,False,False
ENSG00000177352,0.46979017045706384,False,False
ENSG00000253276,0.0394443921234643,False,True
ENSG00000186714,0.996118394014622,False,False
ENSG00000163040,0.2434759776783048,False,False
ENSG00000292118,0.4707046035904452,False,False
ENSG00000120647,0.146567055118041,True,False
ENSG00000162004,0.5896026307860001,False,False
ENSG00000169515,0.017044129575986937,False,False
ENSG00000091986,0.03379449152783904,False,False
ENSG00000149201,0.4213187605081594,False,False
ENSG00000149231,0.6155909480306143,False,False
ENSG00000150676,0.36787944117145116,False,False
ENSG00000055813,0.4457608079422838,False,False
ENSG00000175602,0.5310173297198827,True,False
ENSG00000205476,0.0160314366354572,True,False
ENSG00000110104,0.0002740400576641056,True,False
ENSG00000182791,0.9486118869031399,False,False
ENSG00000115355,0.7911071745580447,False,False
ENSG00000168071,0.03379449152783904,False,True
ENSG00000015133,0.05311251282173222,False,True
ENSG00000179071,0.0015785746212747288,False,True
ENSG00000105321,0.061811519492814486,True,False
ENSG00000137500,0.0003186136376921938,False,True
ENSG00000123106,0.716415207307324,False,False
ENSG00000119242,0.8668176978057169,False,False
ENSG00000125633,0.004815448431008558,True,False
ENSG00000142039,0.010739926123606799,True,False
ENSG00000234114,0.0006123830028847762,True,False
ENSG00000185972,0.22308828843766695,False,False
ENSG00000187094,0.9079428732851952,False,False
ENSG00000163394,,False,False
ENSG00000110148,0.16895653641471803,False,False
ENSG00000108702,0.36787944117145116,False,False
ENSG00000172156,0.02402343064624347,False,False
ENSG00000181374,0.959026641057823,False,False
ENSG00000277236,6.992134882143371e-06,False,True
ENSG00000275528,0.4213187605081594,True,False
ENSG00000275152,0.190011462456638,False,False
ENSG00000102970,0.5780799238584479,False,False
ENSG00000278006,0.09172907376313824,False,False
ENSG00000172724,0.002593963545977267,False,True
ENSG00000108691,0.16728759262552026,False,False
ENSG00000115009,0.002356544173003338,False,False
ENSG00000137077,0.0005438853983737423,False,False
ENSG00000102962,0.026169264577854207,False,True
ENSG00000274736,2.8385958741984854e-05,False,True
ENSG00000106178,0.1434535438642384,False,False
ENSG00000131142,0.45945297230101345,False,False
ENSG00000006606,0.2602279874526254,False,False
ENSG00000213927,0.9351451567688491,False,False
ENSG00000151882,0.7276473585454799,True,False
ENSG00000277632,0.04502074081789478,False,True
ENSG00000293545,0.427357132068265,False,True
ENSG00000275302,0.020048978904914676,False,True
ENSG00000271503,0.001470548833662921,False,True
ENSG00000108688,0.013813133839202654,True,False
ENSG00000108700,0.8994430127919598,False,False
ENSG00000136280,0.6864127675167437,False,True
ENSG00000133101,0.18396285451192215,False,False
ENSG00000145386,0.00022981849568669263,True,False
ENSG00000134057,0.00012528373549538716,True,False
ENSG00000291784,0.08978779094001982,False,False
ENSG00000157456,0.00025551201401111036,False,False
ENSG00000147082,0.7039861495263369,True,False
ENSG00000112237,0.12741803752648712,False,True
ENSG00000110092,0.34585336351023777,False,True
ENSG00000118971,0.09583159386688372,False,False
ENSG00000112576,0.30331011535484415,False,False
ENSG00000166946,0.651303345773445,False,False
ENSG00000105173,7.660041077613838e-05,False,False
ENSG00000175305,0.0001039491064638487,False,False
ENSG00000162063,8.77702849605971e-05,True,False
ENSG00000113328,0.8786975403013207,False,True
ENSG00000138764,0.7234148119575021,False,True
ENSG00000134480,0.00880765388390955,False,True
ENSG00000118816,0.038459754327126686,False,True
ENSG00000205089,0.8786785486355145,False,True
ENSG00000107443,0.23441639115790464,False,True
ENSG00000135083,0.7213077800163539,False,True
ENSG00000090061,0.1492998265752604,True,False
ENSG00000163660,0.05468455105609742,False,False
ENSG00000221978,0.2506824442099173,False,False
ENSG00000152669,0.021738848978225478,False,False
ENSG00000129315,0.9590534611157338,True,False
ENSG00000082258,0.0713085573232822,False,False
ENSG00000108100,0.41562260194879497,False,False
ENSG00000163249,0.7248229182033002,False,False
ENSG00000103540,0.2928771782877895,False,False
ENSG00000260916,0.17358396891838315,False,True
ENSG00000163823,0.0012189426066529642,False,True
ENSG00000184451,0.6264593656375133,True,False
ENSG00000121807,0.0033247243924041706,False,False
ENSG00000183625,0.2346767702042005,False,True
ENSG00000183813,0.2552982114320041,False,False
ENSG00000160791,0.010865967828152356,False,True
ENSG00000112486,0.05039585354505495,False,False
ENSG00000126353,0.019701149999669265,False,True
ENSG00000179934,0.2025316150192301,False,False
ENSG00000173585,0.03043205147659681,False,True
ENSG00000121797,0.8668176978057169,False,False
ENSG00000173992,0.004507368357806039,False,True
ENSG00000166226,0.00019012720505523292,True,False
ENSG00000163468,0.00017067636945585006,False,False
ENSG00000115484,0.00014708473605580313,False,False
ENSG00000150753,0.0023156605856772213,True,False
ENSG00000146731,0.00012528373549538716,False,False
ENSG00000132141,0.0007510999667073711,False,True
ENSG00000228409,0.9242659083608107,True,False
ENSG00000234585,0.5063116857241694,True,False
ENSG00000135624,0.006316075253838293,True,False
ENSG00000156261,0.005911988914957661,True,False
ENSG00000198445,,False,False
ENSG00000122674,0.022816700838879694,True,False
ENSG00000146574,0.0163939808866429,False,False
ENSG00000134256,0.056963881454593294,False,True
ENSG00000156535,0.013172733592997046,True,False
ENSG00000170458,6.711254822958038e-05,False,True
ENSG00000177697,0.004546983646113874,True,False
ENSG00000117281,2.685559279687078e-05,False,True
ENSG00000177575,8.557930329463382e-05,False,True
ENSG00000177675,0.5542275848558886,False,False
ENSG00000135535,0.003960613489236168,False,True
ENSG00000174950,0.19472514598357485,False,False
ENSG00000204936,0.15304155420148371,False,False
ENSG00000134061,0.0021092979811099624,False,True
ENSG00000177455,0.09654218541668828,False,True
ENSG00000158477,0.669496979704253,False,False
ENSG00000158485,0.43772080905198063,False,True
ENSG00000158481,0.0041498361121891,False,False
ENSG00000158473,1.5947894196277206e-05,False,True
ENSG00000158488,0.0030669596613122118,False,True
ENSG00000116824,0.01913479331460371,False,True
ENSG00000091972,0.00767929886465469,False,False
ENSG00000163606,0.0008399581546774035,False,True
ENSG00000206531,0.9207700887583652,True,False
ENSG00000116031,0.008101135079693914,False,True
ENSG00000090659,0.21043458021775974,False,True
ENSG00000012124,0.1840116070775476,False,False
ENSG00000150637,8.434024252157855e-05,False,True
ENSG00000272398,0.0029356640920724314,True,False
ENSG00000122223,2.145322892368034e-05,False,True
ENSG00000198821,0.0061225871208385515,False,True
ENSG00000174807,0.0550044987626716,False,False
ENSG00000139193,0.04230463891834747,False,True
ENSG00000120217,0.0012404633540426542,False,True
ENSG00000103855,0.004022709057913731,False,False
ENSG00000178562,0.4960785964483295,False,True
ENSG00000198087,0.19280296201274424,True,False
ENSG00000169217,0.047401536651985224,False,False
ENSG00000167851,0.003736171971605922,False,False
ENSG00000291920,0.04169213079332189,False,True
ENSG00000186407,0.09573846307356816,False,True
ENSG00000291919,0.8976956738320017,False,False
ENSG00000204345,0.05255354382233018,False,False
ENSG00000186074,0.3368922200202556,False,True
ENSG00000161649,0.00011210992107068911,False,False
ENSG00000241399,6.294113417361939e-05,False,True
ENSG00000167775,0.10696066620686197,True,False
ENSG00000105383,0.007553411561917691,False,False
ENSG00000174059,7.497929921812227e-05,False,False
ENSG00000135218,0.17157045114709019,False,True
ENSG00000104894,0.14486692478915572,False,False
ENSG00000004468,0.003260697032985449,False,True
ENSG00000167286,0.08396172292214722,False,True
ENSG00000198851,0.006396415643461999,False,True
ENSG00000160654,0.010370505627289556,False,True
ENSG00000010610,3.421192415973876e-05,False,True
ENSG00000101017,0.6108212600394947,False,True
ENSG00000102245,0.021088698726644022,False,True
ENSG00000026508,0.0019213256038614745,False,True
ENSG00000117335,0.00454256480909922,True,False
ENSG00000196776,0.39168892550161427,False,False
ENSG00000117091,0.01123117662686265,False,True
ENSG00000110448,0.028451546916670584,False,True
ENSG00000169442,0.07449778379190716,False,True
ENSG00000143119,0.0222687759836629,False,True
ENSG00000196352,0.7911071745580447,False,False
ENSG00000116815,0.10948593736855652,True,False
ENSG00000085063,0.5019004793146815,False,False
ENSG00000073754,4.4352789498377696e-05,False,False
ENSG00000013725,0.011154996458317155,False,True
ENSG00000135404,0.001577183322414529,False,False
ENSG00000129226,0.045108372402551396,False,True
ENSG00000110848,0.00245476830880017,False,True
ENSG00000173762,0.5107616622540112,False,False
ENSG00000125726,0.6662834744859971,False,False
ENSG00000137101,0.02483072923839689,False,True
ENSG00000019582,0.010431181255549865,False,True
ENSG00000105369,0.007686768999148264,False,True
ENSG00000007312,0.005369450760991852,False,False
ENSG00000121594,0.021628606747512397,False,True
ENSG00000110651,0.00011933880657726546,False,True
ENSG00000085117,0.0002721812659742663,False,False
ENSG00000112149,0.15811484526585695,False,True
ENSG00000066294,0.0016477217681008253,False,True
ENSG00000114013,0.005826392126093355,False,True
ENSG00000153563,0.002507842334819932,False,True
ENSG00000172116,0.002666260715292232,False,True
ENSG00000010278,0.936933085603705,False,False
ENSG00000125810,0.26342633161717544,False,False
ENSG00000153283,0.002907259243719025,False,True
ENSG00000002586,0.4466284686086408,False,False
ENSG00000102181,0.9153229121113116,False,False
ENSG00000223773,0.3684163607179038,False,False
ENSG00000158825,5.3455804835896715e-05,False,True
ENSG00000102543,0.0003751492243189087,False,True
ENSG00000140326,0.49607859644832597,False,False
ENSG00000151465,0.0073577008590977305,False,False
ENSG00000079335,0.6264593656375133,False,False
ENSG00000081377,0.01780641661724578,False,False
ENSG00000218305,0.020127104393798265,False,True
ENSG00000130177,0.7441027999840577,False,False
ENSG00000117399,0.00023616104372707562,False,False
ENSG00000164287,0.2886410378102931,False,False
ENSG00000094880,0.007509475215611348,True,False
ENSG00000164045,0.0007778558195516869,False,False
ENSG00000101224,0.01880282457732865,False,False
ENSG00000158402,5.429389939105154e-05,True,False
ENSG00000176386,0.8659753094387994,False,False
ENSG00000004897,0.0924453537785658,False,False
ENSG00000099804,0.9932170803579593,False,False
ENSG00000105401,0.6917727229543855,True,False
ENSG00000106993,0.00023387600074407247,False,True
ENSG00000168438,0.018440720816171582,False,True
ENSG00000070831,0.7638955157717768,False,True
ENSG00000143776,0.7706093981732294,False,False
ENSG00000198752,0.5807064113317143,False,False
ENSG00000171219,0.9153229121113116,False,False
ENSG00000128283,0.008196208440762447,False,False
ENSG00000149798,0.3578253511177706,False,False
ENSG00000163171,0.018280057279947668,False,False
ENSG00000179604,0.11516376763724923,True,False
ENSG00000273633,0.18617113185875345,False,False
ENSG00000197622,0.5122536621554425,False,False
ENSG00000158985,0.8145225744292595,False,False
ENSG00000093009,0.00014708473605580313,True,False
ENSG00000096401,0.9003179572879716,False,False
ENSG00000094804,0.00019012720505523292,True,False
ENSG00000097046,0.02048245363418146,False,False
ENSG00000134371,0.24276682484732598,True,False
ENSG00000184661,9.019257585244763e-05,False,False
ENSG00000111665,0.00016352868827035377,True,False
ENSG00000170779,0.018156065120366018,True,False
ENSG00000146670,5.47178613204387e-05,True,False
ENSG00000144354,0.01606264136845738,True,False
ENSG00000164649,0.03948276215168887,True,False
ENSG00000134690,0.000124554990670064,False,False
ENSG00000163814,0.7019357058822984,False,False
ENSG00000157211,0.9673619962658037,True,False
ENSG00000039068,0.016346231461555203,False,False
ENSG00000040731,0.17850805647673157,False,False
ENSG00000140937,0.09809411493143176,False,False
ENSG00000154162,0.1492998265752604,True,False
ENSG00000140945,0.0006801852589161524,False,False
ENSG00000129910,0.9797889530019297,False,False
ENSG00000166589,0.26367202594528544,True,False
ENSG00000079112,0.5326633735738782,False,True
ENSG00000145526,0.08014137354507854,False,False
ENSG00000071991,1.0671643222209816e-05,False,True
ENSG00000170558,0.8864204184047004,True,False
ENSG00000101542,0.4005203853152003,False,False
ENSG00000149654,0.025308857244712404,False,True
ENSG00000107736,0.0064526337800191,False,True
ENSG00000139880,0.007244125501688763,False,False
ENSG00000124215,0.021628606747512085,False,True
ENSG00000062038,0.031605519346992905,False,False
ENSG00000179242,0.09895626471281824,False,False
ENSG00000179776,0.003949077729958857,False,True
ENSG00000113361,0.20558094887825673,False,False
ENSG00000081138,0.1721077142998913,False,False
ENSG00000150394,0.011632814503801128,False,False
ENSG00000113100,0.7642422007120411,False,False
ENSG00000148600,1.2653347903043506e-05,False,True
ENSG00000074276,1.881427803255377e-05,False,True
ENSG00000128536,0.1996710327199939,True,False
ENSG00000187492,0.037627217418196565,False,False
ENSG00000273572,0.3974433123556157,False,True
ENSG00000103502,0.8460017628060118,False,False
ENSG00000170312,0.00017234393192121228,True,False
ENSG00000185324,0.4388799297915562,False,False
ENSG00000008128,0.9073482229810683,False,False
ENSG00000248333,0.6718860612012494,False,False
ENSG00000167258,0.6338113721005718,True,False
ENSG00000065883,0.7528354471352348,False,False
ENSG00000058091,0.42667792929805504,False,False
ENSG00000138395,0.048148418668070535,False,False
ENSG00000102225,0.009391379800097166,False,False
ENSG00000059758,0.7039861495263369,False,False
ENSG00000117266,0.6437484380858923,False,True
ENSG00000155111,0.6108212600394947,False,False
ENSG00000123374,0.09686203123758445,True,False
ENSG00000156345,0.8659753094387994,False,True
ENSG00000111328,0.11371728534494023,False,False
ENSG00000167797,0.2833535703875884,False,False
ENSG00000250506,0.3815401716215524,False,False
ENSG00000135446,0.0018195098305065418,False,False
ENSG00000164885,0.07537207543469329,False,False
ENSG00000176749,0.007015382957443453,True,False
ENSG00000171450,0.9704388282920966,False,False
ENSG00000101391,0.022031876357667592,True,False
ENSG00000136861,0.6917727229543855,False,False
ENSG00000108465,0.1613764319156881,True,False
ENSG00000105810,0.9534748818673352,False,False
ENSG00000134058,0.000755494493262219,True,False
ENSG00000132964,0.68574569976798,False,False
ENSG00000136807,0.2434759776783048,False,False
ENSG00000145996,0.03172480869265962,True,False
ENSG00000100490,0.9590534611157338,False,True
ENSG00000138769,0.2865965224226722,False,False
ENSG00000006837,0.01102560211535161,False,False
ENSG00000205111,0.5210767443946542,False,False
ENSG00000008086,0.8289031814174833,False,True
ENSG00000124762,0.873586371776637,False,False
ENSG00000111276,0.10089937940989221,False,True
ENSG00000129757,0.2900433623011773,False,True
ENSG00000147889,0.0374268454460028,False,False
ENSG00000168564,5.766750449739598e-05,False,True
ENSG00000147883,0.005286566542001696,False,False
ENSG00000240498,0.002084830808269168,False,False
ENSG00000123080,0.05158566658698333,True,False
ENSG00000129355,0.6301246464787518,True,False
ENSG00000100526,2.75163766138974e-05,True,False
ENSG00000185267,0.0004240419486650742,False,True
ENSG00000129596,0.0004896697908625985,False,False
ENSG00000064309,0.18617113185875345,False,False
ENSG00000288642,0.2416217593413854,False,False
ENSG00000140743,0.4431679264255014,False,False
ENSG00000109089,0.6228154048378258,False,False
ENSG00000223510,0.728517870549784,False,False
ENSG00000214819,0.5962796833959243,False,False
ENSG00000141028,0.9135447234295009,False,True
ENSG00000227255,0.36787944117145116,False,False
ENSG00000239704,0.8309595033478885,False,False
ENSG00000259944,,False,False
ENSG00000163624,0.028039610918596164,True,False
ENSG00000101290,0.4576177946128047,False,False
ENSG00000237165,0.2079351255470423,True,False
ENSG00000167513,0.00019747512921519127,True,False
ENSG00000091527,0.38752206154707847,True,False
ENSG00000113722,0.04575005019775204,False,False
ENSG00000165556,0.005832059822267406,True,False
ENSG00000131264,,False,False
ENSG00000172352,0.12713573293203653,False,False
ENSG00000182415,0.36787944117145116,False,False
ENSG00000129873,0.36787944117145116,False,False
ENSG00000153046,0.018156065120366018,True,False
ENSG00000166446,0.1286629523173662,False,False
ENSG00000079385,0.5122536621554425,False,False
ENSG00000213892,0.9366617148422033,False,False
ENSG00000213822,0.3451413592667513,False,False
ENSG00000186567,0.7911071745580447,False,True
ENSG00000273777,0.8886073612387294,False,False
ENSG00000007129,0.0017706434792751364,False,True
ENSG00000230666,0.27628030546674437,False,True
ENSG00000170956,0.0392444728400444,False,True
ENSG00000274131,0.0025745495298130842,False,True
ENSG00000105388,0.5318776084570476,False,False
ENSG00000086548,0.2080546170087074,False,True
ENSG00000280501,0.9649661285327717,False,False
ENSG00000124469,0.24006859946214076,False,False
ENSG00000245848,0.14973595039385612,True,False
ENSG00000172216,0.9816960841823692,False,False
ENSG00000221869,0.7683649063695428,False,False
ENSG00000092067,0.3280486821826545,False,False
ENSG00000153879,0.0007854557185434546,True,False
ENSG00000115816,0.04169213079332189,True,False
ENSG00000099954,0.5807064113317143,False,False
ENSG00000241832,0.12713573293203653,False,False
ENSG00000237438,0.23555911349987257,True,False
ENSG00000170835,0.6338113721005718,False,True
ENSG00000139610,0.6406294278723066,False,False
ENSG00000142615,0.12713573293203653,False,False
ENSG00000215704,,False,False
ENSG00000142789,0.10604724825469326,False,False
ENSG00000219073,0.3344702329433241,False,False
ENSG00000149187,0.12447916607524112,False,False
ENSG00000048740,0.0011465179887125392,False,True
ENSG00000159409,0.04521673725547544,True,False
ENSG00000101489,0.8035103666449687,False,False
ENSG00000161082,0.021191469960035497,True,False
ENSG00000140488,0.2278990074125342,False,True
ENSG00000170827,0.6666801905045303,False,True
ENSG00000075275,0.41562260194879497,True,False
ENSG00000143126,0.016830051553660266,True,False
ENSG00000008300,0.0012452971067457902,True,False
ENSG00000205923,0.1722390151391712,True,False
ENSG00000184524,0.727492627649041,False,False
ENSG00000115163,0.0001065067818004233,True,False
ENSG00000125817,0.18347565131987473,False,False
ENSG00000138778,0.000374056557448843,False,False
ENSG00000117724,4.56655551196581e-05,False,False
ENSG00000153044,0.00014708473605580313,False,False
ENSG00000102384,0.0001693539441791857,True,False
ENSG00000123219,0.0018230514543636548,True,False
ENSG00000120334,8.931989207142296e-05,False,False
ENSG00000100162,0.00032047777849053907,True,False
ENSG00000166451,0.006316075253838293,True,False
ENSG00000138092,0.0001065067818004233,True,False
ENSG00000291348,9.019257585244763e-05,True,False
ENSG00000031691,0.0011644934075969067,False,False
ENSG00000102901,0.9003179572879716,False,False
ENSG00000166582,0.08226476859412933,True,False
ENSG00000223591,0.7405606851867551,False,False
ENSG00000203760,0.00017167496068352085,False,False
ENSG00000116198,0.3826546990822456,False,True
ENSG00000154240,0.17510959949224233,False,False
ENSG00000168944,0.10119411935468373,False,False
ENSG00000100629,0.26368258289232577,False,False
ENSG00000174799,0.8289031814174833,False,False
ENSG00000103995,0.06616489455904562,True,False
ENSG00000110274,0.8224807192892474,False,False
ENSG00000143702,0.7638955157717768,False,False
ENSG00000154608,0.8264889020158215,False,False
ENSG00000174007,0.2581022096483296,True,False
ENSG00000101639,0.6325800730766368,False,False
ENSG00000126001,0.023813996818112183,True,False
ENSG00000198707,0.8297095074058933,False,False
ENSG00000135837,0.5863800978415693,False,False
ENSG00000106477,0.01644186979388597,True,False
ENSG00000164118,0.6964970061782193,False,False
ENSG00000138180,0.0001228710282104746,False,False
ENSG00000166037,0.8864204184047004,False,False
ENSG00000183137,0.36520655802604113,False,True
ENSG00000182923,0.5596425648013879,False,False
ENSG00000011523,0.16908636670555338,False,False
ENSG00000114107,0.027392882922839663,False,True
ENSG00000112877,8.12019956540155e-05,True,False
ENSG00000101624,0.9260649655225167,False,True
ENSG00000148019,0.2833535703875884,False,False
ENSG00000130695,0.14828713784902875,False,False
ENSG00000111860,0.05389280025307356,False,True
ENSG00000121289,0.11926615740755662,False,False
ENSG00000258890,0.5762070137928841,False,False
ENSG00000182504,0.8584305579681955,False,False
ENSG00000134255,0.0007452803351764076,False,True
ENSG00000147869,0.5962796833959243,False,False
ENSG00000167123,0.17324674907521176,False,False
ENSG00000100422,0.9797889530019297,False,False
ENSG00000188452,0.03350005929995229,False,True
ENSG00000223802,0.010553268589924747,False,False
ENSG00000143418,0.09172907376313824,True,False
ENSG00000154227,0.9378625557791527,False,False
ENSG00000090661,0.6797711866145533,False,True
ENSG00000139624,0.006134504561597009,False,False
ENSG00000172292,0.8821215887400115,False,False
ENSG00000262243,0.3978299303332715,False,False
ENSG00000291109,0.7462764190832842,True,False
ENSG00000260765,0.5645612667564943,False,False
ENSG00000172831,0.009483136570542498,False,False
ENSG00000172828,0.06616489455904515,False,False
ENSG00000172824,0.008308538479228359,False,True
ENSG00000261972,0.07594730341694488,False,False
ENSG00000280839,0.36787944117145116,False,False
ENSG00000177143,,False,False
ENSG00000147400,0.006860241458946316,False,False
ENSG00000153140,0.735471448709095,False,False
ENSG00000224786,0.6347051102654669,False,False
ENSG00000087237,7.218936710661363e-05,False,True
ENSG00000204359,6.355608909215791e-05,False,False
ENSG00000136698,,False,False
ENSG00000152093,0.36787944117145116,False,False
ENSG00000274619,0.009669348349029262,False,True
ENSG00000153774,0.7941899068540217,False,False
ENSG00000000971,0.003443158476459631,False,False
ENSG00000244414,0.0007824068889251013,False,True
ENSG00000080910,3.143698403622086e-05,False,True
ENSG00000116785,0.0001518805593129436,False,True
ENSG00000134365,0.000505144506330164,False,True
ENSG00000134389,0.0059930134456326585,False,True
ENSG00000205403,0.00019537434988682294,False,True
ENSG00000172757,0.0007337759967888322,False,False
ENSG00000223820,0.6893687892277822,True,False
ENSG00000165410,7.541798719053853e-05,False,True
ENSG00000003402,0.8924739978144933,False,False
ENSG00000226312,0.2519168700915908,False,False
ENSG00000126759,2.4320036146404254e-05,False,True
ENSG00000001626,6.91395237095654e-05,False,True
ENSG00000135346,0.5694105019051227,True,False
ENSG00000267631,0.36669096210060714,False,False
ENSG00000104818,0.36669096210060714,False,False
ENSG00000189052,0.22006089930549202,False,False
ENSG00000196337,0.11984219651270964,False,False
ENSG00000213030,0.1100823983277791,False,False
ENSG00000163320,0.12741803752648712,False,False
ENSG00000143375,0.6544773324202532,False,True
ENSG00000128849,0.0011299181168892582,False,True
ENSG00000138028,0.39283309876564215,True,False
ENSG00000100532,0.22701439326129677,False,False
ENSG00000138135,0.0006250152147648982,False,False
ENSG00000128965,0.10602877861738248,True,False
ENSG00000143942,0.5182653724777226,False,False
ENSG00000136457,0.09686203123758445,False,False
ENSG00000100399,0.6412496602955313,False,False
ENSG00000167670,0.004202621969977131,True,False
ENSG00000159259,0.0005810601398289284,True,False
ENSG00000198824,0.6958201383926648,False,False
ENSG00000070748,,False,False
ENSG00000172586,0.5807064113317143,False,False
ENSG00000273607,0.9932170803579593,False,True
ENSG00000106153,0.20518156882160768,True,False
ENSG00000106554,0.005803776367543468,True,False
ENSG00000163528,0.09914888025247717,False,False
ENSG00000125611,0.49607859644832597,False,False
ENSG00000159685,0.255356467494421,False,False
ENSG00000170791,0.0010942395046418694,True,False
ENSG00000153922,0.3368922200202556,False,False
ENSG00000131778,2.392135603160548e-05,True,False
ENSG00000173575,0.1199639583915186,False,False
ENSG00000170004,0.3974433123556157,False,False
ENSG00000111642,0.5807064113317143,False,False
ENSG00000116254,0.9724349267895018,False,True
ENSG00000124177,0.6108212600394947,False,False
ENSG00000171316,0.012881425528802075,False,False
ENSG00000100888,0.999028182778181,False,False
ENSG00000177200,0.18134739323916432,False,False
ENSG00000016391,0.09435231280708714,False,False
ENSG00000149554,0.0005066200978033516,False,False
ENSG00000183765,0.0005470675564510819,True,False
ENSG00000290857,0.6127111328476885,False,False
ENSG00000085872,0.47622870216349256,False,False
ENSG00000072609,0.5542275848558886,False,True
ENSG00000276781,0.044522927663381014,True,False
ENSG00000089199,0.7393469825791199,False,False
ENSG00000133048,0.36520655802604113,False,True
ENSG00000064886,0.08323021207468165,False,True
ENSG00000134216,0.22006089930549202,False,False
ENSG00000204116,7.630307816318621e-05,False,True
ENSG00000109220,0.001622287112315494,False,True
ENSG00000177830,0.22177835186300685,False,False
ENSG00000133063,0.005976721354053755,False,False
ENSG00000110721,0.019758699569321515,True,False
ENSG00000100288,0.9534748818673352,False,False
ENSG00000254413,0.6958201383926648,False,False
ENSG00000134121,0.07512903977642683,False,True
ENSG00000188419,0.5382949871275216,False,False
ENSG00000203668,0.0038919009697310435,True,False
ENSG00000131165,0.24158949047348857,True,False
ENSG00000255112,0.8097846959737904,False,False
ENSG00000130724,0.10158844567345506,True,False
ENSG00000083937,0.547798724527359,False,False
ENSG00000115561,0.07478808165730418,False,False
ENSG00000285302,0.936933085603705,False,True
ENSG00000101421,0.0025151680618524463,False,False
ENSG00000164695,0.0009967251644164678,True,False
ENSG00000086065,0.4044602769610365,False,False
ENSG00000176108,0.4168366885315731,False,False
ENSG00000147457,0.30037535253440634,False,False
ENSG00000128656,0.2211323959556799,False,False
ENSG00000106069,0.656389144107828,False,False
ENSG00000154645,0.7029060842617141,False,True
ENSG00000285023,0.04866239085502546,False,False
ENSG00000166869,0.5891936266818247,True,False
ENSG00000123989,0.8297095074058933,False,False
ENSG00000033100,0.412001518064424,False,False
ENSG00000111666,0.9797889530019297,True,False
ENSG00000104472,0.00028965623024380797,True,False
ENSG00000090539,0.014802910626825996,False,False
ENSG00000101938,0.0007549719593087791,False,True
ENSG00000054938,0.48747214940996786,False,False
ENSG00000275917,0.4908012146088795,False,False
ENSG00000168539,0.6127111328476885,False,False
ENSG00000181072,4.755845709748199e-06,False,False
ENSG00000133019,0.022750244475719352,True,False
ENSG00000180720,0.9527432780755339,False,False
ENSG00000184984,0.00015276918024311224,False,True
ENSG00000138435,0.006604638241808038,False,False
ENSG00000129749,0.551003778645784,False,False
ENSG00000120903,0.36010137434823675,False,False
ENSG00000080644,0.119934689444478,False,False
ENSG00000101204,6.426221306860469e-05,False,False
ENSG00000169684,0.014461484465498711,False,False
ENSG00000147434,0.15571468303673194,False,False
ENSG00000274542,0.5640126163946804,False,True
ENSG00000174343,0.12713573293203653,False,False
ENSG00000170175,0.03069320001470077,False,False
ENSG00000160716,0.6504571069695976,True,False
ENSG00000147432,0.12713573293203653,False,False
ENSG00000117971,0.6996323320863924,True,False
ENSG00000135902,0.20034299450315818,False,False
ENSG00000108556,0.029066691790402662,False,True
ENSG00000196811,0.300438649817726,False,False
ENSG00000175264,0.09914888025247717,False,False
ENSG00000115526,0.3141146968650818,False,False
ENSG00000171310,0.2566008922670948,False,False
ENSG00000136213,0.31656750785167814,False,True
ENSG00000180767,0.6544773324202532,False,False
ENSG00000169105,0.07179554070655211,False,False
ENSG00000182022,0.6437484380858923,False,True
ENSG00000175040,0.26342633161717544,False,True
ENSG00000122863,0.026169264577854207,False,False
ENSG00000140835,0.16259722100560559,False,True
ENSG00000135702,0.48652514213274456,False,False
ENSG00000183196,0.4790150152650764,False,False
ENSG00000147119,0.00010744287056282721,False,True
ENSG00000124302,0.3421407212895679,False,False
ENSG00000154080,0.10692071235579943,False,True
ENSG00000131873,0.030455384647227447,False,True
ENSG00000198108,0.014127933230027591,False,False
ENSG00000127586,0.09353027464612838,True,False
ENSG00000168802,0.23327955347312515,False,False
ENSG00000160679,0.000771828879790447,True,False
ENSG00000213341,0.9912875674532804,False,False
ENSG00000258289,0.06501700254173598,False,True
ENSG00000125954,0.8634530530416704,True,False
ENSG00000144021,0.09545961337853968,False,False
ENSG00000005194,0.030993082350196394,True,False
ENSG00000185043,0.6904288229928944,False,False
ENSG00000136425,0.003929926081213826,True,False
ENSG00000141977,0.16895653641471803,False,False
ENSG00000157884,0.36787944117145116,False,False
ENSG00000079432,0.21624216950861125,True,False
ENSG00000176194,0.3391770860855673,False,False
ENSG00000285199,2.2808412116341337e-05,False,True
ENSG00000187288,0.4084119826291387,False,False
ENSG00000179583,0.0083085384792283,False,True
ENSG00000138615,0.00011864464194839762,False,True
ENSG00000160161,0.20373566549013655,False,False
ENSG00000100865,0.2634263316171772,False,False
ENSG00000099622,0.06181151949281492,False,True
ENSG00000267493,0.6958201383926648,False,False
ENSG00000122873,0.36520655802604113,False,False
ENSG00000145354,0.9797889530019297,False,False
ENSG00000274768,0.8484730417605634,False,False
ENSG00000114737,0.16663824810470315,False,True
ENSG00000122966,0.006415100388647098,True,False
ENSG00000125931,0.16779723139520278,False,False
ENSG00000164442,0.039675172893414636,False,False
ENSG00000179862,0.651303345773445,True,False
ENSG00000148337,0.01880282457732865,True,False
ENSG00000136108,0.003846756180062471,False,False
ENSG00000169607,6.4427133061338e-05,True,False
ENSG00000136026,8.279648582242494e-05,False,False
ENSG00000175216,0.003063979137094701,True,False
ENSG00000166165,0.9215738736404122,True,False
ENSG00000217555,0.0005051445063301708,True,False
ENSG00000254788,0.06274100662881725,False,False
ENSG00000104879,0.564112934643404,False,True
ENSG00000223572,0.024310557476123207,True,False
ENSG00000237289,0.06271261795990486,True,False
ENSG00000131730,0.004645639529430119,False,True
ENSG00000173207,6.042263233044667e-05,False,False
ENSG00000123975,0.00012383048477502534,False,False
ENSG00000074054,0.022728135396336932,False,False
ENSG00000163539,0.5310173297198827,False,True
ENSG00000104859,0.7941899068540217,False,False
ENSG00000105205,0.24694209609516302,False,True
ENSG00000016490,0.5962796833959243,False,False
ENSG00000137975,0.20468847405526705,False,False
ENSG00000153923,,False,False
ENSG00000016602,0.5882027975753454,False,False
ENSG00000121940,0.46979017045706384,False,False
ENSG00000175505,0.011552362264397415,True,False
ENSG00000188037,0.3168563274611171,False,False
ENSG00000114859,0.0011873595117441761,True,False
ENSG00000109572,0.08396172292214722,False,True
ENSG00000073464,0.05249642488970277,False,False
ENSG00000171365,0.006598557400911423,False,False
ENSG00000011021,0.8994430127919598,False,True
ENSG00000103249,0.011653896047618779,False,False
ENSG00000186510,5.213686498421062e-05,False,False
ENSG00000184908,0.7791914152061072,False,False
ENSG00000163347,0.24158949047348857,False,True
ENSG00000134873,0.004154766883997158,False,True
ENSG00000013297,0.00010744287056282871,False,True
ENSG00000157224,0.2833535703875884,False,True
ENSG00000159261,0.00040001218187366217,False,False
ENSG00000106404,0.6570276548980691,True,False
ENSG00000113946,0.7376198545313661,False,False
ENSG00000156282,,False,False
ENSG00000066405,0.5912975603115745,False,False
ENSG00000164007,0.5824027287582099,False,False
ENSG00000165376,0.31107539125987893,False,True
ENSG00000171217,0.47940466816133454,False,True
ENSG00000177300,0.13586264850624483,False,True
ENSG00000253958,0.9460872201279513,False,True
ENSG00000185758,0.9148469831989164,False,False
ENSG00000228607,0.3638692531423439,False,False
ENSG00000165215,0.6494063470802454,False,True
ENSG00000189143,0.4044602769610365,True,False
ENSG00000184113,0.8584305579681832,False,True
ENSG00000184697,0.3566524132039406,False,False
ENSG00000288292,0.23532984890796718,False,False
ENSG00000156284,0.012975091030903598,False,False
ENSG00000213937,0.14915473443257996,True,False
ENSG00000080822,0.551003778645784,False,True
ENSG00000160318,0.14360478147867944,False,False
ENSG00000132514,0.007393557030311296,False,True
ENSG00000105472,0.020522322144494804,False,False
ENSG00000172322,0.00011523391789849132,False,True
ENSG00000256660,0.000136077649780189,False,True
ENSG00000176435,0.10089937940989292,False,False
ENSG00000038532,0.8994430127919598,False,False
ENSG00000187912,0.005532226795352591,False,True
ENSG00000157322,0.936933085603705,False,False
ENSG00000140839,0.9874397796982158,True,False
ENSG00000157335,0.03921495374876789,True,False
ENSG00000261210,0.046154151761322905,True,False
ENSG00000150048,0.017328191881109917,False,True
ENSG00000165682,1.7522927973055023e-05,False,True
ENSG00000188393,,False,False
ENSG00000110852,0.001116811433002276,False,True
ENSG00000069493,0.03677752865336121,False,True
ENSG00000236279,0.010940029920466937,True,False
ENSG00000166509,,False,False
ENSG00000163815,2.7812248795764885e-05,False,True
ENSG00000111729,0.06733305290718869,False,True
ENSG00000198178,0.07932543532186362,False,True
ENSG00000166527,0.4890128611661231,False,False
ENSG00000166523,0.38526794056374664,False,False
ENSG00000152672,0.0012599116737542996,False,True
ENSG00000182566,2.114261814056621e-05,False,True
ENSG00000268297,9.978972770999124e-05,False,True
ENSG00000104938,2.942572621010065e-05,False,True
ENSG00000258227,0.1379927398276936,False,False
ENSG00000205846,0.32036688584398487,False,False
ENSG00000172243,0.007244125501688712,False,True
ENSG00000197992,0.001464888424892319,False,True
ENSG00000293488,0.0018935076724649626,False,True
ENSG00000153132,0.0019438739111134113,True,False
ENSG00000226651,0.005775630077704069,True,False
ENSG00000155962,0.00020570617539320799,False,True
ENSG00000169583,0.9731431232675515,False,False
ENSG00000169504,0.08695262640055855,False,True
ENSG00000112782,0.33104749083823115,False,False
ENSG00000159212,0.0018043445155609625,False,True
ENSG00000113282,0.03432433069929401,False,False
ENSG00000130779,0.7234148119575021,False,False
ENSG00000106665,0.2118716888577065,False,False
ENSG00000105270,0.06438791214185696,False,False
ENSG00000115295,0.6758171240006762,True,False
ENSG00000013441,0.008357149975164058,False,True
ENSG00000176444,0.007350550518689816,True,False
ENSG00000179335,0.10884908446831844,False,False
ENSG00000113240,0.0007778558195516869,False,True
ENSG00000257127,0.12362453577837772,False,False
ENSG00000165959,0.4625383689040139,False,False
ENSG00000166250,0.008814054557509273,False,False
ENSG00000188603,0.0023156605856772213,True,False
ENSG00000102805,0.00031035828202282377,False,False
ENSG00000128973,0.0035278776415851526,False,False
ENSG00000182372,0.004437791463880138,False,True
ENSG00000109684,0.008776247866020203,False,True
ENSG00000074201,0.1996710327199939,True,False
ENSG00000134852,0.504836992537959,False,False
ENSG00000172409,0.2104345802177628,True,False
ENSG00000162129,0.5351638569387943,False,False
ENSG00000125656,0.25461271131954394,False,False
ENSG00000137392,0.36787944117145116,False,False
ENSG00000204140,0.36787944117145116,False,False
ENSG00000196748,0.08223508677535828,False,False
ENSG00000104853,0.022728135396336932,False,False
ENSG00000274811,0.7706093981732294,True,False
ENSG00000166855,0.0010453606942056213,False,False
ENSG00000163646,0.9961001816629992,False,False
ENSG00000249581,0.6810984720808795,False,False
ENSG00000180745,0.004529334047177638,False,True
ENSG00000092853,0.003524449189336565,False,False
ENSG00000171603,0.1992831337984575,False,False
ENSG00000158258,0.00034743290942724646,False,True
ENSG00000139182,0.8011700468456162,False,True
ENSG00000122705,0.02397662836157582,True,False
ENSG00000175416,0.08453511783334182,False,False
ENSG00000141367,0.33558453716259506,False,False
ENSG00000070371,0.6917727229543855,False,False
ENSG00000120885,0.0335326469037065,False,True
ENSG00000079101,0.11145934298455352,False,False
ENSG00000177182,0.3366303974673001,False,False
ENSG00000146352,0.1721077142998913,False,False
ENSG00000125246,0.005050419809253524,False,False
ENSG00000092009,0.08468542698797842,False,False
ENSG00000168405,0.15780767713474528,False,True
ENSG00000111726,0.16184783303739514,False,False
ENSG00000164237,0.00021679505573437132,False,True
ENSG00000187118,0.7248229182033002,False,False
ENSG00000103121,0.8240816544909277,False,False
ENSG00000153815,0.4908012146088795,False,False
ENSG00000174600,0.0010825987692197944,False,True
ENSG00000162368,0.010350358949557546,False,True
ENSG00000134326,0.09217609565721824,False,True
ENSG00000089505,0.6577806202322863,True,False
ENSG00000140932,0.33844602980764366,False,True
ENSG00000140931,0.3259373568695716,False,False
ENSG00000183723,0.00033383575123509577,True,False
ENSG00000166091,0.04296500712506544,False,False
ENSG00000091317,0.0550044987626716,False,False
ENSG00000153551,0.735471448709095,False,False
ENSG00000170293,0.4951148695123805,False,False
ENSG00000164309,0.12520746726694668,False,False
ENSG00000176571,0.1252441711919033,False,False
ENSG00000169714,0.002718615666210725,False,False
ENSG00000150656,2.5858703614412165e-05,False,True
ENSG00000133313,0.0038919009697310435,False,True
ENSG00000205423,0.6998912343999902,False,True
ENSG00000105427,0.052393043540475505,True,False
ENSG00000198515,0.0020546455651842574,False,False
ENSG00000183862,,False,False
ENSG00000144191,0.555595734647691,False,False
ENSG00000132259,0.294561324066029,False,False
ENSG00000070729,0.39795089689688246,False,False
ENSG00000170289,0.5987678877466693,False,False
ENSG00000174871,0.13525716407541188,True,False
ENSG00000143786,0.7941899068540217,False,False
ENSG00000143771,3.7595574648466746e-05,True,False
ENSG00000142675,0.68574569976798,False,False
ENSG00000149970,0.5739704051993206,False,False
ENSG00000153721,0.06438791214185696,False,True
ENSG00000130176,0.07951238454121316,False,False
ENSG00000064666,0.45187001429844487,False,False
ENSG00000117519,0.1992831337984575,False,False
ENSG00000119946,0.46119117072507054,False,False
ENSG00000148842,0.8145225744292595,True,False
ENSG00000168763,0.1319569516695873,False,False
ENSG00000158158,0.0059639494220090055,True,False
ENSG00000125107,0.5841040013440686,False,False
ENSG00000291502,0.030872779416240555,True,False
ENSG00000111596,0.41562260194879497,False,False
ENSG00000274176,0.014307640344756328,True,False
ENSG00000080802,0.9970873807028403,False,False
ENSG00000113300,0.10800570596723044,True,False
ENSG00000138767,0.004272664061538916,False,True
ENSG00000198791,0.4818176304934806,True,False
ENSG00000155508,0.9912875674532804,False,False
ENSG00000173786,0.36520655802604113,False,False
ENSG00000115649,0.2278990074125342,False,False
ENSG00000146910,0.7548529769350754,False,False
ENSG00000257727,0.013224064199745991,True,False
ENSG00000137161,0.1752799395561437,False,True
ENSG00000166997,0.20678375939491223,False,False
ENSG00000118432,0.3975847269666014,False,True
ENSG00000188822,0.0010488768987163223,False,True
ENSG00000119865,0.0041498361121891,False,False
ENSG00000162852,0.07235616678610582,False,True
ENSG00000176563,0.2392519230184117,True,False
ENSG00000242689,0.716415207307324,False,False
ENSG00000122756,0.5187695216330042,False,False
ENSG00000044459,0.019701149999669265,False,False
ENSG00000018236,0.030497093006406892,False,True
ENSG00000184144,0.3028273059223126,False,False
ENSG00000113805,7.508710486955202e-06,False,True
ENSG00000144619,8.984248381018088e-05,False,True
ENSG00000149972,0.09057217613389335,False,True
ENSG00000134115,0.5293105429584078,False,False
ENSG00000108797,0.1666382481047044,True,False
ENSG00000278728,0.9932170803579593,False,True
ENSG00000106714,0.8097846959737904,False,False
ENSG00000154529,0.9759857983375362,False,True
ENSG00000152910,0.692517608519933,True,False
ENSG00000155052,0.5882027975753454,False,False
ENSG00000119397,0.4625383689040139,False,True
ENSG00000170037,0.843537681746238,False,False
ENSG00000183513,0.1482871378490298,False,False
ENSG00000068120,0.3826546990822456,True,False
ENSG00000106078,0.1752799395561437,False,False
ENSG00000082438,0.004529334047177672,False,False
ENSG00000100473,0.001161101681626549,True,False
ENSG00000166685,0.10158844567345506,True,False
ENSG00000135775,9.196360591521859e-05,True,False
ENSG00000136152,0.016732155263043277,False,False
ENSG00000103051,0.29004336230118133,True,False
ENSG00000284369,0.9215738736404122,False,False
ENSG00000133103,0.04108849087312714,False,False
ENSG00000168434,0.7276473585454799,False,False
ENSG00000213380,0.34585336351023777,False,False
ENSG00000121058,0.0004968636358346841,True,False
ENSG00000123500,0.0016834203605474093,False,False
ENSG00000060718,0.0009519913652608229,False,False
ENSG00000206290,0.0006782041382053894,False,True
ENSG00000111799,0.0979987853811823,False,False
ENSG00000197467,0.16518642360838853,False,False
ENSG00000187955,0.0016997936459394747,False,False
ENSG00000204291,0.00023939765969624666,False,False
ENSG00000084636,0.09298623193068932,False,False
ENSG00000065618,0.053719795878901466,False,False
ENSG00000292234,0.003081905828984316,False,False
ENSG00000291766,0.9100925386173256,False,False
ENSG00000082293,0.022523274500484084,False,False
ENSG00000108821,0.09353027464612773,False,False
ENSG00000164692,0.14713818758765998,False,False
ENSG00000101203,0.0895656259753811,False,False
ENSG00000124749,0.13080728562909524,False,False
ENSG00000169436,0.3074670175579975,False,False
ENSG00000050767,0.07647938292234908,False,True
ENSG00000171502,0.3974433123556157,False,False
ENSG00000188517,1.1181885797243491e-05,False,True
ENSG00000196739,0.5596425648013799,False,False
ENSG00000215018,0.009603090915727048,False,True
ENSG00000139219,0.18931459074389367,False,False
ENSG00000168542,0.04754000258088901,False,False
ENSG00000187498,0.0031731248947087223,False,False
ENSG00000134871,0.012139647123731471,False,False
ENSG00000169031,0.0005022062043744305,False,True
ENSG00000081052,5.3768563409021576e-05,False,True
ENSG00000188153,0.3259373568695716,False,True
ENSG00000197565,0.5479101474061914,False,True
ENSG00000130635,0.044585129904799264,False,False
ENSG00000204262,0.026761071578448984,False,False
ENSG00000080573,0.8097846959737904,False,False
ENSG00000142156,0.10158844567345506,False,False
ENSG00000142173,0.10800570596723044,False,False
ENSG00000163359,0.14486692478915572,False,False
ENSG00000230524,0.009928076639505635,False,False
ENSG00000228252,0.015419917140115823,False,True
ENSG00000172752,0.6544441039375983,False,False
ENSG00000206384,3.726608157535104e-05,False,True
ENSG00000114270,0.329121868610169,False,False
ENSG00000144810,0.03172480869265962,False,False
ENSG00000171812,0.04581559365604425,False,False
ENSG00000112280,0.09171011371465225,False,False
ENSG00000049089,0.4092069448749911,False,False
ENSG00000092758,0.1702410983957445,False,True
ENSG00000184374,1.611806310710742e-06,False,True
ENSG00000118004,0.0018019046484447818,False,True
ENSG00000158270,0.00309391518869902,True,False
ENSG00000206561,0.0061225871208385515,False,True
ENSG00000173163,0.999028182778181,False,False
ENSG00000145781,0.6784506019178687,False,False
ENSG00000114744,0.0031731248947087223,False,False
ENSG00000148444,0.013096111025803556,True,False
ENSG00000269897,0.48933911764248184,True,False
ENSG00000140365,0.06062115665136346,False,False
ENSG00000170619,0.016346231461555203,False,False
ENSG00000188243,0.13272900379834746,False,True
ENSG00000149600,0.05039585354505495,False,False
ENSG00000169019,0.015285572152156451,False,False
ENSG00000110442,0.27628030546674437,True,False
ENSG00000105664,0.006445768809054987,False,False
ENSG00000093010,0.030993082350196394,False,True
ENSG00000165644,0.4084119826291387,True,False
ENSG00000122218,0.0022230026517241204,True,False
ENSG00000129083,0.08569368195559113,False,False
ENSG00000184432,0.28252826931056035,False,False
ENSG00000105669,0.1379927398276936,True,False
ENSG00000181789,0.010290153444869448,True,False
ENSG00000158623,0.007244125501688763,True,False
ENSG00000166200,0.669929112893902,False,True
ENSG00000141030,0.9260649655225167,False,False
ENSG00000138663,0.7865054977525469,False,False
ENSG00000121022,9.978972770999124e-05,True,False
ENSG00000168090,0.06438791214185696,True,False
ENSG00000111652,0.30866513398957124,False,False
ENSG00000144524,0.10800570596723044,True,False
ENSG00000198612,0.2028015291339676,False,False
ENSG00000111481,0.0007854557185434598,True,False
ENSG00000005243,0.037976691340025195,False,True
ENSG00000135469,0.42875725233373474,False,False
ENSG00000115520,0.651303345773445,False,False
ENSG00000173085,0.20518156882160768,False,True
ENSG00000132423,0.7234148119575123,False,False
ENSG00000167113,0.04502074081789478,False,True
ENSG00000110871,0.5351638569387943,False,True
ENSG00000119723,0.07897305842632306,False,True
ENSG00000167186,0.9544023865431366,False,False
ENSG00000088682,0.013444460210168539,False,False
ENSG00000145244,0.24012697036971034,False,False
ENSG00000102879,0.030872779416240555,False,True
ENSG00000172725,0.5187695216330042,True,False
ENSG00000110880,0.005625982118967808,False,False
ENSG00000106789,0.14042903738529341,True,False
ENSG00000103647,0.12741803752648712,False,True
ENSG00000167549,0.12196331179941294,False,False
ENSG00000282725,0.8534372775192605,False,False
ENSG00000103426,0.03671296930238809,False,False
ENSG00000241563,0.6733201946973203,False,True
ENSG00000103187,0.007244125501688712,False,True
ENSG00000006695,0.09809411493143176,False,False
ENSG00000166260,0.7535677772790077,False,False
ENSG00000178449,0.7108643183251449,False,False
ENSG00000014919,0.07851369147465535,False,True
ENSG00000133983,0.4060363500878187,False,False
ENSG00000138495,0.32121826968583733,False,False
ENSG00000163626,0.000505144506330164,False,True
ENSG00000240230,0.0022230026517241204,False,False
ENSG00000203667,0.04635327663940121,True,False
ENSG00000131143,0.9731431232675515,False,False
ENSG00000131055,0.011755695268589822,False,False
ENSG00000178741,0.7122479953939524,False,False
ENSG00000135940,0.8968232777162128,False,False
ENSG00000111775,0.3871454609338294,False,False
ENSG00000156885,0.03276717094216157,False,False
ENSG00000126267,0.14543143230726377,True,False
ENSG00000160471,0.4958460346125224,False,False
ENSG00000164919,0.0027265570890029453,True,False
ENSG00000161281,0.011385101275269491,False,False
ENSG00000112695,0.7234148119575123,True,False
ENSG00000115944,0.04280111801309059,True,False
ENSG00000131174,0.7462764190832948,False,False
ENSG00000170516,0.04117565352794449,False,False
ENSG00000127184,0.6375196679718531,False,False
ENSG00000176340,0.08469966302296529,True,False
ENSG00000187581,0.3266570150506283,False,False
ENSG00000047457,7.367848645918748e-05,False,False
ENSG00000091704,0.6352725893312807,False,False
ENSG00000158516,0.8482714084341008,False,False
ENSG00000163751,0.008169912739432236,False,False
ENSG00000128510,0.09066504624194888,False,False
ENSG00000158525,0.24367069950724768,False,False
ENSG00000165078,0.05678053084771876,False,False
ENSG00000160111,1.248227677420127e-05,False,True
ENSG00000153002,0.5342137454940079,False,False
ENSG00000080618,0.00023387600074407247,False,True
ENSG00000108582,0.005089856757981897,False,False
ENSG00000109472,0.17562111694644805,True,False
ENSG00000214575,0.001875947251656748,False,False
ENSG00000137449,0.01880282457732865,False,False
ENSG00000107864,2.114261814056621e-05,False,True
ENSG00000113742,0.7276473585454799,False,True
ENSG00000168993,0.26368258289232577,True,False
ENSG00000145920,2.9221078305856564e-05,True,False
ENSG00000213578,0.6389449306350865,False,False
ENSG00000166569,0.7807947825341726,False,False
ENSG00000135678,0.9932170803579593,False,False
ENSG00000120054,0.017328191881109917,False,True
ENSG00000178772,4.15152114760682e-05,False,True
ENSG00000214078,0.05311251282173222,True,False
ENSG00000140848,0.8786975403013207,False,False
ENSG00000085719,0.2104345802177628,True,False
ENSG00000196353,0.12803344908926934,False,False
ENSG00000124772,0.21793072841537264,False,True
ENSG00000285221,0.0220252607125509,False,False
ENSG00000178773,0.2917403444795648,True,False
ENSG00000139117,0.010350358949557546,False,True
ENSG00000144550,0.3166544415261986,False,False
ENSG00000144410,0.003886604038766039,False,True
ENSG00000080819,0.001204803267542482,False,True
ENSG00000103381,0.8097846959737904,False,False
ENSG00000104324,0.010813271676455604,True,False
ENSG00000021826,0.0018195098305065418,False,True
ENSG00000280837,0.002821612239416692,False,True
ENSG00000285049,0.1973549134648646,True,False
ENSG00000165934,0.30866513398957124,True,False
ENSG00000119203,0.0003722425136925757,False,False
ENSG00000160917,0.016346231461555203,True,False
ENSG00000187959,0.774651194201092,False,False
ENSG00000111605,0.15903994168049718,False,False
ENSG00000149532,0.6054995210132937,False,False
ENSG00000110090,0.9215738736404122,False,False
ENSG00000205560,0.6338113721005718,False,True
ENSG00000169169,0.02353776217445525,False,False
ENSG00000157184,0.0002005711976605501,False,False
ENSG00000106066,0.02306203935691761,False,True
ENSG00000147183,,False,False
ENSG00000088882,0.06514355627805503,False,False
ENSG00000121898,0.014588586541695417,False,False
ENSG00000109625,0.007369328410223715,False,False
ENSG00000203710,3.7123365948509814e-05,False,True
ENSG00000197721,0.00011599358621078553,False,True
ENSG00000117322,0.040511270007322506,False,False
ENSG00000166426,0.04510265210340084,False,False
ENSG00000143320,0.10821593598552688,False,False
ENSG00000169372,0.07647938292234908,False,True
ENSG00000095321,0.03786607969598651,False,False
ENSG00000134376,0.18579782365468123,False,False
ENSG00000148204,0.3451312714010528,False,False
ENSG00000130545,0.5351638569387943,False,True
ENSG00000113851,0.0006491704344010231,False,True
ENSG00000241258,0.7039861495263369,True,False
ENSG00000169509,0.36787944117145116,False,False
ENSG00000118260,0.8994430127919598,False,False
ENSG00000107175,0.03272738715868494,True,False
ENSG00000157613,0.06733305290718963,False,False
ENSG00000182158,0.08396172292214722,False,False
ENSG00000060566,0.04347216550870775,False,True
ENSG00000143578,0.00846345280693289,True,False
ENSG00000146592,0.5558465542560704,False,False
ENSG00000005339,0.5218047320440177,False,False
ENSG00000111269,0.00010284327539069284,False,True
ENSG00000137504,0.45451380988517487,False,False
ENSG00000143162,0.38526794056374664,False,True
ENSG00000175874,0.004616661742249982,False,False
ENSG00000163703,0.2137338304383542,True,False
ENSG00000184164,0.03350005929995229,False,False
ENSG00000095794,0.9816960841823692,False,False
ENSG00000147571,0.19593645433419785,False,False
ENSG00000145708,1.4725770237673667e-05,False,True
ENSG00000278232,0.1821642277869244,False,False
ENSG00000106113,0.030699462539842293,True,False
ENSG00000150938,0.6758171240006762,False,True
ENSG00000213145,0.1752799395561437,False,False
ENSG00000182809,0.3785839430081581,False,False
ENSG00000146215,2.0022218759845185e-05,True,False
ENSG00000119878,0.06707169252601035,True,False
ENSG00000124812,0.13922694608066558,False,False
ENSG00000124490,0.18286928604347386,False,False
ENSG00000096006,0.30132872031602254,False,False
ENSG00000121005,0.00021262002847935446,False,True
ENSG00000103196,0.004202621969977131,False,False
ENSG00000167193,0.008308538479228359,False,False
ENSG00000099942,0.07214542081845658,False,False
ENSG00000006016,0.011897048817523235,False,False
ENSG00000292363,0.008176420941671373,True,False
ENSG00000176390,0.4092069448749911,False,False
ENSG00000088766,0.4060363500878187,False,False
ENSG00000072832,0.3378763251248627,False,False
ENSG00000101343,0.04347216550870775,True,False
ENSG00000143536,,False,False
ENSG00000058453,0.7248229182033002,False,False
ENSG00000215908,0.00309391518869902,False,False
ENSG00000291402,0.6325800730766368,False,False
ENSG00000005469,0.41562260194879497,False,False
ENSG00000132693,0.19582577895800432,False,True
ENSG00000095713,7.442912213974235e-05,False,True
ENSG00000109943,0.001385867106009911,False,True
ENSG00000170275,0.009068345158431568,False,False
ENSG00000105662,0.8460017628060118,False,False
ENSG00000160741,0.0004434378754420283,True,False
ENSG00000140577,0.9845637435410837,False,False
ENSG00000105392,0.35991891133236653,False,True
ENSG00000008405,0.7683649063695428,False,True
ENSG00000121671,0.0003840062514027944,False,False
ENSG00000160202,0.002416792218474878,False,True
ENSG00000109846,0.3428401394095986,False,False
ENSG00000108255,0.597238472088046,False,False
ENSG00000163499,0.04632724848816227,False,False
ENSG00000196431,0.2328620062216747,False,False
ENSG00000100122,0.09573846307356816,False,True
ENSG00000244752,0.6344279200793124,False,False
ENSG00000291087,0.020402948819559646,False,False
ENSG00000100053,0.42851444536617944,False,True
ENSG00000168582,0.36787944117145116,False,False
ENSG00000182187,0.36787944117145116,False,False
ENSG00000285011,0.12713573293203653,False,False
ENSG00000118231,0.36787944117145116,False,False
ENSG00000127377,0.900433852962468,False,False
ENSG00000213139,0.13480996499116862,True,False
ENSG00000165475,0.0007824068889251013,False,False
ENSG00000103316,0.8240816544909277,False,False
ENSG00000116791,0.1492998265752604,False,True
ENSG00000205758,0.061811519492814486,False,True
ENSG00000062485,0.010131311997292844,True,False
ENSG00000139631,5.2222857430762346e-05,False,False
ENSG00000292188,0.03251593651781014,False,False
ENSG00000268902,0.5530342419420993,False,False
ENSG00000268916,0.018537412578137243,False,False
ENSG00000172346,0.019383433085199984,False,False
ENSG00000009307,0.6437484380858923,False,False
ENSG00000124207,0.0007778558195516869,False,False
ENSG00000184371,0.04053298140875795,False,True
ENSG00000182578,0.0016703039963262057,False,True
ENSG00000164400,0.4331546106846188,False,False
ENSG00000198223,0.5182653724777226,False,False
ENSG00000100368,0.008790543342654363,False,True
ENSG00000108342,0.9052891720647004,False,False
ENSG00000119535,0.041088490873126854,False,True
ENSG00000147408,0.6544773324202532,False,False
ENSG00000169826,0.5898108833899778,False,False
ENSG00000136488,,False,False
ENSG00000213218,0.08289916794080741,False,False
ENSG00000204414,,False,False
ENSG00000103653,0.30301535336118823,False,True
ENSG00000183117,0.008922031351548534,True,False
ENSG00000121904,0.005225244083782977,False,False
ENSG00000164796,0.5257985948352856,False,False
ENSG00000126545,0.16895653641471803,False,False
ENSG00000283090,,False,False
ENSG00000135222,0.33262581458205576,False,False
ENSG00000171209,0.36787944117145116,False,False
ENSG00000113712,0.656389144107828,False,False
ENSG00000180138,0.9914427586871114,False,False
ENSG00000223518,0.005251805488049646,False,False
ENSG00000141551,0.0012921676430325934,True,False
ENSG00000213923,0.0098400631982,False,False
ENSG00000169118,0.255356467494421,True,False
ENSG00000133275,0.2118716888577065,False,False
ENSG00000180846,0.1321855141755478,True,False
ENSG00000151292,0.5279285318830353,False,False
ENSG00000101266,0.001023237492952513,True,False
ENSG00000070770,0.9296735921020747,False,False
ENSG00000204435,0.00016352868827035377,True,False
ENSG00000173546,0.008357149975164058,False,False
ENSG00000240450,0.3223293429802801,False,False
ENSG00000114646,0.000491908181099141,True,False
ENSG00000104218,0.01566167476841703,False,False
ENSG00000144655,0.027101472037745898,False,False
ENSG00000110925,0.06501700254173598,True,False
ENSG00000178662,0.0008869603679495775,False,True
ENSG00000159176,0.003780018966301938,False,True
ENSG00000175183,0.4279243099007961,False,False
ENSG00000129170,0.36787944117145116,False,False
ENSG00000170373,0.0012717424451855139,False,False
ENSG00000125831,0.36787944117145116,False,False
ENSG00000170369,0.008871216148323499,False,False
ENSG00000101439,0.06785883299191747,False,True
ENSG00000101441,0.02157586431997042,False,False
ENSG00000170367,0.2284904231946507,False,False
ENSG00000175315,0.5417903871724958,False,True
ENSG00000077984,0.002342836732329307,False,True
ENSG00000125815,,False,False
ENSG00000173335,0.36787944117145116,False,False
ENSG00000101435,,False,False
ENSG00000121552,0.43378906487122426,False,False
ENSG00000160213,0.019932358901750012,True,False
ENSG00000101138,0.7462764190832948,True,False
ENSG00000101811,0.0005567261758341527,True,False
ENSG00000177613,0.5706317598354691,False,False
ENSG00000176102,0.04053298140875852,True,False
ENSG00000125823,0.273564042841722,False,False
ENSG00000268940,0.10733247254770317,False,False
ENSG00000271449,0.5104382723980425,False,False
ENSG00000269096,0.3209496268337221,False,False
ENSG00000228836,0.19266033325289386,False,False
ENSG00000278289,0.14231980522105153,False,False
ENSG00000236371,0.6838309531180335,False,False
ENSG00000226929,0.2542955278601339,False,False
ENSG00000226685,0.4351898176840602,False,False
ENSG00000292268,0.2702580875818759,False,False
ENSG00000236126,0.4293500649090193,False,False
ENSG00000230594,0.21953393491763115,False,False
ENSG00000292266,0.2702580875818759,False,False
ENSG00000226023,0.3118518854748733,False,False
ENSG00000228517,0.5066226959382842,False,False
ENSG00000236446,0.5920738408138349,False,False
ENSG00000225362,0.9858867399028203,False,False
ENSG00000268651,0.21435817419300962,False,False
ENSG00000126890,0.030505845915254133,False,False
ENSG00000282841,0.9522205110175925,False,False
ENSG00000181358,0.412001518064424,False,False
ENSG00000214249,0.00822220830885516,False,False
ENSG00000288370,0.15903994168049718,True,False
ENSG00000233122,0.5477987245273628,False,False
ENSG00000236761,0.1939310112391763,True,False
ENSG00000159692,0.04966619669055434,False,False
ENSG00000175029,0.04909008490850353,False,True
ENSG00000117151,0.0001403780231157248,False,True
ENSG00000178971,0.42378380719059094,False,True
ENSG00000102974,0.11811216396396118,True,False
ENSG00000124092,0.026010972101606425,False,True
ENSG00000175826,0.49607859644832597,False,False
ENSG00000060069,0.6666801905045303,True,False
ENSG00000144579,0.8821215887400115,False,False
ENSG00000175215,0.8786975403013207,False,False
ENSG00000144677,0.14915473443257996,False,False
ENSG00000137770,0.9460872201279513,False,True
ENSG00000150281,0.02255203450530293,False,True
ENSG00000116761,0.00022408160978305413,False,False
ENSG00000164932,0.0005643561761200707,False,False
ENSG00000134030,0.013327326257460291,False,True
ENSG00000163599,0.6159901325909315,False,True
ENSG00000044115,0.0005026947317720882,False,False
ENSG00000066032,0.33325561366626516,False,False
ENSG00000183230,4.544693333965048e-05,False,True
ENSG00000119326,0.9874397796982158,True,False
ENSG00000168036,0.03585946292035051,True,False
ENSG00000178585,0.7462764190832842,False,False
ENSG00000132792,0.651303345773445,False,False
ENSG00000198561,0.1386652177389657,False,False
ENSG00000169862,0.6888258220475311,False,False
ENSG00000040531,0.9656030691398102,False,False
ENSG00000047230,0.14207708552231263,False,False
ENSG00000198730,0.7470023688500776,False,False
ENSG00000168925,0.7237003942612733,False,False
ENSG00000284810,0.47040988101657066,False,False
ENSG00000162438,0.6355039872405592,False,False
ENSG00000141086,0.8838386131886712,False,False
ENSG00000064601,0.0005567261758341527,False,False
ENSG00000164733,0.1386652177389657,False,True
ENSG00000109861,0.43000970690402607,False,False
ENSG00000117984,0.04406795685040955,True,False
ENSG00000196188,0.1146361561175994,False,True
ENSG00000174080,0.4536308304450619,False,False
ENSG00000100448,0.07088702360481426,False,True
ENSG00000103811,0.36520655802604113,False,False
ENSG00000143387,0.06629368263435201,False,False
ENSG00000263238,0.0009411570048363342,False,True
ENSG00000163131,0.004886193227052997,False,True
ENSG00000172543,0.01732819188110967,False,True
ENSG00000101160,0.24276682484732415,False,True
ENSG00000288401,0.00017234393192121228,True,False
ENSG00000077063,0.00012097435950764698,False,True
ENSG00000143079,0.190011462456638,False,True
ENSG00000142544,0.013172733592997046,True,False
ENSG00000174177,0.11012651636000251,False,False
ENSG00000178531,0.03913009228500786,False,False
ENSG00000233932,0.33363319844946754,False,False
ENSG00000205279,,False,False
ENSG00000107611,0.4794809831420318,False,False
ENSG00000180891,0.002086858853642658,False,False
ENSG00000107874,0.8289031814174833,False,False
ENSG00000055130,0.6155909480306143,False,False
ENSG00000108094,0.02279452717605955,True,False
ENSG00000036257,0.05603006841825544,False,False
ENSG00000139842,0.7528354471352348,False,False
ENSG00000158290,0.6264593656375133,True,False
ENSG00000166266,0.35574396863052726,False,True
ENSG00000044090,0.00029022003781340323,True,False
ENSG00000112659,0.9460872201279513,False,False
ENSG00000112514,0.002097028711018977,True,False
ENSG00000119929,0.5382949871275255,False,True
ENSG00000257923,0.6602295377331096,True,False
ENSG00000111249,0.00022062262858671758,False,True
ENSG00000138161,0.9073482229810683,True,False
ENSG00000150316,0.8534372775192605,False,True
ENSG00000163510,0.939669986539455,False,True
ENSG00000273559,0.8786975403013207,False,False
ENSG00000153015,0.014461484465498711,False,False
ENSG00000095485,0.4625383689040139,False,False
ENSG00000152404,0.6666801905045303,False,False
ENSG00000109182,0.1830381431836191,False,False
ENSG00000006210,0.19393101123917492,False,True
ENSG00000168329,0.0006921941058097015,False,True
ENSG00000154639,0.6784506019178687,False,False
ENSG00000258712,0.018288400367712388,False,True
ENSG00000293262,0.7517956943498353,False,False
ENSG00000163739,0.47207959171908154,False,False
ENSG00000169245,0.26419583350005504,False,True
ENSG00000169248,0.7911071745580447,False,False
ENSG00000107562,9.618959792798924e-06,False,True
ENSG00000156234,0.14911002209483043,False,True
ENSG00000145824,3.666452981942559e-06,False,True
ENSG00000161921,0.7462764190832948,False,False
ENSG00000189377,0.05030216093269713,True,False
ENSG00000081041,0.012868907137631334,False,False
ENSG00000163734,0.6264593656375133,False,False
ENSG00000163735,0.8668176978057169,False,False
ENSG00000124875,0.0027396947035138236,False,True
ENSG00000138755,0.4044602769610365,False,True
ENSG00000163464,0.2028015291339676,False,True
ENSG00000180871,0.12741803752648712,False,True
ENSG00000229754,0.0005026947317720882,False,True
ENSG00000186810,0.04197685643736169,False,True
ENSG00000121966,0.6784506019178687,False,False
ENSG00000160683,0.031811720098105956,False,True
ENSG00000172215,0.0060163666102774245,False,True
ENSG00000185753,0.6301246464787518,True,False
ENSG00000215113,0.006867904790768407,False,False
ENSG00000224440,0.36787944117145116,False,False
ENSG00000235699,0.36787944117145116,False,False
ENSG00000165182,0.4178925329184052,False,True
ENSG00000204165,0.3793518384737296,False,True
ENSG00000203933,0.0007100315684531211,False,False
ENSG00000154832,0.9260649655225167,False,False
ENSG00000187893,0.13922694608066558,False,False
ENSG00000168772,0.1685938824910001,False,True
ENSG00000171604,0.47622870216349256,True,False
ENSG00000008283,0.9731431232675515,True,False
ENSG00000174151,0.6264593656375133,False,False
ENSG00000114395,0.239950808373247,False,False
ENSG00000166347,0.00017067636945585006,False,True
ENSG00000103018,0.1939310112391763,False,False
ENSG00000182224,1.4725770237673667e-05,False,True
ENSG00000167740,0.00043574469009374084,False,True
ENSG00000159348,0.0064526337800191,True,False
ENSG00000166394,0.49602047492172574,False,True
ENSG00000100243,0.04230463891834747,True,False
ENSG00000065615,0.7234148119575021,True,False
ENSG00000215883,0.31137799375670927,True,False
ENSG00000051523,0.29631432844590533,False,False
ENSG00000165168,0.0011431786182940667,False,True
ENSG00000071967,0.00048117452992710384,False,True
ENSG00000179091,0.005385135610889873,True,False
ENSG00000172115,0.07214542081845658,False,False
ENSG00000235700,0.8726105145656262,False,False
ENSG00000288461,0.31016934707242383,False,False
ENSG00000055163,0.00024033052811263763,False,True
ENSG00000161544,0.003545069993810367,False,True
ENSG00000183035,,False,False
ENSG00000155833,0.8163503390642716,False,True
ENSG00000083799,0.02052232214449494,False,True
ENSG00000240194,,False,False
ENSG00000140459,0.024815396140059582,False,True
ENSG00000160882,0.5962796833959243,False,False
ENSG00000179142,0.36787944117145116,False,False
ENSG00000148795,0.7404941610992368,False,False
ENSG00000137869,0.005398541816759907,False,False
ENSG00000140465,0.0004949350069719048,False,True
ENSG00000140505,1.7713624466979626e-05,False,True
ENSG00000138061,0.004886193227052997,False,False
ENSG00000232973,0.35659427189557097,False,True
ENSG00000119004,0.47207959171908154,False,False
ENSG00000231759,0.9590534611157338,False,False
ENSG00000232414,0.7863791643057169,False,False
ENSG00000019186,0.02600691142298687,False,False
ENSG00000095596,0.00029022003781340106,False,True
ENSG00000003137,0.8468247216543837,False,True
ENSG00000187553,0.4604208385387918,False,False
ENSG00000135929,0.014210592770030525,False,True
ENSG00000111012,0.003653548496617661,False,False
ENSG00000186684,0.11516376763725003,False,False
ENSG00000197838,0.0015105253033449956,False,False
ENSG00000255974,1.7137623240454825e-05,False,True
ENSG00000198077,2.7436231884384066e-05,False,True
ENSG00000197408,2.3031257563903514e-05,False,True
ENSG00000108242,0.00012528373549538816,False,False
ENSG00000165841,0.0001403780231157248,False,False
ENSG00000138115,2.215272974866041e-05,False,True
ENSG00000138109,2.215272974866041e-05,False,False
ENSG00000280905,0.04347216550870775,False,False
ENSG00000130649,0.010533097217241516,False,True
ENSG00000197446,0.9260649655225167,False,True
ENSG00000130612,0.002160256489176665,False,True
ENSG00000134716,0.0008947558680961407,False,True
ENSG00000186104,0.0013778058562547392,True,False
ENSG00000167600,0.68574569976798,False,False
ENSG00000155016,0.0001036463422904395,False,True
ENSG00000073067,0.3662733729200411,False,False
ENSG00000146233,0.00012799246862254325,False,True
ENSG00000160868,1.5534680437690578e-05,False,True
ENSG00000021461,0.0004134567245708224,False,True
ENSG00000106258,0.00017167496068352085,False,False
ENSG00000160870,0.35991891133236653,False,True
ENSG00000036530,0.008833382163257502,False,False
ENSG00000187048,2.241270991851664e-05,False,False
ENSG00000162365,0.0003528593813897484,False,False
ENSG00000142973,0.14603338024666218,False,False
ENSG00000171903,0.03551249454306315,False,False
ENSG00000186204,9.468556910220038e-05,False,False
ENSG00000186115,2.748963572522159e-05,False,False
ENSG00000171954,0.46979017045706384,False,True
ENSG00000267594,0.0008134353997478052,False,True
ENSG00000186529,2.3031257563903514e-05,False,True
ENSG00000214081,0.1622674914535556,False,False
ENSG00000290461,0.4007135989432514,False,True
ENSG00000186526,0.1575473760065447,False,False
ENSG00000145476,2.294185929669267e-05,False,True
ENSG00000186377,0.0006397714139681936,False,True
ENSG00000186160,0.00028198129797797877,False,True
ENSG00000154198,0.1752564234196647,False,True
ENSG00000001630,0.006813708992405332,True,False
ENSG00000167910,0.28335357038759035,False,True
ENSG00000172817,0.25961231091905224,False,True
ENSG00000180432,1.7713624466979626e-05,False,True
ENSG00000205795,0.004202621969977131,False,True
ENSG00000173198,0.0010825987692197944,False,True
ENSG00000152207,0.011496337339239502,False,True
ENSG00000120306,6.355608909215881e-05,True,False
ENSG00000108669,0.5197792916729134,False,True
ENSG00000105443,0.012868907137631334,True,False
ENSG00000008256,0.10948593736855652,False,False
ENSG00000100055,0.05249642488970205,False,True
ENSG00000115165,0.006695498237098077,False,True
ENSG00000170891,0.08363461874615226,False,False
ENSG00000166265,0.0043863145214327335,False,True
ENSG00000228592,0.36787944117145116,False,False
ENSG00000180902,0.41400931876940616,False,False
ENSG00000100592,0.020048978904914676,False,True
ENSG00000146122,7.840889622379553e-05,False,True
ENSG00000173406,4.611172213106189e-05,False,True
ENSG00000153071,0.5197792916729134,False,True
ENSG00000136848,0.2137338304383542,True,False
ENSG00000276644,8.26524132586892e-06,False,True
ENSG00000126733,0.059319649503131816,False,False
ENSG00000165617,0.004801422862983926,False,False
ENSG00000164488,0.5807064113317143,True,False
ENSG00000197380,0.0013752863153133296,False,False
ENSG00000129562,0.11880321317710957,False,False
ENSG00000173402,0.3526445732999315,False,False
ENSG00000134780,0.3074670175579975,True,False
ENSG00000164535,0.1452900995367527,False,False
ENSG00000178149,0.3882763621588816,True,False
ENSG00000226950,0.5542275848558886,False,False
ENSG00000179284,0.0472634740216183,True,False
ENSG00000110887,0.0004281849734996593,False,True
ENSG00000182346,,False,False
ENSG00000232307,,False,False
ENSG00000112977,0.996118394014622,False,False
ENSG00000132676,9.663873920204654e-05,True,False
ENSG00000196730,7.476091306433162e-05,False,False
ENSG00000035664,0.022816700838879694,True,False
ENSG00000167657,0.20083926557103307,False,False
ENSG00000163331,0.21276618240265502,False,False
ENSG00000070190,0.005199903473609422,False,True
ENSG00000117593,0.0002240816097830573,True,False
ENSG00000206279,0.005089856757981897,True,False
ENSG00000188120,0.1870460628032658,False,False
ENSG00000205944,0.11064622604069149,False,True
ENSG00000187191,0.18057966983314144,False,False
ENSG00000205916,0.1422119466886555,False,True
ENSG00000071626,0.003846756180062471,True,False
ENSG00000183283,0.49607859644832597,False,True
ENSG00000092345,0.03555625750265501,False,False
ENSG00000006634,0.0010413030158781212,False,False
ENSG00000161692,0.02526912219350826,True,False
ENSG00000123454,4.375314726733052e-05,False,True
ENSG00000155368,0.843537681746238,False,True
ENSG00000231784,0.0009918913952304427,True,False
ENSG00000293077,0.3420302068173967,False,False
ENSG00000113758,0.002109297981109949,False,False
ENSG00000003249,0.005001553043743783,False,False
ENSG00000244274,0.03786607969598651,False,False
ENSG00000136279,0.6246347280002755,False,False
ENSG00000105516,0.656389144107828,False,False
ENSG00000138231,0.5187695216330042,True,False
ENSG00000137992,2.307608724818443e-05,False,True
ENSG00000109851,0.5962796833959243,False,False
ENSG00000185610,0.5962796833959243,False,False
ENSG00000122741,0.5863800978415652,False,False
ENSG00000100897,2.65698977099862e-05,False,False
ENSG00000198876,0.9731431232675515,False,False
ENSG00000198889,0.6355039872405592,False,False
ENSG00000198354,0.019239678716728763,False,False
ENSG00000164934,4.487330529386797e-05,True,False
ENSG00000132017,0.7376198545313661,True,False
ENSG00000163257,0.15903994168049718,True,False
ENSG00000115827,0.9731431232675515,False,False
ENSG00000119599,0.006390199496581635,True,False
ENSG00000182308,0.8994430127919598,True,False
ENSG00000176566,0.014159722512722487,False,False
ENSG00000139990,0.003960613489236168,False,False
ENSG00000143164,0.6264593656375133,False,True
ENSG00000136485,0.14486692478915572,True,False
ENSG00000132716,0.46119117072507054,False,False
ENSG00000226372,0.2797058500973747,False,False
ENSG00000189186,0.04474324685695295,True,False
ENSG00000172992,0.9627906350072438,False,False
ENSG00000164465,0.0004365928546731083,False,True
ENSG00000057019,0.39283309876564215,False,True
ENSG00000187323,0.14285202910715278,False,False
ENSG00000161634,,False,False
ENSG00000170959,0.3127151684117953,False,False
ENSG00000146038,0.190011462456638,False,False
ENSG00000222046,0.8831760023551987,True,False
ENSG00000166341,0.0004183089730612702,False,True
ENSG00000197410,0.002993886800695509,False,True
ENSG00000156136,0.6602295377331096,False,True
ENSG00000133083,0.159039941680496,False,False
ENSG00000170390,0.024951736451924746,False,False
ENSG00000163673,0.0007442028318920435,True,False
ENSG00000198924,0.21624216950861125,False,False
ENSG00000118655,0.014817310344199636,False,False
ENSG00000152457,0.41400931876940616,True,False
ENSG00000011465,0.00013280985365661245,False,True
ENSG00000272886,0.54514209189753,False,False
ENSG00000151065,0.002036744604290185,False,False
ENSG00000172795,0.6228154048378258,False,True
ENSG00000110063,0.5382949871275216,False,False
ENSG00000163357,0.012266223440327831,True,False
ENSG00000163354,0.02504896667088215,True,False
ENSG00000080166,0.04131204139768881,False,False
ENSG00000129187,0.026761071578448984,False,False
ENSG00000204843,0.0034734204175539923,True,False
ENSG00000175203,0.0008245836313238678,True,False
ENSG00000137100,0.46979017045706384,True,False
ENSG00000132912,0.42875725233373474,False,False
ENSG00000166847,0.7213077800163539,True,False
ENSG00000104671,0.936933085603705,False,False
ENSG00000179958,0.00454256480909922,True,False
ENSG00000043093,0.11640207585206441,False,True
ENSG00000150401,0.9932170803579593,False,False
ENSG00000188215,0.00034572772384877285,False,True
ENSG00000109184,0.4951148695123805,False,False
ENSG00000137692,0.021755151136953622,False,False
ENSG00000077279,0.2498723777285497,False,False
ENSG00000169738,0.0005878793497214977,False,True
ENSG00000130311,0.8240816544909277,True,False
ENSG00000153904,0.07805699654811224,False,True
ENSG00000226634,0.23647667826617091,True,False
ENSG00000167986,0.0005190855222138642,True,False
ENSG00000134574,0.06501700254173598,False,True
ENSG00000132437,0.412001518064424,False,False
ENSG00000100523,0.9153229121112986,False,False
ENSG00000085788,0.9242659083608107,True,False
ENSG00000170967,,False,False
ENSG00000197312,0.020127104393798265,False,False
ENSG00000175197,0.0003828877873847285,True,False
ENSG00000168209,0.029407812887196485,False,False
ENSG00000145358,0.031417846331949044,False,True
ENSG00000181418,0.00015423225244683112,False,False
ENSG00000203797,0.3485540105612581,False,True
ENSG00000244038,0.10148972027241246,False,False
ENSG00000215522,0.027633639139866543,False,False
ENSG00000162733,0.06707169252601035,False,True
ENSG00000198171,0.1398839471932558,True,False
ENSG00000275003,0.0736336336487722,False,True
ENSG00000099974,0.09389473701933883,False,True
ENSG00000079785,0.0013304135634783815,False,False
ENSG00000178105,0.00016352868827035377,False,False
ENSG00000013573,0.008833382163257502,True,False
ENSG00000223972,0.8727510415494585,False,True
ENSG00000233614,0.9460521487771627,False,False
ENSG00000310539,0.9797889530019297,False,False
ENSG00000288170,0.5383701356616352,False,True
ENSG00000214826,0.03677752865336121,True,False
ENSG00000100201,0.3978299303332715,False,False
ENSG00000088205,0.10800570596723044,True,False
ENSG00000168872,0.22834260631380535,False,False
ENSG00000157349,0.00010640327667562834,False,True
ENSG00000064703,0.4380273221341927,True,False
ENSG00000165732,0.1722390151391712,True,False
ENSG00000174243,0.007656931990592898,True,False
ENSG00000089737,0.6228154048378258,False,True
ENSG00000109832,9.257515579309308e-05,False,True
ENSG00000124228,0.001218942606652973,True,False
ENSG00000182810,0.68574569976798,True,False
ENSG00000125485,0.27360707721798055,True,False
ENSG00000123136,0.0020686772366457725,True,False
ENSG00000229496,0.32404145904006687,True,False
ENSG00000215301,0.04866239085502546,False,True
ENSG00000067048,0.06590806850830239,False,True
ENSG00000152670,0.46864906237782344,False,False
ENSG00000183258,0.012719631986359116,False,False
ENSG00000198231,0.09084152316193816,True,False
ENSG00000080007,0.09211880342956871,False,True
ENSG00000145833,0.9047054630375765,False,True
ENSG00000213782,0.9424148823115995,False,False
ENSG00000105671,0.12816353343155473,True,False
ENSG00000108654,0.13080728562909524,False,True
ENSG00000107625,0.1996710327199939,True,False
ENSG00000185163,0.18294125659728158,True,False
ENSG00000277594,0.003857993045053722,True,False
ENSG00000184735,0.12549129343310234,False,False
ENSG00000123064,0.025318307817300118,True,False
ENSG00000111364,0.005555318544139675,True,False
ENSG00000136271,0.10602877861738248,True,False
ENSG00000118197,6.936822333417799e-05,True,False
ENSG00000110367,0.09895626471281824,False,True
ENSG00000137628,0.030872779416240555,False,True
ENSG00000181381,0.005775630077704069,False,True
ENSG00000282712,0.0030402389821395388,False,False
ENSG00000104325,0.05521883652904836,False,False
ENSG00000242612,0.6216054675696967,False,False
ENSG00000158796,0.00471812317645256,True,False
ENSG00000160570,0.5706317598354691,True,False
ENSG00000023892,0.030102112057593167,False,True
ENSG00000140995,0.06056224396732265,False,False
ENSG00000284983,0.0061945111962262885,False,True
ENSG00000233531,,False,False
ENSG00000285176,0.6236497717997461,False,False
ENSG00000284835,0.04785273333974139,False,True
ENSG00000164821,0.41386484351724273,False,True
ENSG00000164816,0.5962796833959243,False,False
ENSG00000285136,0.012390163456013325,False,False
ENSG00000164825,0.7865054977525469,False,False
ENSG00000176797,,False,False
ENSG00000177243,0.5962796833959243,False,False
ENSG00000177023,,False,False
ENSG00000285411,,False,False
ENSG00000186599,,False,False
ENSG00000285617,0.36787944117145116,False,False
ENSG00000186572,,False,False
ENSG00000198129,,False,False
ENSG00000184276,,False,False
ENSG00000203970,,False,False
ENSG00000180872,,False,False
ENSG00000214642,,False,False
ENSG00000177684,,False,False
ENSG00000215547,,False,False
ENSG00000215545,,False,False
ENSG00000131068,0.36787944117145116,False,False
ENSG00000180483,,False,False
ENSG00000204548,,False,False
ENSG00000290996,,False,False
ENSG00000180424,,False,False
ENSG00000180383,0.33363319844946754,False,False
ENSG00000178591,,False,False
ENSG00000125788,0.36669096210060714,False,False
ENSG00000088782,,False,False
ENSG00000185982,,False,False
ENSG00000125903,,False,False
ENSG00000186458,0.44849183540920745,False,False
ENSG00000214643,,False,False
ENSG00000284754,,False,False
ENSG00000285365,,False,False
ENSG00000285087,,False,False
ENSG00000285181,,False,False
ENSG00000285433,,False,False
ENSG00000284913,,False,False
ENSG00000284924,,False,False
ENSG00000143753,0.004681566473454663,False,False
ENSG00000168350,0.7581788386728592,False,False
ENSG00000124795,0.05249642488970277,True,False
ENSG00000119522,0.20162188227606184,True,False
ENSG00000213047,0.9816960841823692,False,False
ENSG00000205744,0.016895633746738484,False,True
ENSG00000146966,0.08083756052851754,False,True
ENSG00000175984,0.7026185226629964,False,False
ENSG00000162777,0.0013394992794514718,False,True
ENSG00000105339,0.14318651542098132,False,True
ENSG00000174485,0.8864204184047131,False,False
ENSG00000198837,0.06278061720057111,True,False
ENSG00000137145,0.3978299303332715,False,False
ENSG00000184014,0.016219578488259088,False,False
ENSG00000170456,0.044585129904799264,False,False
ENSG00000139726,0.0012059752550644595,True,False
ENSG00000024526,0.0003625976210004412,False,False
ENSG00000035499,0.0001147866252330571,False,False
ENSG00000166153,0.0497145101076509,True,False
ENSG00000100150,0.07647938292234908,False,False
ENSG00000121690,5.146674828277623e-05,False,False
ENSG00000155792,0.22834260631380535,True,False
ENSG00000023697,0.020402948819559646,False,False
ENSG00000136986,0.0015543480583788572,True,False
ENSG00000072849,0.6412496602955313,False,True
ENSG00000099958,0.9646646794477857,False,False
ENSG00000175084,0.09902783444500844,False,True
ENSG00000140543,0.6338113721005718,True,False
ENSG00000182108,0.1500274071396726,False,False
ENSG00000160049,0.8224807192892474,False,False
ENSG00000169598,0.07670278894557792,False,True
ENSG00000185000,0.1379927398276936,True,False
ENSG00000062282,0.02637361114396026,False,False
ENSG00000184210,0.5082880401091528,False,False
ENSG00000273311,0.07897305842632306,False,False
ENSG00000070413,0.24158949047348857,True,False
ENSG00000273032,0.02483072923839724,False,True
ENSG00000183628,0.018369141203876713,False,True
ENSG00000128185,0.03350005929995229,False,True
ENSG00000128191,0.7122479953939524,False,False
ENSG00000065357,0.01110089861863634,False,False
ENSG00000136267,0.5120245063506695,False,False
ENSG00000077044,0.9845637435410837,False,False
ENSG00000153933,0.0012059752550644496,False,True
ENSG00000058866,0.6718860612012494,True,False
ENSG00000102780,0.23995080837324365,True,False
ENSG00000157680,0.04053172565824738,False,False
ENSG00000274588,0.7131393773088925,False,False
ENSG00000145214,0.15597715923417643,False,False
ENSG00000149091,0.33363252404653704,False,False
ENSG00000114956,0.037645821978377625,True,False
ENSG00000116133,0.7441027999840577,False,False
ENSG00000172893,0.001161101681626549,True,False
ENSG00000117682,0.8035103666449687,False,False
ENSG00000104808,0.09320061933090057,True,False
ENSG00000228716,0.8968232777162128,False,False
ENSG00000139549,0.22954398076741067,False,False
ENSG00000102967,8.557930329463382e-05,False,True
ENSG00000095059,0.6640924006867255,False,False
ENSG00000157379,0.00019921073934430928,False,False
ENSG00000275397,0.20083926557103307,True,False
ENSG00000102796,0.03172480869265962,False,True
ENSG00000167536,0.01913479331460371,False,False
ENSG00000100867,0.6758171240006762,False,True
ENSG00000162496,0.02430523098382558,False,False
ENSG00000284807,0.0008947558680961407,False,False
ENSG00000225766,0.01235397573750203,False,False
ENSG00000187630,0.002257855488085363,False,False
ENSG00000100612,0.46119117072507054,True,False
ENSG00000109016,0.4790150152650764,False,True
ENSG00000184544,0.5962796833959243,False,False
ENSG00000073737,0.13118939037909413,False,True
ENSG00000292338,0.5542275848558886,False,False
ENSG00000181192,3.658587493444757e-05,False,True
ENSG00000109606,0.10070336319299901,True,False
ENSG00000231377,0.04406795685040955,True,False
ENSG00000067248,0.7826912205822796,False,False
ENSG00000132153,0.056963881454593294,True,False
ENSG00000089876,0.0119058624673603,False,True
ENSG00000005100,0.0013499589573397397,False,False
ENSG00000134815,0.00026281906578711227,True,False
ENSG00000101452,0.13118939037909413,False,False
ENSG00000281763,0.6173891676341228,False,False
ENSG00000150990,0.003524449189336565,True,False
ENSG00000140829,0.23995080837324365,True,False
ENSG00000108406,0.48747214940996786,False,True
ENSG00000163214,0.000674915084831272,True,False
ENSG00000108771,0.005065172729087714,False,False
ENSG00000067596,0.016538067685808712,False,False
ENSG00000135829,0.0010453606942056365,False,False
ENSG00000184047,0.09545961337853968,True,False
ENSG00000131504,0.30390049982138445,False,True
ENSG00000147202,0.4457608079422838,False,False
ENSG00000139734,7.660041077613838e-05,True,False
ENSG00000100697,0.04230463891834747,False,False
ENSG00000235706,0.7528354471352348,False,False
ENSG00000101191,0.0979987853811823,True,False
ENSG00000086189,0.2546127113195458,False,False
ENSG00000211452,0.11185310964622822,False,True
ENSG00000211448,0.11289183675175554,False,False
ENSG00000197406,0.06802817559336473,False,False
ENSG00000258498,0.002236000574621776,False,True
ENSG00000160305,0.7462764190832842,True,False
ENSG00000066084,0.7419355118097588,False,False
ENSG00000151240,0.0004340533008965699,False,True
ENSG00000176490,0.3279507599807287,True,False
ENSG00000165023,0.23919473659928545,True,False
ENSG00000162595,3.4209610227355873e-05,False,True
ENSG00000174325,0.3451413592667513,False,False
ENSG00000231672,0.9046448613940015,False,False
ENSG00000083520,0.03172480869265962,False,False
ENSG00000166938,0.014802910626825996,False,False
ENSG00000144535,0.2546127113195458,False,False
ENSG00000162946,0.007293597386663954,False,True
ENSG00000154309,0.5414444368946989,False,True
ENSG00000140323,0.4084119826291387,False,False
ENSG00000150764,0.0004495152457243485,False,True
ENSG00000130826,0.0003751492243189087,True,False
ENSG00000262075,0.9634164672597145,True,False
ENSG00000285564,0.4623884860897338,False,False
ENSG00000107984,0.0019699729212021263,False,False
ENSG00000155011,0.010043043624906588,False,False
ENSG00000050165,0.004437791463880138,False,False
ENSG00000104371,0.13042473677540933,True,False
ENSG00000104901,0.20514725386518282,True,False
ENSG00000150768,0.001081546681091554,False,False
ENSG00000164741,0.002142368124915537,False,True
ENSG00000091140,0.09914888025247717,False,False
ENSG00000008226,0.0007532940254222454,False,True
ENSG00000176124,0.009501595224711548,False,False
ENSG00000231607,0.6602295377331096,False,False
ENSG00000116652,0.17218838804902414,False,False
ENSG00000186047,0.199584800381117,False,True
ENSG00000075711,0.6964970061782193,False,True
ENSG00000150672,0.00027860728710981926,False,True
ENSG00000082458,0.32121826968583733,False,True
ENSG00000132535,0.0991488802524779,False,True
ENSG00000151208,0.0008539571358844326,False,False
ENSG00000170579,0.48140759360934526,False,False
ENSG00000198010,1.7475135961697353e-05,False,True
ENSG00000116544,0.41562260194879497,False,True
ENSG00000080845,0.001218942606652973,True,False
ENSG00000126787,0.00014665633421525047,True,False
ENSG00000185559,0.5065978733584784,False,False
ENSG00000171462,0.0002761799399138521,True,False
ENSG00000275555,0.00454256480909922,False,True
ENSG00000090932,0.18814855989877746,False,False
ENSG00000128917,0.013172733592997046,True,False
ENSG00000119689,0.9656030691398102,False,False
ENSG00000144355,0.0009824438456645802,True,False
ENSG00000115844,0.009033489397382776,False,False
ENSG00000064195,0.36669096210060714,False,False
ENSG00000108813,0.3541254618532393,False,False
ENSG00000105880,0.16482554745134534,False,False
ENSG00000006377,0.07981194299178804,False,False
ENSG00000231764,0.23966981455976474,False,False
ENSG00000178028,0.9646646794477857,False,False
ENSG00000187908,0.08274788229094844,True,False
ENSG00000197587,0.4685748483269213,True,False
ENSG00000100206,0.03681330445662501,True,False
ENSG00000198947,0.00011681321282780751,False,True
ENSG00000132837,2.7409568881736583e-05,False,True
ENSG00000161249,0.37419249198924803,False,False
ENSG00000152592,0.06160457587942642,False,False
ENSG00000104936,0.2129041999228439,False,False
ENSG00000137090,0.20468847405526705,False,False
ENSG00000173253,0.1236245357783797,False,False
ENSG00000064218,0.36787944117145116,False,False
ENSG00000176399,0.00016935394417918437,False,True
ENSG00000142700,0.597238472088046,False,False
ENSG00000143006,0.36787944117145116,False,False
ENSG00000184911,0.4343197319653077,False,False
ENSG00000142025,0.36787944117145116,False,False
ENSG00000135164,0.9534748818673352,True,False
ENSG00000185800,0.19850959519351905,False,False
ENSG00000172869,0.10148972027241103,False,False
ENSG00000104093,0.3259373568695716,False,False
ENSG00000138346,0.27601181150784243,True,False
ENSG00000154099,0.27354781373950277,False,False
ENSG00000165506,0.8289031814174833,False,False
ENSG00000114841,0.13350557304031743,False,False
ENSG00000281935,0.8634530530416704,False,False
ENSG00000105877,0.5133183139679058,False,False
ENSG00000174844,0.41040229050591726,True,False
ENSG00000185842,3.8896975187762636e-05,True,False
ENSG00000187775,0.3578253511177706,False,False
ENSG00000183914,0.00014689283651592386,False,True
ENSG00000158486,0.07088986397300363,False,False
ENSG00000039139,0.843537681746238,False,False
ENSG00000115423,0.0001335868959339523,False,True
ENSG00000118997,0.5279285318830353,False,True
ENSG00000124721,0.6948012608707168,False,True
ENSG00000007174,0.008004485136552726,False,True
ENSG00000122735,0.42273142431455357,False,True
ENSG00000171595,0.9858867399028203,False,False
ENSG00000086061,0.9073482229810683,True,False
ENSG00000162699,0.36787944117145116,False,False
ENSG00000069345,0.6468856075164668,False,True
ENSG00000103423,0.8460017628060118,False,False
ENSG00000140403,0.4401619539926275,False,False
ENSG00000132002,0.47622870216349256,False,False
ENSG00000090520,0.0002761799399138521,False,False
ENSG00000148719,0.8468247216543837,False,False
ENSG00000187726,0.010050109409021792,True,False
ENSG00000164031,0.3278443471950506,False,True
ENSG00000135924,0.03402528228336534,True,False
ENSG00000227802,0.6084502925805246,False,False
ENSG00000162616,0.3974433123556157,False,False
ENSG00000137094,0.018333455656677183,False,False
ENSG00000105993,0.010131311997292844,True,False
ENSG00000172404,0.9646646794477857,False,False
ENSG00000179407,,False,False
ENSG00000242049,,False,False
ENSG00000128590,0.04577106927310079,False,False
ENSG00000136770,0.4707046035904452,True,False
ENSG00000077232,0.5623698623643318,False,False
ENSG00000007923,0.9703087278278311,False,False
ENSG00000108176,6.294113417361939e-05,False,True
ENSG00000138246,0.9047054630375765,False,False
ENSG00000135392,0.00034572772384877285,True,False
ENSG00000120675,0.0006152053367905631,False,True
ENSG00000116138,0.0010054853880364552,False,False
ENSG00000104129,0.7108643183251449,False,False
ENSG00000170464,0.1026807840832584,False,False
ENSG00000205981,0.00027537553289137275,False,True
ENSG00000105821,0.00019537434988682573,False,False
ENSG00000168724,0.6544773324202532,False,False
ENSG00000178401,0.9047054630375765,False,False
ENSG00000170946,0.9424148823115995,False,False
ENSG00000059769,3.143698403622086e-05,False,False
ENSG00000244115,0.30722455618853706,False,False
ENSG00000115137,0.16438532710466444,False,True
ENSG00000224165,0.5558465542560704,False,False
ENSG00000262911,0.08469966302296529,False,False
ENSG00000102580,0.9047054630375765,False,False
ENSG00000176410,0.9590534611157338,False,False
ENSG00000110011,0.9215738736404122,False,True
ENSG00000101152,0.009255406616544806,True,False
ENSG00000147570,0.01118758162444498,False,True
ENSG00000163793,0.8224984903604957,False,False
ENSG00000116675,0.00014467356531975168,True,False
ENSG00000168259,0.027903628591586495,False,False
ENSG00000126698,0.3974433123556129,True,False
ENSG00000213551,0.0058207299378841065,False,False
ENSG00000119661,0.2581022096483296,False,True
ENSG00000100246,0.08978779094001982,True,False
ENSG00000163879,0.029379233868176043,False,True
ENSG00000213918,0.2434759776783048,False,False
ENSG00000013563,0.5574702528721746,False,False
ENSG00000167968,0.8370018293859048,True,False
ENSG00000163687,2.0775815733484267e-05,False,True
ENSG00000105612,0.7108643183251449,True,False
ENSG00000137976,0.4640522786804425,False,False
ENSG00000256453,0.0924453537785658,False,False
ENSG00000187957,0.809419129993401,False,False
ENSG00000179532,0.03540906016616724,False,False
ENSG00000213221,0.42378380719059383,True,False
ENSG00000106976,0.9627906350072438,False,False
ENSG00000087470,0.021088698726644022,False,False
ENSG00000246877,0.06463881455130797,True,False
ENSG00000280038,0.0003437167102983781,True,False
ENSG00000290767,0.8145225744292595,False,False
ENSG00000079805,0.3905480847787201,True,False
ENSG00000197959,0.01468821552730209,False,False
ENSG00000230630,0.00015975693191036782,False,True
ENSG00000107554,0.06616489455904515,False,True
ENSG00000227695,0.012139647123731471,False,True
ENSG00000130816,0.09353027464612838,False,False
ENSG00000119772,0.0024192269220246385,False,False
ENSG00000088305,0.0005051445063301708,True,False
ENSG00000142182,0.036640974288243235,False,True
ENSG00000123992,0.5563872609782938,True,False
ENSG00000107447,0.3033999883376043,False,False
ENSG00000101457,0.07805699654811224,True,False
ENSG00000067334,0.8821215887400115,True,False
ENSG00000149927,0.9759857983375362,False,False
ENSG00000272636,0.6666801905045303,False,False
ENSG00000231793,0.2811202079031434,False,False
ENSG00000150760,0.006452633780019054,False,True
ENSG00000135905,0.010043043624906588,False,True
ENSG00000147251,0.005686475970612797,False,False
ENSG00000134516,0.0030196172854310647,False,True
ENSG00000088538,0.10948593736855652,True,False
ENSG00000128512,0.30331011535484415,False,False
ENSG00000147459,0.11077084324322485,False,False
ENSG00000130158,0.004202621969977131,True,False
ENSG00000116641,0.24158949047348857,True,False
ENSG00000107099,0.0011919863330289678,False,True
ENSG00000088387,0.716415207307324,False,False
ENSG00000129932,0.16438532710466444,False,False
ENSG00000115325,0.2378602531407626,False,False
ENSG00000147443,0.02048245363418146,False,False
ENSG00000146094,0.07581306145742386,False,True
ENSG00000125170,0.5841040013440686,False,False
ENSG00000101134,0.1051050100356682,False,False
ENSG00000206052,0.010931920818979368,False,True
ENSG00000175920,0.7668722115381088,False,False
ENSG00000175283,5.429389939105154e-05,True,False
ENSG00000167130,0.8011700468456162,False,False
ENSG00000159147,0.0058037763675435105,True,False
ENSG00000104885,0.31137799375670927,True,False
ENSG00000172269,0.00030527055621679274,False,False
ENSG00000166171,0.42626327633819006,False,False
ENSG00000015413,0.014595247373118963,False,False
ENSG00000167261,0.02048245363418146,False,True
ENSG00000141096,0.002273914350788296,False,True
ENSG00000011332,0.011267898052365968,False,False
ENSG00000133884,0.003099937406144877,True,False
ENSG00000205683,2.2109693861773737e-05,False,True
ENSG00000108963,0.045372291919467345,False,False
ENSG00000132768,0.10800570596723044,True,False
ENSG00000154813,0.5762070137928801,True,False
ENSG00000233838,0.596152875121186,False,False
ENSG00000117543,0.45451380988517487,False,False
ENSG00000000419,0.115387930617906,False,False
ENSG00000136908,0.0013831747958210324,False,False
ENSG00000179085,0.014210592770030724,True,False
ENSG00000175497,0.008157791629046491,False,True
ENSG00000254986,0.01828005727994793,True,False
ENSG00000197635,0.3488930708560868,False,False
ENSG00000130226,0.0851377844167243,True,False
ENSG00000176978,0.8786975403013207,False,False
ENSG00000074603,0.4611911707250673,False,False
ENSG00000142002,0.33266077951884154,False,False
ENSG00000163530,0.5962796833959243,False,False
ENSG00000187569,0.8841277314980266,False,False
ENSG00000121570,2.8364513080835012e-05,False,False
ENSG00000203909,,False,False
ENSG00000204595,0.040635169553948886,False,False
ENSG00000291714,0.028510685365941445,False,True
ENSG00000143196,0.00016641582961074636,False,True
ENSG00000173852,0.5574702528721746,False,False
ENSG00000229358,0.006134504561597009,True,False
ENSG00000177990,0.8838386131886712,False,False
ENSG00000189212,0.07000714636652548,False,False
ENSG00000170629,0.6917727229543855,True,False
ENSG00000291213,0.00043574469009374084,False,False
ENSG00000291119,0.5005023976631154,True,False
ENSG00000178904,0.3259373568695716,False,True
ENSG00000156162,0.4903242455360224,True,False
ENSG00000162961,0.014377365549910514,True,False
ENSG00000188641,0.0022887996735169573,False,False
ENSG00000147647,0.0003625976210004412,False,False
ENSG00000092964,0.19130909668625085,False,True
ENSG00000113657,0.08371717438774258,False,False
ENSG00000151640,0.20458848143510627,False,False
ENSG00000157851,0.09486573381328822,False,False
ENSG00000144045,0.0136275109595603,True,False
ENSG00000117505,0.6072682622725372,True,False
ENSG00000136048,0.4363270726588312,False,False
ENSG00000156171,0.8082115353306712,True,False
ENSG00000175550,0.014802910626826107,True,False
ENSG00000184845,4.0603919347626114e-05,False,False
ENSG00000149295,0.21276618240265502,False,False
ENSG00000151577,0.3223293429802801,False,False
ENSG00000276825,0.021440168970145015,True,False
ENSG00000169676,0.543860355862293,False,False
ENSG00000185721,0.005786872176499087,True,False
ENSG00000108591,0.7773822889285338,False,False
ENSG00000165606,,False,False
ENSG00000113360,0.003063979137094701,False,False
ENSG00000102385,0.009957044065457743,False,False
ENSG00000134765,0.9534444973089965,False,False
ENSG00000134755,0.5706317598354691,False,True
ENSG00000134762,0.06852183539348727,False,True
ENSG00000291561,6.555894118273424e-06,False,True
ENSG00000235123,0.7452736083676579,False,False
ENSG00000177103,0.09712063216157432,False,True
ENSG00000136982,3.461342871268037e-05,True,False
ENSG00000233316,0.36787944117145116,False,False
ENSG00000184029,0.23396790860021477,False,False
ENSG00000198054,0.022014209418490555,False,False
ENSG00000230366,0.017481361083102335,True,False
ENSG00000111817,0.0013818306027336487,False,True
ENSG00000262102,0.0924453537785658,False,True
ENSG00000134760,0.004390581364016082,False,False
ENSG00000046604,0.5142497771684864,True,False
ENSG00000134757,0.4739191591638775,False,True
ENSG00000175065,0.37509355965168,False,False
ENSG00000149636,0.0005066200978033516,True,False
ENSG00000096696,0.14486692478915572,False,False
ENSG00000152591,0.23107354807614525,False,False
ENSG00000151914,0.010522860971966632,False,True
ENSG00000125868,0.7911071745580447,False,False
ENSG00000248593,2.656989770998641e-05,False,False
ENSG00000133059,0.21750735656533157,True,False
ENSG00000125821,0.016219578488259088,True,False
ENSG00000197057,0.0003333478193075286,False,True
ENSG00000143476,5.2887131452941445e-05,True,False
ENSG00000134769,0.010250211123667237,False,False
ENSG00000138101,0.4625383689040139,False,False
ENSG00000047579,0.022617911871882446,False,False
ENSG00000104047,0.1482871378490298,False,False
ENSG00000169570,0.5807064113317143,False,False
ENSG00000135144,0.005775630077704069,False,True
ENSG00000091073,0.4922349074991902,False,False
ENSG00000265479,0.22525545280121728,False,True
ENSG00000178498,0.09334857431547947,False,False
ENSG00000163840,0.5167558627527982,False,False
ENSG00000110042,0.5009254422650236,False,True
ENSG00000168393,0.0013831747958210324,True,False
ENSG00000137857,0.007097714140714112,False,False
ENSG00000140279,0.7706093981732349,False,False
ENSG00000140254,0.5135134630216188,False,False
ENSG00000140274,0.4978305971682061,True,False
ENSG00000169718,0.8584305579681832,False,False
ENSG00000141994,0.7911071745580447,False,False
ENSG00000105865,0.01885775002394929,True,False
ENSG00000120129,0.009364026286064515,False,True
ENSG00000143507,0.000374056557448843,False,True
ENSG00000144048,0.5446123134242818,False,False
ENSG00000081721,5.0623050148851434e-05,True,False
ENSG00000275932,0.20678375939491223,False,True
ENSG00000149599,0.1890899731785458,False,False
ENSG00000280962,0.6108212600394947,False,False
ENSG00000167065,0.1776821725514313,True,False
ENSG00000162999,0.029985267519257695,False,True
ENSG00000158050,0.08226476859412873,False,True
ENSG00000189037,,False,False
ENSG00000112679,0.5640126163946804,False,True
ENSG00000158716,0.047401536651985224,True,False
ENSG00000133878,0.11874394529637743,False,False
ENSG00000188542,0.13705674616225733,True,False
ENSG00000108861,0.571186849052267,False,False
ENSG00000120875,0.6412496602955313,False,False
ENSG00000138166,0.34686364525689367,False,True
ENSG00000139318,0.007244125501688712,False,False
ENSG00000164086,0.7865054977525469,False,True
ENSG00000278165,0.0018019046484447818,True,False
ENSG00000130829,0.0005643561761200707,True,False
ENSG00000128951,0.012246342557205145,False,False
ENSG00000260596,0.2994543461495048,False,False
ENSG00000283834,0.19087594245223155,False,False
ENSG00000281627,0.22218636262571703,False,False
ENSG00000258834,0.1973053607779858,False,False
ENSG00000280799,0.13916972662300914,False,False
ENSG00000281058,0.1973053607779858,False,False
ENSG00000281652,0.20840836132510857,False,False
ENSG00000258873,0.2917403444795648,True,False
ENSG00000107404,0.6108212600394947,True,False
ENSG00000004975,0.028368678392087458,True,False
ENSG00000161202,0.002370331813004586,True,False
ENSG00000170788,0.07825944957275938,True,False
ENSG00000133665,0.011733483322113903,True,False
ENSG00000141627,0.26342633161717544,False,False
ENSG00000197102,0.2877960642431118,False,False
ENSG00000158560,0.6602295377331096,False,False
ENSG00000077380,0.029379233868176043,True,False
ENSG00000144635,0.002097028711018977,False,False
ENSG00000135720,0.5446123134242818,False,False
ENSG00000187240,0.20860118313211531,False,True
ENSG00000138036,0.04169213079332189,True,False
ENSG00000088986,0.0032861586671792766,True,False
ENSG00000264364,0.05603006841825544,False,False
ENSG00000125971,0.00012168215481968952,True,False
ENSG00000168589,0.15423475956725433,False,False
ENSG00000146425,0.7019357058822984,False,False
ENSG00000165169,0.8097846959737904,False,False
ENSG00000157540,0.1500274071396726,False,False
ENSG00000105204,0.24158949047348857,False,False
ENSG00000127334,0.45099217093361643,True,False
ENSG00000143479,0.9845637435410837,False,False
ENSG00000010219,0.4304280042513139,False,False
ENSG00000135636,0.014127933230027392,False,True
ENSG00000232125,0.36787944117145116,False,False
ENSG00000089091,0.6958201383926648,False,True
ENSG00000134874,0.006122587120838593,False,True
ENSG00000158163,0.504836992537959,False,False
ENSG00000198919,0.8264889020158215,True,False
ENSG00000101412,7.630307816318621e-05,True,False
ENSG00000007968,0.001195468277001697,True,False
ENSG00000112242,0.002036744604290185,True,False
ENSG00000205250,0.07897305842632306,False,False
ENSG00000133740,0.0374268454460028,False,False
ENSG00000169016,0.002655911341741176,True,False
ENSG00000165891,0.0004240419486650742,True,False
ENSG00000129173,4.375314726733116e-05,True,False
ENSG00000167967,0.5739704051993206,True,False
ENSG00000144597,0.2014259426585675,False,False
ENSG00000145088,0.1702410983957445,False,False
ENSG00000129518,0.05098728957634094,False,False
ENSG00000103356,0.843537681746238,False,False
ENSG00000147654,0.03710076657961798,True,False
ENSG00000164330,0.05373583104307887,False,False
ENSG00000221818,3.8241392702484174e-05,True,False
ENSG00000108001,0.6102276534195306,False,True
ENSG00000088881,0.21104928644210277,False,True
ENSG00000105246,0.006206497925665607,False,True
ENSG00000223601,,False,False
ENSG00000255423,0.2634263316171772,False,False
ENSG00000117395,0.8097846959737904,False,False
ENSG00000147155,0.9627906350072438,False,False
ENSG00000123179,0.0020150773139389518,False,False
ENSG00000122882,0.2037898387282614,True,False
ENSG00000117298,0.011836608979429071,False,False
ENSG00000145194,0.25961231091905224,True,False
ENSG00000171551,0.7962859373900577,False,True
ENSG00000224516,0.5962796833959243,False,False
ENSG00000104823,0.2611312474719291,False,False
ENSG00000093144,0.0004340533008965763,False,True
ENSG00000121310,2.7409568881736583e-05,False,False
ENSG00000134463,0.1996710327199939,False,True
ENSG00000127884,0.0005867372823788047,False,True
ENSG00000167969,0.2118716888577065,False,False
ENSG00000198721,0.0026975514375421764,False,False
ENSG00000143369,1.1064545000830841e-05,False,True
ENSG00000291357,0.0004687071826021035,False,True
ENSG00000249751,0.39168892550161427,False,False
ENSG00000130159,0.8370018293859048,False,False
ENSG00000114346,4.62014772796492e-05,True,False
ENSG00000203734,0.1735331721042271,False,True
ENSG00000158813,0.21793072841537264,True,False
ENSG00000131080,0.3378763251248627,False,True
ENSG00000135960,0.014817310344199636,False,True
ENSG00000186197,0.2104345802177628,False,False
ENSG00000179151,9.844058742735422e-05,False,False
ENSG00000038358,0.22834260631380535,True,False
ENSG00000181562,0.9961001816629992,False,False
ENSG00000181552,,False,False
ENSG00000134109,3.598612003560263e-05,False,False
ENSG00000088298,0.45451380988517487,True,False
ENSG00000116406,0.5382949871275255,False,False
ENSG00000107223,0.8082115353306712,False,False
ENSG00000164176,0.002663669597211232,False,False
ENSG00000078401,0.02315190593356274,False,False
ENSG00000127129,2.4382783183119707e-05,False,True
ENSG00000124205,0.5710128726974968,False,False
ENSG00000151617,0.01778911203491826,False,False
ENSG00000136160,9.617007504425476e-05,False,True
ENSG00000102189,0.7773822889285338,False,False
ENSG00000074266,0.0011498671138575143,False,False
ENSG00000156508,0.12137183230291106,False,True
ENSG00000101210,0.3702402767326315,False,False
ENSG00000114942,0.5807064113317143,False,False
ENSG00000273594,0.12741803752648712,False,False
ENSG00000229715,0.8389301649857557,False,False
ENSG00000124802,0.0005878793497215061,True,False
ENSG00000254772,0.5909589334091598,False,False
ENSG00000167658,0.3592197004571333,False,True
ENSG00000284161,0.7895702985492836,False,False
ENSG00000132394,0.7941899068540217,False,False
ENSG00000122547,0.02526912219350826,False,False
ENSG00000185055,0.22784268325864032,False,False
ENSG00000140025,0.12137183230291106,False,False
ENSG00000172421,0.014823999993239266,False,False
ENSG00000176927,0.788681798662231,False,False
ENSG00000186976,0.00019719379167273357,False,True
ENSG00000203965,0.5824027287582099,False,False
ENSG00000214360,0.36787944117145116,False,False
ENSG00000115380,0.005686475970612715,False,False
ENSG00000172638,0.07110086264317031,False,False
ENSG00000163576,0.6837920206246046,False,True
ENSG00000096093,0.9627906350072438,True,False
ENSG00000183690,0.3454397406708874,False,False
ENSG00000115468,0.029123269274825468,False,True
ENSG00000142634,0.7019357058822984,False,True
ENSG00000169242,0.33104749083823115,True,False
ENSG00000099617,0.056963881454593294,True,False
ENSG00000143590,0.0048719616063703,True,False
ENSG00000243364,0.00017167496068352085,True,False
ENSG00000184349,0.5596425648013799,False,False
ENSG00000090776,0.6338113721005718,False,True
ENSG00000125266,0.2611312474719291,False,False
ENSG00000108947,2.0554798512752384e-05,False,True
ENSG00000132294,0.2028015291339676,True,False
ENSG00000084710,0.3435074679376159,False,False
ENSG00000100842,0.004943536649716225,False,False
ENSG00000108883,0.000771828879790447,True,False
ENSG00000138798,0.2930726527990789,False,False
ENSG00000206120,0.11178498442668927,False,False
ENSG00000198759,0.008776247866020074,False,False
ENSG00000172889,0.6102276534195306,True,False
ENSG00000242038,0.6264593656375133,False,False
ENSG00000164318,0.10089937940989292,False,False
ENSG00000248730,0.8315200513931,False,False
ENSG00000146648,0.11077084324322485,False,False
ENSG00000135766,0.0022887996735169573,True,False
ENSG00000269858,0.5645612667564903,False,False
ENSG00000129521,0.10070336319299901,False,False
ENSG00000235947,0.44912491176106006,False,True
ENSG00000120738,3.1929861568083064e-05,False,True
ENSG00000122877,0.01960560629795746,False,True
ENSG00000179388,0.13324621309663418,False,True
ENSG00000135625,0.46528380574157013,False,False
ENSG00000115504,0.06694139301865497,False,False
ENSG00000173442,0.6494063470802454,False,False
ENSG00000110047,0.651303345773445,False,False
ENSG00000024422,0.04157069748863386,True,False
ENSG00000013016,7.255589257390452e-06,False,True
ENSG00000103966,0.07179554070655211,False,False
ENSG00000135373,0.5019004793146815,False,False
ENSG00000113790,0.00019292040501092661,False,True
ENSG00000181090,0.14571451043171124,False,True
ENSG00000232045,0.00017589903559657108,True,False
ENSG00000149547,0.01348373319166033,False,True
ENSG00000255302,0.05830876132676219,False,True
ENSG00000176396,0.08226476859412933,False,False
ENSG00000176401,0.027101472037745898,False,False
ENSG00000255150,0.255356467494421,True,False
ENSG00000173812,0.2900433623011773,True,False
ENSG00000175376,0.0010721237785864073,False,False
ENSG00000173674,0.49607859644832597,False,False
ENSG00000198692,0.39054808477871716,False,False
ENSG00000114784,0.37492084697506467,True,False
ENSG00000144895,0.3974433123556129,True,False
ENSG00000086232,0.0004512668859699389,True,False
ENSG00000055332,0.9627906350072438,False,False
ENSG00000172071,0.9884003241552884,False,True
ENSG00000128829,0.0059639494220090055,False,True
ENSG00000111361,0.06056224396732265,False,False
ENSG00000119718,0.016538067685808712,False,False
ENSG00000070785,0.656389144107828,False,False
ENSG00000115211,0.009282442838681536,True,False
ENSG00000145191,0.10948593736855652,True,False
ENSG00000143486,3.567259339217456e-05,True,False
ENSG00000134001,0.24922428578819908,True,False
ENSG00000125977,6.80985132138511e-05,True,False
ENSG00000130741,0.05916538797052582,True,False
ENSG00000107581,0.3297624949163444,True,False
ENSG00000106263,0.00023524435960622984,True,False
ENSG00000184110,0.21793072841537264,True,False
ENSG00000205609,0.782764447629771,False,False
ENSG00000100353,0.0024192269220246385,True,False
ENSG00000104408,0.005119636430029212,True,False
ENSG00000175390,0.7773822889285338,False,False
ENSG00000130811,0.5863800978415652,True,False
ENSG00000147677,0.0002740400576641056,True,False
ENSG00000084623,0.6216054675696967,False,False
ENSG00000237064,,False,False
ENSG00000104131,0.05010271319971413,True,False
ENSG00000178982,0.2378602531407626,True,False
ENSG00000100129,0.7019357058822984,False,True
ENSG00000149100,0.033794491527839525,True,False
ENSG00000161960,0.4213187605081594,False,False
ENSG00000156976,0.3684163607179038,False,True
ENSG00000141543,0.05024906960952281,True,False
ENSG00000063046,0.8659753094387994,False,False
ENSG00000151247,0.5414444368946913,False,False
ENSG00000175766,0.36787944117145116,False,False
ENSG00000135930,0.8994430127919598,False,True
ENSG00000163412,0.0008999908948525546,False,True
ENSG00000187840,0.026761071578449175,False,False
ENSG00000148730,0.8634530530416704,False,False
ENSG00000243056,0.5310173297198827,True,False
ENSG00000184708,0.012719631986359116,False,False
ENSG00000114867,0.8668176978057169,False,False
ENSG00000110321,0.01102560211535161,True,False
ENSG00000075151,0.729063703322179,False,True
ENSG00000106682,0.7941899068540217,False,False
ENSG00000100664,0.0028735359788953406,False,False
ENSG00000288145,0.6108212600394947,False,True
ENSG00000163577,0.0019609586309121537,True,False
ENSG00000253626,0.367700641932594,False,True
ENSG00000158417,0.14915473443257996,False,False
ENSG00000242372,0.18294125659728158,True,False
ENSG00000141642,0.0061225871208385515,False,True
ENSG00000006744,0.1289133910749996,False,True
ENSG00000277571,0.03420814944988351,False,True
ENSG00000066044,0.3871454609338294,False,False
ENSG00000107105,0.21579534308754758,True,False
ENSG00000196361,0.6611899593262218,False,False
ENSG00000162374,0.06207827733419806,False,True
ENSG00000120690,0.07881963825426955,False,True
ENSG00000109381,5.783595862656102e-05,False,True
ENSG00000163435,0.03710076657961798,True,False
ENSG00000102034,0.2449005039688101,False,True
ENSG00000135374,0.011769069339075958,False,True
ENSG00000225968,0.0058037763675435105,False,True
ENSG00000166897,0.0851377844167243,True,False
ENSG00000126767,0.30390049982138445,False,False
ENSG00000213140,0.0064526337800191,False,True
ENSG00000111145,0.05968539293045689,False,False
ENSG00000158711,0.8592656070832756,False,False
ENSG00000105656,0.9215738736404122,False,False
ENSG00000118985,0.030514665182586668,False,False
ENSG00000128886,0.0029356640920724314,False,False
ENSG00000155849,0.7535677772790077,False,False
ENSG00000062598,0.5898108833899862,False,False
ENSG00000102890,0.9874397796982158,False,False
ENSG00000110675,0.6998912343999902,False,False
ENSG00000179387,0.18294125659728158,False,True
ENSG00000115459,0.9816960841823692,False,True
ENSG00000049540,0.03677752865336121,False,False
ENSG00000130165,0.8976956738320017,False,False
ENSG00000066322,0.029407812887196485,False,False
ENSG00000197977,0.10884908446831844,True,False
ENSG00000119915,0.33312528077141246,True,False
ENSG00000118402,0.15592872739512678,False,False
ENSG00000012660,0.02782235594449047,True,False
ENSG00000170522,0.06785883299191747,False,True
ENSG00000164181,0.045904772399021236,True,False
ENSG00000134759,0.005089856757981857,False,True
ENSG00000134014,0.14571451043171124,True,False
ENSG00000109911,0.7911071745580447,False,False
ENSG00000169393,,False,False
ENSG00000170571,0.02983984943677781,False,True
ENSG00000231752,0.030993082350196394,False,True
ENSG00000164035,0.004801422862983926,False,True
ENSG00000102119,0.18617113185875345,True,False
ENSG00000154920,6.355608909215881e-05,True,False
ENSG00000197774,0.8460017628060118,True,False
ENSG00000126749,0.050005379159060385,True,False
ENSG00000186998,0.7297729092033649,False,False
ENSG00000138080,0.004529334047177672,False,False
ENSG00000132205,0.10070336319299901,False,False
ENSG00000183798,0.8097846959737904,False,False
ENSG00000066629,0.0010638168079785935,False,True
ENSG00000125746,0.3378763251248627,True,False
ENSG00000149499,0.19850959519351905,False,False
ENSG00000143924,0.03523733858227653,True,False
ENSG00000165521,0.9932170803579593,False,False
ENSG00000214595,0.0003907859812173038,True,False
ENSG00000134531,0.3278443471950506,False,False
ENSG00000213853,0.656389144107828,True,False
ENSG00000142227,0.22525545280121728,False,True
ENSG00000135638,0.15543669729145104,False,False
ENSG00000170370,0.16817514701712052,False,False
ENSG00000229847,0.5446123134242818,False,False
ENSG00000163064,0.1689027633865249,False,False
ENSG00000164778,0.5453857138045305,False,False
ENSG00000154380,0.00010155154119522941,True,False
ENSG00000132464,0.8321331946063107,False,False
ENSG00000171617,0.20518156882160768,False,False
ENSG00000149218,0.14973595039385398,False,True
ENSG00000167136,0.656389144107828,False,True
ENSG00000111405,0.005285893396397122,False,True
ENSG00000173818,0.07096273570726035,False,True
ENSG00000106991,0.0002155340119572443,False,True
ENSG00000167280,0.9932170803579593,False,False
ENSG00000168913,0.11915025250180696,False,True
ENSG00000151023,0.504836992537959,False,False
ENSG00000074800,0.01118758162444498,False,False
ENSG00000230679,0.21808446073097482,True,False
ENSG00000111674,0.6468856075164668,False,False
ENSG00000108515,0.023606518977166754,False,True
ENSG00000188316,0.729063703322179,False,False
ENSG00000145293,0.0016768127226267232,True,False
ENSG00000132199,0.07670278894557792,False,False
ENSG00000120658,0.2581022096483296,False,False
ENSG00000165675,0.5875214699347704,True,False
ENSG00000138792,0.00017987691890140233,False,True
ENSG00000197594,7.079914824681729e-05,False,True
ENSG00000136960,0.021461025163997425,True,False
ENSG00000154269,0.22834260631380535,False,False
ENSG00000001561,0.9047054630375765,False,False
ENSG00000112796,0.10944546709270558,False,False
ENSG00000164303,0.7887717034366477,False,True
ENSG00000182156,0.2581022096483296,False,True
ENSG00000143420,0.004529334047177638,True,False
ENSG00000176177,0.802394312146873,False,False
ENSG00000138185,0.10158844567345506,False,False
ENSG00000054179,0.007042720021632814,True,False
ENSG00000168032,0.4467883609426351,False,False
ENSG00000280739,0.8821215887400115,False,False
ENSG00000197217,0.7528354471352348,True,False
ENSG00000187097,0.18617113185875345,False,False
ENSG00000197586,0.0004601280057886357,True,False
ENSG00000198018,0.04577106927310079,False,False
ENSG00000188833,0.029985267519257695,False,False
ENSG00000120533,0.0004070745005356868,True,False
ENSG00000163508,0.00013203733124401637,False,True
ENSG00000100393,0.40132646004563294,False,False
ENSG00000183495,0.651303345773445,True,False
ENSG00000116016,0.0014436320316058597,False,True
ENSG00000159023,0.6758171240006762,False,False
ENSG00000088367,0.9405840623298023,False,True
ENSG00000079819,0.15597715923417532,False,True
ENSG00000082397,0.0016477217681008253,False,True
ENSG00000129595,0.0004434378754420252,False,True
ENSG00000224032,0.1856288862275276,False,False
ENSG00000095203,0.001204803267542482,False,False
ENSG00000115109,0.010350358949557546,False,True
ENSG00000166947,0.37889753571400264,False,False
ENSG00000120616,0.9242659083608107,False,False
ENSG00000135999,0.9627906350072438,False,False
ENSG00000119888,0.6958201383926648,False,False
ENSG00000086289,0.0058037763675435105,True,False
ENSG00000152223,0.02430523098382558,False,True
ENSG00000182585,0.11454188361904301,False,False
ENSG00000146904,0.7213077800163539,False,False
ENSG00000183317,0.23995190021057353,True,False
ENSG00000142627,0.028451546916670584,False,False
ENSG00000044524,0.0003570004711312856,False,True
ENSG00000116106,0.07745219961233778,False,False
ENSG00000145242,0.36669096210060714,False,False
ENSG00000080224,0.030555173085535882,False,True
ENSG00000135333,0.006299612860249685,False,True
ENSG00000070886,0.033526851235972835,False,False
ENSG00000154928,0.0017097387779404635,False,True
ENSG00000133216,0.10158844567345506,False,False
ENSG00000182580,0.11926615740755662,False,False
ENSG00000196411,0.5310173297198827,True,False
ENSG00000106123,0.05830876132676219,False,True
ENSG00000143819,0.13350557304031743,True,False
ENSG00000120915,4.435278949837743e-05,False,False
ENSG00000105131,0.17768217255142876,False,True
ENSG00000172031,0.0017246087276401602,False,False
ENSG00000112425,3.255683938973569e-05,False,False
ENSG00000178567,0.7404941610992368,False,False
ENSG00000063245,0.6784506019178687,False,False
ENSG00000072134,0.7668722115381088,False,True
ENSG00000049283,0.9047054630375765,True,False
ENSG00000130427,0.4015579892285431,False,False
ENSG00000187266,0.0007778558195516869,False,True
ENSG00000261150,0.00033383575123509577,True,False
ENSG00000085832,0.03786607969598677,False,True
ENSG00000127527,0.37932084582780345,False,False
ENSG00000151491,0.9506977725270581,False,False
ENSG00000131037,0.8994430127919598,False,False
ENSG00000177106,0.23925192301841006,True,False
ENSG00000198758,7.303656761576793e-05,False,False
ENSG00000133106,0.003692833587835196,False,True
ENSG00000121053,0.04366823398210406,False,False
ENSG00000083782,0.3209496268337221,False,False
ENSG00000132591,0.2917403444795648,True,False
ENSG00000164307,0.08469966302296529,False,True
ENSG00000164308,0.5048369925379625,False,True
ENSG00000187682,0.6246008970501078,False,True
ENSG00000141736,0.06912407422754974,False,True
ENSG00000065361,0.10148972027241103,True,False
ENSG00000178568,0.05289281578406156,False,True
ENSG00000082805,0.005050419809253524,False,True
ENSG00000187672,0.49720531568390647,False,False
ENSG00000012061,0.10884908446831844,True,False
ENSG00000104884,0.017582764101747823,True,False
ENSG00000163161,0.013224064199745991,True,False
ENSG00000175595,0.13705674616225733,False,False
ENSG00000134899,0.002379568359792589,False,True
ENSG00000225830,0.02526912219350792,False,False
ENSG00000186871,0.00010008122622076522,True,False
ENSG00000049167,0.15597715923417532,True,False
ENSG00000124882,0.9627906350072438,False,False
ENSG00000105722,0.11077084324322485,True,False
ENSG00000157554,0.0008869603679495775,False,True
ENSG00000113719,0.8035103666449687,False,False
ENSG00000087502,0.5310173297198827,False,False
ENSG00000125991,0.08594400412046574,True,False
ENSG00000100632,0.0550044987626716,True,False
ENSG00000292301,0.24276682484732598,False,False
ENSG00000196678,0.0003130860228784774,False,False
ENSG00000117419,0.8634530530416704,False,True
ENSG00000104714,0.6666801905045303,False,False
ENSG00000068912,0.10884908446831844,True,False
ENSG00000107566,0.0010453606942056213,False,True
ENSG00000147475,0.32028268315495023,False,False
ENSG00000164010,0.0012784213090812969,False,True
ENSG00000136541,0.0033279585598461766,False,True
ENSG00000099219,0.027957942206750214,True,False
ENSG00000178607,0.1407023784910663,False,False
ENSG00000134398,0.9487964348199676,False,True
ENSG00000139055,0.02315190593356274,False,True
ENSG00000089248,0.9260649655225167,False,False
ENSG00000023318,0.4092069448749911,False,True
ENSG00000116285,8.984248381018152e-05,False,False
ENSG00000213462,0.9797889530019297,False,False
ENSG00000244476,1.0629829564151579e-05,False,True
ENSG00000260565,0.044585129904799264,False,True
ENSG00000226887,0.5161032781233512,False,False
ENSG00000269526,0.5310173297198827,False,False
ENSG00000268964,0.09635325311988728,False,False
ENSG00000149564,0.2239451969650895,False,False
ENSG00000141446,0.6338113721005718,False,False
ENSG00000171320,0.001385867106009911,False,False
ENSG00000139684,0.0033637427175527922,False,False
ENSG00000089048,0.007976083880995488,True,False
ENSG00000164283,7.751511110698245e-06,True,False
ENSG00000135476,0.011552362264397415,True,False
ENSG00000187017,0.03779251764105622,False,False
ENSG00000144488,0.6784506019178687,False,False
ENSG00000268869,0.003980108722454395,False,True
ENSG00000091831,2.0775815733484267e-05,False,True
ENSG00000140009,0.11752449332731624,False,True
ENSG00000265992,0.3592197004571333,False,True
ENSG00000104413,0.1480979465756693,False,True
ENSG00000103067,0.0026636695972112145,False,False
ENSG00000173153,0.5122536621554463,True,False
ENSG00000119715,0.029889250741467834,False,True
ENSG00000196482,0.00016908389224306664,False,True
ENSG00000123576,0.36787944117145116,False,False
ENSG00000139641,0.2667771109015765,False,False
ENSG00000117868,0.48747214940996786,False,False
ENSG00000158220,0.05778726322074712,True,False
ENSG00000143971,0.8634530530416704,False,False
ENSG00000120705,0.019835693917556314,False,False
ENSG00000140374,0.1026807840832584,False,False
ENSG00000105379,0.8097846959737904,False,True
ENSG00000171503,2.2808412116341337e-05,False,True
ENSG00000105755,0.16438532710466444,False,True
ENSG00000139163,0.009255406616544806,False,True
ENSG00000143845,0.0005066200978033516,False,False
ENSG00000134954,0.00020690971858363622,False,True
ENSG00000157557,0.001048414326002949,False,False
ENSG00000006468,0.9703087278278311,False,True
ENSG00000105672,0.7213077800163539,False,False
ENSG00000117036,0.735471448709095,False,False
ENSG00000253831,0.0976903580949793,True,False
ENSG00000175832,0.0005386228813493541,True,False
ENSG00000244405,0.530501277933769,True,False
ENSG00000139083,0.13907027650999,False,False
ENSG00000010030,0.8821215887400115,False,True
ENSG00000072840,0.27628030546674437,False,True
ENSG00000173040,0.3826546990822456,False,False
ENSG00000126860,0.02054228549131107,False,True
ENSG00000185862,0.002428653999927186,False,True
ENSG00000067208,0.0011332187516933357,False,True
ENSG00000142459,0.3749208469750593,False,False
ENSG00000196405,0.012982012041866891,False,True
ENSG00000167880,0.293173226543207,False,False
ENSG00000214860,0.3832318484813859,False,True
ENSG00000106038,0.17284885793668522,False,False
ENSG00000174279,0.36787944117145116,False,False
ENSG00000182944,0.20518156882160768,False,False
ENSG00000178997,0.7786735829027701,False,False
ENSG00000081177,0.716415207307324,False,True
ENSG00000187609,0.1099125746762891,False,True
ENSG00000174371,4.375314726733116e-05,True,False
ENSG00000090989,0.9153229121112986,False,False
ENSG00000112685,0.2778967629195087,True,False
ENSG00000180104,0.12866295231736805,True,False
ENSG00000179044,0.09809411493143318,False,False
ENSG00000283632,0.0014144547167671447,False,True
ENSG00000205436,0.0020787584898257056,False,False
ENSG00000131558,0.006134504561597009,True,False
ENSG00000070367,0.14360478147867944,False,False
ENSG00000138190,0.003692833587835221,True,False
ENSG00000144036,0.7683649063695428,False,False
ENSG00000182473,0.6108212600394947,False,False
ENSG00000116903,0.7019357058822984,False,False
ENSG00000157036,0.0542608472194719,False,False
ENSG00000171311,0.3578253511177706,False,False
ENSG00000171824,0.420091619356054,False,False
ENSG00000130713,0.1609064038059837,True,False
ENSG00000107371,0.008357149975164058,False,False
ENSG00000178896,0.03677752865336121,True,False
ENSG00000077348,0.012994640457254694,True,False
ENSG00000223496,0.9506977725270581,True,False
ENSG00000075914,0.0780569965481117,False,False
ENSG00000120699,0.7888029805353111,False,False
ENSG00000123737,0.3826546990822456,False,False
ENSG00000110723,1.654814159874494e-05,False,True
ENSG00000182197,0.11822705905603602,True,False
ENSG00000151348,0.5542275848558886,False,False
ENSG00000158008,0.00012951986571678394,False,False
ENSG00000162694,0.08527809750557229,False,False
ENSG00000012232,0.01182510595897501,False,False
ENSG00000104313,0.173353747423017,False,False
ENSG00000064655,0.007097714140714112,False,True
ENSG00000158161,0.5414444368946989,False,True
ENSG00000112319,0.2331071704523996,False,True
ENSG00000188107,0.5824027287582099,True,False
ENSG00000108799,0.5187695216330042,False,False
ENSG00000106462,0.0001459451021780027,False,False
ENSG00000092820,0.843537681746238,True,False
ENSG00000126218,0.596152875121186,False,False
ENSG00000088926,3.143698403622086e-05,False,True
ENSG00000158769,0.8659753094387994,False,False
ENSG00000131187,0.007422367737346364,False,True
ENSG00000124491,0.29689109581326834,False,False
ENSG00000291998,0.021755151136953622,False,True
ENSG00000180210,0.00016722682133131787,False,True
ENSG00000181104,0.0009737358986319119,False,True
ENSG00000164251,0.6964970061782193,False,False
ENSG00000164220,0.0010974359176730648,False,True
ENSG00000127533,0.0070017542430211,False,False
ENSG00000117525,0.007293597386663954,False,True
ENSG00000198734,0.9047054630375765,False,False
ENSG00000057593,0.0011611016816265337,False,False
ENSG00000185010,4.135406578271818e-05,False,True
ENSG00000288722,0.7462764190832948,False,False
ENSG00000288709,,False,False
ENSG00000277150,,False,False
ENSG00000101981,2.241270991851664e-05,False,True
ENSG00000103089,0.390396327520918,False,False
ENSG00000117480,0.0007337759967888322,False,False
ENSG00000165591,0.005786872176499087,False,False
ENSG00000163586,0.03225354336618139,False,True
ENSG00000197416,0.3391770860855673,False,False
ENSG00000145384,0.7541315928804767,True,False
ENSG00000121769,0.02439994194452047,False,True
ENSG00000170323,0.28170537202137336,False,False
ENSG00000164687,0.00016100441749982238,True,False
ENSG00000241735,0.5660373534889337,False,False
ENSG00000170231,0.09507528800259887,False,False
ENSG00000164434,0.5962796833959243,False,False
ENSG00000205186,0.36787944117145116,False,False
ENSG00000168040,0.002338285326802777,True,False
ENSG00000149485,0.005736454443004809,True,False
ENSG00000134824,0.20921053376994267,False,False
ENSG00000221968,0.044585129904799264,True,False
ENSG00000172782,0.3259373568695716,False,True
ENSG00000185104,0.27681807718123913,True,False
ENSG00000113194,0.06438791214185696,True,False
ENSG00000103876,0.0015771833224145172,False,True
ENSG00000180185,0.23786025314076092,False,False
ENSG00000292086,5.4293899391051174e-05,False,True
ENSG00000144199,0.6864127675167437,False,False
ENSG00000158234,0.1026807840832584,False,False
ENSG00000135472,0.060285098215640584,False,False
ENSG00000273018,0.09084152316193816,False,False
ENSG00000168309,0.7594521225252041,False,True
ENSG00000065809,0.012994640457254776,False,True
ENSG00000125898,0.24561588954839772,False,False
ENSG00000169122,0.9703087278278311,True,False
ENSG00000184731,0.02526912219350792,False,True
ENSG00000197245,0.2641958335000569,False,False
ENSG00000166801,0.6338113721005718,False,False
ENSG00000189057,0.0006801852589161524,True,False
ENSG00000197712,0.7019357058822984,False,False
ENSG00000055147,0.8786975403013207,False,False
ENSG00000121104,0.06812326064819299,False,True
ENSG00000138439,0.6784506019178687,False,False
ENSG00000048828,0.9590534611157338,False,False
ENSG00000188938,0.0064526337800191,True,False
ENSG00000275333,0.7419355118097588,False,False
ENSG00000184083,0.5009254422650236,False,False
ENSG00000150510,0.011429465958744793,False,True
ENSG00000124019,0.29631432844590533,False,False
ENSG00000175182,0.0008245836313238678,False,False
ENSG00000159784,0.6784506019178687,False,False
ENSG00000185519,0.05432121753725741,True,False
ENSG00000179083,0.31107113135366615,False,False
ENSG00000234545,0.6338113721005718,False,False
ENSG00000082269,0.8003914559964804,False,False
ENSG00000147724,0.07063971572406985,False,True
ENSG00000237613,0.8066068696949871,False,False
ENSG00000226516,0.1870460628032658,False,False
ENSG00000218839,0.734337765023948,False,False
ENSG00000262927,0.36669096210060714,False,False
ENSG00000248893,0.9704388282920966,False,False
ENSG00000282591,0.9026245119096425,False,False
ENSG00000138640,0.00025977044981817364,False,False
ENSG00000248019,0.00012168215481968952,False,False
ENSG00000031003,0.1379927398276936,False,False
ENSG00000148541,0.7039861495263369,False,True
ENSG00000109794,1.4109076132887223e-05,False,True
ENSG00000138286,0.1996710327199939,False,False
ENSG00000162391,0.0006762287877450388,False,True
ENSG00000152380,0.7594521225252041,False,False
ENSG00000170074,0.0077406425169683326,False,True
ENSG00000268350,0.9884003241552884,False,False
ENSG00000179304,0.3974433123556129,False,False
ENSG00000236438,0.2135261202210473,False,False
ENSG00000233013,0.7593123565750601,False,False
ENSG00000170264,0.2778967629195067,True,False
ENSG00000156050,0.9506977725270581,False,False
ENSG00000114023,0.03172480869265962,False,True
ENSG00000183807,0.4466284686086408,False,False
ENSG00000143340,0.8092119477732976,False,True
ENSG00000196990,4.5164057329316285e-05,False,True
ENSG00000154319,0.034191097171807516,False,True
ENSG00000183615,8.557930329463382e-05,False,True
ENSG00000054965,0.9424148823115995,False,True
ENSG00000152102,0.0024499994549176548,True,False
ENSG00000198780,0.9912875674532804,False,False
ENSG00000164334,0.7192419847830551,False,True
ENSG00000172538,0.8592483961627065,False,False
ENSG00000148468,0.8097846959737904,False,False
ENSG00000161682,0.08569368195559113,False,False
ENSG00000144369,0.5182653724777262,False,True
ENSG00000174132,0.36520655802604113,False,True
ENSG00000185442,0.27360707721798055,False,True
ENSG00000151327,0.8668176978057169,True,False
ENSG00000197520,0.39468889387103706,False,False
ENSG00000168754,0.08645775320145514,False,False
ENSG00000189320,3.993441667759091e-06,False,True
ENSG00000284938,0.8019904344009824,True,False
ENSG00000140067,,False,False
ENSG00000258584,,False,False
ENSG00000182103,0.5339961099129698,False,False
ENSG00000125804,0.149252376617222,False,False
ENSG00000175170,0.5547529697451279,False,False
ENSG00000111879,0.22525545280121728,False,False
ENSG00000047662,0.7122479953939524,False,False
ENSG00000222011,0.0022887996735169573,False,True
ENSG00000185958,0.7767260845742009,False,False
ENSG00000135436,0.00029534394773920026,False,True
ENSG00000177558,0.20175771577059207,False,False
ENSG00000125386,0.08306852157274283,True,False
ENSG00000146067,0.2581022096483296,False,True
ENSG00000290330,0.36787944117145116,False,False
ENSG00000123575,0.8082115353306712,False,False
ENSG00000204860,0.7377829007940335,False,False
ENSG00000165669,0.2960263650784478,False,True
ENSG00000124103,0.14734106897276528,False,False
ENSG00000213714,0.26089459147289634,False,True
ENSG00000108950,0.0885738751550377,False,True
ENSG00000116199,0.011790663927167938,False,False
ENSG00000282147,0.4865251421327479,False,True
ENSG00000267496,0.06358005499656386,False,False
ENSG00000204856,0.055326318415397334,True,False
ENSG00000179813,0.11690803664537147,False,False
ENSG00000145975,0.8152796801593449,False,False
ENSG00000196227,0.9460872201279513,True,False
ENSG00000203795,,False,False
ENSG00000213185,0.01828005727994793,False,False
ENSG00000286088,0.8841277314980266,False,False
ENSG00000188100,0.7631442321959274,False,False
ENSG00000288481,0.41232211061167234,False,False
ENSG00000189090,0.41232211061167234,False,False
ENSG00000278763,0.030455384647227007,True,False
ENSG00000231527,0.030993082350196394,False,False
ENSG00000105058,0.35367469303578436,False,True
ENSG00000071889,0.17664863884262993,True,False
ENSG00000183844,0.6493594915850314,True,False
ENSG00000196937,0.9215738736404122,True,False
ENSG00000198643,0.9654897342270091,False,False
ENSG00000224989,,False,False
ENSG00000290726,,False,False
ENSG00000230368,0.5695231992134334,False,False
ENSG00000185112,0.4213187605081594,False,True
ENSG00000183114,0.001341077339840035,False,True
ENSG00000185448,0.5962796833959243,False,False
ENSG00000189132,0.5962796833959243,False,False
ENSG00000198173,0.8956614015676188,False,False
ENSG00000189157,0.7624115035808352,False,True
ENSG00000272414,0.7103897979634803,False,False
ENSG00000071859,0.002379568359792589,True,False
ENSG00000145945,0.7594521225252041,False,False
ENSG00000174137,0.00011829907527475584,True,False
ENSG00000189319,0.5310173297198827,False,True
ENSG00000120709,0.0011200737815125362,False,False
ENSG00000226711,0.970289165444489,False,False
ENSG00000255052,0.6737631757795308,False,True
ENSG00000225725,0.5694105019051227,False,False
ENSG00000215112,7.235529877140549e-05,False,True
ENSG00000303974,0.000722981162162745,False,True
ENSG00000293075,0.001494528121933923,False,True
ENSG00000009780,0.9874397796982158,True,False
ENSG00000077458,0.5875214699347704,False,True
ENSG00000126882,0.00860450711556846,False,True
ENSG00000188859,0.11338607018522638,False,False
ENSG00000157470,0.0009938220834686243,True,False
ENSG00000153347,0.057480429978088006,False,False
ENSG00000285316,0.2900433623011773,False,True
ENSG00000145002,0.09686203123758445,False,True
ENSG00000160172,0.9703087278278311,True,False
ENSG00000288323,0.16438532710466444,True,False
ENSG00000251669,0.11811216396396118,True,False
ENSG00000164845,0.02526912219350826,False,True
ENSG00000253540,0.03172480869265962,False,True
ENSG00000182118,0.8821215887400115,False,False
ENSG00000176973,0.31016934707242383,False,False
ENSG00000137414,0.05405022799013312,False,False
ENSG00000171847,0.41393189392412166,False,False
ENSG00000285950,0.3999458711295486,False,False
ENSG00000223885,0.36755411939666816,False,False
ENSG00000285814,0.7259999664036464,False,False
ENSG00000285657,0.33363319844946754,False,False
ENSG00000284799,0.4699686426412283,False,False
ENSG00000251402,0.16063833990995896,False,False
ENSG00000189348,,False,False
ENSG00000205879,0.14231980522105153,False,False
ENSG00000215373,0.5564233267889318,False,False
ENSG00000285832,0.4929880309391612,False,False
ENSG00000285937,0.32962187665298015,False,False
ENSG00000285962,0.5962796833959243,False,False
ENSG00000176853,0.04267645465082655,True,False
ENSG00000223839,0.07581306145742386,False,True
ENSG00000291437,1.4109076132887223e-05,False,True
ENSG00000281829,0.00010139559207463478,False,True
ENSG00000183304,0.2464685086589045,False,False
ENSG00000177138,0.0006414708311475352,False,False
ENSG00000187268,0.20468847405526705,False,False
ENSG00000276787,0.1026807840832584,False,False
ENSG00000187741,0.03713685681663713,False,False
ENSG00000181544,0.0025570865672379464,False,False
ENSG00000158169,5.9374362582883515e-05,False,False
ENSG00000144554,0.00012168215481968952,True,False
ENSG00000112039,0.00657933831529216,True,False
ENSG00000183161,0.001985901997498488,True,False
ENSG00000221829,0.007393557030311296,True,False
ENSG00000140525,0.00014037802311572592,False,False
ENSG00000115392,0.6784506019178687,False,False
ENSG00000187790,0.8145225744292595,False,True
ENSG00000203780,0.003553028444072331,False,False
ENSG00000078098,0.015464960683030712,False,False
ENSG00000197601,0.0019609586309121264,False,True
ENSG00000064763,0.11077084324322327,False,True
ENSG00000152767,0.7683649063695428,False,True
ENSG00000006607,2.54324488258417e-05,False,True
ENSG00000145982,0.42875725233373474,False,False
ENSG00000179115,0.14713818758765998,True,False
ENSG00000116120,0.001385867106009911,False,False
ENSG00000026103,0.0008473405520815144,False,True
ENSG00000117560,0.0027371817500670926,False,True
ENSG00000169710,0.15811484526585695,True,False
ENSG00000164896,0.10884908446831844,True,False
ENSG00000138399,0.873586371776637,False,True
ENSG00000118246,0.3526445732999315,False,True
ENSG00000124279,0.19168147437256342,True,False
ENSG00000215251,0.24922428578819908,False,False
ENSG00000083857,0.00028965623024380797,True,False
ENSG00000086570,0.7462764190832948,False,False
ENSG00000165323,0.010865967828152356,False,True
ENSG00000196159,2.4749412682721952e-05,False,True
ENSG00000147378,0.0006893281895553419,False,False
ENSG00000149806,0.869349782758956,False,False
ENSG00000146267,0.348162739731618,False,False
ENSG00000188878,0.022031876357667592,True,False
ENSG00000105202,0.030455384647227007,True,False
ENSG00000162458,0.008172336005894343,False,False
ENSG00000188573,0.5909589334091598,False,False
ENSG00000077942,0.18617113185875345,False,False
ENSG00000163520,0.03921495374876789,False,False
ENSG00000140092,0.0012012941342961659,False,True
ENSG00000144152,0.5841040013440686,False,False
ENSG00000166147,0.013641975687516855,False,False
ENSG00000138829,0.028066886802553943,False,True
ENSG00000142449,0.0015170216306513086,True,False
ENSG00000165140,2.294185929669267e-05,False,False
ENSG00000130957,0.5228908490078581,True,False
ENSG00000156860,0.6084502925805204,False,False
ENSG00000112787,0.6228154048378258,True,False
ENSG00000127452,0.9153229121112986,False,False
ENSG00000161040,0.04685169419228098,False,False
ENSG00000171823,0.09895626471281756,False,True
ENSG00000107872,0.873586371776637,False,False
ENSG00000127585,0.596152875121186,False,False
ENSG00000145743,0.7706093981732294,False,False
ENSG00000155034,5.4558489021657493e-05,True,False
ENSG00000099364,0.03857210017041502,True,False
ENSG00000260852,6.480408254827766e-05,True,False
ENSG00000153558,0.21624216950861125,False,False
ENSG00000108306,0.5167558627527982,False,False
ENSG00000197361,0.14915473443257996,True,False
ENSG00000005812,0.00011019359825607908,False,True
ENSG00000112234,0.07179554070655211,False,True
ENSG00000118564,0.07897305842632306,False,True
ENSG00000182325,0.011429465958744629,True,False
ENSG00000183580,0.6228154048378258,False,False
ENSG00000135722,0.9816960841823692,False,False
ENSG00000147912,0.22525545280121728,False,False
ENSG00000138081,0.8924739978144933,False,False
ENSG00000141665,0.0025570865672379273,False,True
ENSG00000214050,0.8668176978057169,False,True
ENSG00000269190,0.6002241472793903,False,False
ENSG00000116661,0.28170537202137336,False,False
ENSG00000135108,0.026761071578449175,False,False
ENSG00000167196,0.3974433123556129,True,False
ENSG00000106336,0.2738732319413783,False,False
ENSG00000147364,0.5563872609782938,False,False
ENSG00000161243,0.8976956738320017,True,False
ENSG00000143756,0.07881963825426844,False,True
ENSG00000110429,0.10368400803275411,False,False
ENSG00000118496,0.8838386131886712,False,True
ENSG00000103264,0.7638955157717768,False,False
ENSG00000156804,0.05968539293045729,False,False
ENSG00000165355,0.017328191881109917,False,False
ENSG00000178974,0.6964970061782193,False,True
ENSG00000153832,0.6544773324202532,False,False
ENSG00000145868,0.412001518064424,False,True
ENSG00000177294,0.17485610011793937,False,True
ENSG00000151876,0.5558465542560704,False,False
ENSG00000163833,0.01041916716652578,False,False
ENSG00000163013,0.08083756052851754,False,True
ENSG00000291375,0.9460872201279513,False,False
ENSG00000156509,8.862782858682298e-05,True,False
ENSG00000132879,0.939669986539455,False,True
ENSG00000174013,0.0007501973852668156,False,False
ENSG00000177051,0.001726443470105863,True,False
ENSG00000204952,0.2340087108729685,False,False
ENSG00000204923,0.5875214699347704,False,False
ENSG00000112029,0.04923348330203543,False,False
ENSG00000116663,0.8484730417605634,False,True
ENSG00000100225,0.06062115665136346,False,True
ENSG00000164117,0.0019609586309121537,False,True
ENSG00000112146,0.7826912205822796,False,False
ENSG00000171931,0.031144120465018937,False,False
ENSG00000072803,0.12816353343155473,True,False
ENSG00000164049,0.5962796833959243,False,False
ENSG00000119402,0.3021327849956571,False,False
ENSG00000107829,0.9215738736404122,True,False
ENSG00000230701,0.025318307817300118,False,False
ENSG00000159069,0.90999870276312,False,False
ENSG00000109670,0.0036006505592620776,False,True
ENSG00000174989,0.4492415970235619,True,False
ENSG00000132004,0.22834260631380535,False,False
ENSG00000162897,0.002993309073514796,False,True
ENSG00000275136,0.27520789417939867,False,False
ENSG00000179639,0.0034331298666379394,False,True
ENSG00000158869,0.003545069993810317,False,True
ENSG00000104921,0.0038643778076415283,False,True
ENSG00000119616,0.7234148119575021,False,False
ENSG00000275395,0.8082115353306712,False,True
ENSG00000150337,0.17562111694644933,False,False
ENSG00000143226,0.41040229050591726,False,False
ENSG00000072694,2.0775815733484267e-05,False,True
ENSG00000244682,0.0005810601398289284,False,True
ENSG00000203747,0.0008173995020568176,False,True
ENSG00000162747,0.14828713784902875,False,True
ENSG00000104870,0.0018195098305065418,False,True
ENSG00000130475,0.3375479710932591,False,True
ENSG00000157107,0.020127104393798265,False,False
ENSG00000197948,0.3871454609338294,False,False
ENSG00000137478,0.007042720021632814,False,True
ENSG00000085265,0.03699270617093902,False,True
ENSG00000160339,1.2458742262253953e-05,False,True
ENSG00000142748,7.255589257390452e-06,False,True
ENSG00000163534,0.005345506722846926,False,True
ENSG00000132704,0.029062086197675405,False,True
ENSG00000160856,0.0061345045615969675,False,False
ENSG00000163518,0.5320643923834321,False,False
ENSG00000143297,0.006960513827389278,False,True
ENSG00000181036,4.580040882346328e-05,False,True
ENSG00000132185,0.03165260489862413,False,True
ENSG00000162746,0.009501595224711548,False,True
ENSG00000181617,0.08551661102949475,False,False
ENSG00000079459,0.0020150773139389518,False,False
ENSG00000160752,0.00027537553289137053,False,False
ENSG00000137714,0.004198537789569882,False,True
ENSG00000255561,0.14713818758765998,False,False
ENSG00000161513,0.5351638569387943,False,False
ENSG00000066926,0.028039610918596164,False,True
ENSG00000141965,0.7706093981732294,False,False
ENSG00000169018,0.24205973750856533,False,False
ENSG00000145780,0.45099217093361643,False,False
ENSG00000168496,7.652596917774666e-05,True,False
ENSG00000151422,0.26886027935922086,True,False
ENSG00000088340,0.034025282283365106,True,False
ENSG00000249715,0.06048859390292565,False,False
ENSG00000214814,0.011267898052365968,True,False
ENSG00000181171,0.12713573293203653,False,False
ENSG00000146618,0.36787944117145116,False,False
ENSG00000101311,0.011790663927167938,True,False
ENSG00000073712,0.00010394910646384725,False,True
ENSG00000149781,0.0472634740216183,False,True
ENSG00000182511,0.012794051854565006,False,True
ENSG00000090512,3.2747322549876324e-05,False,True
ENSG00000163497,0.7548529769350754,False,False
ENSG00000149557,0.0004473352536653607,False,True
ENSG00000171055,0.31656750785168053,False,True
ENSG00000128610,0.39313931789832884,False,False
ENSG00000153266,0.3451413592667513,False,False
ENSG00000126266,0.8163702889138519,False,False
ENSG00000126262,0.14973595039385398,False,True
ENSG00000185897,0.47636251697514065,False,False
ENSG00000171560,0.0003722425136925757,False,True
ENSG00000171564,8.557930329463382e-05,False,True
ENSG00000102302,0.004681566473454663,False,False
ENSG00000146192,0.0013831747958210224,False,True
ENSG00000127084,0.13324621309663418,False,False
ENSG00000139132,0.00022408160978305413,False,True
ENSG00000154783,0.8145225744292595,False,False
ENSG00000225733,0.11880321317710957,False,True
ENSG00000180263,0.9932170803579593,False,False
ENSG00000113578,0.02504896667088215,False,True
ENSG00000070193,0.2519647889392223,False,False
ENSG00000161958,0.33363252404653704,False,False
ENSG00000114279,0.5841040013440686,False,False
ENSG00000129682,0.3101693470724283,False,False
ENSG00000102466,0.32784434719504824,False,True
ENSG00000243319,0.38910456896296136,False,False
ENSG00000196468,0.5962796833959243,False,False
ENSG00000158815,0.0244384211927136,True,False
ENSG00000156427,0.2911245236244242,False,False
ENSG00000162344,0.31107539125987893,True,False
ENSG00000138685,0.19280296201274424,False,True
ENSG00000078579,0.5907836522320769,False,False
ENSG00000105550,0.3886540628705118,False,False
ENSG00000070388,0.7732780282408787,False,False
ENSG00000118972,0.06574495998892958,False,True
ENSG00000186895,0.4699686426412283,False,False
ENSG00000075388,0.3451413592667513,False,False
ENSG00000138675,0.007350550518689816,False,True
ENSG00000111241,0.36787944117145116,False,False
ENSG00000140285,0.001495057418253508,False,False
ENSG00000107831,0.015514613775926554,False,False
ENSG00000102678,0.43805088750269505,False,True
ENSG00000137440,0.8315497217649173,False,False
ENSG00000137441,0.01980824892785193,False,True
ENSG00000174721,0.1962069482372066,False,False
ENSG00000077782,0.420091619356054,False,False
ENSG00000111790,0.1379927398276936,False,True
ENSG00000066468,0.08083756052851754,False,True
ENSG00000068078,0.7297729092033649,True,False
ENSG00000160867,0.0004281849734996593,True,False
ENSG00000127418,0.2086011831321167,False,False
ENSG00000171557,0.0003722425136925757,False,True
ENSG00000172456,0.0007452803351764076,False,False
ENSG00000104760,0.6338113721005718,False,False
ENSG00000127951,0.000266939614129865,False,True
ENSG00000000938,0.14360478147867944,False,True
ENSG00000091483,0.45187001429844487,False,True
ENSG00000142621,0.30657148318941785,False,False
ENSG00000137460,0.13866521773896662,True,False
ENSG00000189283,0.056963881454593294,False,False
ENSG00000022267,0.003692833587835196,False,True
ENSG00000115641,0.7039861495263369,False,False
ENSG00000183386,0.0031731248947087223,False,False
ENSG00000112214,0.8786975403013207,False,False
ENSG00000135723,0.3297624949163444,False,False
ENSG00000134775,0.0014820318313435129,False,True
ENSG00000130720,0.3615823860122246,False,False
ENSG00000176971,0.005045957791225542,False,False
ENSG00000172500,0.004681566473454663,False,False
ENSG00000198855,0.2581022096483296,False,False
ENSG00000112367,0.4865251421327479,False,True
ENSG00000183733,0.44870189822153494,False,False
ENSG00000182263,0.17223901513917247,False,True
ENSG00000132436,0.0038919009697310435,True,False
ENSG00000261308,3.833380495512199e-05,True,False
ENSG00000118407,0.012390063274889325,False,True
ENSG00000168386,0.010131311997292844,False,False
ENSG00000145216,0.045815593656043575,True,False
ENSG00000214253,0.9703087278278311,False,False
ENSG00000285321,0.00019292040501092661,False,True
ENSG00000197296,0.0160314366354572,True,False
ENSG00000179943,0.05956944271357314,True,False
ENSG00000179431,0.45187001429844487,False,False
ENSG00000141756,0.27520789417939867,False,False
ENSG00000134285,0.030514665182586668,True,False
ENSG00000106080,0.09545961337853968,True,False
ENSG00000119321,0.08083756052851754,False,True
ENSG00000088832,0.023813996818112353,False,False
ENSG00000269304,0.7704750951592447,True,False
ENSG00000119782,0.03585946292035051,False,True
ENSG00000173486,0.9153229121112986,False,False
ENSG00000100442,0.7213077800163539,True,False
ENSG00000004478,0.0550044987626716,True,False
ENSG00000096060,0.9534748818673352,True,False
ENSG00000077800,0.3978299303332715,False,False
ENSG00000079150,0.380798957339845,False,True
ENSG00000105701,0.42875725233373474,False,False
ENSG00000122642,0.0004074704873726983,False,False
ENSG00000223666,0.00032172659436488564,True,False
ENSG00000181027,0.6344279200793124,False,False
ENSG00000106692,0.5807064113317143,False,False
ENSG00000160688,0.00021262002847935446,True,False
ENSG00000154803,0.7276473585454799,False,False
ENSG00000143631,0.009578471128236565,False,True
ENSG00000143520,0.7199102989852144,False,True
ENSG00000151702,0.0033768503199665964,False,True
ENSG00000177731,0.974089760472383,False,False
ENSG00000282176,0.0620007388630165,False,False
ENSG00000275620,0.006684290133217704,False,False
ENSG00000280278,0.22375874199186324,False,False
ENSG00000145063,0.3944935101217182,False,False
ENSG00000276399,0.8281388616519942,False,False
ENSG00000279943,0.08695262640055855,False,True
ENSG00000177369,0.5962796833959243,False,False
ENSG00000183470,0.36787944117145116,False,False
ENSG00000279891,0.8081722985178651,False,False
ENSG00000291012,,False,False
ENSG00000248858,0.35399595076623325,False,False
ENSG00000196924,0.6084502925805204,False,False
ENSG00000136068,0.11811216396395953,True,False
ENSG00000128591,0.014759795383680283,False,False
ENSG00000206480,0.002121639036097222,True,False
ENSG00000132589,0.7624115035808352,False,False
ENSG00000126500,0.0006762287877450435,True,False
ENSG00000185070,0.0005518757365802042,False,True
ENSG00000125848,0.9153229121112986,False,False
ENSG00000102755,0.34051468229391474,True,False
ENSG00000122025,9.340543618279311e-05,False,True
ENSG00000090554,0.29259255520204946,False,True
ENSG00000037280,0.000266939614129865,False,True
ENSG00000162769,2.6699380386662252e-05,True,False
ENSG00000119686,0.6784506019178687,False,True
ENSG00000059122,0.7462764190832948,True,False
ENSG00000162076,0.041732687337589655,False,False
ENSG00000248905,0.27360707721798055,False,True
ENSG00000155816,0.27491230471428835,True,False
ENSG00000184922,0.01410048703520969,False,True
ENSG00000157827,0.7683649063695428,False,False
ENSG00000161791,0.4304280042513139,False,False
ENSG00000010932,0.2497982509664421,False,False
ENSG00000094963,0.0009652522902967688,False,True
ENSG00000007933,0.002384200121562366,False,False
ENSG00000076258,0.00015188055931294575,False,False
ENSG00000131781,0.15327111795411727,False,False
ENSG00000117507,0.9329575349207133,False,False
ENSG00000290604,0.035347907937582454,False,False
ENSG00000122176,0.045372291919467345,False,False
ENSG00000102081,0.0924453537785658,False,False
ENSG00000268066,0.6171900429280035,True,False
ENSG00000176988,0.06887361685547284,False,False
ENSG00000115414,0.8838386131886712,False,False
ENSG00000167363,0.8890097654027761,False,False
ENSG00000141560,0.03710076657961798,True,False
ENSG00000187239,0.054977841048619185,False,False
ENSG00000137942,0.24276682484732598,True,False
ENSG00000285182,0.7019357058822984,True,False
ENSG00000164694,0.011998831152226918,False,False
ENSG00000102531,0.011733483322113903,False,True
ENSG00000075420,0.4084119826291387,True,False
ENSG00000115226,0.19735491346486317,False,False
ENSG00000160097,1.7610588648986264e-05,False,True
ENSG00000143107,0.34485271047014754,False,False
ENSG00000073598,0.5403316176202465,True,False
ENSG00000172568,0.8865751242716915,False,False
ENSG00000217128,0.7911071745580447,False,False
ENSG00000052795,0.016538067685808476,False,True
ENSG00000168522,0.060385849206864135,True,False
ENSG00000257365,0.2738732319413783,False,False
ENSG00000086205,3.2747322549876324e-05,False,True
ENSG00000134612,3.236746422351533e-05,False,True
ENSG00000110195,0.3617478873213038,False,False
ENSG00000165457,0.004943536649716225,False,True
ENSG00000110203,0.9488649464160283,False,False
ENSG00000170345,0.008340914623353898,False,True
ENSG00000125740,0.12643078408264358,False,True
ENSG00000175592,0.15327111795411727,False,False
ENSG00000075426,0.6084502925805204,False,False
ENSG00000129514,0.4304280042513139,False,False
ENSG00000125798,0.716415207307324,False,False
ENSG00000170608,0.9153229121112986,False,False
ENSG00000171956,0.8245652950993883,False,False
ENSG00000204612,,False,False
ENSG00000054598,0.027154224278114432,False,False
ENSG00000176692,0.08110780047855895,False,False
ENSG00000251493,0.8890465264408616,False,False
ENSG00000186564,0.08202516264164568,True,False
ENSG00000187140,0.014592290493034767,False,False
ENSG00000170122,0.38073751232416775,False,False
ENSG00000184492,0.755187823146624,False,False
ENSG00000187559,0.13079228325606948,False,False
ENSG00000184659,0.2404413835932318,False,False
ENSG00000204779,0.8825491615853157,False,False
ENSG00000273514,0.2761348540959698,False,False
ENSG00000178919,0.4398357935210191,False,False
ENSG00000186790,0.16490285787644715,False,False
ENSG00000103241,0.0001551643367382819,False,True
ENSG00000137273,0.022560660329591673,False,False
ENSG00000176165,0.6539840903783154,False,False
ENSG00000160973,0.015152397635842769,True,False
ENSG00000168269,0.9914427586871114,False,False
ENSG00000186766,0.8429623737891911,False,False
ENSG00000214336,0.36787944117145116,False,False
ENSG00000129654,0.5629304968915334,False,False
ENSG00000065970,0.5305012779337728,False,False
ENSG00000198815,0.1277902418508907,False,False
ENSG00000164916,0.009994338368391463,False,False
ENSG00000141568,0.0001335868959339514,True,False
ENSG00000176678,0.31107539125987893,False,False
ENSG00000183770,0.4650682920090753,False,False
ENSG00000111206,8.984248381018152e-05,True,False
ENSG00000109101,0.85681218453036,False,False
ENSG00000170802,0.9405840623298023,False,False
ENSG00000053254,0.37419249198924803,False,False
ENSG00000139445,0.6856128159723092,False,False
ENSG00000150907,4.375314726733052e-05,False,True
ENSG00000118689,0.4946337083554061,False,False
ENSG00000240445,0.6784506019178687,False,False
ENSG00000184481,0.90999870276312,False,False
ENSG00000114861,0.034191097171807044,True,False
ENSG00000128573,4.471123552859688e-05,False,True
ENSG00000049768,0.7638955157717768,False,False
ENSG00000137166,0.015152397635842769,True,False
ENSG00000164379,0.027154224278114432,True,False
ENSG00000176302,0.7286920262761594,False,False
ENSG00000189299,0.36787944117145116,False,False
ENSG00000110074,0.5807064113317143,False,False
ENSG00000100350,0.07320532482417304,True,False
ENSG00000179772,0.009557187042550923,False,False
ENSG00000136877,0.14207708552231463,False,True
ENSG00000254685,0.43000970690402607,False,False
ENSG00000259030,0.015589022751142054,False,True
ENSG00000171051,0.05819548547835001,False,True
ENSG00000171049,0.0222687759836629,False,True
ENSG00000187474,0.04484598804087021,False,True
ENSG00000148690,0.8668176978057108,True,False
ENSG00000138759,0.7683649063695428,False,False
ENSG00000165879,0.6344279200793124,True,False
ENSG00000181274,0.6437484380858923,True,False
ENSG00000164946,0.0018251111778920018,False,True
ENSG00000150893,4.7715300933732936e-05,False,True
ENSG00000183090,0.12362453577837772,False,False
ENSG00000275145,0.6375196679718531,False,False
ENSG00000274972,0.22526567842238995,False,False
ENSG00000225899,0.19593645433419785,False,False
ENSG00000172969,0.13823731419069898,False,False
ENSG00000111816,0.4903242455360224,False,True
ENSG00000153303,0.20475367417725054,False,True
ENSG00000172159,0.8297095074058933,False,False
ENSG00000151474,0.030455384647227007,False,True
ENSG00000114541,2.2741979895073718e-05,False,True
ENSG00000171877,0.520545629280839,False,True
ENSG00000139926,0.33363252404653704,False,True
ENSG00000165694,0.005253397878218895,False,True
ENSG00000126391,0.008357149975164058,False,False
ENSG00000227942,0.04632724848816227,False,False
ENSG00000070601,0.7108237713793095,False,True
ENSG00000170324,0.7858723400232522,False,False
ENSG00000169933,0.5348158504815453,False,False
ENSG00000156869,0.2506824442099173,False,False
ENSG00000166225,0.9759857983375362,False,False
ENSG00000137218,0.030872779416240555,True,False
ENSG00000073910,0.8240816544909277,True,False
ENSG00000075539,0.16566895420133448,False,False
ENSG00000162998,0.018050455733382292,False,False
ENSG00000265817,0.729063703322179,False,False
ENSG00000189139,,False,False
ENSG00000075618,0.052191066034979396,False,True
ENSG00000186765,0.38836570855041147,False,False
ENSG00000106328,0.35499822476260373,False,False
ENSG00000105255,0.0019325668723489341,False,True
ENSG00000106701,0.005333030207958148,True,False
ENSG00000186628,0.05147042311828936,False,False
ENSG00000131808,,False,False
ENSG00000170820,0.32962187665298015,False,False
ENSG00000150667,0.5185865286786653,False,False
ENSG00000188738,0.8837656148009725,False,False
ENSG00000134363,0.20518156882160768,True,False
ENSG00000163430,0.0083085384792283,False,False
ENSG00000070404,0.09217609565721889,False,False
ENSG00000053108,0.002269015496972635,False,False
ENSG00000168843,0.7747505979511695,False,True
ENSG00000160282,2.3031257563903514e-05,False,False
ENSG00000167996,2.1142618140566502e-05,True,False
ENSG00000213453,0.040099586976592855,True,False
ENSG00000132446,0.36787944117145116,False,False
ENSG00000087086,0.002384200121562366,True,False
ENSG00000250426,0.27285429238452813,False,False
ENSG00000181867,,False,False
ENSG00000140718,0.46979017045706384,False,True
ENSG00000068438,0.15267617986527876,False,False
ENSG00000108592,0.0008999908948525674,False,False
ENSG00000230590,0.6301246464787518,False,False
ENSG00000162613,0.06009299891313475,True,False
ENSG00000107164,0.2850114120127689,False,False
ENSG00000179163,0.001589498991244134,False,True
ENSG00000001036,0.10089937940989221,False,False
ENSG00000069509,0.329121868610169,True,False
ENSG00000165775,0.009510838020894181,True,False
ENSG00000182814,0.8588286591931141,False,False
ENSG00000140564,0.9135447234295009,False,False
ENSG00000089280,0.08396172292214722,False,False
ENSG00000174951,0.2401842235380923,True,False
ENSG00000176920,0.00966934834902933,True,False
ENSG00000292063,0.03551249454306315,False,True
ENSG00000196371,0.6216054675696967,False,False
ENSG00000130383,0.14552689780953038,False,False
ENSG00000156413,0.716415207307324,False,True
ENSG00000180549,0.26886027935922086,False,True
ENSG00000033170,0.020048978904914676,False,False
ENSG00000172461,0.02252543293098373,False,False
ENSG00000010361,0.049666196690553645,False,True
ENSG00000165060,4.233040814709647e-05,False,True
ENSG00000114416,0.1609064038059837,True,False
ENSG00000129245,0.6344279200793124,False,False
ENSG00000266964,0.00026281906578711227,False,True
ENSG00000137731,0.6494063470802454,False,True
ENSG00000089356,0.25477362882860993,True,False
ENSG00000150201,0.5962796833959243,False,False
ENSG00000089327,0.04754000258088901,False,False
ENSG00000137726,1.5610385358587605e-05,False,True
ENSG00000255245,0.649022771046531,False,False
ENSG00000221946,0.01097138956354123,False,True
ENSG00000163820,0.9534748818673352,False,False
ENSG00000010810,7.840889622379553e-05,False,True
ENSG00000122068,0.40682668823286516,False,False
ENSG00000157240,0.00782248089646868,False,True
ENSG00000111432,0.026050012342586373,False,False
ENSG00000180340,0.13272900379834746,False,False
ENSG00000104290,0.39168892550161427,False,False
ENSG00000174804,0.006860241458946316,False,True
ENSG00000163251,0.4213187605081594,False,False
ENSG00000164930,0.05696388145459248,True,False
ENSG00000155760,0.7108643183251449,False,False
ENSG00000177283,0.01185964860034566,False,True
ENSG00000188763,0.959746484915643,False,False
ENSG00000105325,0.20083926557103307,False,True
ENSG00000123689,0.006860241458946316,False,True
ENSG00000092140,0.651303345773445,False,False
ENSG00000145907,0.31228756855514384,False,False
ENSG00000138757,0.1685938824910001,False,True
ENSG00000152254,0.05722976696048932,False,False
ENSG00000141349,0.25961231091905224,False,False
ENSG00000160211,0.0008775247088188645,False,False
ENSG00000171298,0.5542275848558886,True,False
ENSG00000109458,0.002142368124915537,False,True
ENSG00000033327,0.06438791214185696,False,False
ENSG00000160219,0.007244125501688712,False,True
ENSG00000215568,0.5962796833959243,False,False
ENSG00000170296,0.07179554070655264,False,True
ENSG00000139112,0.00022981849568669125,False,True
ENSG00000034713,0.7773822889285338,False,False
ENSG00000238244,0.6526390143579359,False,False
ENSG00000237112,0.007679298864654747,False,True
ENSG00000136928,0.3257003365865926,True,False
ENSG00000154727,0.0780569965481117,False,False
ENSG00000104064,0.011653896047618779,False,False
ENSG00000143458,0.6338113721005718,False,False
ENSG00000022355,0.8315497217649173,False,False
ENSG00000151834,0.35620505797132435,False,False
ENSG00000011677,0.020388161998117913,False,False
ENSG00000109158,0.3628601765897797,False,False
ENSG00000186297,0.016477930543371277,False,False
ENSG00000145863,,False,False
ENSG00000163288,0.22006089930549202,False,False
ENSG00000145864,0.7270030473831338,False,False
ENSG00000166206,0.03979106912921444,False,True
ENSG00000187730,8.279648582242494e-05,False,False
ENSG00000102287,0.010993488733867709,True,False
ENSG00000163285,0.006728797804735079,False,True
ENSG00000113327,0.018950851894105062,False,False
ENSG00000182256,0.7053212695269058,False,False
ENSG00000094755,0.00043518145918485597,False,True
ENSG00000268089,0.1757273840373585,False,False
ENSG00000146276,0.17478272649916105,False,False
ENSG00000111886,0.9153229121112986,False,False
ENSG00000183185,0.40485988743380064,False,False
ENSG00000128683,0.021975722325019886,True,False
ENSG00000136750,,False,False
ENSG00000116717,1.7921508152193314e-05,False,True
ENSG00000099860,0.0030669596613122313,False,False
ENSG00000130222,0.007077041201542296,False,False
ENSG00000179271,0.31228756855514384,False,False
ENSG00000144644,0.07639990176018466,False,False
ENSG00000205777,0.046074267643936254,False,False
ENSG00000215274,0.4709544118991059,False,False
ENSG00000275113,0.018788766916903774,True,False
ENSG00000237671,0.06818102893868927,False,False
ENSG00000227488,0.07358757321213796,False,False
ENSG00000216649,0.020451520223166368,False,False
ENSG00000236362,0.059319649503131816,False,False
ENSG00000215269,0.037646958723693814,False,False
ENSG00000224659,0.1981705643750956,False,False
ENSG00000274274,0.05255947515793332,False,False
ENSG00000189064,0.02006437435227828,True,False
ENSG00000178950,0.7419355118097588,False,False
ENSG00000069482,0.27061328967367526,True,False
ENSG00000128242,0.0764793829223496,True,False
ENSG00000276126,0.9052147762047198,False,True
ENSG00000175229,0.012390163456013325,False,False
ENSG00000197093,0.14571451043171124,False,False
ENSG00000054983,0.0222687759836629,False,True
ENSG00000117308,0.7419355118097588,False,False
ENSG00000108479,0.9534748818673352,False,False
ENSG00000156958,0.06805705729028859,True,False
ENSG00000143891,0.6998912343999902,False,True
ENSG00000141012,0.9534748818673352,False,False
ENSG00000141429,0.4431679264255014,False,True
ENSG00000164574,0.14973595039385612,False,False
ENSG00000178234,0.190011462456638,False,False
ENSG00000119514,0.17510959949224233,False,False
ENSG00000144278,0.010180783399270416,False,False
ENSG00000158089,3.598612003560263e-05,False,True
ENSG00000143641,0.8786975403013207,False,False
ENSG00000115339,0.0015229330567196023,False,True
ENSG00000257594,0.7019357058822984,False,False
ENSG00000136542,0.1034020391048813,False,False
ENSG00000139629,0.006471482745544917,False,True
ENSG00000109586,0.03681330445662501,False,True
ENSG00000130035,0.12988679249215251,False,False
ENSG00000182870,0.1324076384395658,False,True
ENSG00000106648,,False,False
ENSG00000174473,0.11254438862037168,False,False
ENSG00000197487,0.16645380934505738,False,True
ENSG00000166573,0.7548529769350754,False,False
ENSG00000182687,0.38747007030546005,True,False
ENSG00000128310,0.9731216601301048,False,False
ENSG00000213930,0.6666801905045303,False,True
ENSG00000130005,0.08569368195559113,False,False
ENSG00000261609,0.9874397796982158,False,False
ENSG00000089597,0.09005007251894852,True,False
ENSG00000214013,0.027154224278114432,False,True
ENSG00000172020,0.008854967889527275,False,False
ENSG00000111640,0.07179554070655211,True,False
ENSG00000105679,0.8735325465885829,False,False
ENSG00000175857,0.006206497925665561,False,False
ENSG00000165219,0.4922349074991902,False,False
ENSG00000109534,0.5167558627527982,False,False
ENSG00000136895,0.0027106973737597803,False,True
ENSG00000262473,0.03016070495795876,True,False
ENSG00000180447,0.0003186136376921938,False,True
ENSG00000148935,0.007244125501688712,False,False
ENSG00000185340,0.055326318415397334,False,False
ENSG00000270765,0.4825156299226939,False,False
ENSG00000139354,0.2086011831321167,True,False
ENSG00000234741,0.0019288124939828184,True,False
ENSG00000183087,0.010370505627289483,False,True
ENSG00000007237,0.011653896047618779,False,False
ENSG00000184502,0.09635325311988728,False,False
ENSG00000102145,0.1885592085923539,False,False
ENSG00000179348,0.06438791214185696,False,False
ENSG00000107485,0.0019213256038614745,False,True
ENSG00000136574,0.5909589334091598,True,False
ENSG00000130700,0.001858258103165661,False,True
ENSG00000141448,0.17510959949224233,False,False
ENSG00000157259,0.29689109581326834,True,False
ENSG00000167491,0.4092069448749911,True,False
ENSG00000261992,0.05603006841825464,False,False
ENSG00000257218,0.050005379159059664,False,False
ENSG00000171766,0.0008665028051558283,False,True
ENSG00000070610,0.33363252404653704,True,False
ENSG00000249948,3.236746422351577e-05,False,True
ENSG00000114480,0.39283309876564215,False,False
ENSG00000107862,0.7039861495263369,True,False
ENSG00000148288,0.716415207307324,False,False
ENSG00000117228,0.01185964860034566,False,True
ENSG00000225492,0.019023490905264548,False,True
ENSG00000162645,0.09298623193068932,True,False
ENSG00000117226,0.20921053376993967,False,True
ENSG00000162654,0.0031731248947087223,False,True
ENSG00000154451,0.004886193227053068,False,True
ENSG00000183347,0.02048896863404956,False,True
ENSG00000213512,3.2747322549876324e-05,False,False
ENSG00000164900,,False,False
ENSG00000168505,0.03284427056023495,False,False
ENSG00000145321,5.525247224527638e-05,False,False
ENSG00000115271,0.40682668823286516,False,False
ENSG00000100116,0.1026807840832584,False,True
ENSG00000179562,0.10520725225527013,True,False
ENSG00000135968,0.36627337292004375,False,False
ENSG00000105607,0.0001657698689304651,False,True
ENSG00000005436,0.716415207307324,False,False
ENSG00000115263,0.08181201330950282,False,False
ENSG00000215644,0.00043914726684000823,False,True
ENSG00000131979,0.0005878793497214977,False,False
ENSG00000137880,0.09809411493143176,False,False
ENSG00000106633,6.905600181712667e-06,False,True
ENSG00000084734,0.0010413030158781134,False,False
ENSG00000001084,0.22900962416437856,False,False
ENSG00000023909,0.3978299303332715,True,False
ENSG00000137270,0.055219303389355316,True,False
ENSG00000124827,0.3223293429802801,False,False
ENSG00000187210,0.0004357446900937377,False,True
ENSG00000111846,0.22834260631380535,False,True
ENSG00000140297,0.0026975514375421933,False,False
ENSG00000176928,0.9816960841823692,False,True
ENSG00000124091,0.9418870136871379,False,False
ENSG00000137878,0.42325865590174305,False,False
ENSG00000291958,0.00797608388099538,False,False
ENSG00000119125,0.28335357038759035,False,True
ENSG00000104381,0.0064526337800191,True,False
ENSG00000124194,0.4374912247931845,False,False
ENSG00000196505,0.8668176978057169,False,False
ENSG00000006007,0.10800570596723044,False,True
ENSG00000130283,0.17319660827562575,False,False
ENSG00000266524,0.6270779822301824,False,False
ENSG00000135414,0.33266077951884154,False,False
ENSG00000130513,0.008172336005894343,False,False
ENSG00000263761,8.656504506672271e-06,False,True
ENSG00000184344,0.3391770860855673,False,False
ENSG00000125965,0.5796927068750196,False,False
ENSG00000156466,0.003160937583761405,False,True
ENSG00000143869,0.16137643191568696,False,False
ENSG00000164404,0.09353027464612838,True,False
ENSG00000203879,0.019434793775549096,False,False
ENSG00000057608,0.9816960841823692,False,False
ENSG00000168621,0.0013296981948387574,False,True
ENSG00000153982,0.0006801852589161524,False,False
ENSG00000130055,0.017710887264581025,False,False
ENSG00000102886,0.36520655802604113,False,False
ENSG00000178795,0.007167061067466008,False,True
ENSG00000158555,0.6108212600394947,False,False
ENSG00000164949,0.018156065120366018,False,False
ENSG00000092208,0.23532984890796718,False,False
ENSG00000179409,0.4922349074991902,False,True
ENSG00000082516,0.1440242693448326,True,False
ENSG00000152147,0.00043574469009374084,False,False
ENSG00000142252,0.06009299891313475,True,False
ENSG00000046647,0.30657148318941785,False,False
ENSG00000228175,0.6525710891123018,True,False
ENSG00000178295,0.6468856075164668,False,True
ENSG00000239857,0.6998912343999902,True,False
ENSG00000131095,0.23647667826617091,False,True
ENSG00000291944,0.6758171240006762,True,False
ENSG00000162676,0.1517880998955445,False,True
ENSG00000165702,0.18043436962964526,False,False
ENSG00000168827,0.28835625105277746,False,False
ENSG00000164347,0.33104749083823115,False,False
ENSG00000145990,0.024951736451924746,False,False
ENSG00000141098,0.005625982118967766,False,True
ENSG00000198380,0.17157045114709019,True,False
ENSG00000131459,0.14828713784902875,False,False
ENSG00000151892,0.00035734774782680693,False,True
ENSG00000168546,0.0030108222898554823,False,True
ENSG00000146013,0.3622506368380043,False,True
ENSG00000125861,0.36787944117145116,False,False
ENSG00000187871,0.8201954324840831,False,True
ENSG00000100083,0.5446123134242818,True,False
ENSG00000103365,0.8386310295131585,False,False
ENSG00000125447,0.023606518977166754,True,False
ENSG00000006625,0.0001459451021780027,True,False
ENSG00000115486,0.1199639583915186,False,False
ENSG00000137563,0.005030816069493255,True,False
ENSG00000179168,0.0039923271724717005,True,False
ENSG00000204188,0.7594321658277087,False,False
ENSG00000275099,0.019758699569321515,True,False
ENSG00000152904,0.005119636430029212,True,False
ENSG00000100031,0.939669986539455,False,False
ENSG00000197421,0.37057188668272373,True,False
ENSG00000099998,0.0003149178227752598,False,True
ENSG00000167741,0.06616489455904562,False,True
ENSG00000131067,0.38752206154707847,True,False
ENSG00000236969,0.019023490905264406,True,False
ENSG00000149435,0.7345565480947222,True,False
ENSG00000100121,0.8668176978057169,True,False
ENSG00000259384,0.5320643923834321,False,False
ENSG00000136487,0.1100823983277791,False,False
ENSG00000167925,0.18617113185875345,True,False
ENSG00000165678,0.014817310344199636,False,True
ENSG00000112964,2.0735454763706585e-05,False,True
ENSG00000291972,0.8592483961627065,False,False
ENSG00000106128,0.7592854359387011,True,False
ENSG00000157017,0.07848030785109554,False,True
ENSG00000240288,0.06590806850830239,False,True
ENSG00000121853,0.17722525303388245,False,False
ENSG00000146830,0.06145197701271806,False,False
ENSG00000204120,0.936933085603705,False,False
ENSG00000213203,0.00035943851368586875,False,True
ENSG00000281887,0.21321169363060846,False,True
ENSG00000106560,0.004529334047177672,False,True
ENSG00000133574,0.0008665028051558283,False,True
ENSG00000196329,0.00044559887446725307,False,True
ENSG00000133561,0.00022126709539860049,False,True
ENSG00000179144,0.0003357889533903156,False,True
ENSG00000171115,2.7012719172750386e-05,False,True
ENSG00000145723,0.011733483322113903,False,True
ENSG00000101003,9.036813312233314e-05,True,False
ENSG00000131153,0.00471812317645256,True,False
ENSG00000181938,0.002036744604290185,False,False
ENSG00000147536,0.0001228710282104746,False,False
ENSG00000159224,0.04128497365461426,False,False
ENSG00000123159,0.03540906016616724,False,False
ENSG00000137960,2.1853228579951525e-05,False,True
ENSG00000179855,0.11185310964622822,False,True
ENSG00000010310,0.9053503866235226,False,False
ENSG00000108262,0.007509475215611348,True,False
ENSG00000139436,0.5762070137928801,False,False
ENSG00000152661,0.003586674252499939,False,False
ENSG00000135355,0.10257558485494644,False,False
ENSG00000121743,0.4434653304915114,False,False
ENSG00000187513,0.17510959949224233,False,True
ENSG00000265107,0.01981641724860021,False,False
ENSG00000121634,0.36787944117145116,False,False
ENSG00000131233,0.5130553445205779,False,False
ENSG00000169562,0.21540280260915248,False,False
ENSG00000165474,0.00014216362962268713,False,True
ENSG00000188910,0.2247373332499056,False,False
ENSG00000189433,0.20736195130324103,False,True
ENSG00000189280,0.39393150668556587,False,False
ENSG00000121742,0.704177784370375,False,False
ENSG00000164411,0.5278246953771142,False,False
ENSG00000182963,0.03172480869265962,False,False
ENSG00000198835,0.15597715923417532,False,False
ENSG00000176402,0.0013124265965605967,False,False
ENSG00000159248,,False,False
ENSG00000183153,0.936933085603705,True,False
ENSG00000177291,0.9255323067294148,False,False
ENSG00000198814,0.02279452717605923,False,True
ENSG00000196475,0.12713573293203653,False,False
ENSG00000175066,0.6108212600394947,True,False
ENSG00000165113,0.20518156882160768,True,False
ENSG00000169605,,False,False
ENSG00000183607,0.36787944117145116,False,False
ENSG00000102393,0.005686475970612797,True,False
ENSG00000170266,0.716415207307324,False,True
ENSG00000163521,0.9797889530019297,True,False
ENSG00000149328,0.2676785612730285,False,True
ENSG00000166105,0.7141617438244574,False,False
ENSG00000106415,0.09573846307356816,False,True
ENSG00000138604,0.7668722115381088,False,False
ENSG00000178445,0.035305927054232966,False,True
ENSG00000186417,0.01606264136845738,False,False
ENSG00000119392,0.05039585354505495,True,False
ENSG00000090863,0.7888029805353111,False,False
ENSG00000111087,0.05603006841825544,False,False
ENSG00000074047,0.009391379800097233,False,False
ENSG00000106571,0.02430523098382558,False,True
ENSG00000250571,0.0022490913827087075,False,False
ENSG00000139278,0.002975897727267125,False,True
ENSG00000173401,0.6623368056892618,False,False
ENSG00000180481,0.10948593736855652,False,False
ENSG00000122694,0.5182653724777262,False,False
ENSG00000174332,0.07092293043367986,False,True
ENSG00000274636,0.034191097171807044,True,False
ENSG00000107249,0.07537207543469275,False,True
ENSG00000237009,0.33867668346295526,False,False
ENSG00000174842,0.2521491340072056,False,False
ENSG00000124767,0.32784434719504824,False,False
ENSG00000167699,0.011122506200372908,False,True
ENSG00000171433,0.0007718288797904582,False,True
ENSG00000112164,0.7013143116901497,False,False
ENSG00000065325,0.00020776778131798674,False,True
ENSG00000145888,0.3944935101217182,False,False
ENSG00000101958,0.23751427782615694,False,True
ENSG00000145451,0.1641448133517256,False,False
ENSG00000188828,0.5962796833959243,False,False
ENSG00000109738,0.1491547344325789,False,False
ENSG00000173221,0.022031876357667592,False,True
ENSG00000023572,0.005474885810699767,True,False
ENSG00000108010,0.04406795685040955,False,False
ENSG00000182512,0.07214542081845658,False,True
ENSG00000115419,0.07235616678610683,False,False
ENSG00000135423,4.233040814709647e-05,False,True
ENSG00000151948,0.6102276534195306,False,True
ENSG00000204007,,False,False
ENSG00000016864,0.030160704957958535,False,True
ENSG00000120820,0.002975897727267125,False,False
ENSG00000139433,0.2434759776783048,False,False
ENSG00000182327,0.40132646004563294,False,False
ENSG00000148672,0.012547664707893565,False,False
ENSG00000288118,0.010250211123667237,True,False
ENSG00000135821,0.6084502925805204,False,False
ENSG00000149124,2.114261814056621e-05,False,True
ENSG00000166840,2.02966257151733e-05,False,True
ENSG00000156689,0.10959460844438905,False,False
ENSG00000203972,7.066542169899311e-05,False,False
ENSG00000257780,,False,False
ENSG00000168237,0.0009008663723077339,False,True
ENSG00000140632,0.4931930286714282,False,False
ENSG00000196743,0.0061225871208385515,False,False
ENSG00000087338,0.5706317598354691,False,False
ENSG00000112699,0.02895386634557369,False,False
ENSG00000162419,0.7248229182033002,True,False
ENSG00000101216,0.0004968636358346841,True,False
ENSG00000197045,0.005512275129951006,True,False
ENSG00000130755,0.014433390284026286,False,True
ENSG00000089639,0.07974465034866392,False,False
ENSG00000104499,0.36787944117145116,False,False
ENSG00000205835,0.006503020123561989,False,True
ENSG00000112312,0.00014708473605580313,False,False
ENSG00000144591,0.12569536715643717,True,False
ENSG00000173540,0.10696066620686197,False,False
ENSG00000137198,0.0020072555777761376,False,True
ENSG00000284752,0.47207959171908154,False,False
ENSG00000163655,5.429389939105154e-05,False,False
ENSG00000088256,0.4168366885315731,False,False
ENSG00000146535,0.0032606970329854736,False,False
ENSG00000120063,0.5305012779337728,False,False
ENSG00000156049,1.7187684421774944e-05,False,True
ENSG00000060558,0.31228756855514384,False,False
ENSG00000127955,0.8011700468456162,False,True
ENSG00000114353,0.10948593736855652,False,True
ENSG00000065135,0.9314831751655464,False,False
ENSG00000141404,0.10948593736855652,True,False
ENSG00000087258,1.654814159874494e-05,False,True
ENSG00000156052,0.7865054977525469,False,False
ENSG00000087460,0.596152875121186,False,False
ENSG00000235590,0.3710693985714918,False,False
ENSG00000114349,0.002295386323473552,True,False
ENSG00000134183,0.06621531012957386,False,False
ENSG00000214415,0.12713573293203653,False,False
ENSG00000128266,0.011552362264397415,True,False
ENSG00000078369,0.22525545280121728,False,False
ENSG00000185838,0.08619505750828416,True,False
ENSG00000172354,0.9003179572879716,False,False
ENSG00000111664,0.8011700468456162,False,False
ENSG00000114450,0.0006076381705181245,False,True
ENSG00000069966,0.018422799806099538,True,False
ENSG00000159921,3.236746422351533e-05,False,False
ENSG00000242616,0.23327955347312515,False,False
ENSG00000127920,0.005555318544139675,False,True
ENSG00000172380,0.028039610918596164,False,True
ENSG00000127588,0.059319649503131816,False,False
ENSG00000186469,0.0012599116737542996,False,True
ENSG00000162188,0.3826546990822456,False,False
ENSG00000168243,0.030872779416240555,True,False
ENSG00000174021,0.8370018293859048,False,True
ENSG00000176533,0.00011345513758904365,False,True
ENSG00000167414,0.7548529769350754,False,False
ENSG00000127928,0.00823283414472674,False,False
ENSG00000167083,0.003423130466338714,False,True
ENSG00000206412,0.005786872176499087,False,False
ENSG00000134697,0.367700641932594,False,False
ENSG00000163938,0.00135917815353439,True,False
ENSG00000130119,0.6544773324202532,True,False
ENSG00000115523,0.18294125659728158,False,True
ENSG00000124713,1.982848811841781e-05,False,True
ENSG00000116906,2.151589653913592e-05,True,False
ENSG00000113552,0.23237405416209425,False,False
ENSG00000163281,0.2506824442099173,False,False
ENSG00000100522,0.00019292040501092661,False,True
ENSG00000111670,0.24276682484732598,False,False
ENSG00000090581,0.4576177946128047,False,False
ENSG00000147437,0.41562260194879497,True,False
ENSG00000125787,0.0005302649112159509,False,False
ENSG00000109163,0.20811584929574597,False,True
ENSG00000293505,0.03540906016616724,True,False
ENSG00000135677,0.050005379159060385,True,False
ENSG00000136935,0.7668722115381088,False,True
ENSG00000167110,0.11371728534494023,True,False
ENSG00000239533,0.18837290302365362,False,False
ENSG00000172297,0.18837290302365362,False,False
ENSG00000238105,0.4213187605081594,False,False
ENSG00000090615,0.03786607969598651,True,False
ENSG00000144674,0.3378763251248627,False,False
ENSG00000066455,0.504836992537959,False,False
ENSG00000159289,0.00027007236603043225,False,True
ENSG00000215186,0.00029534394773920026,False,True
ENSG00000167195,0.0005170706367439082,False,True
ENSG00000140478,0.00026281906578711227,False,True
ENSG00000275009,0.7462764190832948,False,True
ENSG00000274042,0.8097846959737904,True,False
ENSG00000277322,0.669929112893902,False,False
ENSG00000197978,0.015152397635842661,True,False
ENSG00000147533,0.9797889530019297,False,False
ENSG00000155265,0.6344279200793124,False,False
ENSG00000291995,0.729063703322179,True,False
ENSG00000215252,0.4707046035904452,False,False
ENSG00000288344,0.03350005929995229,False,False
ENSG00000153684,0.04754000258088901,False,False
ENSG00000183629,0.6903860758448381,False,False
ENSG00000277561,0.015419917140115712,False,False
ENSG00000173230,0.25961231091905224,False,False
ENSG00000173905,0.45099217093361643,False,False
ENSG00000135052,0.2850114120127689,False,False
ENSG00000113384,0.6072682622725372,True,False
ENSG00000143457,0.1939310112391763,True,False
ENSG00000174567,0.40210763052438364,True,False
ENSG00000111711,0.0020150773139389518,True,False
ENSG00000116580,0.012282115684357347,True,False
ENSG00000047932,0.006316075253838293,False,True
ENSG00000120370,0.11880321317710957,True,False
ENSG00000114745,0.6958201383926648,False,True
ENSG00000115806,0.00028965623024380797,True,False
ENSG00000108587,0.4466284686086408,False,False
ENSG00000108433,0.002655911341741176,False,False
ENSG00000120053,0.007393557030311296,False,False
ENSG00000169154,,False,False
ENSG00000125166,0.0004315285190827829,False,False
ENSG00000185245,0.00030527055621679274,False,True
ENSG00000203618,0.9602811908128757,False,True
ENSG00000169347,0.5930349927835601,False,False
ENSG00000178732,0.0021698417161744904,False,True
ENSG00000276065,5.4891334560828104e-05,False,True
ENSG00000169704,0.043608745658561605,False,False
ENSG00000143167,0.00035150555462947023,False,False
ENSG00000197858,0.00026281906578711227,True,False
ENSG00000119927,0.3592197004571333,False,False
ENSG00000223932,0.018986534159433462,True,False
ENSG00000186281,0.4380273221341927,False,False
ENSG00000076650,0.17157045114709019,True,False
ENSG00000092978,0.07068728632759971,True,False
ENSG00000198746,0.27520789417939867,True,False
ENSG00000160818,5.392562823442939e-05,True,False
ENSG00000186566,0.4279243099007961,True,False
ENSG00000179921,0.0009652522902967688,False,True
ENSG00000062194,0.0542608472194719,True,False
ENSG00000159592,0.023813996818112353,False,False
ENSG00000063660,0.936933085603705,True,False
ENSG00000213420,0.014142669686623482,True,False
ENSG00000147257,0.00039230876928427394,True,False
ENSG00000076716,0.08527809750557229,False,False
ENSG00000179399,0.9506977725270581,False,False
ENSG00000183098,0.042058563188110264,False,False
ENSG00000125772,0.5477987245273628,False,True
ENSG00000167588,0.00016257748191545284,False,True
ENSG00000152642,0.03786607969598651,False,False
ENSG00000115159,0.04923348330203543,False,False
ENSG00000149735,0.060204771542840305,False,False
ENSG00000179600,,False,False
ENSG00000171723,0.0002786072871098232,False,False
ENSG00000105220,0.026683126764957106,True,False
ENSG00000277494,0.6998912343999902,False,False
ENSG00000292204,0.14828713784902875,True,False
ENSG00000112293,0.00017987691890140233,False,True
ENSG00000150625,7.646711988276045e-06,False,True
ENSG00000046653,0.03409151152239386,False,False
ENSG00000198522,0.0039837861984937575,False,False
ENSG00000142751,0.47345859636325194,True,False
ENSG00000111231,0.8534372775192605,True,False
ENSG00000136235,0.48747214940996786,False,False
ENSG00000165370,0.5962796833959243,False,False
ENSG00000148358,0.00262765723365739,False,False
ENSG00000125734,0.43000970690402607,False,False
ENSG00000147262,0.023912992862805377,False,False
ENSG00000132975,0.9845489593860114,False,False
ENSG00000183484,0.015152397635842661,False,True
ENSG00000181619,0.5382949871275216,False,False
ENSG00000173264,0.4213187605081594,False,False
ENSG00000077585,0.5310173297198827,True,False
ENSG00000180998,0.4908012146088795,False,False
ENSG00000180269,,False,False
ENSG00000187037,0.3877433584095274,False,False
ENSG00000257008,0.07891082019745034,False,False
ENSG00000101850,0.66517799914003,False,True
ENSG00000164849,0.001823051454363629,False,False
ENSG00000173302,,False,False
ENSG00000174948,,False,False
ENSG00000154165,0.5808742940745023,False,False
ENSG00000178015,0.916605550616643,False,False
ENSG00000173250,,False,False
ENSG00000175514,0.024524894352038057,False,True
ENSG00000158292,0.6108212600394947,False,True
ENSG00000163328,0.04870972780737913,False,False
ENSG00000175697,0.4791111382960015,False,False
ENSG00000180758,0.24922428578819572,False,False
ENSG00000151025,0.09671089757452696,False,False
ENSG00000173890,0.06694139301865497,True,False
ENSG00000143147,0.09545961337853968,False,False
ENSG00000250510,0.00033513661954343943,False,True
ENSG00000144230,0.014716805718823847,False,True
ENSG00000174946,0.0014820318313435129,False,True
ENSG00000184194,0.16137643191568696,False,False
ENSG00000147138,0.0006928665450990905,False,True
ENSG00000166073,0.3278443471950506,False,False
ENSG00000277399,0.21235361700577493,False,False
ENSG00000125245,0.0014310544849082,False,True
ENSG00000152749,0.005089856757981857,False,False
ENSG00000169508,0.3974433123556129,False,True
ENSG00000183150,0.17557006637035646,False,False
ENSG00000291465,0.4059102474406038,False,False
ENSG00000188394,0.37434814208307504,True,False
ENSG00000283812,0.3778484717622597,False,True
ENSG00000170128,0.15395278986678856,True,False
ENSG00000154478,0.32373070862227654,False,False
ENSG00000170837,0.13314397292586447,False,False
ENSG00000181773,0.04157069748863386,False,False
ENSG00000120436,0.764840436546103,False,False
ENSG00000142511,0.36787944117145116,False,False
ENSG00000214943,0.8286935958838074,False,False
ENSG00000171659,0.08569368195558995,False,True
ENSG00000178623,0.0032606970329854736,False,False
ENSG00000170775,0.31016934707242383,False,True
ENSG00000170075,0.07881963825426955,True,False
ENSG00000183840,0.4790150152650764,False,False
ENSG00000177464,0.13080728562909524,False,False
ENSG00000135973,0.8049545291670949,False,True
ENSG00000102195,0.9745473285821548,False,False
ENSG00000203737,0.6512033657277213,False,False
ENSG00000135898,0.004933932890428297,False,True
ENSG00000146360,0.36787944117145116,False,False
ENSG00000156097,0.3421407212895679,False,False
ENSG00000180929,0.3441482006220968,False,False
ENSG00000112218,0.05398367671396113,False,False
ENSG00000140030,0.00016528704441133186,False,True
ENSG00000119714,0.0089370490350727,False,True
ENSG00000119737,0.17324674907521176,False,True
ENSG00000155269,,False,False
ENSG00000171657,0.028121518195156608,False,True
ENSG00000123901,0.34585336351023777,False,False
ENSG00000139572,0.9759857983375362,False,False
ENSG00000164604,0.0010638168079785935,False,True
ENSG00000138271,0.11453898598791974,False,False
ENSG00000181656,0.002308915947969721,False,True
ENSG00000198932,0.0012332478823241012,False,True
ENSG00000158301,0.1286629523173662,False,True
ENSG00000013588,0.31016934707242383,False,False
ENSG00000167191,0.8821215887400115,False,False
ENSG00000291917,0.6758171240006762,False,True
ENSG00000111291,0.3488930708560868,False,False
ENSG00000173612,0.2503098397676979,False,False
ENSG00000169258,0.0005878793497215061,True,False
ENSG00000204175,0.010065884737108946,False,True
ENSG00000185477,0.596152875121186,False,True
ENSG00000169727,0.5978943136367422,False,False
ENSG00000288325,0.9215738736404122,True,False
ENSG00000160360,0.05039585354505495,False,False
ENSG00000121957,6.40523761973028e-05,True,False
ENSG00000234243,0.013483733191660133,False,True
ENSG00000167701,0.0003161449729946857,False,False
ENSG00000166123,0.001591045196366667,False,True
ENSG00000233276,0.7638955157717768,False,False
ENSG00000176153,0.009391379800097166,False,False
ENSG00000211445,0.6412496602955313,False,False
ENSG00000167468,0.9646646794477719,False,False
ENSG00000257770,0.8315497217649173,False,False
ENSG00000281185,0.5962796833959243,False,False
ENSG00000116157,0.5909589334091598,False,False
ENSG00000164294,0.016895633746738605,False,False
ENSG00000089351,0.01606264136845738,False,False
ENSG00000023171,0.41562260194879497,False,False
ENSG00000178075,2.2631689229632467e-05,False,True
ENSG00000075240,0.7376198545313661,False,False
ENSG00000154016,6.007116866703412e-05,False,True
ENSG00000100351,0.011699308152167177,False,True
ENSG00000189152,0.03409151152239386,False,True
ENSG00000106070,0.7039861495263369,False,True
ENSG00000115290,0.0002740400576641056,False,False
ENSG00000177885,0.4401619539926275,True,False
ENSG00000141738,0.2521491340072056,True,False
ENSG00000196208,0.7773822889285338,False,True
ENSG00000141449,0.3694925518545895,True,False
ENSG00000276886,0.1818771320837836,False,False
ENSG00000180875,0.013855858269218913,False,False
ENSG00000134317,0.3785839430081581,False,False
ENSG00000083307,0.041561943492664975,False,True
ENSG00000158055,0.001329422299983889,False,True
ENSG00000137106,4.307776246522727e-05,False,True
ENSG00000155511,0.9785683821671322,False,False
ENSG00000120251,0.19037031826849257,False,False
ENSG00000125675,0.009501539460467277,False,True
ENSG00000152578,0.4063163035806334,True,False
ENSG00000182771,0.8428987093965645,False,False
ENSG00000152208,0.36669096210060714,False,False
ENSG00000215045,0.5131041743153385,False,False
ENSG00000171189,0.09838341902763693,False,True
ENSG00000174680,0.6210975675788859,False,True
ENSG00000164418,0.3042231701335627,False,False
ENSG00000163873,0.04179983274231129,False,False
ENSG00000149403,0.6188198320924405,False,False
ENSG00000105737,0.4794809831420318,True,False
ENSG00000176884,0.9447379997210021,False,False
ENSG00000183454,0.6578141685741477,False,False
ENSG00000273079,0.2525888667479722,False,False
ENSG00000161509,0.8484730417605634,False,False
ENSG00000105464,0.49607859644832597,False,False
ENSG00000198785,0.01486059359587412,False,True
ENSG00000116032,0.2221059713690035,False,False
ENSG00000178719,0.02064239389742853,True,False
ENSG00000155974,0.11576769169290395,False,True
ENSG00000144596,0.004198537789569882,False,False
ENSG00000068400,0.9656030691398102,False,False
ENSG00000185974,0.12713573293203653,False,False
ENSG00000125388,0.7826912205822796,False,False
ENSG00000198873,0.0979987853811823,False,True
ENSG00000198055,0.08720662610258513,False,False
ENSG00000114124,0.8436671911137044,False,False
ENSG00000152822,0.8067674606974683,False,False
ENSG00000164082,0.9313725121344039,False,False
ENSG00000198822,0.07439492315050535,False,False
ENSG00000124493,0.20700609611751503,False,False
ENSG00000168959,0.23746621929819575,False,False
ENSG00000113262,0.014252103722357279,False,True
ENSG00000196277,0.045776500438291914,False,True
ENSG00000179603,0.0003906114659800867,False,True
ENSG00000030582,0.06571610339612705,False,False
ENSG00000134443,0.04111412154482537,False,False
ENSG00000109519,0.11207082852577047,False,False
ENSG00000164284,0.001726443470105863,True,False
ENSG00000126010,0.754892676721342,False,False
ENSG00000132463,0.6797711866145533,False,False
ENSG00000139835,0.18617113185875345,False,False
ENSG00000105447,0.045372291919467345,True,False
ENSG00000215203,,False,False
ENSG00000204928,,False,False
ENSG00000133937,0.31728275343495316,False,False
ENSG00000063515,0.36787944117145116,False,False
ENSG00000167914,0.47207959171908154,True,False
ENSG00000073605,0.04230463891834747,False,False
ENSG00000147697,0.00011263003274602944,True,False
ENSG00000104518,0.2129041999228439,True,False
ENSG00000111305,0.7248229182033002,False,False
ENSG00000169181,0.06136712898839892,False,False
ENSG00000105723,0.0022490913827087075,True,False
ENSG00000082701,0.6344279200793124,False,True
ENSG00000148180,0.055004498762670814,False,False
ENSG00000103342,0.7706093981732349,False,True
ENSG00000189369,0.3488930708560868,False,False
ENSG00000104687,0.002594653279925077,True,False
ENSG00000100983,0.12979377179915244,True,False
ENSG00000243955,0.005050419809253524,False,True
ENSG00000244067,0.11207082852577047,False,True
ENSG00000174156,0.10653151510131836,False,False
ENSG00000170899,0.010431181255549865,True,False
ENSG00000182793,0.15022396635593957,False,False
ENSG00000237674,0.013172733592997046,False,True
ENSG00000138780,0.04966619669055434,True,False
ENSG00000197448,0.0340971241748528,False,True
ENSG00000134184,0.09389473701933883,False,True
ENSG00000213366,0.02064239389742853,False,True
ENSG00000218803,0.12713573293203653,False,False
ENSG00000134202,0.6758171240006762,False,False
ENSG00000168765,0.17785501511810867,False,False
ENSG00000134201,0.015419917140115712,False,True
ENSG00000148834,0.2667771109015727,False,True
ENSG00000065621,0.5739704051993206,True,False
ENSG00000084207,0.0222687759836629,False,True
ENSG00000277656,0.7442160664827504,False,True
ENSG00000277897,0.5542275848558886,False,False
ENSG00000278695,0.38752206154707847,False,True
ENSG00000281310,0.438055691281526,False,False
ENSG00000100577,5.392562823442823e-05,False,True
ENSG00000169840,,False,False
ENSG00000180613,0.32962187665298015,False,False
ENSG00000165417,0.12447916607524112,False,False
ENSG00000242441,0.15008487482538996,False,False
ENSG00000140307,0.1992831337984575,False,False
ENSG00000137947,0.35574396863052726,False,False
ENSG00000153767,0.03016070495795876,True,False
ENSG00000197265,0.42875725233373474,False,False
ENSG00000125651,0.7122479953939524,False,False
ENSG00000188342,0.20638204265028406,False,False
ENSG00000288114,0.008357149975164058,False,False
ENSG00000145736,0.00623068298202166,True,False
ENSG00000226259,0.36520655802604113,True,False
ENSG00000183474,0.03779251764105622,False,False
ENSG00000111358,0.5446123134242818,False,False
ENSG00000236895,0.9816960841823692,False,True
ENSG00000272047,0.31016934707242383,True,False
ENSG00000263001,0.1858094590598215,True,False
ENSG00000277053,0.5645612667564903,False,False
ENSG00000006704,3.236746422351533e-05,True,False
ENSG00000196275,0.0030108222898554823,False,False
ENSG00000174428,0.0015664854146778357,False,False
ENSG00000214544,0.002721260233770995,False,False
ENSG00000122034,0.40682668823286516,False,True
ENSG00000077235,0.8534372775192605,False,False
ENSG00000115207,0.027313097883434164,True,False
ENSG00000119041,0.0340915115223941,False,False
ENSG00000125484,0.43000970690402607,False,False
ENSG00000148308,0.07881963825426955,True,False
ENSG00000155115,0.7404941610992368,False,False
ENSG00000100226,0.32404145904006687,True,False
ENSG00000105793,0.06278061720057111,False,False
ENSG00000172432,0.00043027164079083085,True,False
ENSG00000130299,0.2546127113195458,True,False
ENSG00000107937,0.00027218126597426803,False,False
ENSG00000292358,0.361321418713897,True,False
ENSG00000163607,0.42626327633819006,False,True
ENSG00000075218,7.652596917774666e-05,True,False
ENSG00000170627,0.3006675464340772,False,False
ENSG00000124196,0.4858276066578784,False,False
ENSG00000048545,0.51097138436942,False,False
ENSG00000112599,0.08569368195558995,False,False
ENSG00000138472,,False,False
ENSG00000197273,0.12656672418863266,False,False
ENSG00000044012,0.15811484526585814,False,True
ENSG00000152402,0.023606518977166754,False,True
ENSG00000123201,0.07929315316038983,False,False
ENSG00000070019,0.10692071235579943,False,False
ENSG00000132518,0.9902987347498006,False,False
ENSG00000101890,0.008054675732579402,True,False
ENSG00000243316,0.9961001816629992,False,False
ENSG00000151806,0.7888029805353111,False,True
ENSG00000143774,0.21666307870822382,False,False
ENSG00000144366,0.43000970690402607,False,False
ENSG00000169919,0.974089760472383,False,False
ENSG00000183666,0.04923348330203543,True,False
ENSG00000224723,0.33363319844946754,False,False
ENSG00000272578,0.08404339774345629,False,False
ENSG00000241549,0.9424148823115995,False,False
ENSG00000290471,0.37932084582780345,True,False
ENSG00000239650,0.31656750785167814,False,True
ENSG00000236296,0.00014678512901952534,False,True
ENSG00000215630,0.17189583701013253,False,False
ENSG00000254838,0.0005022062043744345,False,True
ENSG00000151233,0.6468856075164668,False,False
ENSG00000172986,0.00572183381402714,False,False
ENSG00000163754,0.02526912219350826,False,False
ENSG00000056998,0.29344725534065114,False,False
ENSG00000291034,0.29615005482300305,True,False
ENSG00000170180,0.2748632463080574,False,False
ENSG00000250361,0.7191996160971919,False,False
ENSG00000136732,0.0031546676038402806,False,True
ENSG00000197465,0.0009746818195963588,False,True
ENSG00000104812,0.0550044987626716,False,False
ENSG00000111713,1.982848811841781e-05,False,True
ENSG00000125812,0.596152875121186,False,False
ENSG00000145649,0.0033247243924041953,False,True
ENSG00000100453,0.1379927398276936,False,True
ENSG00000100450,0.00637158727821528,False,True
ENSG00000113088,0.0008277968123855,False,True
ENSG00000197540,0.013086624675002838,False,True
ENSG00000288237,0.45451380988517487,False,False
ENSG00000049239,0.23995080837324365,False,False
ENSG00000162882,3.211667641400678e-05,False,True
ENSG00000148702,5.3455804835896715e-05,False,True
ENSG00000130956,0.0007824068889251013,True,False
ENSG00000085382,0.9003179572879716,False,True
ENSG00000131373,0.00025977044981817364,False,False
ENSG00000138796,0.000374056557448843,False,False
ENSG00000084754,0.24922428578819572,False,True
ENSG00000138029,0.0015664854146778357,False,False
ENSG00000063854,0.004507368357806039,False,False
ENSG00000103253,0.3578253511177706,False,False
ENSG00000084110,0.009255406616544806,False,True
ENSG00000105697,1.248227677420127e-05,False,True
ENSG00000113196,0.7517956943498353,False,False
ENSG00000164107,3.7631999369652035e-05,False,True
ENSG00000101323,3.7595574648466746e-05,False,False
ENSG00000116882,8.795897968719337e-06,False,True
ENSG00000173805,0.25264326066019294,False,False
ENSG00000145681,0.016630105738253676,True,False
ENSG00000132702,0.9257078911065326,False,False
ENSG00000140511,0.19582577895800432,False,False
ENSG00000187664,0.0006574278733225012,False,True
ENSG00000225978,0.007123653589459142,False,True
ENSG00000231133,0.4162894934204582,False,True
ENSG00000180423,0.02319697045644532,True,False
ENSG00000112855,0.0007210457473896545,True,False
ENSG00000105509,0.04500164690623026,False,False
ENSG00000170961,0.027157662065782892,False,False
ENSG00000248690,0.16329728530927665,False,False
ENSG00000103044,0.8003914559964804,False,False
ENSG00000292096,0.00027537553289137275,False,False
ENSG00000152240,0.030872779416240555,False,False
ENSG00000137814,0.0013073322736279985,False,False
ENSG00000214367,0.31137799375670927,True,False
ENSG00000092036,0.8003914559964804,False,False
ENSG00000249115,0.04108849087312714,True,False
ENSG00000147874,0.08226476859412933,True,False
ENSG00000213397,0.90999870276312,False,False
ENSG00000131351,0.8838386131886712,False,False
ENSG00000113249,0.2531316914960054,False,False
ENSG00000135077,0.017789112034918134,False,True
ENSG00000143575,3.128452563528866e-05,True,False
ENSG00000206172,0.04635327663940121,False,False
ENSG00000188536,0.06571610339612705,False,False
ENSG00000244734,0.03350005929995229,False,False
ENSG00000229988,0.36787944117145116,False,False
ENSG00000223609,0.5269255069133969,False,False
ENSG00000213931,0.9115927055331845,False,False
ENSG00000113070,0.9646646794477719,False,False
ENSG00000213934,0.9487964348199676,False,False
ENSG00000196565,0.49512549115540283,False,False
ENSG00000206177,0.9123141100430506,False,False
ENSG00000105856,0.028451546916670584,False,False
ENSG00000086506,0.1721077142998913,False,False
ENSG00000112339,0.27628030546674437,False,False
ENSG00000130656,0.891192791679065,False,False
ENSG00000196917,0.41789177883914697,False,True
ENSG00000182782,0.16153341286821266,False,True
ENSG00000255398,0.7535677772790077,False,False
ENSG00000004961,0.8035103666449687,False,False
ENSG00000172534,0.0004074704873726983,True,False
ENSG00000103145,0.15267617986527876,False,False
ENSG00000111727,0.22834260631380535,False,True
ENSG00000292174,0.00029534394773920026,False,True
ENSG00000231074,0.5382949871275216,True,False
ENSG00000292983,0.5984242795910413,False,False
ENSG00000225834,0.0648661541555424,False,False
ENSG00000231343,0.18273352030355156,True,False
ENSG00000231281,0.4951148695123805,False,False
ENSG00000226379,0.7441027999840577,False,True
ENSG00000220391,0.8414515544246959,False,False
ENSG00000227647,0.6702481464276411,False,True
ENSG00000101336,0.01732819188110967,False,False
ENSG00000180353,0.005364232636270572,False,True
ENSG00000164588,0.6135155809570798,False,False
ENSG00000099822,0.0924453537785658,False,False
ENSG00000263324,0.0017197420967988702,True,False
ENSG00000138622,0.027207079199210227,False,True
ENSG00000206337,0.11141893994634149,False,True
ENSG00000161610,0.07891082019744934,False,False
ENSG00000121764,0.7001018433500883,False,False
ENSG00000137252,0.0006798252201468138,False,False
ENSG00000126264,0.027180638891089418,False,True
ENSG00000116478,0.45187001429844487,True,False
ENSG00000100429,0.35367469303578436,True,False
ENSG00000163517,8.425827922140307e-05,True,False
ENSG00000196591,0.5596425648013799,False,False
ENSG00000171720,0.5063116857241694,False,False
ENSG00000068024,0.6784506019178735,False,False
ENSG00000108840,0.04563775557348399,True,False
ENSG00000094631,0.0003130860228784774,False,False
ENSG00000061273,0.4044602769610365,False,False
ENSG00000147099,0.43378906487122426,True,False
ENSG00000048052,0.0005947785885480382,False,True
ENSG00000140287,0.0025745495298131033,False,True
ENSG00000111906,0.8584305579681955,False,True
ENSG00000184508,0.001495057418253519,True,False
ENSG00000143321,0.00245476830880017,True,False
ENSG00000112273,0.3451413592667513,False,False
ENSG00000167220,0.050005379159059664,False,True
ENSG00000119431,0.0583087613267626,False,False
ENSG00000115677,0.8169018986631806,False,False
ENSG00000165259,0.14571451043171124,False,True
ENSG00000119285,0.01943479377554896,True,False
ENSG00000155393,0.31411469686507726,True,False
ENSG00000187105,0.016219578488259088,False,False
ENSG00000129493,0.005385135610889949,False,False
ENSG00000008869,0.01650593934684886,False,False
ENSG00000068097,0.0025151680618524463,True,False
ENSG00000013583,0.0007869845856398882,False,True
ENSG00000051620,0.27520789417939867,False,True
ENSG00000112406,0.04754000258088901,False,True
ENSG00000092148,0.006206497925665607,False,False
ENSG00000165338,0.8264889020158215,False,False
ENSG00000126107,0.049666196690553645,False,True
ENSG00000002746,0.08317278668485582,False,False
ENSG00000138411,0.00041426150626261275,False,True
ENSG00000173706,0.36520655802604113,False,True
ENSG00000127311,0.5762070137928841,False,False
ENSG00000119969,0.0001459451021780027,False,False
ENSG00000163312,9.920927528812234e-05,False,True
ENSG00000187821,0.36787944117145116,False,False
ENSG00000198265,0.011733483322113903,False,False
ENSG00000136929,0.0113343672893605,False,True
ENSG00000114735,0.10368400803275411,False,False
ENSG00000162639,0.061811519492814486,False,True
ENSG00000165478,0.008259612417551538,False,True
ENSG00000188175,0.327944852942497,False,False
ENSG00000089472,0.011429465958744793,False,False
ENSG00000181333,0.5796489590626216,True,False
ENSG00000221932,,False,False
ENSG00000103657,0.016062641368457607,False,True
ENSG00000128731,0.7826912205822796,True,False
ENSG00000276550,0.6904288229928944,True,False
ENSG00000180229,0.5310173297198827,True,False
ENSG00000230267,0.26419583350005504,False,False
ENSG00000281909,0.8370018293859048,True,False
ENSG00000282417,0.6718860612012494,True,False
ENSG00000138641,3.236746422351533e-05,False,True
ENSG00000148634,0.11505184950452893,False,True
ENSG00000138646,0.012994640457254776,False,True
ENSG00000138642,0.002961465661891084,False,True
ENSG00000051108,0.030872779416240555,False,True
ENSG00000122557,0.5310173297198827,False,False
ENSG00000114315,0.54514209189753,False,True
ENSG00000069812,0.04108849087312714,False,False
ENSG00000173673,,False,False
ENSG00000188290,0.017997881627690844,False,False
ENSG00000273529,0.05060067075032518,True,False
ENSG00000144485,0.00030527055621679274,False,False
ENSG00000179111,0.048082303227092726,False,False
ENSG00000163666,0.9590534611157338,False,False
ENSG00000213614,0.1752799395561437,False,False
ENSG00000049860,0.005050419809253524,True,False
ENSG00000186834,0.28335357038759035,False,True
ENSG00000168517,0.8994430127919598,False,False
ENSG00000164683,0.011733483322113903,False,False
ENSG00000135547,0.001997521088764806,False,True
ENSG00000163909,0.13480996499116862,False,False
ENSG00000010704,0.974089760472383,False,False
ENSG00000162669,0.1228909953649058,False,False
ENSG00000113924,0.01780641661724578,False,True
ENSG00000019991,0.00023455918234489617,False,True
ENSG00000109758,0.021882435910769847,False,True
ENSG00000185359,0.003099937406144877,False,False
ENSG00000165102,0.28170537202137336,False,False
ENSG00000054392,0.006598557400911329,False,False
ENSG00000010282,0.11331153653576481,False,False
ENSG00000152804,0.8050743765976687,False,False
ENSG00000164161,1.6827426763048643e-05,False,True
ENSG00000182218,0.15780767713474528,False,True
ENSG00000143512,0.010929263449260906,False,False
ENSG00000132297,0.36787944117145116,False,False
ENSG00000114455,0.9703087278278311,False,False
ENSG00000106049,0.00039230876928427394,False,False
ENSG00000198130,0.023196970456444987,False,False
ENSG00000177374,0.02306203935691761,False,True
ENSG00000169635,0.04809792289527884,True,False
ENSG00000100644,0.8145225744292595,False,True
ENSG00000166135,0.9759857983375362,False,False
ENSG00000124440,0.036813304456624486,False,True
ENSG00000181061,0.005333030207958106,False,True
ENSG00000131097,0.0029991530187731302,True,False
ENSG00000214511,0.4192832409962626,False,False
ENSG00000146066,0.7376198545313661,False,False
ENSG00000175202,0.4858276066578784,False,False
ENSG00000135245,0.0002240816097830573,True,False
ENSG00000172273,0.04909008490850353,False,False
ENSG00000169567,0.6338113721005718,True,False
ENSG00000137133,0.19850959519351905,False,True
ENSG00000111911,0.8240816544909277,False,True
ENSG00000127946,0.8011700468456162,False,True
ENSG00000130787,0.8321331946063107,False,False
ENSG00000163349,0.7404941610992368,False,False
ENSG00000064393,0.036350921242612626,False,False
ENSG00000110422,0.09857215548341693,False,False
ENSG00000160396,0.5090268211586931,False,False
ENSG00000100084,0.8297095074058933,False,False
ENSG00000149929,0.8994430127919598,False,False
ENSG00000095951,0.045372291919467345,False,False
ENSG00000010818,0.9759857983375362,False,False
ENSG00000127124,0.00365354849661761,False,True
ENSG00000123485,0.00012383048477502534,True,False
ENSG00000156515,0.08619505750828416,False,False
ENSG00000159399,0.9424148823115995,False,False
ENSG00000160883,0.0004000121818736592,False,False
ENSG00000156510,0.0018195098305065418,False,False
ENSG00000235657,0.9534748818673352,False,False
ENSG00000228964,0.13118939037909602,False,True
ENSG00000206435,0.412001518064424,False,True
ENSG00000243189,0.011825105958974845,False,True
ENSG00000234154,0.019472623045905062,False,True
ENSG00000232962,0.006893673368863419,False,True
ENSG00000243612,0.16453560886590185,False,False
ENSG00000231389,0.009068345158431503,False,True
ENSG00000229295,0.007822480896468571,False,True
ENSG00000226071,0.11811216396395953,False,True
ENSG00000206305,0.2641958335000569,False,True
ENSG00000231526,0.1051050100356682,False,True
ENSG00000206302,0.4652445827701792,False,True
ENSG00000228813,0.06145197701271806,False,True
ENSG00000226260,0.0059930134456326585,False,True
ENSG00000229074,0.03234776007639959,False,True
ENSG00000231679,,False,False
ENSG00000231021,,False,False
ENSG00000198502,0.07299210558243631,False,True
ENSG00000290878,0.24813875610562156,False,True
ENSG00000229252,0.02306203935691761,False,True
ENSG00000137403,0.42626327633819006,False,True
ENSG00000214922,0.9314831751655464,False,False
ENSG00000230413,0.3785839430081581,False,True
ENSG00000310469,0.9153229121112986,True,False
ENSG00000223439,0.8224807192892474,False,False
ENSG00000239618,0.6264593656375133,False,True
ENSG00000159267,0.2960263650784478,False,True
ENSG00000108924,0.009994338368391463,False,False
ENSG00000071794,0.023813996818112183,True,False
ENSG00000136630,0.0010413030158781212,False,True
ENSG00000101294,0.000295343947739202,True,False
ENSG00000147421,0.7865054977525469,False,True
ENSG00000256269,0.018156065120366018,True,False
ENSG00000143341,0.3785839430081581,False,True
ENSG00000140382,0.8994430127919598,False,False
ENSG00000064961,0.9215738736404122,False,True
ENSG00000137309,0.00014369225615186123,False,False
ENSG00000216753,,False,False
ENSG00000149948,0.11516376763724923,False,False
ENSG00000189403,0.06463881455130797,False,True
ENSG00000164104,0.025941266625422378,False,False
ENSG00000029993,0.27601181150784243,True,False
ENSG00000225336,0.6030858153164169,True,False
ENSG00000176256,,False,False
ENSG00000117305,0.0005765580015503739,False,True
ENSG00000146151,3.947215069539461e-06,False,True
ENSG00000113161,0.00802275025560911,False,False
ENSG00000112972,0.01412793323002749,False,False
ENSG00000134240,0.0007854557185434546,False,True
ENSG00000205581,0.006390199496581635,True,False
ENSG00000198830,0.9932170803579593,False,False
ENSG00000179362,0.8529838249399803,False,False
ENSG00000118418,0.001377805856254729,False,True
ENSG00000292175,0.005286566542001696,True,False
ENSG00000198157,0.03786607969598677,False,True
ENSG00000113716,0.0011146418145828126,False,False
ENSG00000100281,0.10948593736855652,True,False
ENSG00000158497,0.023436567370650703,False,False
ENSG00000072571,0.00023524435960622984,False,False
ENSG00000100292,0.7039861495263369,False,False
ENSG00000103415,0.14042903738529242,False,True
ENSG00000221887,0.18176818501314412,False,True
ENSG00000215612,0.5962796833959243,False,False
ENSG00000188816,0.7593424785103092,False,False
ENSG00000188620,0.500411912552784,False,False
ENSG00000135100,0.545142091897534,True,False
ENSG00000241388,0.0472634740216183,True,False
ENSG00000275410,0.6964970061782193,True,False
ENSG00000101076,0.12375510123331274,False,False
ENSG00000164749,0.36770064193259916,False,False
ENSG00000150540,0.0020606474467021636,False,False
ENSG00000177733,0.13118939037909413,False,False
ENSG00000135486,0.030514665182586668,True,False
ENSG00000139675,0.1992831337984575,False,True
ENSG00000214223,0.13350557304031743,True,False
ENSG00000122566,0.19850959519351905,True,False
ENSG00000170144,0.08527809750557229,True,False
ENSG00000226790,0.3545131148252965,False,False
ENSG00000197451,0.0070017542430211,False,False
ENSG00000092199,0.023606518977166754,True,False
ENSG00000282175,0.00519884469436741,False,False
ENSG00000138668,0.8484730417605634,False,True
ENSG00000169813,0.8484730417605574,False,False
ENSG00000284254,0.6338113721005718,False,False
ENSG00000126945,0.6758171240006762,False,True
ENSG00000096746,0.936933085603705,False,True
ENSG00000165119,0.11742513441494493,True,False
ENSG00000293312,0.5962796833959243,False,False
ENSG00000282947,0.08396172292214722,True,False
ENSG00000099783,0.11880321317710957,True,False
ENSG00000282958,0.028039610918596164,False,False
ENSG00000153187,0.0008869603679495775,True,False
ENSG00000105323,0.01606264136845738,True,False
ENSG00000214753,0.30657148318941785,True,False
ENSG00000234857,0.09686203123758445,False,False
ENSG00000241935,0.00041912319951599675,False,False
ENSG00000152413,0.0022578554880853794,True,False
ENSG00000103942,0.07179554070655264,False,True
ENSG00000051128,0.02983984943677781,False,False
ENSG00000290292,0.7941899068540217,False,True
ENSG00000134709,0.009282442838681397,False,False
ENSG00000095066,0.4279243099007961,False,False
ENSG00000168172,0.999028182778181,True,False
ENSG00000171476,0.006316075253838293,False,False
ENSG00000143452,0.003095080520433872,False,True
ENSG00000176635,0.004530609715910942,False,True
ENSG00000228630,0.36787944117145116,False,False
ENSG00000233429,0.04909008490850353,False,False
ENSG00000243766,0.02892523071064548,False,False
ENSG00000105991,0.1492998265752604,False,True
ENSG00000253293,0.11405150985983364,True,False
ENSG00000257184,0.178018915798806,False,False
ENSG00000005073,0.02661835688827389,False,False
ENSG00000106031,0.008458538655015242,False,False
ENSG00000105996,0.015330223256242125,False,True
ENSG00000105997,0.2501954459286282,False,False
ENSG00000197576,0.11077084324322327,False,True
ENSG00000106004,0.8068085831691216,False,False
ENSG00000106006,0.06505465033082103,False,False
ENSG00000122592,0.694405833951591,False,False
ENSG00000078399,0.4729029127960922,False,False
ENSG00000254369,0.748706112644368,False,False
ENSG00000120094,,False,False
ENSG00000159184,0.19593645433419785,False,False
ENSG00000173917,0.006813708992405332,False,False
ENSG00000120093,0.002356544173003303,False,False
ENSG00000182742,0.0013591781535343811,False,True
ENSG00000120075,0.03808762609477184,False,True
ENSG00000108511,0.0030108222898554823,False,True
ENSG00000260027,0.05554191022657291,False,True
ENSG00000120068,0.08576878451989157,False,False
ENSG00000170689,0.5622099893172703,False,False
ENSG00000233101,0.02358838087826581,False,False
ENSG00000180818,0.1100823983277791,False,False
ENSG00000123388,0.5962796833959243,False,False
ENSG00000123407,,False,False
ENSG00000123364,0.33363319844946754,False,False
ENSG00000198353,0.062008481873276275,False,True
ENSG00000172789,0.5666905666469737,False,False
ENSG00000197757,0.04984543857491185,False,False
ENSG00000037965,0.006867904790768279,True,False
ENSG00000180806,0.011886990367388571,False,False
ENSG00000128645,0.0009309859727285048,True,False
ENSG00000128710,0.07214650416639964,True,False
ENSG00000128713,0.09488052086796442,False,False
ENSG00000170178,0.5962796833959243,False,False
ENSG00000128714,0.3451413592667513,False,False
ENSG00000128652,0.05622841040319305,True,False
ENSG00000170166,0.00034660697185014914,True,False
ENSG00000175879,0.006124028190108068,True,False
ENSG00000128709,0.002546897583028408,True,False
ENSG00000237380,0.07721080474487904,False,False
ENSG00000257017,0.012859547748884691,False,True
ENSG00000127483,0.7462764190832842,False,False
ENSG00000121905,0.24594964030799066,False,False
ENSG00000115756,0.47207959171908154,True,False
ENSG00000116983,0.40774070157982867,False,False
ENSG00000158104,0.0003528593813897484,False,False
ENSG00000186603,0.10692071235579943,False,False
ENSG00000164120,0.010431181255549865,False,False
ENSG00000163106,0.011154996458317155,False,True
ENSG00000105707,0.0017706434792751364,False,True
ENSG00000261701,0.0010272247747866602,False,True
ENSG00000165704,0.34585336351023777,False,False
ENSG00000107521,0.8968232777162128,False,False
ENSG00000163755,0.12520746726694668,True,False
ENSG00000100099,0.010908309587939334,True,False
ENSG00000288445,0.01345753847782468,False,True
ENSG00000166189,0.8976956738320017,False,False
ENSG00000173083,0.00483421294089449,False,True
ENSG00000172987,0.4919159475832512,True,False
ENSG00000110169,2.3346903763822412e-05,False,True
ENSG00000253521,0.12713573293203653,False,False
ENSG00000168453,0.9424148823115995,False,True
ENSG00000174775,0.002370331813004586,True,False
ENSG00000130528,0.22525545280121728,False,True
ENSG00000196196,0.006134504561597009,True,False
ENSG00000113905,0.014546095543015688,False,True
ENSG00000196639,0.2521491340072056,False,True
ENSG00000113749,0.2521491340072056,False,True
ENSG00000101180,0.43223892181733425,False,False
ENSG00000134489,0.18467651350093853,False,False
ENSG00000135116,0.21276618240265502,False,False
ENSG00000197915,0.01173027014370977,False,True
ENSG00000118960,0.009228449140630465,True,False
ENSG00000153936,0.4960785964483295,False,False
ENSG00000002587,0.5142497771684864,False,False
ENSG00000122254,0.044067956850409255,False,False
ENSG00000153976,1.5294883126447194e-05,False,True
ENSG00000125430,0.0012012941342961659,False,False
ENSG00000182601,0.4099060202115743,False,False
ENSG00000249853,0.08054471335382095,False,False
ENSG00000162040,0.8152796801593449,False,False
ENSG00000136720,0.9153229121112986,False,False
ENSG00000171004,0.46905355691598793,False,False
ENSG00000185352,0.2340087108729685,False,False
ENSG00000230989,0.5142497771684864,False,False
ENSG00000226742,0.38827636215888445,False,False
ENSG00000100209,0.06571610339612705,False,False
ENSG00000117594,2.4178572448636096e-05,False,True
ENSG00000167733,0.4903242455360224,False,False
ENSG00000176387,0.009840063198199855,False,False
ENSG00000108786,0.173246749075213,True,False
ENSG00000072506,0.013096111025803556,False,True
ENSG00000198189,0.5382949871275255,False,True
ENSG00000149084,0.5645612667564943,False,False
ENSG00000170509,9.617007504425476e-05,False,True
ENSG00000087076,0.5258793213338224,True,False
ENSG00000086696,0.08083756052851754,False,True
ENSG00000130948,0.20638204265028115,False,False
ENSG00000133835,0.0074151545525524285,False,False
ENSG00000025423,0.0001459451021780027,False,True
ENSG00000132196,0.0007510999667073711,True,False
ENSG00000290439,0.12816353343155473,True,False
ENSG00000228712,0.05405022799013312,False,False
ENSG00000203857,0.13474065005479463,False,True
ENSG00000203859,1.7598260813565152e-05,False,True
ENSG00000099377,0.7276473585454799,False,False
ENSG00000203855,0.2917403444795648,True,False
ENSG00000224609,0.19593645433419785,False,False
ENSG00000103160,0.06694139301865497,True,False
ENSG00000119471,0.31228756855514384,False,True
ENSG00000185122,0.0015664854146778357,True,False
ENSG00000025156,0.4213187605081594,False,False
ENSG00000160207,8.12019956540155e-05,True,False
ENSG00000102878,0.0160314366354572,True,False
ENSG00000176160,0.0016257456001359891,False,True
ENSG00000171116,0.0840433977434551,False,True
ENSG00000268738,0.9816960841823692,True,False
ENSG00000172468,0.066623311422591,False,False
ENSG00000290408,,False,False
ENSG00000169953,0.2340087108729685,False,False
ENSG00000196684,0.1517880998955445,False,True
ENSG00000080824,0.003443158476459631,True,False
ENSG00000205100,0.9470893877412098,False,False
ENSG00000181359,0.1866242908746785,False,False
ENSG00000096384,2.543244882584205e-05,True,False
ENSG00000205940,0.48652514213274456,False,False
ENSG00000183199,0.0192319485387782,False,False
ENSG00000282100,0.09941818901677466,False,False
ENSG00000166598,0.31228756855514384,False,False
ENSG00000203914,0.5651882307190184,False,False
ENSG00000165868,0.45099217093361643,False,True
ENSG00000132622,0.37057188668272373,False,False
ENSG00000155304,0.3006675464340772,True,False
ENSG00000187522,0.00657933831529216,False,False
ENSG00000234475,8.675217810625494e-05,False,False
ENSG00000204388,0.00010284327539069357,False,False
ENSG00000206383,0.06785883299191747,True,False
ENSG00000126803,0.2351011513079887,False,False
ENSG00000170606,0.0025151680618524463,False,False
ENSG00000164070,0.8321331946063107,False,False
ENSG00000044574,0.005050419809253524,True,False
ENSG00000173110,0.003099937406144877,True,False
ENSG00000225217,0.2877960642431097,False,False
ENSG00000109971,0.07096273570726035,False,False
ENSG00000113013,0.0629640073835028,True,False
ENSG00000106211,0.0004365928546731083,True,False
ENSG00000170276,0.0039837861984937575,False,False
ENSG00000254445,0.8034189510746852,False,False
ENSG00000169271,0.5609046208122253,False,False
ENSG00000004776,0.0600929989131339,False,False
ENSG00000173641,0.13705674616225733,False,False
ENSG00000152137,0.4818176304934876,False,False
ENSG00000260325,0.9260649655225167,False,True
ENSG00000169087,0.5978943136367422,False,True
ENSG00000133265,0.2037898387282614,True,False
ENSG00000144381,0.01269492168430551,True,False
ENSG00000115541,0.01913479331460371,True,False
ENSG00000270757,0.1024173919710171,True,False
ENSG00000142798,0.21624216950861125,False,False
ENSG00000120694,0.004335434694831162,False,False
ENSG00000109854,0.000172679394456609,True,False
ENSG00000102241,0.08569368195559113,False,False
ENSG00000126550,0.36787944117145116,False,False
ENSG00000205649,0.3451413592667513,False,False
ENSG00000178394,0.36787944117145116,False,False
ENSG00000135312,0.6448590466655304,True,False
ENSG00000179546,0.003947108907082494,True,False
ENSG00000168830,0.36787944117145116,False,False
ENSG00000179097,0.23154432770218267,False,False
ENSG00000102468,0.4641751169243893,False,True
ENSG00000135914,0.017789112034918134,False,True
ENSG00000147246,0.9196643095264443,False,False
ENSG00000166736,0.9385668078216804,False,True
ENSG00000149305,0.4373623122251099,False,False
ENSG00000178084,0.060036117443711935,False,False
ENSG00000186090,0.36787944117145116,False,False
ENSG00000186038,0.36669096210060714,False,False
ENSG00000164270,0.538066408645713,False,False
ENSG00000157219,0.5962796833959243,False,False
ENSG00000158748,0.8315497217649173,False,False
ENSG00000148680,0.03677752865336121,False,False
ENSG00000183935,0.0034431584764596044,False,True
ENSG00000166033,0.7213077800163539,False,True
ENSG00000115317,0.11207082852577047,False,False
ENSG00000170801,0.049666196690553645,False,False
ENSG00000169495,0.06707169252601035,False,False
ENSG00000197386,0.5310173297198827,True,False
ENSG00000285219,0.5574702528721746,False,False
ENSG00000142149,0.7122479953939524,False,False
ENSG00000136273,0.2883562510527754,True,False
ENSG00000188996,0.663910595753409,False,False
ENSG00000086758,0.7941899068540217,False,False
ENSG00000122986,0.004933932890428297,False,True
ENSG00000114378,0.021088698726644022,False,True
ENSG00000068001,0.5739704051993287,False,False
ENSG00000186792,0.1500274071396726,True,False
ENSG00000106302,0.7002798041132814,False,True
ENSG00000157423,0.4931930286714282,False,False
ENSG00000178922,0.41562260194879497,False,False
ENSG00000198331,0.37932084582780345,False,False
ENSG00000283122,0.8153427267943539,False,False
ENSG00000149428,0.004437791463880172,True,False
ENSG00000134330,0.30037535253440634,False,False
ENSG00000121351,0.0005296974192805028,False,False
ENSG00000067704,0.026169264577854207,True,False
ENSG00000181873,0.019835693917556314,True,False
ENSG00000029559,0.0008677220677296209,True,False
ENSG00000283068,0.03172480869265962,False,False
ENSG00000003147,0.7462764190832842,False,False
ENSG00000163596,0.4652445827701792,False,True
ENSG00000090339,0.9405840623298023,False,False
ENSG00000108622,0.0472634740216183,False,True
ENSG00000076662,0.05039585354505424,False,True
ENSG00000105371,0.5898108833899862,False,False
ENSG00000105376,0.18617113185875345,True,False
ENSG00000116237,0.42875725233373474,False,True
ENSG00000163600,0.29631432844590533,False,True
ENSG00000160223,0.9534748818673352,False,False
ENSG00000125968,4.5665555119657785e-05,False,True
ENSG00000115738,1.9333515885495224e-05,False,True
ENSG00000237456,0.0051355794378556705,False,True
ENSG00000117318,0.0032765873380317463,False,True
ENSG00000172201,0.005963949422008962,False,False
ENSG00000119912,0.12891339107500147,False,True
ENSG00000138413,0.7234148119575123,False,False
ENSG00000182054,0.06501700254173598,False,True
ENSG00000166411,0.8484730417605574,False,False
ENSG00000101365,0.5961528751211818,True,False
ENSG00000067829,0.6468856075164668,True,False
ENSG00000067064,0.001177014722089391,False,False
ENSG00000148377,0.019835693917556314,True,False
ENSG00000232656,0.5019004793146815,False,False
ENSG00000131203,0.380798957339845,False,True
ENSG00000188676,5.760667054731625e-06,False,True
ENSG00000010404,0.058535974917362184,False,False
ENSG00000127415,0.014688215527301877,True,False
ENSG00000160888,0.009156945777587815,False,True
ENSG00000227231,0.16908636670555338,False,False
ENSG00000134049,0.1725742734570529,False,False
ENSG00000162783,0.25961231091905224,True,False
ENSG00000188483,0.03016070495795876,True,False
ENSG00000010295,0.9759857983375362,False,False
ENSG00000169991,0.7528354471352348,False,False
ENSG00000163565,0.0020209636115528034,False,True
ENSG00000275214,0.08453511783334182,False,True
ENSG00000165948,0.05603006841825464,True,False
ENSG00000119632,0.34051468229391474,False,False
ENSG00000216490,0.6338113721005718,False,False
ENSG00000068079,0.3871454609338294,True,False
ENSG00000137965,0.007015382957443399,False,True
ENSG00000137959,0.00880765388390955,False,True
ENSG00000126709,0.6102276534195306,False,True
ENSG00000115267,0.04577106927310079,False,True
ENSG00000185745,0.009318614026662857,False,True
ENSG00000204010,0.006253229764502948,False,False
ENSG00000119922,0.00420262196997719,False,True
ENSG00000119917,0.02319697045644532,False,False
ENSG00000152778,0.012547664707893565,False,True
ENSG00000185885,0.007509475215611298,False,True
ENSG00000281618,0.4576177946128047,False,True
ENSG00000185201,0.4790150152650764,False,False
ENSG00000142089,0.5182653724777226,True,False
ENSG00000228912,0.1919024976329237,False,False
ENSG00000206013,0.49376553726025085,False,False
ENSG00000197919,0.36787944117145116,False,False
ENSG00000186803,,False,False
ENSG00000233816,,False,False
ENSG00000228083,,False,False
ENSG00000147885,,False,False
ENSG00000234829,,False,False
ENSG00000188379,0.36787944117145116,False,False
ENSG00000137080,,False,False
ENSG00000224416,0.3223293429802801,False,False
ENSG00000236637,,False,False
ENSG00000147873,0.36787944117145116,False,False
ENSG00000120235,,False,False
ENSG00000214042,,False,False
ENSG00000120242,,False,False
ENSG00000142166,0.0005810601398289326,False,True
ENSG00000159110,0.596152875121186,False,False
ENSG00000171855,0.7191996160971919,False,False
ENSG00000184995,0.3578830185064185,False,False
ENSG00000111537,0.003657609174006821,False,True
ENSG00000027697,0.1818771320837836,False,True
ENSG00000159128,0.5167558627527982,False,False
ENSG00000147896,0.2264718537281993,False,False
ENSG00000177047,0.33262581458205576,False,False
ENSG00000006652,0.14207708552231263,True,False
ENSG00000214706,0.06073915399935431,True,False
ENSG00000163913,0.5142497771684864,False,True
ENSG00000187535,0.869349782758956,False,False
ENSG00000138002,0.32784434719504824,False,False
ENSG00000109083,0.31411469686507726,False,False
ENSG00000100360,0.4666036214822298,True,False
ENSG00000119650,0.7683649063695428,False,False
ENSG00000118096,0.16908636670555338,False,True
ENSG00000101052,0.025466439864908118,False,False
ENSG00000114446,0.43000970690402607,False,False
ENSG00000096872,0.5739704051993287,False,False
ENSG00000068885,0.5310173297198827,True,False
ENSG00000122970,0.023606518977166754,True,False
ENSG00000032742,0.002993309073514818,False,True
ENSG00000089289,0.5258793213338224,True,False
ENSG00000226677,0.16895653641471803,False,False
ENSG00000174498,0.016282561353552626,True,False
ENSG00000103742,0.0163939808866429,False,False
ENSG00000017427,1.570171841148393e-05,False,True
ENSG00000140443,0.007293597386663904,False,True
ENSG00000167244,0.006446362999385498,False,True
ENSG00000159217,0.0003200471025142167,False,False
ENSG00000073792,0.00011019359825607751,True,False
ENSG00000136231,0.0007778558195516869,False,False
ENSG00000197081,0.24585481549216193,False,False
ENSG00000099769,2.555638839024427e-05,False,True
ENSG00000146678,0.03253701995783554,False,False
ENSG00000115457,0.29344725534065114,False,True
ENSG00000146674,2.215272974866041e-05,False,False
ENSG00000141753,3.444556566366027e-05,False,True
ENSG00000115461,0.2028015291339676,False,False
ENSG00000167779,0.021088698726644022,False,False
ENSG00000163453,0.004529334047177638,False,False
ENSG00000137142,0.7467991964742255,False,False
ENSG00000188293,0.36787944117145116,False,False
ENSG00000204866,0.014691376511416604,False,False
ENSG00000188624,,False,False
ENSG00000204869,0.5962796833959243,False,False
ENSG00000126246,0.2917403444795648,False,True
ENSG00000163395,0.05174440530247399,False,True
ENSG00000132740,0.7462764190832842,False,False
ENSG00000182700,0.9544023865431298,False,False
ENSG00000128322,0.025655828101642228,False,True
ENSG00000285968,0.2224367514928715,False,True
ENSG00000254709,0.0043144093496467,False,True
ENSG00000142549,0.4931930286714282,False,True
ENSG00000147255,0.021132230337346448,False,False
ENSG00000152580,0.0004646236028895167,False,True
ENSG00000144847,0.8291263490694641,False,False
ENSG00000239877,0.36787944117145116,False,False
ENSG00000117154,0.8370018293859048,False,False
ENSG00000179057,0.026774371812061534,False,True
ENSG00000216588,0.20678375939491223,False,True
ENSG00000143061,0.0010272247747866602,False,False
ENSG00000183067,0.0044662607768596475,False,True
ENSG00000283934,0.0033182654835246213,False,True
ENSG00000162729,0.6375196679718531,True,False
ENSG00000085552,0.025024623653682448,False,True
ENSG00000080854,0.1550083072245554,False,False
ENSG00000163501,0.45099217093361643,True,False
ENSG00000113141,0.004507368357806101,True,False
ENSG00000166130,0.02306203935691761,False,False
ENSG00000104365,0.4865251421327479,False,False
ENSG00000263528,0.5542275848558886,False,False
ENSG00000269335,0.02048245363418146,False,False
ENSG00000185811,0.003545069993810317,False,True
ENSG00000030419,0.03172480869265962,False,True
ENSG00000161405,0.0027766875546413328,False,True
ENSG00000123411,0.9816960841823692,True,False
ENSG00000095574,0.030872779416240555,False,False
ENSG00000136634,0.023837162182840932,False,True
ENSG00000110324,0.0011611016816265337,False,True
ENSG00000243646,0.12741803752648712,False,True
ENSG00000095752,0.06844069358035683,False,False
ENSG00000137070,0.3749208469750593,False,True
ENSG00000168811,0.11023364331299876,False,False
ENSG00000113302,0.08669092128869603,False,True
ENSG00000096996,0.007436815163908134,False,True
ENSG00000081985,0.0033572080081625782,False,True
ENSG00000169194,0.7498894866748352,False,False
ENSG00000131724,0.0020787584898257056,False,True
ENSG00000123496,0.00010501655033262936,False,True
ENSG00000164136,0.09573846307356816,False,True
ENSG00000134470,0.23786025314076092,True,False
ENSG00000172349,0.002356544173003303,False,True
ENSG00000112115,0.1252441711919033,False,False
ENSG00000127743,0.1128946100391054,False,False
ENSG00000124391,0.7647084883729428,False,False
ENSG00000172458,0.20597678825106458,False,False
ENSG00000112116,0.37107975165057216,False,False
ENSG00000177663,0.9135447234295009,False,False
ENSG00000056736,0.7911071745580447,False,False
ENSG00000163702,0.0034971412455997368,False,True
ENSG00000144730,0.8786975403013207,False,False
ENSG00000163701,0.4084119826291387,False,False
ENSG00000188263,0.9026245119096425,True,False
ENSG00000150782,0.005474885810699767,False,True
ENSG00000137496,0.2566008922670948,False,False
ENSG00000115604,6.711254822958038e-05,False,True
ENSG00000115607,0.0017097387779404635,False,True
ENSG00000142224,0.36787944117145116,False,False
ENSG00000115008,0.05142504777483528,True,False
ENSG00000125538,0.12019746480621782,False,True
ENSG00000136697,0.36787944117145116,False,False
ENSG00000115594,0.0014863610351771054,False,True
ENSG00000115590,0.596152875121186,False,False
ENSG00000196083,0.00016100441749982238,False,True
ENSG00000169306,0.5730162869588924,False,False
ENSG00000189108,0.004411734650426098,False,True
ENSG00000136689,0.6758171240006762,False,False
ENSG00000109471,0.2510652043174381,False,False
ENSG00000162891,0.5962796833959243,False,False
ENSG00000016402,0.030242470871070855,False,True
ENSG00000174564,0.19735491346486317,False,True
ENSG00000138684,0.7188449388883847,False,False
ENSG00000103522,0.008430601017860417,False,True
ENSG00000127318,0.5962796833959243,False,False
ENSG00000142677,0.6264593656375133,True,False
ENSG00000164485,0.12988679249215251,False,False
ENSG00000110944,0.0758130614574228,False,False
ENSG00000162594,0.010272781818386399,False,True
ENSG00000162892,0.1346688818786636,False,True
ENSG00000166090,,False,False
ENSG00000111536,0.10658002366906118,False,False
ENSG00000197272,0.00017167496068352223,False,False
ENSG00000288185,0.6758171240006762,False,False
ENSG00000134460,0.48747214940996786,False,False
ENSG00000100385,0.0008473405520815144,False,True
ENSG00000147168,0.22834260631380535,False,True
ENSG00000164399,0.40064533199207264,False,False
ENSG00000204671,0.47160231747853676,False,False
ENSG00000164509,0.12288284236562314,True,False
ENSG00000008517,0.6246347280002755,False,True
ENSG00000137033,1.452668030851554e-05,False,True
ENSG00000157368,0.1996710327199939,False,False
ENSG00000136694,0.36787944117145116,False,False
ENSG00000136696,0.12713573293203653,False,False
ENSG00000136688,0.3716615300134422,False,False
ENSG00000136695,0.36787944117145116,False,False
ENSG00000125571,0.009033489397382776,False,False
ENSG00000185291,0.02504896667088215,False,False
ENSG00000113520,0.17686918131043766,False,False
ENSG00000104951,0.0583087613267626,True,False
ENSG00000077238,0.323411946933161,False,True
ENSG00000113525,0.316495163712121,False,False
ENSG00000091181,0.0044384502637859835,False,True
ENSG00000136244,0.8786215379934277,False,False
ENSG00000160712,0.6758171240006762,True,False
ENSG00000134352,0.010131311997292844,False,True
ENSG00000104432,0.4865251421327479,True,False
ENSG00000168685,0.001823051454363629,False,True
ENSG00000145839,0.36787944117145116,False,False
ENSG00000124334,0.068429718085342,False,False
ENSG00000145103,0.27360707721798055,False,False
ENSG00000143195,0.5182653724777226,False,False
ENSG00000143621,0.000124554990670064,True,False
ENSG00000129351,0.0013831747958210324,True,False
ENSG00000166333,0.2581022096483296,False,False
ENSG00000132323,0.5351638569387906,True,False
ENSG00000148950,0.05916538797052582,False,False
ENSG00000184903,0.8003914559964804,True,False
ENSG00000132305,0.5187695216330042,False,False
ENSG00000177971,0.8976956738320017,False,False
ENSG00000136718,0.06278061720057111,False,False
ENSG00000133731,0.3592197004571333,True,False
ENSG00000141401,0.8460017628060118,True,False
ENSG00000154059,0.8297095074058933,False,True
ENSG00000106348,0.7122479953939524,True,False
ENSG00000178035,0.00309391518869902,False,False
ENSG00000112706,0.5362989244278124,False,False
ENSG00000081148,0.9153229121113116,True,False
ENSG00000148798,0.0019883812115379733,False,False
ENSG00000196388,0.03172480869265962,False,True
ENSG00000149503,0.0003751492243189087,True,False
ENSG00000224975,0.7213077800163539,False,False
ENSG00000281371,0.255356467494421,False,False
ENSG00000203485,0.49607859644832597,True,False
ENSG00000153487,0.007307794165420352,False,True
ENSG00000168556,0.7019357058822984,True,False
ENSG00000071243,0.018050455733382292,False,True
ENSG00000111653,0.729063703322179,False,True
ENSG00000168395,0.2925925552020515,False,False
ENSG00000243468,0.9533988459998564,False,False
ENSG00000123999,0.7470309290970355,False,False
ENSG00000122641,0.29689109581326617,False,False
ENSG00000163083,0.5310173297198827,True,False
ENSG00000175189,0.00884197494678568,False,False
ENSG00000139269,0.8786975403013207,False,True
ENSG00000241644,0.00012251315168264606,False,True
ENSG00000128908,0.5382949871275216,True,False
ENSG00000115274,0.5197792916729134,False,False
ENSG00000274049,0.23641969414734532,False,False
ENSG00000153391,0.90999870276312,False,False
ENSG00000114933,0.45451380988517487,False,False
ENSG00000169592,0.361321418713897,False,False
ENSG00000151689,0.8924739978144933,False,False
ENSG00000040933,0.1379927398276936,False,True
ENSG00000109452,0.02319697045644532,False,True
ENSG00000068383,0.9314831751655464,False,True
ENSG00000204084,3.3847970970575016e-05,False,True
ENSG00000281614,0.006396415643461999,False,True
ENSG00000148384,0.19754689293753813,True,False
ENSG00000198825,0.08720662610258513,False,False
ENSG00000185133,0.011122506200372908,False,False
ENSG00000132376,0.23237405416209425,False,True
ENSG00000165458,0.007307794165420352,True,False
ENSG00000254647,0.36787944117145116,False,False
ENSG00000188487,0.8377718547582547,False,False
ENSG00000186480,0.10948593736855652,False,True
ENSG00000125629,0.12741803752648712,False,False
ENSG00000129965,0.021036118144526057,False,False
ENSG00000248099,0.3360776657568884,False,False
ENSG00000120211,0.7795151885097006,False,False
ENSG00000172410,0.3223293429802801,False,False
ENSG00000120210,0.43538457587666546,False,False
ENSG00000173404,0.21989590450859578,False,False
ENSG00000168348,0.5970810101875283,False,False
ENSG00000171105,0.21540280260915248,False,False
ENSG00000027644,0.6623368056892618,False,False
ENSG00000164880,0.09217609565721889,True,False
ENSG00000104613,0.0025151680618524463,False,True
ENSG00000138785,0.18617113185875345,False,True
ENSG00000108506,0.42378380719059094,True,False
ENSG00000143624,0.08083756052851754,False,False
ENSG00000149262,0.0018124472102579682,False,False
ENSG00000185085,0.10602877861738248,False,False
ENSG00000102786,0.042469488740037066,False,False
ENSG00000143493,3.658587493444757e-05,True,False
ENSG00000164941,0.00017589903559657108,True,False
ENSG00000104299,0.01235397573750203,False,False
ENSG00000164066,0.7594521225252041,False,False
ENSG00000119509,0.007422367737346364,False,False
ENSG00000176095,0.001414454716767124,False,False
ENSG00000068745,0.06946093552266715,True,False
ENSG00000161896,0.02491816846709119,False,False
ENSG00000074706,0.000143273735313742,False,True
ENSG00000151151,0.5430260650907353,False,False
ENSG00000086200,0.23995080837324365,True,False
ENSG00000117408,0.8011700468456162,False,False
ENSG00000196497,0.1609064038059837,False,False
ENSG00000065150,0.33266077951884154,False,True
ENSG00000205339,0.15765431691636933,True,False
ENSG00000133704,0.003999309943909475,False,False
ENSG00000198700,0.0002508351436162576,True,False
ENSG00000197429,0.7276473585454799,False,False
ENSG00000127080,0.8460017628060118,True,False
ENSG00000173226,0.4492415970235619,False,False
ENSG00000160051,0.04662447982689239,True,False
ENSG00000106012,0.0033572080081625782,False,False
ENSG00000173389,0.36787944117145116,False,False
ENSG00000184345,,False,False
ENSG00000229972,,False,False
ENSG00000214681,,False,False
ENSG00000214686,,False,False
ENSG00000103599,0.4279243099007961,False,False
ENSG00000214216,0.36787944117145116,False,False
ENSG00000283154,0.018156065120366018,False,True
ENSG00000174628,0.33104749083823115,False,False
ENSG00000140575,0.042676454650826263,False,True
ENSG00000145703,0.008069689665280105,False,False
ENSG00000291754,4.063661580699273e-05,True,False
ENSG00000144711,0.8659753094387994,False,False
ENSG00000124313,0.44532760991231046,False,False
ENSG00000120645,0.002834686257268654,False,True
ENSG00000164675,0.10021868643686847,False,False
ENSG00000184216,0.0013460270408302373,True,False
ENSG00000146243,0.17941818394337153,False,True
ENSG00000134070,3.9970456819504274e-05,True,False
ENSG00000090376,0.0007189456156316721,False,True
ENSG00000198001,0.0344916029358138,False,True
ENSG00000136381,0.12816353343155473,False,True
ENSG00000125347,0.729063703322179,False,False
ENSG00000168310,0.0004968636358346841,False,True
ENSG00000170604,0.40132646004563294,False,False
ENSG00000168264,0.0009967251644164678,False,False
ENSG00000119669,0.11880321317710957,False,True
ENSG00000126456,0.15765431691636933,False,False
ENSG00000137265,0.0033182654835246213,False,True
ENSG00000128604,0.11822705905603602,True,False
ENSG00000117595,0.8224807192892474,False,False
ENSG00000185507,0.2591079646748744,False,True
ENSG00000140968,0.00483421294089449,False,True
ENSG00000285048,0.01486059359587412,False,True
ENSG00000124449,,False,False
ENSG00000237693,0.07214169633481274,False,False
ENSG00000167378,0.12208195314395245,True,False
ENSG00000169047,0.23647667826617091,False,False
ENSG00000185950,0.3749208469750593,False,False
ENSG00000133124,0.7214498640142072,False,False
ENSG00000170549,0.12713573293203653,False,False
ENSG00000170561,0.2781190130422848,False,False
ENSG00000177508,0.6344279200793124,False,True
ENSG00000113430,0.36787944117145116,False,False
ENSG00000176842,0.006981876238146066,True,False
ENSG00000159387,0.5562458437629647,False,False
ENSG00000135070,0.90999870276312,False,False
ENSG00000165898,0.361321418713897,False,False
ENSG00000136003,0.2581022096483296,False,True
ENSG00000187608,0.9314831751655464,False,False
ENSG00000172183,0.7624115035808244,False,False
ENSG00000143319,0.0004655279794468663,True,False
ENSG00000016082,0.5170609769744354,False,False
ENSG00000159556,0.18061246113688703,True,False
ENSG00000129009,0.0033150407359811415,False,False
ENSG00000167178,0.00610522131835645,False,False
ENSG00000101230,0.7441027999840577,False,True
ENSG00000100593,0.058810151707805264,False,False
ENSG00000066583,0.0010453606942056213,False,False
ENSG00000063241,0.11640207585206441,False,False
ENSG00000182149,0.2118716888577065,True,False
ENSG00000175329,0.06569313774529978,True,False
ENSG00000240682,0.19582577895800432,True,False
ENSG00000261796,0.03016070495795876,False,False
ENSG00000105655,0.27069639122831485,False,True
ENSG00000289720,0.002655911341741137,False,False
ENSG00000129636,0.5841040013440686,False,True
ENSG00000111203,0.9759857983375362,False,True
ENSG00000213949,0.42875725233373474,False,True
ENSG00000143127,0.00931861402666279,False,True
ENSG00000137809,0.11811216396395953,False,False
ENSG00000164171,0.004272664061538978,True,False
ENSG00000005961,0.2736360835265205,False,True
ENSG00000005884,0.6758171240006762,False,False
ENSG00000115232,0.006934006789210544,False,True
ENSG00000161638,0.0015848693858094203,False,False
ENSG00000091409,0.0001036463422904395,True,False
ENSG00000135424,0.2803391992834653,False,False
ENSG00000077943,0.014546095543015688,False,False
ENSG00000144668,2.656989770998641e-05,False,True
ENSG00000156886,0.0006921941058096916,False,True
ENSG00000083457,0.45187001429844487,False,True
ENSG00000005844,0.00797608388099538,False,True
ENSG00000169896,0.1717373484599543,False,True
ENSG00000138448,0.7683649063695428,True,False
ENSG00000140678,0.8976956738320017,False,False
ENSG00000150093,0.2546127113195458,False,False
ENSG00000119185,0.0003223528259812073,False,False
ENSG00000147166,0.24205973750856533,False,False
ENSG00000160255,0.11788270864238544,False,True
ENSG00000259207,0.0008277968123855,False,True
ENSG00000142856,0.0160314366354572,False,False
ENSG00000132470,0.28835625105277746,False,False
ENSG00000082781,0.013249804462575334,True,False
ENSG00000115221,0.0593365357069869,False,False
ENSG00000139626,0.5574702528721746,False,True
ENSG00000105855,0.03565087720139256,False,True
ENSG00000198542,0.0005709793515116292,False,False
ENSG00000055957,2.65698977099862e-05,False,False
ENSG00000151655,0.3488930708560918,False,False
ENSG00000162267,0.01412793323002749,False,False
ENSG00000055955,2.2808412116341337e-05,False,False
ENSG00000123243,0.012547664707893565,False,False
ENSG00000102313,0.2192105311797635,False,False
ENSG00000113263,0.003055054932333903,False,True
ENSG00000179914,8.882244596409268e-06,False,True
ENSG00000158764,0.5910506548937751,False,True
ENSG00000078596,0.009840063198199855,False,True
ENSG00000136156,0.0019288124939828184,False,True
ENSG00000135916,0.41562260194879497,False,False
ENSG00000125877,0.04923348330203543,True,False
ENSG00000100605,0.5258793213338224,False,False
ENSG00000280802,0.6947991577037109,False,True
ENSG00000137825,0.0006416402677940054,True,False
ENSG00000143772,0.017193930535995015,False,True
ENSG00000086544,0.01182510595897501,False,False
ENSG00000150995,0.5563872609782938,False,False
ENSG00000123104,0.12891339107500147,False,False
ENSG00000096433,0.9460872201279513,False,False
ENSG00000148841,0.06993530104983008,False,False
ENSG00000198885,0.17358396891838315,False,False
ENSG00000205730,0.8976956738320017,False,False
ENSG00000205726,0.0030108222898554823,False,True
ENSG00000198399,0.5596425648013879,False,False
ENSG00000128928,5.3455804835896715e-05,False,True
ENSG00000163207,0.36787944117145116,False,False
ENSG00000116679,0.2118716888577065,True,False
ENSG00000163166,0.5640126163946804,False,False
ENSG00000009765,0.00135917815353439,False,True
ENSG00000182264,0.1851178186615842,True,False
ENSG00000161652,,False,False
ENSG00000099840,0.00026281906578711227,False,False
ENSG00000101384,0.3578253511177706,False,False
ENSG00000184916,0.018156065120366018,False,False
ENSG00000171135,0.6494063470802454,False,False
ENSG00000162434,0.0025151680618524463,False,True
ENSG00000096968,0.0012672831496596273,False,True
ENSG00000105639,0.07537207543469329,False,True
ENSG00000152969,0.021034333025321327,False,True
ENSG00000176049,0.00027218126597426803,False,True
ENSG00000188385,0.7206068006934967,False,True
ENSG00000154721,0.005871888369222866,False,False
ENSG00000166086,0.14318651542098132,False,False
ENSG00000008083,0.16518642360838853,False,False
ENSG00000153814,0.6264593656375133,False,False
ENSG00000234336,0.23267549605811894,False,True
ENSG00000140044,4.1033648480320886e-05,False,True
ENSG00000050130,0.6072682622725372,True,False
ENSG00000171988,0.0026792541629110374,False,True
ENSG00000081692,0.020284269860038055,True,False
ENSG00000070495,0.0001929204050109278,True,False
ENSG00000243789,0.4044602769610365,False,False
ENSG00000168970,0.9134894706488018,False,False
ENSG00000161999,0.7706093981732349,False,False
ENSG00000152409,0.46979017045706384,False,False
ENSG00000100221,0.04866239085502546,True,False
ENSG00000161677,0.13907027650998902,True,False
ENSG00000104369,0.30657148318941785,False,False
ENSG00000149596,0.10066473242430095,False,False
ENSG00000154118,0.25045055401506044,False,False
ENSG00000092051,0.00017130138592709782,False,True
ENSG00000225470,0.40682668823286516,False,False
ENSG00000234616,0.0004601280057886357,True,False
ENSG00000183340,0.3871454609338294,True,False
ENSG00000167476,0.021034333025321327,False,True
ENSG00000143543,0.1818771320837836,True,False
ENSG00000177606,0.7706093981732349,False,True
ENSG00000171223,0.03087277941624012,False,True
ENSG00000130522,0.5596425648013879,False,False
ENSG00000173801,0.9874397796982158,False,False
ENSG00000146049,0.4380273221341927,False,False
ENSG00000160145,0.025916056455759805,False,True
ENSG00000107104,0.10510501003566669,False,False
ENSG00000197256,0.013096111025803464,False,True
ENSG00000186994,0.1491547344325789,False,True
ENSG00000132854,0.011836608979429071,False,True
ENSG00000275867,0.03382736554424396,True,False
ENSG00000214401,0.5218047320440177,False,False
ENSG00000144445,0.11516376763724923,False,True
ENSG00000139620,0.1856288862275276,False,False
ENSG00000114982,0.04108849087312714,True,False
ENSG00000108773,0.0013778058562547392,False,False
ENSG00000114166,0.08569368195559113,False,False
ENSG00000172977,0.02782235594449047,False,False
ENSG00000083168,0.8786975403013207,True,False
ENSG00000281813,0.14571451043171124,False,False
ENSG00000136504,0.0038467561800624465,True,False
ENSG00000103510,0.7706093981732349,False,False
ENSG00000186625,0.6758171240006762,False,False
ENSG00000102781,5.1316845238566124e-05,False,True
ENSG00000167216,0.6864127675167437,False,False
ENSG00000140854,0.014817310344199636,True,False
ENSG00000107821,0.30866513398957124,True,False
ENSG00000189337,1.0167096212860754e-05,False,True
ENSG00000176595,1.287674603710577e-05,False,True
ENSG00000187715,0.843537681746238,False,False
ENSG00000234438,0.01580417707632274,True,False
ENSG00000170852,0.19735491346486317,True,False
ENSG00000182359,0.17785501511810867,False,True
ENSG00000123444,0.7276473585454799,True,False
ENSG00000165572,0.3475388054239949,False,False
ENSG00000120696,0.0014144547167671447,False,False
ENSG00000163376,0.10002030037277693,False,False
ENSG00000267313,0.7755239823222074,False,False
ENSG00000176407,0.011429465958744629,True,False
ENSG00000111262,0.05398972096697158,False,False
ENSG00000143105,0.9961001816629992,False,False
ENSG00000177301,0.028714097332016353,False,True
ENSG00000177272,0.00011523391789849132,False,True
ENSG00000182255,0.7795151885097006,False,False
ENSG00000130037,0.055665474761348435,False,False
ENSG00000151079,0.0037574084664885703,False,True
ENSG00000104848,0.41200151806442686,True,False
ENSG00000169282,0.00023206389555355592,False,False
ENSG00000069424,0.3375479710932591,False,True
ENSG00000170049,0.07670278894557792,False,True
ENSG00000158445,0.019751815874143867,False,True
ENSG00000182674,0.36787944117145116,False,False
ENSG00000129159,0.3611846443703809,False,False
ENSG00000166006,0.9291406685412064,False,False
ENSG00000131398,0.03808762609477184,False,False
ENSG00000116396,0.058535974917362184,False,True
ENSG00000292214,0.8994430127919598,False,False
ENSG00000184408,0.06603735787230385,False,False
ENSG00000171385,3.878368310723017e-05,False,True
ENSG00000180509,0.004174793747229825,False,True
ENSG00000159197,0.2667771109015727,False,True
ENSG00000175538,0.3826546990822456,False,False
ENSG00000152049,0.1666382481047044,False,False
ENSG00000162975,0.4458584964403586,False,False
ENSG00000026559,0.24183016158954412,False,False
ENSG00000178342,0.8388102632610561,False,False
ENSG00000171126,0.19593645433419785,False,False
ENSG00000168418,0.36787944117145116,False,False
ENSG00000143473,0.2927458928440304,False,False
ENSG00000055118,0.5167558627527982,False,False
ENSG00000135519,0.2449005039688101,False,True
ENSG00000089558,0.005139586278891727,False,False
ENSG00000140015,0.6127111328476885,False,False
ENSG00000173826,0.4080916727442222,True,False
ENSG00000184611,0.006262082090042678,False,True
ENSG00000183960,0.37769291844897557,False,True
ENSG00000182132,0.0006125421035482473,False,True
ENSG00000120049,0.7462764190832948,False,False
ENSG00000115041,0.5841040013440686,False,True
ENSG00000281758,0.8145225744292595,False,True
ENSG00000280650,0.7778359257308336,False,False
ENSG00000151704,0.09794705540917208,False,True
ENSG00000177807,0.00011019359825607908,False,True
ENSG00000187486,0.0394443921234643,True,False
ENSG00000184185,0.003780018966301938,False,True
ENSG00000115474,0.15789631099038495,False,False
ENSG00000182324,0.6054995210132981,False,False
ENSG00000157551,0.04381162433134508,False,True
ENSG00000153822,0.005511503906271277,False,True
ENSG00000260458,0.11398528712312796,False,False
ENSG00000123700,0.06733305290718963,False,False
ENSG00000267365,0.9703087278278311,False,False
ENSG00000162989,0.010442946237438447,False,False
ENSG00000168135,0.34686364525689367,False,True
ENSG00000120457,0.0026792541629110564,False,False
ENSG00000157542,0.09363207310880635,False,False
ENSG00000121361,0.00030055832162167464,False,True
ENSG00000162728,0.25455648388015445,False,False
ENSG00000135750,0.8484730417605634,True,False
ENSG00000100433,0.9949076359551317,False,False
ENSG00000184261,0.072830303653466,False,False
ENSG00000152315,0.6525710891123018,False,False
ENSG00000124249,0.0005476490622500077,False,True
ENSG00000095981,0.49531329809041913,False,False
ENSG00000124780,4.969645010049515e-05,False,True
ENSG00000186795,,False,False
ENSG00000082482,0.9243356286518873,False,True
ENSG00000171303,0.049167842720144427,False,True
ENSG00000182450,0.37081642840063006,False,False
ENSG00000164626,7.476091306433162e-05,False,True
ENSG00000099337,0.0008741185036567904,False,True
ENSG00000173338,0.9153229121112986,False,True
ENSG00000169427,0.12713573293203653,False,False
ENSG00000156113,0.00012383048477502436,False,True
ENSG00000145936,0.41562260194879497,False,False
ENSG00000197584,0.08326707289432202,False,True
ENSG00000171121,0.04923348330203543,True,False
ENSG00000135643,0.09686203123758377,False,True
ENSG00000105642,0.6657743610008817,False,False
ENSG00000080709,6.65278346800926e-05,False,True
ENSG00000143603,0.02430523098382558,False,False
ENSG00000104783,0.6013924664189708,False,False
ENSG00000282076,0.09895626471281756,False,True
ENSG00000237941,0.3223293429802801,False,False
ENSG00000269821,0.8484730417605634,False,False
ENSG00000281151,0.2742192105335796,False,False
ENSG00000184156,0.3485540105612531,False,False
ENSG00000117013,0.007415154552552487,False,False
ENSG00000185760,0.001770643479275125,False,True
ENSG00000198553,0.07625662759581507,False,True
ENSG00000124134,0.12703654325471955,True,False
ENSG00000156486,0.12813226394259433,False,False
ENSG00000170745,0.024163853404064975,False,True
ENSG00000107147,0.6544258088130799,False,False
ENSG00000162687,0.07805699654811224,False,True
ENSG00000215262,0.1914320905623815,False,False
ENSG00000164794,,False,False
ENSG00000168263,0.3094109238464055,False,False
ENSG00000135253,0.006734672176793238,True,False
ENSG00000134504,0.37057188668272373,True,False
ENSG00000110906,0.015330223256242125,False,False
ENSG00000288399,0.27681807718123913,False,False
ENSG00000178695,0.017395715193324255,False,True
ENSG00000174943,0.4431679264255014,False,False
ENSG00000151364,0.7019357058822984,False,False
ENSG00000153885,0.7865054977525469,False,False
ENSG00000183775,0.4369584445992485,False,False
ENSG00000100379,0.0163939808866429,False,False
ENSG00000155729,0.412001518064424,True,False
ENSG00000168676,0.024622371918361124,False,False
ENSG00000180901,0.005001553043743783,True,False
ENSG00000112078,0.9544023865431298,False,True
ENSG00000188997,0.19620694823720938,True,False
ENSG00000136636,0.90999870276312,False,False
ENSG00000180332,0.2661691496345319,False,False
ENSG00000167977,0.735471448709095,False,False
ENSG00000168301,0.21793072841537264,True,False
ENSG00000243335,0.019835693917556314,False,False
ENSG00000183783,0.5562458437629647,False,False
ENSG00000104756,0.4576177946128047,True,False
ENSG00000105438,0.0073577008590977305,True,False
ENSG00000136240,0.33754797109326373,True,False
ENSG00000100196,0.000313086022878473,False,False
ENSG00000004487,0.9424148823115995,False,False
ENSG00000165097,0.2917403444795648,True,False
ENSG00000173120,0.8786975403013207,False,False
ENSG00000089094,0.7638955157717768,False,False
ENSG00000115548,0.05249642488970277,True,False
ENSG00000120733,0.11207082852577047,True,False
ENSG00000066135,0.34350746793762077,False,False
ENSG00000127663,0.07478808165730312,False,False
ENSG00000107077,0.6494063470802454,False,False
ENSG00000186280,0.6108212600394947,False,False
ENSG00000073614,0.041248601692345205,False,True
ENSG00000117139,0.0064526337800191,False,False
ENSG00000126012,0.0542608472194719,False,False
ENSG00000012817,0.159039941680496,False,False
ENSG00000147050,0.7773822889285338,False,False
ENSG00000132510,0.037136856816636886,False,True
ENSG00000128052,1.435817552583691e-05,False,True
ENSG00000119537,0.0009596376539762304,False,True
ENSG00000079999,0.8924739978144933,False,False
ENSG00000276615,0.31656750785167814,False,True
ENSG00000139330,0.16895653641471803,False,False
ENSG00000135314,0.7908904068344615,True,False
ENSG00000256980,0.7594321658277087,False,False
ENSG00000121774,0.11915025250180777,False,False
ENSG00000112232,0.004555134864359747,False,True
ENSG00000131773,0.0006801852589161524,True,False
ENSG00000138030,0.001989767498950723,False,False
ENSG00000100441,0.46979017045706384,True,False
ENSG00000088247,0.21666307870822382,True,False
ENSG00000235750,0.0758130614574228,False,True
ENSG00000122548,0.7790228634144465,True,False
ENSG00000170871,0.6216054675696967,True,False
ENSG00000137261,0.6784066119394458,False,False
ENSG00000142687,0.4922349074991902,False,True
ENSG00000189367,0.000243285741997903,False,True
ENSG00000135709,0.8668176978057169,False,True
ENSG00000100578,0.12196331179941472,False,False
ENSG00000198920,0.005889040903399788,False,True
ENSG00000185261,0.01844072081617171,False,True
ENSG00000100364,0.4625383689040139,False,False
ENSG00000163807,0.7826912205822796,False,False
ENSG00000122203,0.0006574278733224964,False,True
ENSG00000250423,0.13874684857539774,False,False
ENSG00000120549,0.9534748818673352,False,False
ENSG00000150477,0.31016934707242383,True,False
ENSG00000122778,0.029123269274825263,True,False
ENSG00000168116,0.4908012146088795,True,False
ENSG00000135835,0.061811519492814486,False,False
ENSG00000197077,0.011496337339239587,False,False
ENSG00000149633,0.037645821978377625,False,False
ENSG00000165185,0.4431679264255014,False,False
ENSG00000116685,0.8659753094387994,False,False
ENSG00000134313,0.7462764190832842,False,False
ENSG00000138160,0.00020057119766055153,True,False
ENSG00000136883,0.8035103666449687,False,False
ENSG00000137177,0.5382949871275255,True,False
ENSG00000197892,0.6084502925805204,False,False
ENSG00000118193,7.652596917774666e-05,True,False
ENSG00000163808,0.00010284327539069357,True,False
ENSG00000089177,0.8097846959737904,False,False
ENSG00000117245,0.009121402122049618,False,True
ENSG00000121621,0.00010486271580193891,True,False
ENSG00000186185,5.222285743076307e-05,True,False
ENSG00000196169,0.00029022003781340106,False,True
ENSG00000130294,0.017147263307611994,False,True
ENSG00000054523,0.6375196679718531,False,False
ENSG00000129250,0.90999870276312,False,False
ENSG00000112984,0.00010155154119522941,False,False
ENSG00000138182,0.04108849087312714,False,False
ENSG00000139116,0.7638955157717768,False,False
ENSG00000116852,0.30866513398957124,False,False
ENSG00000079616,0.3662733729200411,True,False
ENSG00000137807,7.652596917774666e-05,False,False
ENSG00000186638,0.004476795240437993,True,False
ENSG00000125337,0.0016900022388597617,False,True
ENSG00000066735,0.008504697622224352,False,True
ENSG00000162849,0.23532984890796552,False,False
ENSG00000165115,0.25461271131954394,False,False
ENSG00000068796,0.06073915399935431,False,False
ENSG00000141200,,False,False
ENSG00000142945,0.0003755141554422041,False,False
ENSG00000131437,0.1725742734570529,True,False
ENSG00000101350,0.4960785964483295,False,False
ENSG00000084731,0.13586264850624577,False,False
ENSG00000090889,7.660041077613838e-05,False,False
ENSG00000226650,0.2655126213172678,False,False
ENSG00000155980,0.13260710613376875,False,False
ENSG00000170759,0.0924453537785658,True,False
ENSG00000276734,0.016538067685808712,False,True
ENSG00000164627,0.002737984261625433,False,True
ENSG00000166813,0.05830876132676219,False,False
ENSG00000088727,0.15178809989554667,False,False
ENSG00000075945,0.008308538479228359,True,False
ENSG00000233450,7.660041077613838e-05,True,False
ENSG00000167702,0.0071810115468953295,True,False
ENSG00000140859,0.05239444060924955,True,False
ENSG00000151657,0.8050743765976687,False,True
ENSG00000278495,0.04307654716183345,False,False
ENSG00000275960,,False,False
ENSG00000283708,0.38511288827799905,False,True
ENSG00000275699,0.1259752525877307,False,True
ENSG00000288357,,False,False
ENSG00000278481,,False,False
ENSG00000273517,,False,False
ENSG00000275735,,False,False
ENSG00000277193,,False,False
ENSG00000284307,0.007430663579487183,False,True
ENSG00000275047,,False,False
ENSG00000284426,0.00802652898343799,False,True
ENSG00000284528,0.0038942621882486926,False,True
ENSG00000283915,0.2889438849979806,False,False
ENSG00000275037,,False,False
ENSG00000104970,0.21211337982786252,False,False
ENSG00000126259,0.7461364266239099,False,False
ENSG00000149571,0.7455443683426501,False,True
ENSG00000218109,0.7972320868164201,False,False
ENSG00000170498,0.0039837861984937575,True,False
ENSG00000116014,0.0002995859827292773,False,False
ENSG00000157404,0.47345859636325194,True,False
ENSG00000049130,0.03857210017041502,False,False
ENSG00000133116,0.5563872609782938,True,False
ENSG00000134962,0.22900962416437856,True,False
ENSG00000126214,0.12019746480621782,False,False
ENSG00000174996,0.00020057119766055153,True,False
ENSG00000104892,0.03635092124261288,True,False
ENSG00000137171,0.004437791463880138,False,True
ENSG00000105610,0.07754749508222297,False,False
ENSG00000155090,0.49607859644832597,False,True
ENSG00000172059,0.01110089861863634,False,False
ENSG00000118922,0.0002721812659742663,False,False
ENSG00000169926,0.31016934707242383,False,False
ENSG00000266265,0.2483695637629632,False,False
ENSG00000163884,0.07897305842632306,False,False
ENSG00000129911,0.21666307870822382,False,False
ENSG00000171872,0.13416661024116608,False,False
ENSG00000127528,0.031509621864638404,False,True
ENSG00000109787,0.23441639115790464,False,False
ENSG00000136826,0.6344279200793124,False,False
ENSG00000102554,0.47345859636325194,True,False
ENSG00000067082,0.5182653724777226,False,True
ENSG00000118263,0.2720155718170121,False,True
ENSG00000102349,6.499338353133742e-05,False,True
ENSG00000119138,0.0064526337800191,False,True
ENSG00000197776,0.00011257607072001231,False,True
ENSG00000128607,0.11915025250180696,False,True
ENSG00000165516,0.028286051231967944,False,False
ENSG00000124702,0.46119117072507054,False,False
ENSG00000104731,0.9153229121112986,False,False
ENSG00000179023,0.24585481549216193,False,False
ENSG00000130487,0.9314831751655464,False,False
ENSG00000162873,0.05709940402280089,False,False
ENSG00000185909,0.08569368195559113,True,False
ENSG00000162755,0.9153229121112986,True,False
ENSG00000150361,0.36787944117145116,False,False
ENSG00000161594,0.4729029127960922,False,True
ENSG00000178502,0.24276682484732415,False,False
ENSG00000117153,2.2741979895073718e-05,True,False
ENSG00000003096,0.0163939808866429,False,True
ENSG00000197705,0.0009314494742566338,False,True
ENSG00000174010,0.0006397714139681936,False,True
ENSG00000187961,0.2667771109015765,False,False
ENSG00000114648,0.716415207307324,False,False
ENSG00000109466,0.000201548638214541,False,True
ENSG00000076321,0.2566008922670948,False,True
ENSG00000162413,0.034191097171807044,True,False
ENSG00000099910,0.5414444368946989,False,False
ENSG00000213160,0.001770643479275125,False,False
ENSG00000114796,0.15597715923417532,False,False
ENSG00000183655,0.6494063470802454,False,True
ENSG00000167487,0.3297624949163444,False,True
ENSG00000179454,0.024163853404064625,False,False
ENSG00000119771,0.018422799806099538,True,False
ENSG00000146021,0.0008277968123855,False,True
ENSG00000168427,0.09031312025579095,False,False
ENSG00000124743,0.03291886815763896,True,False
ENSG00000186231,0.0002551589810063617,False,True
ENSG00000291793,0.00013694907908369058,False,True
ENSG00000185915,0.506531771182186,False,False
ENSG00000149243,0.7449925753652504,False,False
ENSG00000135686,0.00271069737375976,False,True
ENSG00000175946,0.1556221586248463,True,False
ENSG00000102271,0.0021052002689834997,False,True
ENSG00000109790,0.34585336351023777,True,False
ENSG00000172578,0.02326473176312134,False,True
ENSG00000122550,0.023813996818112353,False,False
ENSG00000145332,0.03314367906940811,False,False
ENSG00000198642,0.6216054675696967,False,True
ENSG00000167748,0.11706231551931837,False,False
ENSG00000129451,0.00042992065581123673,False,True
ENSG00000167757,0.00018955796024287995,False,False
ENSG00000186474,0.36787944117145116,False,False
ENSG00000167759,0.07568406834147139,False,False
ENSG00000129437,0.3578253511177706,True,False
ENSG00000174562,0.3223293429802801,False,False
ENSG00000167751,0.05304577584650623,False,False
ENSG00000142515,,False,False
ENSG00000167749,0.9970873807028403,False,False
ENSG00000167754,0.36787944117145116,False,False
ENSG00000167755,0.604277200562984,False,False
ENSG00000169035,0.05864400794802781,True,False
ENSG00000129455,0.3451413592667513,False,False
ENSG00000213022,,False,False
ENSG00000164344,2.294185929669267e-05,False,True
ENSG00000290915,0.36787944117145116,False,False
ENSG00000283059,0.7122479953939524,True,False
ENSG00000111796,0.00018737444647219393,False,True
ENSG00000134545,0.010834027133046063,False,True
ENSG00000205809,0.00021306379781287074,False,True
ENSG00000205810,0.0009185223275846057,False,True
ENSG00000183542,0.0012785446975953894,False,True
ENSG00000255819,0.001541535927003512,False,False
ENSG00000134539,0.0003130860228784774,False,True
ENSG00000150045,2.0735454763706585e-05,False,True
ENSG00000256797,0.12713573293203653,False,False
ENSG00000139187,0.00033513661954343943,False,True
ENSG00000188883,0.17284885793668522,False,False
ENSG00000213809,0.00028187696857336005,False,True
ENSG00000117009,0.0001677153121860176,False,True
ENSG00000162456,0.36787944117145116,False,False
ENSG00000171798,0.2066913639840161,False,True
ENSG00000113889,2.65698977099862e-05,False,True
ENSG00000184445,0.0004070745005356868,True,False
ENSG00000114030,0.35367469303578436,False,False
ENSG00000182481,2.7489635725221977e-05,True,False
ENSG00000102753,0.21666307870822382,False,True
ENSG00000186432,0.7668722115381088,False,False
ENSG00000196911,0.050005379159059664,False,True
ENSG00000025800,0.9703087278278311,False,True
ENSG00000185467,0.055152821116372285,True,False
ENSG00000108424,0.008340914623353957,False,False
ENSG00000203786,0.36787944117145116,False,False
ENSG00000118162,0.2917403444795648,True,False
ENSG00000133703,0.5541729169913099,False,True
ENSG00000172086,0.25735045617187385,False,True
ENSG00000183762,0.003671353278701104,False,False
ENSG00000131650,0.07904128667508314,True,False
ENSG00000129347,0.5182653724777226,True,False
ENSG00000001631,0.36520655802604113,False,False
ENSG00000111615,0.4363270726588312,False,False
ENSG00000167768,0.3442353254036491,False,False
ENSG00000186395,0.09583159386688303,True,False
ENSG00000187242,0.10813575058092938,False,False
ENSG00000171401,0.5962796833959243,False,False
ENSG00000186847,0.859248396162738,False,False
ENSG00000171346,0.854780058270137,False,False
ENSG00000186832,0.7795151885097006,False,False
ENSG00000227300,0.6268291673683261,False,False
ENSG00000214822,0.08410086026868609,False,False
ENSG00000128422,0.03314367906940811,False,False
ENSG00000111057,0.007307794165420352,False,False
ENSG00000265480,0.30949292111435706,False,False
ENSG00000171345,0.14566760813887525,False,False
ENSG00000216306,0.36787944117145116,False,False
ENSG00000172867,0.04111412154482537,False,False
ENSG00000263057,0.339918756816686,True,False
ENSG00000213424,0.9460872201279513,False,False
ENSG00000108244,0.0030819058289842725,False,False
ENSG00000167916,,False,False
ENSG00000204897,0.36787944117145116,False,False
ENSG00000186393,0.5962796833959243,False,False
ENSG00000171446,0.23941222754077204,False,False
ENSG00000173908,,False,False
ENSG00000186442,0.22006089930549202,False,False
ENSG00000292029,0.7548529769350754,False,False
ENSG00000108759,0.12713573293203653,False,False
ENSG00000261986,,False,False
ENSG00000292028,0.36787944117145116,False,False
ENSG00000292033,0.5962796833959243,False,False
ENSG00000197079,0.36787944117145116,False,False
ENSG00000126337,0.03042444548410942,False,True
ENSG00000108417,0.36787944117145116,False,False
ENSG00000171360,,False,False
ENSG00000262164,0.2827892229548017,False,False
ENSG00000170477,0.47478007542629785,False,False
ENSG00000204889,0.2962758545964308,False,False
ENSG00000214514,0.12496209638451258,False,False
ENSG00000186081,0.0626016814567508,False,False
ENSG00000205420,0.08535183160312061,False,False
ENSG00000185479,0.02711156749253195,False,False
ENSG00000170465,0.3329284125768907,False,False
ENSG00000135480,0.015152397635842769,False,False
ENSG00000139648,0.12713573293203653,False,False
ENSG00000170486,0.008478856602886897,False,False
ENSG00000186049,0.14958297587397373,False,False
ENSG00000170484,0.3223293429802801,False,False
ENSG00000170454,0.04111412154482537,False,False
ENSG00000185069,0.36669096210060714,False,False
ENSG00000189182,,False,False
ENSG00000170423,0.3451413592667513,False,False
ENSG00000185640,0.19593645433419785,False,False
ENSG00000170421,0.02279452717605955,True,False
ENSG00000167767,0.4092069448749911,False,False
ENSG00000205426,0.06574008051219692,False,False
ENSG00000161850,0.5962796833959243,False,False
ENSG00000170523,0.6302639395316159,False,False
ENSG00000161849,0.6810984720808795,False,False
ENSG00000135443,0.9057435773779963,False,True
ENSG00000170442,0.18614292271742505,False,False
ENSG00000213538,0.744848146159944,False,False
ENSG00000171403,0.5962796833959243,False,False
ENSG00000215455,0.36787944117145116,False,False
ENSG00000221859,0.36787944117145116,False,False
ENSG00000243489,,False,False
ENSG00000189169,,False,False
ENSG00000205445,,False,False
ENSG00000212935,,False,False
ENSG00000215454,0.40982196197707166,False,False
ENSG00000241123,,False,False
ENSG00000188155,0.9961001816629992,False,False
ENSG00000272804,0.36787944117145116,False,False
ENSG00000187766,,False,False
ENSG00000221837,,False,False
ENSG00000262808,0.047192803698725735,False,False
ENSG00000182591,,False,False
ENSG00000187175,,False,False
ENSG00000221864,,False,False
ENSG00000205439,,False,False
ENSG00000212933,0.36787944117145116,False,False
ENSG00000262347,,False,False
ENSG00000198390,,False,False
ENSG00000182816,,False,False
ENSG00000240432,,False,False
ENSG00000186971,,False,False
ENSG00000261862,,False,False
ENSG00000186970,,False,False
ENSG00000263186,0.36669096210060714,False,False
ENSG00000263341,,False,False
ENSG00000184351,0.5962796833959243,False,False
ENSG00000186965,,False,False
ENSG00000244025,0.19593645433419785,False,False
ENSG00000186967,0.5962796833959243,False,False
ENSG00000186977,0.5962796833959243,False,False
ENSG00000186925,,False,False
ENSG00000244362,,False,False
ENSG00000206102,,False,False
ENSG00000244624,,False,False
ENSG00000184032,0.36787944117145116,False,False
ENSG00000206104,,False,False
ENSG00000206105,0.11453898598791974,False,False
ENSG00000212725,0.3451413592667513,False,False
ENSG00000187005,,False,False
ENSG00000187026,,False,False
ENSG00000231068,,False,False
ENSG00000214518,0.36669096210060714,False,False
ENSG00000186924,,False,False
ENSG00000206106,0.36669096210060714,False,False
ENSG00000186980,,False,False
ENSG00000213417,0.7946732700886494,False,False
ENSG00000188694,,False,False
ENSG00000232263,,False,False
ENSG00000197683,,False,False
ENSG00000206107,,False,False
ENSG00000262068,,False,False
ENSG00000212900,0.5962796833959243,False,False
ENSG00000212899,,False,False
ENSG00000198443,,False,False
ENSG00000292038,0.5962796833959243,False,False
ENSG00000263236,,False,False
ENSG00000244537,,False,False
ENSG00000196156,,False,False
ENSG00000171396,0.36787944117145116,False,False
ENSG00000198271,,False,False
ENSG00000198090,0.36787944117145116,False,False
ENSG00000240871,0.36787944117145116,False,False
ENSG00000204880,0.5962796833959243,False,False
ENSG00000262121,,False,False
ENSG00000291433,0.0013477037128685366,True,False
ENSG00000204572,0.13345565695137562,False,False
ENSG00000204571,0.040635169553948886,False,False
ENSG00000281533,0.7508190494564504,False,False
ENSG00000291435,0.36787944117145116,False,False
ENSG00000291440,0.13883260247395265,False,False
ENSG00000277291,0.08181201330950282,False,False
ENSG00000277389,0.8389966298891142,False,False
ENSG00000244411,0.5806953070603822,True,False
ENSG00000241233,0.3421407212895679,False,False
ENSG00000254997,0.19845595482277023,False,True
ENSG00000184724,,False,False
ENSG00000186930,,False,False
ENSG00000212938,0.4375643892847785,False,False
ENSG00000274749,0.36787944117145116,False,False
ENSG00000183640,0.5962796833959243,False,False
ENSG00000240542,0.36787944117145116,False,False
ENSG00000262573,,False,False
ENSG00000292047,,False,False
ENSG00000241595,,False,False
ENSG00000187272,,False,False
ENSG00000262594,,False,False
ENSG00000163463,0.0001518805593129436,True,False
ENSG00000157992,0.17562111694644805,False,True
ENSG00000188508,1.0,False,False
ENSG00000141068,0.2135261202210473,False,False
ENSG00000171435,0.7123636938421116,False,True
ENSG00000198841,0.6864127675167437,True,False
ENSG00000126777,0.24585481549216193,False,False
ENSG00000186615,0.010533097217241593,True,False
ENSG00000105700,0.0039837861984937575,False,False
ENSG00000174611,0.14179985368836562,False,True
ENSG00000115919,0.09895626471281824,False,True
ENSG00000198910,0.0060824201031293035,False,True
ENSG00000240563,0.2581022096483296,False,True
ENSG00000087299,0.2351011513079887,False,False
ENSG00000185513,0.1440242693448326,False,False
ENSG00000100395,0.8264889020158215,False,False
ENSG00000198945,0.0004765187896497947,False,True
ENSG00000154655,0.651303345773445,False,False
ENSG00000179630,0.08323021207468165,False,True
ENSG00000135413,,False,False
ENSG00000103642,0.05249642488970277,False,True
ENSG00000147592,0.01102560211535161,True,False
ENSG00000159166,0.29344725534065114,False,False
ENSG00000089692,0.0034734204175539433,False,True
ENSG00000196976,0.001638137373867021,True,False
ENSG00000167613,0.27520789417939867,False,False
ENSG00000277335,0.6155909480306143,False,False
ENSG00000167531,,False,False
ENSG00000101680,0.09731983266364398,False,False
ENSG00000196569,6.71125482295813e-05,False,True
ENSG00000053747,0.10158844567345506,True,False
ENSG00000112769,0.00419853778956994,False,False
ENSG00000130702,0.13907027650998902,False,False
ENSG00000091136,0.2135261202210473,False,False
ENSG00000172037,0.7683649063695428,False,False
ENSG00000270441,0.9731431232675515,False,False
ENSG00000196878,0.8264889020158215,False,False
ENSG00000091128,0.013634178784480495,True,False
ENSG00000135862,4.62014772796492e-05,False,False
ENSG00000058085,0.06181151949281361,False,False
ENSG00000050555,0.00025230272682537466,False,True
ENSG00000185896,0.9884003241552884,False,True
ENSG00000005893,0.6084502925805204,False,False
ENSG00000078081,0.4931930286714282,False,False
ENSG00000125869,0.014717162072943641,False,False
ENSG00000149357,0.04136909411416726,True,False
ENSG00000116586,0.04683911786736658,True,False
ENSG00000109270,0.04230463891834747,False,True
ENSG00000115365,0.002365726993059368,True,False
ENSG00000132434,0.1890899731785458,False,False
ENSG00000147036,0.7682062778333459,True,False
ENSG00000002549,0.0038919009697310435,False,True
ENSG00000068697,0.4625383689040139,False,True
ENSG00000104341,0.022552034505303097,True,False
ENSG00000162511,0.023744635711437426,False,True
ENSG00000155506,7.156042211510632e-05,True,False
ENSG00000138709,3.878368310723017e-05,False,False
ENSG00000161813,0.01081327167645576,False,False
ENSG00000107929,0.014860593595874235,True,False
ENSG00000166173,0.7462764190832948,False,False
ENSG00000174720,0.006566556700442134,False,True
ENSG00000011376,0.10089937940989221,False,True
ENSG00000001497,0.1939310112391763,True,False
ENSG00000002834,0.0010721237785864073,False,False
ENSG00000213658,0.16728759262552026,False,True
ENSG00000086730,0.26368258289232765,False,False
ENSG00000131023,0.7419355118097588,False,False
ENSG00000150457,0.005060250306998134,False,True
ENSG00000122188,0.0013183227251264723,False,True
ENSG00000204381,0.061811519492814486,False,False
ENSG00000213626,0.009483136570542498,False,False
ENSG00000129988,0.4739191591638775,False,True
ENSG00000143815,0.0010054853880364552,True,False
ENSG00000138136,,False,False
ENSG00000179528,0.9460872201279513,False,False
ENSG00000135338,0.018156065120366018,False,True
ENSG00000157578,0.1517880998955445,False,True
ENSG00000213398,2.1853228579951525e-05,False,True
ENSG00000186844,,False,False
ENSG00000196734,0.36787944117145116,False,False
ENSG00000197084,0.12713573293203653,False,False
ENSG00000172155,,False,False
ENSG00000186226,,False,False
ENSG00000240386,0.36787944117145116,False,False
ENSG00000187173,,False,False
ENSG00000159455,,False,False
ENSG00000187180,0.36787944117145116,False,False
ENSG00000187223,0.015514613775927028,False,False
ENSG00000185962,,False,False
ENSG00000187238,,False,False
ENSG00000244057,,False,False
ENSG00000163202,0.36787944117145116,False,False
ENSG00000185966,0.36787944117145116,False,False
ENSG00000187170,,False,False
ENSG00000186207,0.3451413592667513,False,False
ENSG00000235942,0.36787944117145116,False,False
ENSG00000182866,0.01007238063511268,False,True
ENSG00000172954,0.28170537202137336,False,False
ENSG00000205629,0.38752206154707847,False,False
ENSG00000168806,0.8786975403013207,False,True
ENSG00000160349,0.7952438229602481,False,False
ENSG00000187922,0.9153093761465132,False,False
ENSG00000184925,0.0979987853811823,False,False
ENSG00000177984,0.1773762601454629,False,False
ENSG00000148346,0.0006491704344010326,False,False
ENSG00000267206,0.0017673696817576152,False,False
ENSG00000204001,0.5962796833959243,False,False
ENSG00000148386,,False,False
ENSG00000214402,0.4829812590159075,False,True
ENSG00000196233,0.29344725534065114,False,False
ENSG00000178177,0.7895702985492836,False,False
ENSG00000136167,0.0019213256038614745,False,True
ENSG00000043462,0.0011431786182940667,False,True
ENSG00000115850,0.7270030473831338,False,False
ENSG00000188501,0.001195468277001697,True,False
ENSG00000198728,0.5706317598354691,False,False
ENSG00000169744,1.7187684421774944e-05,False,True
ENSG00000122367,0.030787401353167106,False,True
ENSG00000134333,0.3662733729200411,False,False
ENSG00000166800,0.3942923823227182,False,True
ENSG00000171989,0.039019074910439815,False,False
ENSG00000111716,0.0035588841799445063,False,True
ENSG00000166796,0.1691847014776783,False,False
ENSG00000166816,6.355608909215791e-05,False,False
ENSG00000130164,0.7865054977525469,True,False
ENSG00000203985,0.001341633061024813,True,False
ENSG00000187942,0.32784434719504824,False,False
ENSG00000179241,0.8289031814174833,False,False
ENSG00000157978,0.10002030037277762,False,True
ENSG00000182195,0.006734672176793238,False,True
ENSG00000164406,0.0011332187516933357,False,True
ENSG00000145826,0.004507368357806039,False,True
ENSG00000138795,0.04230463891834747,False,False
ENSG00000243709,0.5898108833899778,False,True
ENSG00000143768,0.7123636938421116,False,False
ENSG00000197980,0.1695802895292542,False,True
ENSG00000203784,,False,False
ENSG00000186007,0.36669096210060714,False,False
ENSG00000161904,0.004546983646113874,True,False
ENSG00000174106,0.9260649655225167,False,False
ENSG00000163352,0.03830336409650814,True,False
ENSG00000276959,0.4865251421327479,True,False
ENSG00000276681,0.1517880998955445,True,False
ENSG00000278312,0.11742513441494493,False,False
ENSG00000166477,0.003099937406144877,True,False
ENSG00000174697,0.011472344689751389,True,False
ENSG00000116678,0.28170537202137336,False,True
ENSG00000213625,0.54514209189753,False,True
ENSG00000104660,0.6002241472793903,True,False
ENSG00000168924,0.547798724527359,True,False
ENSG00000165046,0.04502074081789541,True,False
ENSG00000050426,0.4625383689040139,True,False
ENSG00000213921,0.36787944117145116,False,False
ENSG00000106003,0.2928771782877895,False,False
ENSG00000100097,0.11077084324322485,True,False
ENSG00000133317,0.25157692525167535,False,True
ENSG00000105198,,False,False
ENSG00000006659,0.3546051069090394,False,False
ENSG00000249861,0.36787944117145116,False,False
ENSG00000291086,0.7050240882233447,False,False
ENSG00000100079,0.9703087278278311,False,False
ENSG00000131981,0.014307640344756328,False,False
ENSG00000108679,0.90999870276312,False,False
ENSG00000282992,0.023606518977166754,True,False
ENSG00000205076,0.9102543424696228,False,False
ENSG00000282902,0.7358116033598191,False,False
ENSG00000116977,0.6084502925805204,False,False
ENSG00000223776,0.10148972027241246,True,False
ENSG00000168961,0.33104749083823115,False,False
ENSG00000170298,0.3278443471950506,False,False
ENSG00000171916,0.19582577895800432,False,True
ENSG00000119862,0.027101472037745898,False,False
ENSG00000108231,0.07131130322085574,False,False
ENSG00000153012,0.031053409498759472,False,False
ENSG00000168481,0.05488942814701688,False,False
ENSG00000153902,0.6344279200793124,False,True
ENSG00000100600,0.1992831337984575,False,False
ENSG00000205213,0.5446123134242818,True,False
ENSG00000139292,0.6863695997717396,False,False
ENSG00000133067,0.6718860612012494,False,True
ENSG00000146166,0.0018048097557778445,False,True
ENSG00000104826,0.4538873773480113,False,False
ENSG00000138039,0.36787944117145116,False,False
ENSG00000182508,0.3606875302952723,False,False
ENSG00000145685,0.03225354336618163,False,False
ENSG00000187416,0.19413952851140473,False,False
ENSG00000156959,0.43154564503601756,True,False
ENSG00000197753,0.0706361989724119,False,False
ENSG00000107902,0.10696066620686197,False,True
ENSG00000274577,0.1474277732171907,False,False
ENSG00000106689,6.450289703571551e-06,False,True
ENSG00000107187,0.47580526524442013,False,False
ENSG00000121454,0.010908309587939334,True,False
ENSG00000089116,0.04111412154482537,False,False
ENSG00000106852,0.1471381875876579,False,False
ENSG00000162624,0.8315497217649173,False,False
ENSG00000143355,0.8929678831361794,False,True
ENSG00000121897,0.21660770101942134,False,False
ENSG00000128342,0.49607859644832597,False,False
ENSG00000113594,1.718768442177471e-05,False,True
ENSG00000105486,0.002121639036097222,True,False
ENSG00000005156,0.0004508283370385134,True,False
ENSG00000174405,0.014461484465498711,False,False
ENSG00000274935,0.00012383048477502436,False,True
ENSG00000278634,0.0003437167102983756,False,True
ENSG00000273884,0.14355785779150163,False,False
ENSG00000239961,0.04169213079332189,False,True
ENSG00000274113,0.012572088378453148,False,True
ENSG00000274148,0.027313097883434164,False,True
ENSG00000277134,0.0008079179327973297,False,True
ENSG00000274513,0.0020546455651842574,False,True
ENSG00000204577,0.14042903738529242,False,False
ENSG00000186818,0.11077084324322327,False,True
ENSG00000105609,0.00010155154119522864,False,True
ENSG00000293070,0.5694105019051227,False,False
ENSG00000105370,0.11690803664537147,False,False
ENSG00000050405,0.09857215548341693,False,False
ENSG00000064042,0.3259373568695716,False,False
ENSG00000144791,0.22834260631380535,False,False
ENSG00000136490,0.03565087720139256,False,True
ENSG00000203896,0.011733483322113903,False,True
ENSG00000106683,0.11077084324322485,False,False
ENSG00000182541,0.11926615740755662,True,False
ENSG00000169756,0.03635092124261288,False,False
ENSG00000072163,0.00013025220880224668,False,True
ENSG00000256977,0.07414055661822261,False,False
ENSG00000284337,0.3259373568695716,False,False
ENSG00000131914,0.02472817397346224,True,False
ENSG00000187772,0.23362937117121452,False,False
ENSG00000267796,0.17358396891838315,True,False
ENSG00000205659,0.9153229121112986,False,False
ENSG00000189308,0.38827636215888445,False,False
ENSG00000111052,0.7638955157717768,False,False
ENSG00000104863,0.596152875121186,True,False
ENSG00000148943,0.025941266625422576,False,False
ENSG00000183814,7.541798719053957e-05,False,False
ENSG00000233354,0.33363319844946754,False,False
ENSG00000125514,0.36787944117145116,False,False
ENSG00000254008,0.36787944117145116,False,False
ENSG00000259527,0.5962796833959243,False,False
ENSG00000225194,0.011597197791629885,False,True
ENSG00000230542,0.3615131761171641,False,False
ENSG00000227702,0.5962796833959243,False,False
ENSG00000232401,,False,False
ENSG00000225298,0.36787944117145116,False,False
ENSG00000223806,0.24865153844634164,False,False
ENSG00000225880,0.7826912205822796,True,False
ENSG00000185433,0.9908773137016735,False,False
ENSG00000230323,,False,False
ENSG00000230978,0.7548529769350754,False,False
ENSG00000226935,0.11028034506236645,False,False
ENSG00000234880,,False,False
ENSG00000196668,0.22811713840478526,False,False
ENSG00000179406,0.05143541717902596,False,False
ENSG00000224939,0.015108264470090416,True,False
ENSG00000215533,0.3503696148366527,False,True
ENSG00000229205,0.06505465033082103,False,False
ENSG00000187012,0.36787944117145116,False,False
ENSG00000292287,,False,False
ENSG00000270816,0.0455843180610938,True,False
ENSG00000203801,0.7872355226292055,False,False
ENSG00000276210,,False,False
ENSG00000234300,0.36787944117145116,False,False
ENSG00000277142,0.2797461086935032,False,False
ENSG00000258512,0.2226871836262139,True,False
ENSG00000224843,0.4431679264255014,False,True
ENSG00000229214,0.00896315529414574,False,False
ENSG00000279418,0.0673413948092521,False,False
ENSG00000280725,0.36787944117145116,False,False
ENSG00000281219,,False,False
ENSG00000259974,0.00020213738746996504,False,False
ENSG00000188185,0.8240816544909277,False,False
ENSG00000203729,0.33363319844946754,False,False
ENSG00000256642,0.03450282029361908,True,False
ENSG00000248197,,False,False
ENSG00000253314,,False,False
ENSG00000280798,0.716415207307324,True,False
ENSG00000236790,0.5932469516056091,False,True
ENSG00000181995,,False,False
ENSG00000176754,0.36787944117145116,False,False
ENSG00000180422,0.666111894361797,False,False
ENSG00000179676,0.21153237924169957,False,False
ENSG00000227342,,False,False
ENSG00000262510,0.12713573293203653,False,False
ENSG00000230923,0.36787944117145116,False,False
ENSG00000227456,0.0003149178227752598,False,True
ENSG00000179219,0.8385323155809257,False,False
ENSG00000185186,0.7911071745580447,False,False
ENSG00000178457,0.36669096210060714,False,False
ENSG00000238265,,False,False
ENSG00000224924,,False,False
ENSG00000226496,0.7586264326095181,False,False
ENSG00000178977,0.045108372402551396,False,True
ENSG00000231023,0.36787944117145116,False,False
ENSG00000232977,0.7211501761183068,False,False
ENSG00000235097,0.1106079342813776,False,False
ENSG00000197251,0.6715522516559562,False,False
ENSG00000218510,0.4666036214822298,True,False
ENSG00000236678,0.36787944117145116,False,False
ENSG00000231674,0.1708884435622382,False,True
ENSG00000236834,0.19770694516663712,False,False
ENSG00000238121,0.012794051854565006,False,True
ENSG00000232685,0.5962796833959243,False,False
ENSG00000233532,0.1392269460806625,False,False
ENSG00000224209,0.5913412035883667,False,False
ENSG00000153363,0.005179719497162834,False,False
ENSG00000177338,0.20864134953145458,False,False
ENSG00000132204,0.4457608079422838,False,False
ENSG00000181798,0.25786848708538984,False,False
ENSG00000233237,0.013923381811684897,False,True
ENSG00000204148,,False,False
ENSG00000225511,0.008004485136552726,False,False
ENSG00000197503,0.26087350205309817,False,False
ENSG00000236384,0.3962154272310044,True,False
ENSG00000185168,0.01880282457732865,True,False
ENSG00000258169,0.4576177946128047,False,False
ENSG00000230876,,False,False
ENSG00000205837,0.001087318865511831,False,True
ENSG00000214381,0.9142282329733546,False,True
ENSG00000235621,0.9422274619172206,False,False
ENSG00000227036,0.7452910026584371,False,False
ENSG00000260583,0.23134927400542474,False,False
ENSG00000183674,0.9935751794466272,False,False
ENSG00000258791,0.16752993876807612,False,False
ENSG00000196273,0.7594321658277087,False,False
ENSG00000146666,0.6953978545213143,False,False
ENSG00000264575,0.1962069482372066,False,False
ENSG00000249917,0.9662078919206161,False,False
ENSG00000281664,0.24374778834368566,False,False
ENSG00000275226,0.7259999664036464,False,False
ENSG00000281778,0.36787944117145116,False,False
ENSG00000288305,0.9961001816629992,False,False
ENSG00000231690,0.00044733525366535737,False,False
ENSG00000231782,,False,False
ENSG00000169783,0.3749208469750593,False,False
ENSG00000174482,0.24145889228299178,False,False
ENSG00000220008,0.04917283408266938,False,True
ENSG00000213171,0.0583087613267626,False,True
ENSG00000107798,0.00471812317645256,False,True
ENSG00000166035,0.00931861402666279,False,True
ENSG00000079435,0.14042903738529242,False,True
ENSG00000182333,,False,False
ENSG00000101670,9.844058742735422e-05,False,True
ENSG00000163898,0.18589272714537391,True,False
ENSG00000188992,0.05594976210989909,False,False
ENSG00000204022,0.0014303411245127605,False,False
ENSG00000204021,,False,False
ENSG00000173239,,False,False
ENSG00000204020,0.12543111787042216,False,False
ENSG00000144182,0.9646646794477857,False,True
ENSG00000175536,0.3297624949163444,False,False
ENSG00000189067,0.159039941680496,True,False
ENSG00000145721,0.704074256233937,False,False
ENSG00000271601,0.17510959949224233,True,False
ENSG00000131899,0.12208195314395245,False,False
ENSG00000073350,0.9932170803579593,False,True
ENSG00000139233,0.0005282501115359847,False,False
ENSG00000074695,0.008529540927726238,False,False
ENSG00000140506,0.7259999664036464,False,False
ENSG00000169223,0.012994640457254694,True,False
ENSG00000114988,0.8468247216543837,False,False
ENSG00000105983,0.2803391992834693,False,True
ENSG00000139636,0.9534748818673352,False,False
ENSG00000168216,0.23925192301841006,False,False
ENSG00000164187,0.669929112893902,False,False
ENSG00000071282,0.012682584540782969,False,False
ENSG00000103227,0.3684163607179038,False,True
ENSG00000100258,0.2877960642431097,True,False
ENSG00000185621,0.042058563188110264,False,False
ENSG00000160789,0.0006574278733224964,False,False
ENSG00000113368,0.0022230026517241204,False,False
ENSG00000176619,0.010533097217241593,True,False
ENSG00000166407,0.7517956943498353,False,False
ENSG00000135363,0.002288799673516974,False,True
ENSG00000048540,0.4564197364630056,False,True
ENSG00000143013,0.0223990658674891,False,True
ENSG00000136153,0.006206497925665607,False,False
ENSG00000163431,0.17785501511810992,False,False
ENSG00000170807,0.03219506957038134,False,True
ENSG00000163380,0.3526445732999315,False,False
ENSG00000164715,0.13705674616225733,False,False
ENSG00000142235,0.2720155718170121,False,False
ENSG00000162761,0.9570433814972568,False,False
ENSG00000136944,0.4978326129244781,False,False
ENSG00000206535,0.0007210457473896496,False,True
ENSG00000113441,0.5382949871275216,False,False
ENSG00000072201,0.9816960841823692,False,False
ENSG00000139517,0.03382736554424396,False,False
ENSG00000253557,0.03780901400459745,False,False
ENSG00000292993,0.24585481549216193,False,True
ENSG00000290598,0.41270015859335596,False,False
ENSG00000237250,0.39993721202386207,False,False
ENSG00000215022,0.32121826968583733,False,False
ENSG00000297639,0.5962796833959243,False,False
ENSG00000291021,0.5962796833959243,False,False
ENSG00000287252,0.21993672026753808,False,True
ENSG00000267882,0.5241640167528043,False,False
ENSG00000255428,0.8286935958838074,False,False
ENSG00000290941,0.21243947386381845,False,False
ENSG00000293232,0.0006261886191607361,True,False
ENSG00000301761,,False,False
ENSG00000291180,0.0006050013545658743,False,True
ENSG00000236854,0.5622535712160762,False,False
ENSG00000293136,0.24490050396881355,False,False
ENSG00000261253,0.869396258771059,False,False
ENSG00000204117,0.9145581792073539,False,False
ENSG00000268181,0.36787944117145116,False,False
ENSG00000267244,0.04563775557348399,False,False
ENSG00000290733,0.9215235291338347,False,True
ENSG00000187951,0.000771828879790447,False,False
ENSG00000248489,0.42667792929805504,False,False
ENSG00000286288,0.7529895627358438,False,False
ENSG00000286760,0.01185964860034566,False,False
ENSG00000234859,,False,False
ENSG00000309702,0.2847722122768945,False,True
ENSG00000257545,0.16895653641471803,False,False
ENSG00000229727,0.9961001816629992,False,False
ENSG00000225649,0.37724406644396336,False,False
ENSG00000246090,0.02226877598366307,False,True
ENSG00000247363,0.9816960841823692,False,False
ENSG00000290732,0.8264889020158215,False,False
ENSG00000295187,,False,False
ENSG00000284954,0.1286629523173662,False,False
ENSG00000304501,0.5841040013440686,False,False
ENSG00000236366,0.017808822992865625,True,False
ENSG00000230960,0.12713573293203653,False,False
ENSG00000293530,0.504836992537959,False,True
ENSG00000290600,0.10800570596723044,False,False
ENSG00000275465,0.011990007835717428,False,True
ENSG00000284948,0.0013968520578547484,True,False
ENSG00000228021,0.3925876559849763,False,True
ENSG00000281367,0.1823232029881416,False,False
ENSG00000274253,0.4739191591638775,False,False
ENSG00000293116,0.4699690267732317,False,False
ENSG00000290755,0.4711227104504646,True,False
ENSG00000204684,0.502041474780758,False,False
ENSG00000230725,0.059319649503131816,False,False
ENSG00000282734,0.5962796833959243,False,False
ENSG00000253614,0.3269563801179535,False,False
ENSG00000293222,0.12713573293203653,False,False
ENSG00000284837,0.05558108639375334,True,False
ENSG00000263547,,False,False
ENSG00000230736,0.6755724674619287,False,False
ENSG00000224715,0.7842879922935204,False,False
ENSG00000293349,0.6507818570714412,False,False
ENSG00000234352,0.7594321658277087,False,False
ENSG00000284634,0.5310173297198827,False,False
ENSG00000269210,0.1507475090043113,False,False
ENSG00000275496,,False,False
ENSG00000254923,0.36787944117145116,False,False
ENSG00000291211,0.09298623193068865,True,False
ENSG00000290731,0.7324004634445596,True,False
ENSG00000290654,0.10048201458225464,False,False
ENSG00000291065,0.14571451043171124,False,False
ENSG00000291024,0.694405833951591,False,True
ENSG00000249574,0.7124194297401178,False,False
ENSG00000272447,0.2086011831321167,False,True
ENSG00000290971,0.33363319844946754,False,False
ENSG00000290424,0.28949927023183614,False,True
ENSG00000291184,0.3411332574705282,False,False
ENSG00000291228,0.7895702985492836,True,False
ENSG00000291233,0.0002577577106787941,False,True
ENSG00000291113,0.09389473701933883,False,False
ENSG00000284691,0.0058037763675435105,True,False
ENSG00000291006,0.8668176978057108,True,False
ENSG00000280424,0.6189950926457328,True,False
ENSG00000281234,0.27069639122831485,False,False
ENSG00000196365,0.7419355118097588,False,False
ENSG00000102910,0.028368678392087458,False,False
ENSG00000154359,0.45187001429844487,False,False
ENSG00000170500,0.161847833037394,True,False
ENSG00000175556,0.5807064113317143,False,False
ENSG00000113083,0.02064239389742853,False,False
ENSG00000167210,0.7764872837196991,False,False
ENSG00000129038,0.08771685357050264,False,False
ENSG00000134013,0.0027265570890029453,False,False
ENSG00000115318,0.17024109839574567,False,False
ENSG00000138131,0.016651010149612216,False,False
ENSG00000198670,2.748963572522159e-05,False,True
ENSG00000213071,0.00010155154119522864,False,False
ENSG00000198121,0.010370505627289483,False,True
ENSG00000064547,0.8097846959737904,False,False
ENSG00000171517,0.39291107173994877,False,False
ENSG00000147145,0.03897733790363527,False,False
ENSG00000184574,0.000629283594820621,False,True
ENSG00000139679,0.004202621969977131,False,True
ENSG00000153395,0.05985974156887252,True,False
ENSG00000087253,0.5762070137928841,False,True
ENSG00000111684,0.5574702528721746,False,False
ENSG00000176454,0.1415255982567641,False,False
ENSG00000123684,0.0005386228813493541,True,False
ENSG00000134324,0.47207959171908154,False,True
ENSG00000101577,0.00019292040501092661,False,False
ENSG00000132793,0.0643879121418574,False,False
ENSG00000175445,2.7276642038718503e-05,True,False
ENSG00000167419,0.4699686426412283,False,False
ENSG00000145012,0.8082115353306712,False,False
ENSG00000270959,0.4794809831420318,True,False
ENSG00000110031,0.008807653883909673,False,True
ENSG00000121207,2.54324488258417e-05,False,True
ENSG00000198589,0.005555318544139675,False,True
ENSG00000136141,0.004442108381306341,False,True
ENSG00000130224,0.033286265100949834,False,False
ENSG00000186001,0.90999870276312,False,False
ENSG00000077454,0.5430260650907353,False,True
ENSG00000128011,0.4960785964483295,False,True
ENSG00000156564,0.48750374804542196,False,False
ENSG00000126243,0.16518642360838853,False,False
ENSG00000173621,0.5382949871275255,False,False
ENSG00000165379,0.8047036782828553,False,False
ENSG00000171236,0.03379449152783904,False,True
ENSG00000155530,0.006452633780019054,False,True
ENSG00000121931,0.07299210558243689,True,False
ENSG00000144749,0.32404145904006687,False,False
ENSG00000198799,0.2877960642431118,False,False
ENSG00000139263,0.8370018293859048,False,False
ENSG00000148602,,False,False
ENSG00000204033,0.17686918131043766,False,False
ENSG00000183423,0.0037806262342036444,False,True
ENSG00000123384,0.014546095543015796,False,False
ENSG00000197324,0.31137799375670927,True,False
ENSG00000120256,0.09005007251894852,True,False
ENSG00000147650,0.007792117107800387,True,False
ENSG00000168702,0.10156179709154618,False,True
ENSG00000081479,0.17592246811165207,False,True
ENSG00000109771,0.11338607018522556,False,True
ENSG00000130881,0.9646646794477719,False,False
ENSG00000134569,0.27681807718123913,False,False
ENSG00000162337,0.18726037965393566,False,False
ENSG00000100068,0.040375648345516504,False,False
ENSG00000070018,0.010043043624906588,False,False
ENSG00000157193,1.0,False,False
ENSG00000163956,0.6325800730766368,False,False
ENSG00000138095,0.007509475215611348,True,False
ENSG00000165501,0.5542275848558886,False,False
ENSG00000137269,2.496693542349781e-05,True,False
ENSG00000198812,0.36669096210060714,False,False
ENSG00000204950,0.3741310185869717,False,False
ENSG00000160959,0.0001551643367382819,True,False
ENSG00000185028,0.8315497217649173,False,False
ENSG00000172061,0.003585991919902152,False,False
ENSG00000128606,0.03402528228336534,False,False
ENSG00000165383,0.00809404140311177,False,False
ENSG00000184434,0.0431651180513847,False,True
ENSG00000163827,0.2506824442099173,False,False
ENSG00000172731,0.5739704051993206,True,False
ENSG00000010626,0.8224807192892474,False,True
ENSG00000254402,0.02319697045644532,True,False
ENSG00000175489,0.010043043624906588,False,True
ENSG00000184709,0.5036811546634191,False,False
ENSG00000148814,0.10158844567345506,False,True
ENSG00000168904,0.9506977725270581,False,False
ENSG00000160233,0.00011681321282780664,False,True
ENSG00000206422,,False,False
ENSG00000114248,0.41562260194879497,False,True
ENSG00000137507,0.04406795685040955,False,False
ENSG00000171757,0.015480004417917977,False,True
ENSG00000159708,0.3185451453663453,False,False
ENSG00000176681,0.11811216396395953,True,False
ENSG00000274332,0.46119117072507054,True,False
ENSG00000176809,0.16566895420133448,True,False
ENSG00000185158,0.14360478147867944,False,False
ENSG00000250462,0.16153341286821266,True,False
ENSG00000162494,0.16895653641471803,False,False
ENSG00000122477,0.8145225744292595,False,True
ENSG00000179796,0.33458858012091974,False,False
ENSG00000204913,0.15861058917405815,True,False
ENSG00000128594,1.2653347903043506e-05,False,True
ENSG00000066557,0.027633639139866543,False,False
ENSG00000132128,0.9932170803579593,False,True
ENSG00000116212,0.03272738715868494,True,False
ENSG00000158113,0.005507731396726287,False,True
ENSG00000169683,0.2014259426585675,True,False
ENSG00000141294,0.5382949871275216,True,False
ENSG00000130764,0.9405840623298023,False,True
ENSG00000137821,0.06495381789895441,False,False
ENSG00000131409,0.10070336319299901,False,False
ENSG00000148948,0.0002308039641865899,False,True
ENSG00000162763,0.5339961099129698,False,False
ENSG00000183908,0.0006310815888828549,False,True
ENSG00000161328,0.3684163607179038,True,False
ENSG00000180979,0.002384200121562366,True,False
ENSG00000163428,0.7019357058822984,False,False
ENSG00000108829,6.355608909215881e-05,True,False
ENSG00000127399,0.6264593656375133,False,False
ENSG00000188993,0.5875214699347704,False,True
ENSG00000214954,0.005139586278891727,False,False
ENSG00000033122,0.047917510959447775,False,True
ENSG00000186105,0.005686475970612797,False,True
ENSG00000160838,0.053039738897299876,False,False
ENSG00000205858,,False,False
ENSG00000204052,0.3278443471950506,False,False
ENSG00000136802,0.2378602531407626,False,False
ENSG00000197147,0.5762070137928841,False,False
ENSG00000171488,0.011699308152167177,False,True
ENSG00000171492,0.8634530530416704,False,False
ENSG00000171017,0.0008039998127901228,True,False
ENSG00000133739,0.9424148823115995,False,False
ENSG00000240720,0.17238555573516795,False,False
ENSG00000124831,0.09226576111285263,False,False
ENSG00000093167,0.19393101123917492,False,True
ENSG00000133640,0.14217086370430548,False,False
ENSG00000162620,0.11516376763724923,False,True
ENSG00000188306,0.2780534292516602,False,False
ENSG00000154237,0.004272664061538916,False,True
ENSG00000188906,0.0003186136376921938,False,True
ENSG00000175928,4.0574728956667084e-05,False,True
ENSG00000170382,0.47622870216349256,False,False
ENSG00000173114,4.175810817071359e-05,False,True
ENSG00000125872,0.10563124430243544,False,True
ENSG00000177363,0.16279477037150744,False,False
ENSG00000162951,0.007762177354046885,False,True
ENSG00000146006,0.005118856918849837,False,True
ENSG00000198739,0.040635169553948886,False,False
ENSG00000176204,0.42629303632259985,False,False
ENSG00000148356,0.9874397796982158,True,False
ENSG00000144771,,False,False
ENSG00000166159,0.5962796833959243,False,False
ENSG00000284922,0.6864127675167437,False,False
ENSG00000161036,0.9731431232675515,False,False
ENSG00000185565,0.13705674616225733,False,False
ENSG00000041802,0.32028268315495023,True,False
ENSG00000175324,0.19620694823720938,True,False
ENSG00000181817,0.9534748818673352,False,False
ENSG00000155858,0.46979017045706384,True,False
ENSG00000161654,0.06629368263435294,True,False
ENSG00000262860,0.47622870216349256,True,False
ENSG00000149657,0.07897305842632306,True,False
ENSG00000225998,0.0013304135634783815,True,False
ENSG00000170860,0.25961231091905224,False,False
ENSG00000130520,0.0001228710282104746,True,False
ENSG00000106355,0.14973595039385612,True,False
ENSG00000164167,0.6494063470802454,False,True
ENSG00000130332,0.3662733729200411,True,False
ENSG00000130592,0.596152875121186,False,True
ENSG00000105699,0.7683649063695428,False,False
ENSG00000281289,0.4625383689040139,True,False
ENSG00000223465,0.002379568359792589,False,True
ENSG00000173503,0.3074670175579975,False,False
ENSG00000111144,0.5019004793146815,True,False
ENSG00000236925,0.21043458021775974,False,True
ENSG00000213903,0.013172733592997046,False,True
ENSG00000213906,0.014759795383680283,False,True
ENSG00000049323,0.0005947785885480297,False,True
ENSG00000119681,0.022010465400793915,False,False
ENSG00000168056,0.843537681746238,False,False
ENSG00000090006,0.005604144273101112,False,True
ENSG00000111321,0.6013924664189623,True,False
ENSG00000213316,0.024163853404064975,False,True
ENSG00000012223,0.01778911203491826,False,True
ENSG00000062524,0.012010503166046477,False,True
ENSG00000198862,0.029066691790402662,False,False
ENSG00000135521,0.13920555886947328,True,False
ENSG00000007392,0.6375196679718531,False,False
ENSG00000146963,0.2738732319413783,False,False
ENSG00000108848,0.8264889020158215,False,True
ENSG00000139329,0.0013697914968163478,False,False
ENSG00000171357,0.6338113721005718,False,False
ENSG00000153714,0.9153229121113116,False,False
ENSG00000169641,0.6777912719387762,False,False
ENSG00000187398,0.6749296880791247,False,False
ENSG00000102021,0.11662738879429377,False,False
ENSG00000079257,0.014127933230027591,False,False
ENSG00000167656,0.12713573293203653,False,False
ENSG00000160932,0.041248601692345205,False,True
ENSG00000240053,0.0586499135187321,True,False
ENSG00000226404,0.974089760472383,False,False
ENSG00000236183,0.5161610282381531,False,False
ENSG00000206402,0.36669096210060714,False,False
ENSG00000255552,,False,False
ENSG00000240957,0.36787944117145116,False,False
ENSG00000176956,0.0004372381742972261,False,False
ENSG00000160886,0.7438905339434184,False,False
ENSG00000054219,0.004202621969977131,False,True
ENSG00000248672,0.9414555851219718,False,False
ENSG00000112799,0.01749749383231547,False,True
ENSG00000216863,0.4785756175881992,False,False
ENSG00000122224,0.0032765873380317463,False,True
ENSG00000154589,0.6666801905045303,False,False
ENSG00000145220,0.003999309943909475,True,False
ENSG00000144214,0.33104749083823115,False,False
ENSG00000185674,0.09784850311643188,False,False
ENSG00000104903,0.3368922200202556,False,False
ENSG00000254087,0.8838386131886712,False,True
ENSG00000180155,0.8050743765976687,True,False
ENSG00000150551,0.007769421637146481,False,False
ENSG00000197353,0.0003167311872397397,False,True
ENSG00000124466,0.2506824442099173,True,False
ENSG00000273111,0.7548529769350754,False,False
ENSG00000159871,0.10800570596723044,False,True
ENSG00000187123,0.0016662765196317577,False,True
ENSG00000150556,0.0014912232716615542,False,True
ENSG00000120992,0.15780767713474528,True,False
ENSG00000011009,0.24158949047348857,True,False
ENSG00000143353,0.061811519492814486,True,False
ENSG00000102897,0.03779251764105622,False,False
ENSG00000083099,0.5762070137928801,False,True
ENSG00000214113,0.00023616104372707562,True,False
ENSG00000186687,0.13920555886947225,False,True
ENSG00000163155,0.0005470675564510819,True,False
ENSG00000140280,0.7773822889285338,False,True
ENSG00000176018,0.05696388145459248,False,False
ENSG00000183060,0.001495057418253519,False,False
ENSG00000143669,0.23786025314076092,False,False
ENSG00000133800,2.0178565211126582e-05,False,True
ENSG00000090382,0.15903994168049718,False,False
ENSG00000120563,0.21276618240265502,False,False
ENSG00000151033,0.10257558485494644,False,False
ENSG00000157093,0.12713573293203653,False,False
ENSG00000277042,0.12713573293203653,False,False
ENSG00000162441,0.7668722115381088,False,False
ENSG00000163818,0.002097028711018977,False,True
ENSG00000099949,0.1379927398276936,True,False
ENSG00000061337,0.14915473443257996,False,False
ENSG00000107816,0.06707169252601035,False,False
ENSG00000003056,0.7865054977525469,False,False
ENSG00000180660,0.009972370552789274,False,False
ENSG00000181541,0.1717373484599543,False,True
ENSG00000173212,0.8082115353306712,True,False
ENSG00000183742,0.044585129904799264,False,True
ENSG00000127603,0.0015771833224145172,False,False
ENSG00000133315,0.03921495374876789,False,True
ENSG00000172264,0.6338113721005718,False,False
ENSG00000235914,,False,False
ENSG00000002822,0.8838386131886712,False,False
ENSG00000164109,0.0003223528259812073,False,False
ENSG00000124688,0.14828713784902875,False,False
ENSG00000116670,0.7019357058822984,False,True
ENSG00000099866,0.3831120154141775,False,False
ENSG00000110514,0.3259373568695716,False,True
ENSG00000090316,0.37932084582780345,True,False
ENSG00000143194,0.06840066095426854,True,False
ENSG00000178573,2.0735454763706585e-05,False,True
ENSG00000179632,0.001470548833662921,True,False
ENSG00000182759,0.003420719163074598,True,False
ENSG00000204103,0.0005190855222138568,False,True
ENSG00000185022,0.0335326469037065,True,False
ENSG00000197063,4.063661580699273e-05,True,False
ENSG00000264769,0.000266939614129865,True,False
ENSG00000274847,,False,False
ENSG00000198517,0.5310173297198827,True,False
ENSG00000105695,0.05781523039645524,False,False
ENSG00000198681,0.01927021490125466,True,False
ENSG00000124260,0.05371979587890225,True,False
ENSG00000185247,0.33262581458205576,False,False
ENSG00000213401,0.06759832804059093,False,False
ENSG00000268606,0.012274846029442463,False,False
ENSG00000292187,0.014377948268899668,False,False
ENSG00000292186,0.04350805578989665,False,False
ENSG00000147381,0.1721077142998913,False,False
ENSG00000292195,0.11862690574910624,False,False
ENSG00000156009,0.3078046599435346,False,False
ENSG00000123584,0.037646958723693814,False,False
ENSG00000267978,0.030949207459395032,False,False
ENSG00000214107,0.20368418997906299,False,False
ENSG00000177689,0.7665111835803285,False,False
ENSG00000189023,0.20468847405526705,False,False
ENSG00000176774,,False,False
ENSG00000099399,0.16826999251491118,False,False
ENSG00000198798,,False,False
ENSG00000120289,,False,False
ENSG00000176746,0.3223293429802801,False,False
ENSG00000155495,0.03536230447540174,False,False
ENSG00000046774,0.027006109989658536,False,False
ENSG00000165509,0.02252159756055972,False,False
ENSG00000179222,0.00936402628606458,True,False
ENSG00000102316,0.021088698726644022,True,False
ENSG00000154545,0.002434241220176491,True,False
ENSG00000187243,0.0713085573232822,False,False
ENSG00000198934,0.2720155718170121,True,False
ENSG00000186675,0.3223293429802801,False,False
ENSG00000177383,0.2917403444795648,False,False
ENSG00000187601,0.1752799395561437,False,True
ENSG00000254585,0.005580246142167742,False,True
ENSG00000151276,0.0016997936459394747,False,False
ENSG00000187391,0.025466439864908118,False,True
ENSG00000234456,0.0016461204837098088,False,True
ENSG00000081026,0.08453511783334182,False,False
ENSG00000269313,0.34350746793762077,True,False
ENSG00000162385,0.7668722115381088,True,False
ENSG00000111196,0.15765431691636933,False,False
ENSG00000102158,0.32784434719504824,False,False
ENSG00000111837,0.7594521225252041,False,False
ENSG00000198042,0.90999870276312,False,False
ENSG00000172005,0.0661559530051536,False,True
ENSG00000147676,0.009782825958998877,True,False
ENSG00000251562,0.843537681746238,True,False
ENSG00000144063,0.6777912719387762,False,True
ENSG00000156928,0.7108643183251449,True,False
ENSG00000172175,0.038236043349494396,False,True
ENSG00000165072,0.004198537789569882,False,True
ENSG00000177943,0.020127104393798265,False,True
ENSG00000161021,0.46979017045706384,False,False
ENSG00000184384,0.0497145101076509,False,True
ENSG00000196782,0.4576177946128047,False,False
ENSG00000013619,0.15267617986527876,False,True
ENSG00000176909,0.001589498991244134,False,False
ENSG00000111885,0.005286566542001696,False,True
ENSG00000198162,0.2037898387282614,False,False
ENSG00000177239,0.014688215527301877,True,False
ENSG00000117643,1.654814159874494e-05,False,True
ENSG00000112893,0.4492415970235619,False,True
ENSG00000196547,0.6468856075164668,False,False
ENSG00000104774,0.3278443471950506,False,False
ENSG00000013288,0.018280057279947668,False,True
ENSG00000140400,0.9932170803579593,False,False
ENSG00000109323,0.28835625105277746,False,True
ENSG00000101363,0.00021262002847935446,True,False
ENSG00000172469,0.01885775002394929,False,False
ENSG00000185090,0.010802763152816289,True,False
ENSG00000145050,0.0020787584898257056,False,False
ENSG00000281818,0.21624216950861125,False,False
ENSG00000205693,0.19314366342179135,False,False
ENSG00000189221,0.0004365928546731083,False,False
ENSG00000069535,0.00018163437366388883,False,False
ENSG00000166963,0.07951238454121316,False,False
ENSG00000131711,0.11742513441494416,False,False
ENSG00000101460,0.057185854409347175,False,True
ENSG00000140941,0.12375510123331274,True,False
ENSG00000258102,0.09353027464612838,False,False
ENSG00000197769,0.27601181150784243,False,False
ENSG00000130479,0.44532760991231046,False,False
ENSG00000078018,0.323411946933161,False,False
ENSG00000169032,0.0013124265965605967,False,False
ENSG00000126934,0.3475388054239949,True,False
ENSG00000034152,0.7234148119575021,False,False
ENSG00000065559,0.00023387600074407247,False,True
ENSG00000137764,0.735471448709095,False,True
ENSG00000108984,0.24276682484732598,False,False
ENSG00000076984,0.42875725233373474,False,False
ENSG00000095015,0.3974433123556157,False,True
ENSG00000130758,0.10948593736855652,True,False
ENSG00000173327,0.10158844567345506,False,False
ENSG00000139625,0.5841040013440686,False,False
ENSG00000073803,0.3886540628705118,True,False
ENSG00000006062,0.13272900379834746,False,True
ENSG00000180815,0.5706317598354691,False,True
ENSG00000169967,0.08306852157274283,False,False
ENSG00000198909,0.1752799395561437,False,True
ENSG00000085511,0.9405840623298023,True,False
ENSG00000197442,0.012139647123731471,False,False
ENSG00000142733,0.4431679264255014,False,False
ENSG00000135341,0.8097846959737904,False,False
ENSG00000107968,0.9424148823115995,True,False
ENSG00000006432,0.06852183539348727,True,False
ENSG00000047849,0.026761071578449175,False,False
ENSG00000104814,0.006452633780019054,False,True
ENSG00000168067,0.012719631986359116,False,False
ENSG00000011566,0.42378380719059094,True,False
ENSG00000071054,0.009994338368391463,False,False
ENSG00000012983,0.8994430127919598,False,False
ENSG00000171533,0.2449005039688101,False,False
ENSG00000180834,0.49607859644832597,False,False
ENSG00000135525,0.11141893994634149,False,False
ENSG00000116871,0.36770064193259916,False,False
ENSG00000184368,0.38240890071998557,True,False
ENSG00000129680,0.10368400803275411,False,True
ENSG00000164114,0.029293663344676462,False,True
ENSG00000100030,0.03150962186463797,True,False
ENSG00000109339,0.0008294080952103756,False,False
ENSG00000185386,0.028039610918596164,False,False
ENSG00000188130,0.004437791463880172,False,False
ENSG00000156711,0.18617113185875345,True,False
ENSG00000112062,0.9506977725270581,False,False
ENSG00000181085,0.9643369014154612,False,False
ENSG00000168175,0.8838386131886712,False,True
ENSG00000102882,0.03786607969598651,False,False
ENSG00000141639,0.16676139430187553,False,True
ENSG00000069956,0.03291886815763896,True,False
ENSG00000166484,0.3785839430081581,False,False
ENSG00000107643,0.05264977363638645,False,False
ENSG00000121653,0.009840063198199855,False,True
ENSG00000008735,0.003952919244957593,False,False
ENSG00000138834,0.9534748818673352,False,True
ENSG00000050748,0.27601181150784243,True,False
ENSG00000119487,0.03402528228336534,True,False
ENSG00000162889,0.005555318544139675,False,False
ENSG00000114738,0.41562260194879497,False,False
ENSG00000089022,0.0015170216306513086,False,False
ENSG00000137802,0.14360478147867944,False,False
ENSG00000101367,0.014546095543015796,False,False
ENSG00000166974,0.9215738736404122,False,False
ENSG00000084764,0.43000970690402607,False,True
ENSG00000186868,2.0296625715173417e-05,False,False
ENSG00000264589,,False,False
ENSG00000282620,0.945014854777322,False,False
ENSG00000277443,0.23327955347312515,False,False
ENSG00000175130,0.1398839471932558,True,False
ENSG00000019169,1.287674603710577e-05,False,True
ENSG00000116141,0.05956944271357314,False,True
ENSG00000072518,0.045372291919467345,False,False
ENSG00000232709,0.9388016252647493,False,True
ENSG00000075413,0.843537681746238,False,False
ENSG00000007047,0.0010054853880364552,True,False
ENSG00000247626,0.021088698726644022,True,False
ENSG00000155254,0.044585129904799264,False,False
ENSG00000152939,0.8584305579681832,False,False
ENSG00000140832,0.873586371776637,False,False
ENSG00000130368,0.36787944117145116,False,False
ENSG00000228515,0.1252441711919033,False,False
ENSG00000127241,5.47178613204379e-05,False,True
ENSG00000009724,2.65698977099862e-05,False,True
ENSG00000105613,0.31656750785168053,True,False
ENSG00000086015,0.5351638569387943,False,False
ENSG00000099308,0.16153341286821266,False,True
ENSG00000069020,0.003794748685512604,False,True
ENSG00000120539,0.002338285326802777,False,False
ENSG00000151224,2.65698977099862e-05,False,False
ENSG00000168906,0.22569390609902698,True,False
ENSG00000038274,0.1702410983957445,False,False
ENSG00000007264,0.004627261819917054,False,True
ENSG00000162510,0.7872525172310912,False,False
ENSG00000132561,0.9287701192945929,False,False
ENSG00000132031,0.005305796573222072,False,False
ENSG00000124159,0.4213908595336293,False,False
ENSG00000015479,0.14973595039385612,True,False
ENSG00000129933,0.8584305579681832,False,False
ENSG00000088888,0.2351011513079887,False,False
ENSG00000125952,0.6904288229928944,False,True
ENSG00000103495,0.016538067685808712,True,False
ENSG00000198125,0.02265856342039995,False,True
ENSG00000180611,0.17324674907521176,False,False
ENSG00000141644,0.28252826931056035,False,False
ENSG00000134046,0.29689109581326617,False,True
ENSG00000071655,0.669929112893902,False,False
ENSG00000170948,,False,False
ENSG00000230522,0.33363319844946754,False,False
ENSG00000182315,0.3451413592667513,False,False
ENSG00000205718,0.3451413592667513,False,False
ENSG00000237247,0.3451413592667513,False,False
ENSG00000129071,0.41040229050591415,False,False
ENSG00000204406,0.9970873807028403,False,False
ENSG00000166987,0.08569368195558995,True,False
ENSG00000151332,0.16728759262552026,False,False
ENSG00000242600,2.3483501544559067e-05,False,True
ENSG00000165471,0.0028402038930120006,False,True
ENSG00000214309,0.2928771782877895,True,False
ENSG00000176055,0.007422367737346364,False,True
ENSG00000152601,0.3101693470724283,False,False
ENSG00000139793,0.5563872609782938,False,True
ENSG00000076770,0.6864127675167437,False,False
ENSG00000172197,0.9646646794477719,True,False
ENSG00000143797,0.025171037417555983,False,True
ENSG00000177669,0.24158949047348857,False,False
ENSG00000278322,0.1415255982567641,True,False
ENSG00000197971,0.16137643191568696,False,True
ENSG00000011258,0.13599481060527002,False,False
ENSG00000140943,0.11505184950452893,False,False
ENSG00000012174,0.45451380988517487,False,False
ENSG00000258839,0.47622870216349256,False,False
ENSG00000185231,0.3114521950063669,False,True
ENSG00000124089,0.36787944117145116,False,False
ENSG00000166603,0.33363319844946754,False,False
ENSG00000176136,0.36787944117145116,False,False
ENSG00000076706,0.005786872176499087,False,False
ENSG00000100294,0.8460017628060118,False,False
ENSG00000171444,0.0004896697908625985,False,True
ENSG00000078070,3.7595574648466746e-05,False,False
ENSG00000131844,0.0003470749319821291,False,False
ENSG00000231975,0.09168572821882959,True,False
ENSG00000124370,3.7595574648466746e-05,False,False
ENSG00000101977,0.0022943834290684952,False,True
ENSG00000126217,0.571186849052267,False,True
ENSG00000053524,0.34350746793762077,False,False
ENSG00000235280,0.9590534611157338,False,False
ENSG00000180398,0.6437484380858923,False,False
ENSG00000128285,0.034025282283365106,True,False
ENSG00000152034,0.8820465704700913,False,False
ENSG00000143384,0.9656030691398102,True,False
ENSG00000065328,0.00027537553289137275,False,False
ENSG00000073111,9.468556910219905e-05,True,False
ENSG00000112118,0.00043574469009374084,True,False
ENSG00000160294,0.7624115035808244,True,False
ENSG00000215424,0.00893704903507264,True,False
ENSG00000104738,2.2152729748660277e-05,False,False
ENSG00000100297,0.002086858853642658,True,False
ENSG00000076003,0.00016576986893046642,True,False
ENSG00000166508,0.0003625976210004412,True,False
ENSG00000125885,0.0006921941058097015,True,False
ENSG00000111877,0.939669986539455,False,False
ENSG00000197771,0.9656030691398102,False,False
ENSG00000090674,0.22834260631380535,False,True
ENSG00000153898,0.007393557030311296,False,True
ENSG00000055732,0.7122479953939524,False,False
ENSG00000147316,0.8035103666449687,False,False
ENSG00000187778,0.012719631986359116,False,False
ENSG00000175471,0.3074670175579975,False,False
ENSG00000140563,0.061811519492814486,False,True
ENSG00000232119,0.7039861495263369,True,False
ENSG00000156026,0.07920374879346577,False,False
ENSG00000228575,0.03710076657961798,True,False
ENSG00000112559,0.11371728534494023,False,False
ENSG00000135272,0.14828713784902875,False,True
ENSG00000112139,0.18617113185875345,False,False
ENSG00000139915,0.32364239695738983,False,False
ENSG00000014641,0.999028182778181,False,True
ENSG00000138400,0.031417846331949044,False,True
ENSG00000146701,0.23237405416209425,False,False
ENSG00000110492,0.0007452803351764076,False,False
ENSG00000135679,0.3752855559414257,False,True
ENSG00000198625,0.8264889020158215,False,False
ENSG00000112159,0.0004191231995159934,False,False
ENSG00000285200,0.6054995210132981,False,True
ENSG00000197880,0.24149310771725313,False,False
ENSG00000065833,0.16012606390455805,False,False
ENSG00000082212,0.651303345773445,False,False
ENSG00000151376,0.8994430127919598,False,False
ENSG00000124733,0.00040001218187366217,True,False
ENSG00000163875,0.26419583350005504,False,False
ENSG00000085276,0.1277902418508907,False,False
ENSG00000169057,0.5875214699347704,True,False
ENSG00000116353,0.9656030691398102,False,False
ENSG00000125686,0.9153229121112986,True,False
ENSG00000133398,0.003600650559262027,True,False
ENSG00000161920,0.06616489455904562,False,True
ENSG00000184634,0.09583159386688303,False,False
ENSG00000144893,0.7826912205822796,False,False
ENSG00000108510,0.45451380988517487,False,False
ENSG00000123066,0.6998912343999902,False,False
ENSG00000180182,0.3882763621588816,False,False
ENSG00000099917,0.060385849206864135,False,False
ENSG00000175221,0.7376198545313661,False,True
ENSG00000042429,0.06438791214185696,False,False
ENSG00000130772,0.1500274071396726,False,True
ENSG00000156603,0.0015664854146778357,True,False
ENSG00000124641,0.001177014722089391,False,False
ENSG00000152944,0.6002241472793903,False,False
ENSG00000148297,0.003736171971605922,False,False
ENSG00000112282,0.027903628591586495,False,True
ENSG00000008838,0.0010453606942056365,True,False
ENSG00000104973,0.367700641932594,True,False
ENSG00000105085,0.6108212600394947,False,False
ENSG00000160563,0.014860593595874235,False,False
ENSG00000118579,0.18134739323916432,True,False
ENSG00000063322,0.41040229050591415,True,False
ENSG00000164758,0.01913479331460371,True,False
ENSG00000108590,0.021755151136953622,False,True
ENSG00000136146,0.5351638569387906,False,False
ENSG00000133997,0.25735045617187013,True,False
ENSG00000155868,0.051435417179025236,False,False
ENSG00000159479,0.4903242455360224,False,False
ENSG00000141026,0.8534372775192605,False,True
ENSG00000068305,0.031144120465018937,False,True
ENSG00000213999,0.18617113185875345,False,True
ENSG00000081189,0.023196970456444987,False,False
ENSG00000291761,0.0018142102910628365,False,False
ENSG00000103313,0.0007302174392954144,False,True
ENSG00000214548,0.22307592994814998,False,False
ENSG00000225746,0.810386460593997,False,True
ENSG00000145794,2.2416773136402016e-05,False,False
ENSG00000277848,0.6738858825786811,True,False
ENSG00000162591,0.014688215527301877,False,False
ENSG00000105429,0.7276473585454799,True,False
ENSG00000106780,0.669929112893902,False,False
ENSG00000167077,0.2037898387282614,False,False
ENSG00000197889,0.7849827675702009,False,True
ENSG00000143995,0.6958201383926648,False,False
ENSG00000134138,0.4279243099007961,True,False
ENSG00000105419,0.06885576180729389,False,False
ENSG00000179277,0.00044559887446725307,False,True
ENSG00000165304,8.931989207142296e-05,False,False
ENSG00000162959,0.0006703371900456649,True,False
ENSG00000133895,0.020048978904914815,True,False
ENSG00000005102,0.005267020541641958,False,False
ENSG00000106511,0.7888029805353111,True,False
ENSG00000112818,0.2566008922670948,False,False
ENSG00000141434,0.0013725360405347307,False,False
ENSG00000289690,0.07413649554056582,True,False
ENSG00000152595,0.11164658562553817,True,False
ENSG00000153208,0.06905689826177311,False,False
ENSG00000166823,0.0005066200978033516,False,False
ENSG00000188095,0.00031875768390066106,False,False
ENSG00000106484,0.4300097069040322,False,False
ENSG00000272701,0.1559273051935118,False,False
ENSG00000105976,0.7668722115381088,False,False
ENSG00000164024,0.5182653724777262,False,False
ENSG00000172878,0.3259373568695716,True,False
ENSG00000111142,0.2118716888577065,True,False
ENSG00000103260,0.1725742734570529,False,True
ENSG00000275031,0.24205973750856533,False,False
ENSG00000037897,0.002718615666210725,True,False
ENSG00000010165,0.0004365928546731083,True,False
ENSG00000145388,0.0039837861984937575,False,True
ENSG00000169519,0.46979017045706384,False,False
ENSG00000127804,0.7206068006934967,True,False
ENSG00000165792,0.6998912343999902,False,False
ENSG00000171806,0.004042312864521953,False,False
ENSG00000144401,0.0013292649362954868,False,False
ENSG00000139780,0.36787944117145116,False,False
ENSG00000067365,0.6797711866145533,False,False
ENSG00000181038,0.011905862467360221,True,False
ENSG00000053328,0.9534748818673352,False,False
ENSG00000087995,0.00016576986893046642,False,False
ENSG00000165055,0.0016034691076855937,True,False
ENSG00000165819,0.7376198545313661,True,False
ENSG00000101574,0.5127519633439452,False,False
ENSG00000138382,2.5931842828227938e-05,True,False
ENSG00000206562,0.0001147866252330571,True,False
ENSG00000123600,0.38827636215888445,False,True
ENSG00000284548,0.6437484380858923,False,False
ENSG00000254726,0.0013831747958210324,True,False
ENSG00000183496,0.14828713784902875,False,False
ENSG00000176624,0.5142497771684864,True,False
ENSG00000181588,0.27601181150784243,False,False
ENSG00000140259,0.0012404633540426713,False,False
ENSG00000117122,0.04347216550870775,False,False
ENSG00000037749,0.6544773324202532,False,False
ENSG00000198948,2.942572621010065e-05,False,True
ENSG00000166482,0.0004949350069719048,False,False
ENSG00000197614,0.17223901513917247,False,False
ENSG00000168958,0.005149590336619709,True,False
ENSG00000140545,0.18617113185875345,False,False
ENSG00000285022,0.08083756052851754,True,False
ENSG00000171109,0.7941899068540217,False,False
ENSG00000116688,0.2917403444795648,False,False
ENSG00000100060,0.015330223256242125,False,True
ENSG00000118855,0.25961231091905224,False,False
ENSG00000092931,0.2521491340072056,False,False
ENSG00000161091,0.7668722115381088,False,False
ENSG00000168389,3.870833843331492e-05,False,True
ENSG00000205639,0.5305170278149153,False,False
ENSG00000151690,0.031053409498759472,True,False
ENSG00000185156,0.3921149959067045,False,True
ENSG00000164073,5.699858013845277e-05,False,False
ENSG00000174197,0.9544023865431298,False,False
ENSG00000282607,0.669929112893902,False,False
ENSG00000131446,0.11505184950452893,False,True
ENSG00000168282,0.1289133910749996,False,False
ENSG00000128268,0.7026185226629964,False,False
ENSG00000071073,0.008340914623353957,False,False
ENSG00000284501,0.8082115353306712,False,False
ENSG00000182050,0.19492831503709612,False,False
ENSG00000152127,0.24490050396881355,False,False
ENSG00000167889,0.23305254524877542,False,False
ENSG00000266709,0.45099217093361643,False,True
ENSG00000259458,0.8163702889138519,False,False
ENSG00000246731,0.7470023688500776,False,False
ENSG00000237413,0.00014285498589264558,False,False
ENSG00000074416,0.3101693470724283,False,True
ENSG00000170430,0.012868907137631334,False,True
ENSG00000111341,0.04909008490850353,False,False
ENSG00000102858,0.35574396863052726,False,False
ENSG00000008394,0.03932950562580106,False,False
ENSG00000085871,0.04136909411416726,False,True
ENSG00000143198,0.23647667826617091,True,False
ENSG00000261857,0.6378576607108184,True,False
ENSG00000150527,0.00020174469718568105,False,False
ENSG00000154305,0.412001518064424,False,False
ENSG00000268975,0.7413123388073372,False,False
ENSG00000225783,0.015152397635842661,False,True
ENSG00000101752,0.8386310295131585,False,False
ENSG00000197530,0.9703087278278311,False,False
ENSG00000231225,0.18472865091461116,True,False
ENSG00000135596,0.5807064113317143,False,False
ENSG00000133816,0.12101832236201478,False,True
ENSG00000243156,0.09686203123758445,False,False
ENSG00000100139,0.02526912219350826,False,False
ENSG00000164877,0.8460017628060118,False,False
ENSG00000224378,0.018156065120366018,False,False
ENSG00000107745,0.0643879121418574,False,True
ENSG00000101871,0.3684163607179011,False,False
ENSG00000165175,6.154922414789014e-05,True,False
ENSG00000080561,0.6228154048378303,True,False
ENSG00000167470,0.6338113721005718,False,True
ENSG00000141741,0.01880282457732865,True,False
ENSG00000198160,0.018422799806099538,False,False
ENSG00000105556,0.07179554070655211,True,False
ENSG00000155545,0.6494063470802454,False,False
ENSG00000240972,0.05603006841825464,True,False
ENSG00000125457,0.0071810115468953295,False,False
ENSG00000116691,0.43000970690402607,False,False
ENSG00000271605,0.14402426934483054,False,False
ENSG00000268654,0.2903138482593009,False,False
ENSG00000141503,0.3684163607179038,False,True
ENSG00000107789,0.4380273221341927,False,False
ENSG00000164654,0.023606518977166754,False,True
ENSG00000100253,0.0011959029706776591,True,False
ENSG00000135517,3.175091779227778e-05,False,False
ENSG00000027001,0.004251943132018695,False,True
ENSG00000151338,0.08831589317703879,True,False
ENSG00000207994,,False,False
ENSG00000255248,0.0005323750305231494,False,True
ENSG00000199135,,False,False
ENSG00000199065,,False,False
ENSG00000199035,,False,False
ENSG00000199024,,False,False
ENSG00000283612,,False,False
ENSG00000283320,,False,False
ENSG00000207957,,False,False
ENSG00000207818,,False,False
ENSG00000284157,,False,False
ENSG00000208036,,False,False
ENSG00000198997,,False,False
ENSG00000284038,,False,False
ENSG00000207744,,False,False
ENSG00000199017,,False,False
ENSG00000283768,,False,False
ENSG00000221630,,False,False
ENSG00000221540,,False,False
ENSG00000284268,,False,False
ENSG00000283799,,False,False
ENSG00000221533,,False,False
ENSG00000221525,,False,False
ENSG00000221614,,False,False
ENSG00000221036,,False,False
ENSG00000221745,,False,False
ENSG00000284453,,False,False
ENSG00000221325,,False,False
ENSG00000221739,,False,False
ENSG00000283710,,False,False
ENSG00000221771,,False,False
ENSG00000283200,,False,False
ENSG00000221176,,False,False
ENSG00000221261,,False,False
ENSG00000284440,,False,False
ENSG00000221120,,False,False
ENSG00000221656,,False,False
ENSG00000221585,,False,False
ENSG00000221411,,False,False
ENSG00000221365,,False,False
ENSG00000221394,,False,False
ENSG00000221028,,False,False
ENSG00000221065,,False,False
ENSG00000285207,,False,False
ENSG00000284446,,False,False
ENSG00000221273,,False,False
ENSG00000221410,,False,False
ENSG00000285161,,False,False
ENSG00000207816,,False,False
ENSG00000283193,,False,False
ENSG00000207598,,False,False
ENSG00000284378,0.7647440659477143,False,False
ENSG00000283429,0.7647440659477143,False,False
ENSG00000221502,,False,False
ENSG00000291750,,False,False
ENSG00000283203,,False,False
ENSG00000283857,0.8315497217649173,False,False
ENSG00000283958,0.7286920262761458,False,False
ENSG00000221598,,False,False
ENSG00000221025,,False,False
ENSG00000221479,,False,False
ENSG00000221788,,False,False
ENSG00000221200,,False,False
ENSG00000221808,,False,False
ENSG00000284193,,False,False
ENSG00000221240,,False,False
ENSG00000208008,,False,False
ENSG00000207971,,False,False
ENSG00000207863,,False,False
ENSG00000199161,,False,False
ENSG00000221754,,False,False
ENSG00000266192,0.36787944117145116,False,False
ENSG00000221203,,False,False
ENSG00000276158,,False,False
ENSG00000221371,,False,False
ENSG00000221052,,False,False
ENSG00000207608,,False,False
ENSG00000221033,,False,False
ENSG00000221697,,False,False
ENSG00000221634,,False,False
ENSG00000221463,,False,False
ENSG00000221680,,False,False
ENSG00000283476,,False,False
ENSG00000284015,,False,False
ENSG00000207654,,False,False
ENSG00000221792,0.7651725502457266,False,False
ENSG00000207625,,False,False
ENSG00000221421,,False,False
ENSG00000221548,,False,False
ENSG00000221264,,False,False
ENSG00000221039,,False,False
ENSG00000284415,,False,False
ENSG00000221355,,False,False
ENSG00000221287,,False,False
ENSG00000281842,,False,False
ENSG00000207705,,False,False
ENSG00000284481,,False,False
ENSG00000199077,,False,False
ENSG00000221604,,False,False
ENSG00000221390,,False,False
ENSG00000221063,,False,False
ENSG00000283126,,False,False
ENSG00000221710,,False,False
ENSG00000221445,,False,False
ENSG00000284458,,False,False
ENSG00000221227,,False,False
ENSG00000284464,,False,False
ENSG00000283867,0.8666460694486934,False,False
ENSG00000208009,,False,False
ENSG00000283871,,False,False
ENSG00000267200,,False,False
ENSG00000284875,,False,False
ENSG00000221017,,False,False
ENSG00000283894,,False,False
ENSG00000283927,,False,False
ENSG00000284508,,False,False
ENSG00000199080,,False,False
ENSG00000207993,,False,False
ENSG00000251862,,False,False
ENSG00000207926,0.5962796833959243,False,False
ENSG00000207586,,False,False
ENSG00000199059,,False,False
ENSG00000207942,,False,False
ENSG00000284202,,False,False
ENSG00000225206,0.6166731471582543,False,False
ENSG00000207954,,False,False
ENSG00000207649,,False,False
ENSG00000272036,,False,False
ENSG00000208017,,False,False
ENSG00000207708,,False,False
ENSG00000284353,,False,False
ENSG00000284182,,False,False
ENSG00000283819,,False,False
ENSG00000276365,,False,False
ENSG00000222532,,False,False
ENSG00000283888,0.36787944117145116,False,False
ENSG00000283733,,False,False
ENSG00000202569,,False,False
ENSG00000269782,,False,False
ENSG00000222246,,False,False
ENSG00000207814,,False,False
ENSG00000284386,,False,False
ENSG00000199085,,False,False
ENSG00000199122,,False,False
ENSG00000207611,,False,False
ENSG00000207782,,False,False
ENSG00000207947,,False,False
ENSG00000207647,,False,False
ENSG00000207960,,False,False
ENSG00000222831,,False,False
ENSG00000223109,,False,False
ENSG00000284239,,False,False
ENSG00000207978,,False,False
ENSG00000283904,,False,False
ENSG00000234883,0.4946337083554061,False,False
ENSG00000283785,,False,False
ENSG00000207779,,False,False
ENSG00000208006,,False,False
ENSG00000198987,,False,False
ENSG00000284536,,False,False
ENSG00000215417,0.5197792916729134,False,False
ENSG00000207759,,False,False
ENSG00000207595,,False,False
ENSG00000224020,0.31999730122125575,False,False
ENSG00000207975,,False,False
ENSG00000207737,,False,False
ENSG00000288397,,False,False
ENSG00000288329,,False,False
ENSG00000207990,,False,False
ENSG00000221476,,False,False
ENSG00000207691,,False,False
ENSG00000207695,,False,False
ENSG00000208023,,False,False
ENSG00000207721,,False,False
ENSG00000207797,,False,False
ENSG00000207768,,False,False
ENSG00000283815,,False,False
ENSG00000283931,,False,False
ENSG00000284416,,False,False
ENSG00000284216,0.36787944117145116,False,False
ENSG00000211137,,False,False
ENSG00000215938,,False,False
ENSG00000207605,,False,False
ENSG00000283416,,False,False
ENSG00000222715,,False,False
ENSG00000222321,,False,False
ENSG00000222958,,False,False
ENSG00000284433,0.36787944117145116,False,False
ENSG00000222071,,False,False
ENSG00000283926,0.3999458711295486,False,False
ENSG00000207614,,False,False
ENSG00000207639,,False,False
ENSG00000207624,,False,False
ENSG00000284155,,False,False
ENSG00000284112,,False,False
ENSG00000210741,,False,False
ENSG00000207924,,False,False
ENSG00000283745,,False,False
ENSG00000284443,,False,False
ENSG00000238728,,False,False
ENSG00000284253,,False,False
ENSG00000280948,,False,False
ENSG00000284121,,False,False
ENSG00000207752,,False,False
ENSG00000208024,,False,False
ENSG00000207581,,False,False
ENSG00000284204,,False,False
ENSG00000284375,,False,False
ENSG00000284107,,False,False
ENSG00000207607,,False,False
ENSG00000207730,,False,False
ENSG00000207713,,False,False
ENSG00000284219,,False,False
ENSG00000207935,,False,False
ENSG00000284485,,False,False
ENSG00000283188,,False,False
ENSG00000238399,,False,False
ENSG00000283550,,False,False
ENSG00000230937,0.254651223149442,False,False
ENSG00000207604,,False,False
ENSG00000199157,,False,False
ENSG00000215991,,False,False
ENSG00000283762,,False,False
ENSG00000284043,,False,False
ENSG00000284190,,False,False
ENSG00000199038,0.36787944117145116,False,False
ENSG00000247095,0.021129747275694714,True,False
ENSG00000207702,,False,False
ENSG00000284442,,False,False
ENSG00000238367,,False,False
ENSG00000252454,,False,False
ENSG00000253030,,False,False
ENSG00000284344,,False,False
ENSG00000267195,,False,False
ENSG00000283844,,False,False
ENSG00000207590,,False,False
ENSG00000207798,,False,False
ENSG00000211520,,False,False
ENSG00000207548,,False,False
ENSG00000207732,,False,False
ENSG00000207739,,False,False
ENSG00000283824,,False,False
ENSG00000207870,,False,False
ENSG00000207725,,False,False
ENSG00000284567,0.36787944117145116,False,False
ENSG00000252695,,False,False
ENSG00000284336,,False,False
ENSG00000252153,,False,False
ENSG00000186594,0.0011431786182940667,False,True
ENSG00000253008,,False,False
ENSG00000266461,,False,False
ENSG00000207980,,False,False
ENSG00000207563,,False,False
ENSG00000264566,,False,False
ENSG00000284459,,False,False
ENSG00000288126,,False,False
ENSG00000264292,,False,False
ENSG00000207547,,False,False
ENSG00000265164,,False,False
ENSG00000284247,,False,False
ENSG00000199075,,False,False
ENSG00000207789,,False,False
ENSG00000199121,,False,False
ENSG00000288183,,False,False
ENSG00000207864,,False,False
ENSG00000284547,0.3451413592667513,False,False
ENSG00000276326,,False,False
ENSG00000284040,,False,False
ENSG00000216031,,False,False
ENSG00000207749,,False,False
ENSG00000284032,,False,False
ENSG00000283797,,False,False
ENSG00000284203,,False,False
ENSG00000284214,,False,False
ENSG00000215957,,False,False
ENSG00000207996,,False,False
ENSG00000212102,,False,False
ENSG00000207927,,False,False
ENSG00000284463,,False,False
ENSG00000199102,,False,False
ENSG00000199145,,False,False
ENSG00000283218,,False,False
ENSG00000284564,0.8900231817483052,False,False
ENSG00000211563,,False,False
ENSG00000207617,,False,False
ENSG00000207827,,False,False
ENSG00000207582,,False,False
ENSG00000207962,,False,False
ENSG00000199094,,False,False
ENSG00000199153,,False,False
ENSG00000198974,,False,False
ENSG00000199177,,False,False
ENSG00000263793,,False,False
ENSG00000264720,,False,False
ENSG00000263390,,False,False
ENSG00000283152,,False,False
ENSG00000265435,,False,False
ENSG00000264358,,False,False
ENSG00000265831,,False,False
ENSG00000264500,,False,False
ENSG00000264370,,False,False
ENSG00000266649,,False,False
ENSG00000264157,,False,False
ENSG00000265396,,False,False
ENSG00000264725,,False,False
ENSG00000283469,,False,False
ENSG00000264755,0.36787944117145116,False,False
ENSG00000265252,,False,False
ENSG00000264354,,False,False
ENSG00000265355,,False,False
ENSG00000264931,,False,False
ENSG00000264678,,False,False
ENSG00000264760,,False,False
ENSG00000265237,,False,False
ENSG00000265565,,False,False
ENSG00000266555,,False,False
ENSG00000265932,,False,False
ENSG00000266168,,False,False
ENSG00000264788,,False,False
ENSG00000283522,,False,False
ENSG00000284147,,False,False
ENSG00000265657,,False,False
ENSG00000264638,,False,False
ENSG00000265112,,False,False
ENSG00000264823,,False,False
ENSG00000263628,,False,False
ENSG00000283634,,False,False
ENSG00000263476,,False,False
ENSG00000265499,,False,False
ENSG00000266211,,False,False
ENSG00000266407,,False,False
ENSG00000263436,,False,False
ENSG00000265014,,False,False
ENSG00000283497,,False,False
ENSG00000264559,,False,False
ENSG00000263742,,False,False
ENSG00000266215,,False,False
ENSG00000266663,,False,False
ENSG00000263399,,False,False
ENSG00000264607,,False,False
ENSG00000284324,,False,False
ENSG00000266235,,False,False
ENSG00000265820,,False,False
ENSG00000266232,,False,False
ENSG00000284305,,False,False
ENSG00000266454,,False,False
ENSG00000265537,,False,False
ENSG00000265373,,False,False
ENSG00000266291,,False,False
ENSG00000264115,,False,False
ENSG00000264397,0.5962796833959243,False,False
ENSG00000263785,,False,False
ENSG00000264429,,False,False
ENSG00000284399,,False,False
ENSG00000263602,,False,False
ENSG00000266189,,False,False
ENSG00000263414,,False,False
ENSG00000267959,,False,False
ENSG00000264175,,False,False
ENSG00000265134,,False,False
ENSG00000284411,,False,False
ENSG00000265137,,False,False
ENSG00000264395,,False,False
ENSG00000266761,,False,False
ENSG00000266463,,False,False
ENSG00000263681,,False,False
ENSG00000264757,,False,False
ENSG00000283803,,False,False
ENSG00000264073,,False,False
ENSG00000283225,,False,False
ENSG00000171889,0.14817118326860787,False,False
ENSG00000207698,,False,False
ENSG00000264661,,False,False
ENSG00000266508,,False,False
ENSG00000265176,,False,False
ENSG00000283694,,False,False
ENSG00000208037,,False,False
ENSG00000211543,,False,False
ENSG00000221406,,False,False
ENSG00000221493,,False,False
ENSG00000212051,,False,False
ENSG00000211491,,False,False
ENSG00000221081,,False,False
ENSG00000211513,,False,False
ENSG00000199069,,False,False
ENSG00000208004,,False,False
ENSG00000199053,,False,False
ENSG00000199090,,False,False
ENSG00000207948,,False,False
ENSG00000207761,,False,False
ENSG00000207762,,False,False
ENSG00000284544,,False,False
ENSG00000199172,,False,False
ENSG00000199043,,False,False
ENSG00000199151,,False,False
ENSG00000283604,,False,False
ENSG00000199023,,False,False
ENSG00000207932,,False,False
ENSG00000207839,,False,False
ENSG00000198995,,False,False
ENSG00000198984,,False,False
ENSG00000199104,,False,False
ENSG00000284357,,False,False
ENSG00000207811,,False,False
ENSG00000207562,,False,False
ENSG00000283484,,False,False
ENSG00000207778,,False,False
ENSG00000284154,0.36787944117145116,False,False
ENSG00000284180,,False,False
ENSG00000266019,,False,False
ENSG00000283956,,False,False
ENSG00000265635,,False,False
ENSG00000264864,0.36787944117145116,False,False
ENSG00000284542,,False,False
ENSG00000284186,,False,False
ENSG00000264901,,False,False
ENSG00000284140,,False,False
ENSG00000266533,,False,False
ENSG00000208015,,False,False
ENSG00000284163,,False,False
ENSG00000263697,,False,False
ENSG00000284351,,False,False
ENSG00000265075,,False,False
ENSG00000284499,,False,False
ENSG00000266151,,False,False
ENSG00000266043,,False,False
ENSG00000265304,,False,False
ENSG00000291345,,False,False
ENSG00000284503,,False,False
ENSG00000284135,,False,False
ENSG00000284325,,False,False
ENSG00000283936,,False,False
ENSG00000265596,,False,False
ENSG00000199130,,False,False
ENSG00000283978,,False,False
ENSG00000264342,,False,False
ENSG00000266751,0.9139122410841131,False,False
ENSG00000283409,,False,False
ENSG00000266782,,False,False
ENSG00000263744,,False,False
ENSG00000266325,,False,False
ENSG00000272230,,False,False
ENSG00000263514,,False,False
ENSG00000199169,,False,False
ENSG00000265996,0.36787944117145116,False,False
ENSG00000263811,,False,False
ENSG00000266643,,False,False
ENSG00000264511,,False,False
ENSG00000263813,,False,False
ENSG00000265462,,False,False
ENSG00000265452,,False,False
ENSG00000265213,,False,False
ENSG00000265917,,False,False
ENSG00000264105,,False,False
ENSG00000283379,,False,False
ENSG00000265872,,False,False
ENSG00000264163,,False,False
ENSG00000264744,,False,False
ENSG00000265848,,False,False
ENSG00000264136,,False,False
ENSG00000266827,,False,False
ENSG00000266514,,False,False
ENSG00000199025,,False,False
ENSG00000292355,,False,False
ENSG00000265083,,False,False
ENSG00000266617,,False,False
ENSG00000283960,,False,False
ENSG00000199031,,False,False
ENSG00000284568,,False,False
ENSG00000199095,,False,False
ENSG00000199143,,False,False
ENSG00000199168,,False,False
ENSG00000212027,0.36787944117145116,False,False
ENSG00000283534,,False,False
ENSG00000198973,,False,False
ENSG00000283588,,False,False
ENSG00000283561,,False,False
ENSG00000283556,,False,False
ENSG00000283279,,False,False
ENSG00000199015,,False,False
ENSG00000264803,,False,False
ENSG00000263631,,False,False
ENSG00000284288,,False,False
ENSG00000263831,,False,False
ENSG00000264926,,False,False
ENSG00000199088,,False,False
ENSG00000198982,,False,False
ENSG00000199020,,False,False
ENSG00000283170,,False,False
ENSG00000199127,,False,False
ENSG00000283242,,False,False
ENSG00000265810,,False,False
ENSG00000266655,0.3223293429802801,False,False
ENSG00000266320,,False,False
ENSG00000266855,,False,False
ENSG00000283351,,False,False
ENSG00000283874,0.5962796833959243,False,False
ENSG00000264249,,False,False
ENSG00000264405,,False,False
ENSG00000283677,,False,False
ENSG00000265878,,False,False
ENSG00000283278,,False,False
ENSG00000283881,,False,False
ENSG00000283938,,False,False
ENSG00000265558,,False,False
ENSG00000263634,,False,False
ENSG00000263885,,False,False
ENSG00000264897,,False,False
ENSG00000264295,,False,False
ENSG00000264747,,False,False
ENSG00000263894,,False,False
ENSG00000285270,,False,False
ENSG00000284855,,False,False
ENSG00000264141,,False,False
ENSG00000265281,,False,False
ENSG00000263597,0.7191996160971919,False,False
ENSG00000264013,,False,False
ENSG00000265828,,False,False
ENSG00000284159,,False,False
ENSG00000265442,,False,False
ENSG00000265102,0.12713573293203653,False,False
ENSG00000264069,,False,False
ENSG00000265395,,False,False
ENSG00000266698,,False,False
ENSG00000283863,0.36787944117145116,False,False
ENSG00000263389,,False,False
ENSG00000283665,,False,False
ENSG00000283514,,False,False
ENSG00000272380,,False,False
ENSG00000283359,,False,False
ENSG00000265584,,False,False
ENSG00000199107,,False,False
ENSG00000199092,,False,False
ENSG00000199109,,False,False
ENSG00000199012,,False,False
ENSG00000202566,,False,False
ENSG00000283935,,False,False
ENSG00000284231,,False,False
ENSG00000199032,,False,False
ENSG00000283572,,False,False
ENSG00000265392,,False,False
ENSG00000264014,,False,False
ENSG00000266580,,False,False
ENSG00000264698,,False,False
ENSG00000283296,,False,False
ENSG00000264553,0.36787944117145116,False,False
ENSG00000264349,,False,False
ENSG00000283876,,False,False
ENSG00000265418,,False,False
ENSG00000265172,,False,False
ENSG00000265321,,False,False
ENSG00000266436,,False,False
ENSG00000264934,,False,False
ENSG00000265965,,False,False
ENSG00000265682,,False,False
ENSG00000266518,,False,False
ENSG00000265215,,False,False
ENSG00000263573,,False,False
ENSG00000264633,,False,False
ENSG00000283298,,False,False
ENSG00000266396,,False,False
ENSG00000266690,,False,False
ENSG00000283275,,False,False
ENSG00000265846,,False,False
ENSG00000263746,,False,False
ENSG00000283420,,False,False
ENSG00000266243,,False,False
ENSG00000265919,,False,False
ENSG00000266329,,False,False
ENSG00000266180,,False,False
ENSG00000264426,,False,False
ENSG00000265214,,False,False
ENSG00000265724,,False,False
ENSG00000264675,,False,False
ENSG00000265847,,False,False
ENSG00000265251,,False,False
ENSG00000291518,,False,False
ENSG00000198976,,False,False
ENSG00000263967,,False,False
ENSG00000265347,,False,False
ENSG00000265806,0.36787944117145116,False,False
ENSG00000264800,,False,False
ENSG00000264763,,False,False
ENSG00000264572,,False,False
ENSG00000266676,,False,False
ENSG00000264493,,False,False
ENSG00000266645,,False,False
ENSG00000264110,,False,False
ENSG00000265140,,False,False
ENSG00000283603,,False,False
ENSG00000263890,,False,False
ENSG00000265526,,False,False
ENSG00000264171,,False,False
ENSG00000263615,,False,False
ENSG00000265165,,False,False
ENSG00000265432,,False,False
ENSG00000266015,,False,False
ENSG00000208001,,False,False
ENSG00000264850,,False,False
ENSG00000263512,,False,False
ENSG00000265195,,False,False
ENSG00000284385,,False,False
ENSG00000264005,,False,False
ENSG00000284172,,False,False
ENSG00000264060,,False,False
ENSG00000283532,,False,False
ENSG00000266530,,False,False
ENSG00000265957,,False,False
ENSG00000272458,,False,False
ENSG00000283343,,False,False
ENSG00000284272,,False,False
ENSG00000264266,,False,False
ENSG00000266226,,False,False
ENSG00000265407,,False,False
ENSG00000266666,,False,False
ENSG00000266104,,False,False
ENSG00000265007,,False,False
ENSG00000283622,,False,False
ENSG00000283775,,False,False
ENSG00000207569,,False,False
ENSG00000265789,,False,False
ENSG00000264773,,False,False
ENSG00000265822,,False,False
ENSG00000266110,,False,False
ENSG00000266417,,False,False
ENSG00000283795,,False,False
ENSG00000265744,,False,False
ENSG00000264010,,False,False
ENSG00000266078,,False,False
ENSG00000283204,,False,False
ENSG00000265507,,False,False
ENSG00000266139,,False,False
ENSG00000265510,,False,False
ENSG00000264979,,False,False
ENSG00000266705,,False,False
ENSG00000263828,,False,False
ENSG00000266109,,False,False
ENSG00000264810,,False,False
ENSG00000283971,,False,False
ENSG00000265483,,False,False
ENSG00000284252,,False,False
ENSG00000265253,,False,False
ENSG00000264585,,False,False
ENSG00000263445,,False,False
ENSG00000266421,,False,False
ENSG00000283792,,False,False
ENSG00000283468,,False,False
ENSG00000264233,,False,False
ENSG00000263670,,False,False
ENSG00000284000,,False,False
ENSG00000265691,,False,False
ENSG00000263926,,False,False
ENSG00000266760,,False,False
ENSG00000264390,,False,False
ENSG00000271899,,False,False
ENSG00000284596,,False,False
ENSG00000284028,,False,False
ENSG00000284062,,False,False
ENSG00000264408,,False,False
ENSG00000265599,,False,False
ENSG00000265247,,False,False
ENSG00000264037,0.36787944117145116,False,False
ENSG00000263790,,False,False
ENSG00000264941,,False,False
ENSG00000266255,,False,False
ENSG00000265368,,False,False
ENSG00000266583,,False,False
ENSG00000266507,,False,False
ENSG00000199001,,False,False
ENSG00000263584,,False,False
ENSG00000283656,,False,False
ENSG00000265092,,False,False
ENSG00000283813,,False,False
ENSG00000265210,,False,False
ENSG00000266006,,False,False
ENSG00000265874,,False,False
ENSG00000266703,,False,False
ENSG00000264032,,False,False
ENSG00000264211,,False,False
ENSG00000265357,,False,False
ENSG00000263510,,False,False
ENSG00000266704,,False,False
ENSG00000263978,,False,False
ENSG00000198983,,False,False
ENSG00000207728,,False,False
ENSG00000251856,,False,False
ENSG00000266052,,False,False
ENSG00000228824,0.02498234788546988,False,False
ENSG00000266327,,False,False
ENSG00000264741,,False,False
ENSG00000265673,,False,False
ENSG00000276941,,False,False
ENSG00000266039,,False,False
ENSG00000199132,,False,False
ENSG00000207755,,False,False
ENSG00000216001,,False,False
ENSG00000265098,,False,False
ENSG00000264737,,False,False
ENSG00000264386,,False,False
ENSG00000265855,,False,False
ENSG00000263643,,False,False
ENSG00000265867,0.36787944117145116,False,False
ENSG00000284541,,False,False
ENSG00000266305,,False,False
ENSG00000265991,,False,False
ENSG00000284565,,False,False
ENSG00000283364,,False,False
ENSG00000283751,,False,False
ENSG00000283160,,False,False
ENSG00000263583,,False,False
ENSG00000284162,,False,False
ENSG00000283385,,False,False
ENSG00000263527,,False,False
ENSG00000264571,,False,False
ENSG00000266559,,False,False
ENSG00000283673,,False,False
ENSG00000266140,,False,False
ENSG00000284266,,False,False
ENSG00000266887,,False,False
ENSG00000283334,,False,False
ENSG00000211514,,False,False
ENSG00000264922,,False,False
ENSG00000207726,,False,False
ENSG00000263676,,False,False
ENSG00000264563,,False,False
ENSG00000266890,,False,False
ENSG00000263834,,False,False
ENSG00000266415,,False,False
ENSG00000264792,,False,False
ENSG00000264732,,False,False
ENSG00000263712,,False,False
ENSG00000284370,,False,False
ENSG00000266494,,False,False
ENSG00000266619,,False,False
ENSG00000263734,,False,False
ENSG00000266245,,False,False
ENSG00000266750,,False,False
ENSG00000266776,,False,False
ENSG00000284427,,False,False
ENSG00000264357,,False,False
ENSG00000284412,,False,False
ENSG00000264494,,False,False
ENSG00000284334,,False,False
ENSG00000265423,,False,False
ENSG00000264425,,False,False
ENSG00000266144,,False,False
ENSG00000265089,,False,False
ENSG00000264474,,False,False
ENSG00000284261,,False,False
ENSG00000284518,,False,False
ENSG00000266038,,False,False
ENSG00000283386,,False,False
ENSG00000263407,,False,False
ENSG00000266194,,False,False
ENSG00000266324,,False,False
ENSG00000265660,,False,False
ENSG00000263575,,False,False
ENSG00000284998,,False,False
ENSG00000263892,,False,False
ENSG00000266315,0.5962796833959243,False,False
ENSG00000263897,,False,False
ENSG00000264158,,False,False
ENSG00000264377,,False,False
ENSG00000263979,,False,False
ENSG00000263403,,False,False
ENSG00000265181,,False,False
ENSG00000265372,,False,False
ENSG00000266719,,False,False
ENSG00000265201,,False,False
ENSG00000283672,,False,False
ENSG00000283664,,False,False
ENSG00000265375,,False,False
ENSG00000284482,,False,False
ENSG00000265719,,False,False
ENSG00000265370,,False,False
ENSG00000284265,,False,False
ENSG00000265422,,False,False
ENSG00000264610,,False,False
ENSG00000265258,,False,False
ENSG00000284525,,False,False
ENSG00000264102,,False,False
ENSG00000264101,,False,False
ENSG00000266041,,False,False
ENSG00000284435,,False,False
ENSG00000265064,,False,False
ENSG00000264200,,False,False
ENSG00000264309,,False,False
ENSG00000265606,,False,False
ENSG00000265902,,False,False
ENSG00000284020,,False,False
ENSG00000263838,,False,False
ENSG00000265227,,False,False
ENSG00000284143,,False,False
ENSG00000264201,,False,False
ENSG00000266611,,False,False
ENSG00000264482,,False,False
ENSG00000266531,,False,False
ENSG00000284118,,False,False
ENSG00000266740,,False,False
ENSG00000283944,,False,False
ENSG00000265291,,False,False
ENSG00000266150,,False,False
ENSG00000284284,,False,False
ENSG00000266593,,False,False
ENSG00000264480,,False,False
ENSG00000266517,,False,False
ENSG00000264210,,False,False
ENSG00000264004,,False,False
ENSG00000264733,,False,False
ENSG00000266426,,False,False
ENSG00000284473,,False,False
ENSG00000283845,,False,False
ENSG00000284585,,False,False
ENSG00000284532,,False,False
ENSG00000284424,,False,False
ENSG00000265976,,False,False
ENSG00000273627,,False,False
ENSG00000274054,,False,False
ENSG00000265178,,False,False
ENSG00000263857,,False,False
ENSG00000264961,,False,False
ENSG00000265110,,False,False
ENSG00000284085,,False,False
ENSG00000291718,,False,False
ENSG00000275238,,False,False
ENSG00000292001,,False,False
ENSG00000264399,,False,False
ENSG00000264049,0.8420363565885766,False,False
ENSG00000283853,,False,False
ENSG00000266665,,False,False
ENSG00000291414,,False,False
ENSG00000284331,,False,False
ENSG00000266618,,False,False
ENSG00000282900,,False,False
ENSG00000263849,,False,False
ENSG00000284361,,False,False
ENSG00000266437,,False,False
ENSG00000263409,,False,False
ENSG00000265879,,False,False
ENSG00000265954,,False,False
ENSG00000284394,0.5962796833959243,False,False
ENSG00000283842,,False,False
ENSG00000264703,,False,False
ENSG00000263439,,False,False
ENSG00000266640,,False,False
ENSG00000264616,,False,False
ENSG00000265595,,False,False
ENSG00000266738,,False,False
ENSG00000284074,,False,False
ENSG00000266133,,False,False
ENSG00000263973,,False,False
ENSG00000284031,,False,False
ENSG00000264160,,False,False
ENSG00000284175,,False,False
ENSG00000266012,,False,False
ENSG00000265057,,False,False
ENSG00000266594,,False,False
ENSG00000264268,,False,False
ENSG00000265465,,False,False
ENSG00000263858,,False,False
ENSG00000265284,,False,False
ENSG00000264764,,False,False
ENSG00000264684,,False,False
ENSG00000265694,,False,False
ENSG00000284079,,False,False
ENSG00000283637,,False,False
ENSG00000263641,,False,False
ENSG00000264525,,False,False
ENSG00000265420,,False,False
ENSG00000265003,,False,False
ENSG00000283749,,False,False
ENSG00000265429,,False,False
ENSG00000264075,0.36787944117145116,False,False
ENSG00000284149,0.36787944117145116,False,False
ENSG00000283734,,False,False
ENSG00000264279,,False,False
ENSG00000272543,,False,False
ENSG00000285406,,False,False
ENSG00000265180,,False,False
ENSG00000271898,,False,False
ENSG00000284575,,False,False
ENSG00000264470,,False,False
ENSG00000264119,,False,False
ENSG00000264623,,False,False
ENSG00000265850,,False,False
ENSG00000264658,,False,False
ENSG00000264274,,False,False
ENSG00000284276,,False,False
ENSG00000264319,,False,False
ENSG00000263642,,False,False
ENSG00000264099,,False,False
ENSG00000263593,,False,False
ENSG00000207805,,False,False
ENSG00000283736,,False,False
ENSG00000208027,,False,False
ENSG00000207742,,False,False
ENSG00000207754,,False,False
ENSG00000202609,,False,False
ENSG00000207656,,False,False
ENSG00000207597,,False,False
ENSG00000207609,,False,False
ENSG00000283998,,False,False
ENSG00000207989,,False,False
ENSG00000194717,,False,False
ENSG00000207743,,False,False
ENSG00000207961,,False,False
ENSG00000284027,,False,False
ENSG00000207869,,False,False
ENSG00000207635,,False,False
ENSG00000283441,,False,False
ENSG00000207785,,False,False
ENSG00000239057,,False,False
ENSG00000211538,,False,False
ENSG00000272080,,False,False
ENSG00000208005,,False,False
ENSG00000207800,,False,False
ENSG00000284368,0.7974886756432734,True,False
ENSG00000207633,,False,False
ENSG00000207731,,False,False
ENSG00000207969,,False,False
ENSG00000207589,,False,False
ENSG00000208000,,False,False
ENSG00000212013,,False,False
ENSG00000212014,,False,False
ENSG00000207641,,False,False
ENSG00000207645,,False,False
ENSG00000207644,,False,False
ENSG00000207868,,False,False
ENSG00000207867,,False,False
ENSG00000252583,,False,False
ENSG00000207616,,False,False
ENSG00000207767,,False,False
ENSG00000207620,,False,False
ENSG00000207946,,False,False
ENSG00000207925,,False,False
ENSG00000207734,,False,False
ENSG00000207837,,False,False
ENSG00000207838,,False,False
ENSG00000207803,,False,False
ENSG00000207699,,False,False
ENSG00000207862,,False,False
ENSG00000283490,,False,False
ENSG00000283330,,False,False
ENSG00000207987,,False,False
ENSG00000207706,,False,False
ENSG00000207992,,False,False
ENSG00000284362,,False,False
ENSG00000207825,,False,False
ENSG00000207788,,False,False
ENSG00000207981,,False,False
ENSG00000207810,,False,False
ENSG00000207594,,False,False
ENSG00000207722,,False,False
ENSG00000207738,,False,False
ENSG00000207735,,False,False
ENSG00000207599,,False,False
ENSG00000283540,,False,False
ENSG00000207799,,False,False
ENSG00000207861,,False,False
ENSG00000207634,,False,False
ENSG00000207549,,False,False
ENSG00000283685,,False,False
ENSG00000283455,,False,False
ENSG00000283289,,False,False
ENSG00000207711,,False,False
ENSG00000207629,,False,False
ENSG00000211532,,False,False
ENSG00000207580,,False,False
ENSG00000207979,,False,False
ENSG00000207758,,False,False
ENSG00000202560,,False,False
ENSG00000216179,,False,False
ENSG00000207784,,False,False
ENSG00000212040,,False,False
ENSG00000207820,,False,False
ENSG00000207775,,False,False
ENSG00000207689,,False,False
ENSG00000208032,,False,False
ENSG00000207688,,False,False
ENSG00000264419,,False,False
ENSG00000265301,,False,False
ENSG00000265699,,False,False
ENSG00000265226,,False,False
ENSG00000221466,,False,False
ENSG00000264402,,False,False
ENSG00000263515,,False,False
ENSG00000207982,,False,False
ENSG00000283172,,False,False
ENSG00000263690,,False,False
ENSG00000221594,,False,False
ENSG00000221782,,False,False
ENSG00000221436,,False,False
ENSG00000221442,,False,False
ENSG00000221348,,False,False
ENSG00000221369,,False,False
ENSG00000221801,,False,False
ENSG00000221698,,False,False
ENSG00000221616,,False,False
ENSG00000221737,,False,False
ENSG00000221275,,False,False
ENSG00000221305,0.36787944117145116,False,False
ENSG00000221494,,False,False
ENSG00000221760,,False,False
ENSG00000288233,,False,False
ENSG00000221187,,False,False
ENSG00000221669,,False,False
ENSG00000275453,,False,False
ENSG00000221331,,False,False
ENSG00000221296,,False,False
ENSG00000265005,,False,False
ENSG00000265841,,False,False
ENSG00000263945,,False,False
ENSG00000266016,,False,False
ENSG00000207771,,False,False
ENSG00000207573,,False,False
ENSG00000212024,,False,False
ENSG00000207776,,False,False
ENSG00000207717,,False,False
ENSG00000207750,,False,False
ENSG00000207606,,False,False
ENSG00000283701,0.36787944117145116,False,False
ENSG00000207729,,False,False
ENSG00000207974,,False,False
ENSG00000207653,,False,False
ENSG00000207923,,False,False
ENSG00000207951,,False,False
ENSG00000207815,,False,False
ENSG00000284275,0.16895653641471436,False,False
ENSG00000207940,,False,False
ENSG00000284134,,False,False
ENSG00000207963,,False,False
ENSG00000207650,,False,False
ENSG00000207716,0.36787944117145116,False,False
ENSG00000207697,,False,False
ENSG00000207944,,False,False
ENSG00000207746,,False,False
ENSG00000207931,,False,False
ENSG00000207559,,False,False
ENSG00000207756,,False,False
ENSG00000207627,,False,False
ENSG00000207578,,False,False
ENSG00000207619,,False,False
ENSG00000207769,,False,False
ENSG00000207973,,False,False
ENSG00000207741,,False,False
ENSG00000208025,,False,False
ENSG00000207692,,False,False
ENSG00000207588,,False,False
ENSG00000207637,,False,False
ENSG00000207826,,False,False
ENSG00000285033,,False,False
ENSG00000207600,,False,False
ENSG00000207804,,False,False
ENSG00000283941,,False,False
ENSG00000236901,0.9874397796982158,True,False
ENSG00000207991,,False,False
ENSG00000207693,,False,False
ENSG00000207930,,False,False
ENSG00000207612,,False,False
ENSG00000207813,,False,False
ENSG00000207551,,False,False
ENSG00000208033,,False,False
ENSG00000207874,,False,False
ENSG00000284108,,False,False
ENSG00000283791,0.5962796833959243,False,False
ENSG00000207983,,False,False
ENSG00000283759,,False,False
ENSG00000207571,,False,False
ENSG00000207763,,False,False
ENSG00000208022,,False,False
ENSG00000207967,,False,False
ENSG00000207652,,False,False
ENSG00000283783,,False,False
ENSG00000207719,,False,False
ENSG00000207952,,False,False
ENSG00000207766,,False,False
ENSG00000207712,,False,False
ENSG00000283891,,False,False
ENSG00000207965,,False,False
ENSG00000283798,,False,False
ENSG00000284343,0.36787944117145116,False,False
ENSG00000283774,,False,False
ENSG00000207943,,False,False
ENSG00000207561,0.36787944117145116,False,False
ENSG00000283805,,False,False
ENSG00000283928,,False,False
ENSG00000207972,,False,False
ENSG00000283822,,False,False
ENSG00000207631,,False,False
ENSG00000207773,,False,False
ENSG00000283212,,False,False
ENSG00000208002,,False,False
ENSG00000207997,,False,False
ENSG00000208018,,False,False
ENSG00000207554,0.36787944117145116,False,False
ENSG00000207780,0.36787944117145116,False,False
ENSG00000284049,0.04386845795312794,False,True
ENSG00000207628,,False,False
ENSG00000208014,,False,False
ENSG00000207934,,False,False
ENSG00000207646,,False,False
ENSG00000207959,,False,False
ENSG00000207736,,False,False
ENSG00000284197,0.36787944117145116,False,False
ENSG00000207696,,False,False
ENSG00000207970,,False,False
ENSG00000207574,,False,False
ENSG00000207579,,False,False
ENSG00000284419,0.27805342925165777,True,False
ENSG00000221288,0.3451413592667513,False,False
ENSG00000283159,,False,False
ENSG00000276352,,False,False
ENSG00000211568,,False,False
ENSG00000284191,,False,False
ENSG00000288367,,False,False
ENSG00000211991,,False,False
ENSG00000211997,,False,False
ENSG00000284179,0.5962796833959243,False,False
ENSG00000284251,,False,False
ENSG00000284286,,False,False
ENSG00000207703,,False,False
ENSG00000207630,,False,False
ENSG00000176840,0.040635169553948886,False,False
ENSG00000266297,,False,False
ENSG00000211582,,False,False
ENSG00000211579,,False,False
ENSG00000211575,,False,False
ENSG00000283899,,False,False
ENSG00000211591,0.36787944117145116,False,False
ENSG00000212100,,False,False
ENSG00000211581,,False,False
ENSG00000211578,,False,False
ENSG00000292184,,False,False
ENSG00000211580,,False,False
ENSG00000211574,,False,False
ENSG00000211590,,False,False
ENSG00000215939,,False,False
ENSG00000216009,,False,False
ENSG00000216069,,False,False
ENSG00000215966,,False,False
ENSG00000216101,0.36787944117145116,False,False
ENSG00000216135,,False,False
ENSG00000216005,,False,False
ENSG00000216099,,False,False
ENSG00000216075,,False,False
ENSG00000216056,,False,False
ENSG00000216064,,False,False
ENSG00000215943,,False,False
ENSG00000216098,,False,False
ENSG00000207933,,False,False
ENSG00000284447,,False,False
ENSG00000216192,,False,False
ENSG00000215952,,False,False
ENSG00000284146,,False,False
ENSG00000283705,,False,False
ENSG00000284538,,False,False
ENSG00000284586,,False,False
ENSG00000207757,,False,False
ENSG00000284329,,False,False
ENSG00000215973,,False,False
ENSG00000216060,,False,False
ENSG00000284583,,False,False
ENSG00000283788,,False,False
ENSG00000284224,,False,False
ENSG00000216035,,False,False
ENSG00000284918,0.36787944117145116,False,False
ENSG00000284346,,False,False
ENSG00000283206,0.36787944117145116,False,False
ENSG00000216141,,False,False
ENSG00000283513,,False,False
ENSG00000216195,,False,False
ENSG00000215930,,False,False
ENSG00000284587,,False,False
ENSG00000216058,,False,False
ENSG00000199158,,False,False
ENSG00000271886,,False,False
ENSG00000207638,,False,False
ENSG00000207550,,False,False
ENSG00000199165,,False,False
ENSG00000198975,,False,False
ENSG00000283990,,False,False
ENSG00000284520,,False,False
ENSG00000197182,0.024951736451924746,False,True
ENSG00000199030,,False,False
ENSG00000199133,,False,False
ENSG00000198972,,False,False
ENSG00000199072,,False,False
ENSG00000208012,,False,False
ENSG00000199150,,False,False
ENSG00000199179,,False,False
ENSG00000167842,0.10368400803275411,False,False
ENSG00000159055,0.0013778058562547392,True,False
ENSG00000129534,0.8145225744292595,False,True
ENSG00000158411,0.023606518977166754,True,False
ENSG00000187098,0.010072380635112751,False,True
ENSG00000185155,0.2491807544531676,False,False
ENSG00000148773,0.0001065067818004233,False,False
ENSG00000125863,0.0001065067818004233,False,False
ENSG00000128585,0.41400931876940616,False,False
ENSG00000079277,0.021212084228799707,False,True
ENSG00000099875,0.47207959171908154,False,False
ENSG00000133606,0.08569368195559113,True,False
ENSG00000075975,0.26886027935922086,True,False
ENSG00000179455,0.009388342716817972,False,False
ENSG00000225849,0.13823731419069898,False,False
ENSG00000258128,0.10115610633786888,False,False
ENSG00000011143,0.5841040013440686,True,False
ENSG00000150051,0.04826089533672554,False,True
ENSG00000120215,0.6864127675167437,False,False
ENSG00000100427,0.01695403914854612,False,True
ENSG00000110917,0.4213187605081594,True,False
ENSG00000178053,0.03069320001470077,False,False
ENSG00000089693,0.6797711866145533,False,True
ENSG00000076242,0.329121868610169,False,False
ENSG00000119684,0.33104749083823115,True,False
ENSG00000146147,0.46979017045706384,False,False
ENSG00000168404,0.30301535336118823,False,False
ENSG00000130382,0.35991891133236653,False,True
ENSG00000078403,0.45451380988517487,True,False
ENSG00000238151,0.1378100500967614,True,False
ENSG00000213190,0.4044602769610365,False,False
ENSG00000171843,0.1286629523173662,False,False
ENSG00000275023,0.8890097654027761,False,False
ENSG00000096395,0.36787944117145116,False,False
ENSG00000102539,0.8474749914506897,False,False
ENSG00000115648,0.3641428503576877,False,True
ENSG00000167965,0.03429097372359302,False,False
ENSG00000108788,0.5122536621554425,True,False
ENSG00000175727,0.7638955157717768,False,False
ENSG00000009950,0.018156065120366018,False,False
ENSG00000103150,0.0010453606942056213,False,True
ENSG00000151611,7.948349973010463e-05,False,True
ENSG00000139428,0.49607859644832597,False,False
ENSG00000132763,3.7595574648466746e-05,False,True
ENSG00000168288,0.01828005727994793,False,False
ENSG00000108960,0.028066886802553943,True,False
ENSG00000136297,,False,False
ENSG00000196549,0.002048661164862306,False,True
ENSG00000277131,0.1725742734570529,False,False
ENSG00000169446,0.8289031814174833,False,True
ENSG00000196611,7.93581897635206e-05,True,False
ENSG00000166670,0.33844602980764366,True,False
ENSG00000099953,0.002121639036097222,False,False
ENSG00000262406,2.147728418017418e-05,True,False
ENSG00000137745,0.08223508677535828,False,False
ENSG00000157227,0.005889040903399788,False,False
ENSG00000102996,0.3815401716215524,True,False
ENSG00000156103,0.15490855490785516,False,False
ENSG00000198598,0.504836992537959,False,False
ENSG00000123342,0.6958201383926648,False,False
ENSG00000087245,0.06912407422754974,False,False
ENSG00000137674,0.08643744771707759,False,False
ENSG00000154485,0.0034583228732985084,False,False
ENSG00000215914,0.7789323384919882,False,False
ENSG00000189409,0.05457831592478929,False,False
ENSG00000125966,0.7826912205822796,False,True
ENSG00000008516,0.4388799297915562,False,False
ENSG00000167346,,False,False
ENSG00000137675,0.3451413592667513,False,False
ENSG00000271447,0.1950656604423096,False,False
ENSG00000149968,0.05007715674196937,False,False
ENSG00000137673,0.034191097171807044,False,False
ENSG00000118113,0.4374912247931845,False,False
ENSG00000100985,0.0009008663723077273,True,False
ENSG00000138722,0.0013460270408302373,False,True
ENSG00000173269,0.1620052725512871,False,True
ENSG00000155229,0.11516376763724923,False,False
ENSG00000146263,0.020284269860038055,True,False
ENSG00000169184,0.2611312474719291,False,False
ENSG00000020426,0.023813996818112183,True,False
ENSG00000121211,0.00023387600074407388,True,False
ENSG00000163563,0.15597715923417532,False,False
ENSG00000138587,0.0472634740216183,False,False
ENSG00000070444,0.8169018986631806,False,False
ENSG00000130675,0.6282419175141551,False,False
ENSG00000165943,0.8468247216543837,False,True
ENSG00000114978,0.42875725233373474,False,True
ENSG00000173542,0.7248229182033002,False,False
ENSG00000291442,0.17664863884262993,False,False
ENSG00000172081,0.7624115035808244,False,True
ENSG00000120162,0.412001518064424,False,True
ENSG00000142961,0.024590472493619675,False,True
ENSG00000115540,0.016732155263043277,True,False
ENSG00000168314,0.3845753207304544,False,False
ENSG00000075643,0.6264593656375133,True,False
ENSG00000124615,0.000659348303916027,False,True
ENSG00000164172,0.36520655802604113,False,False
ENSG00000124217,0.38526794056374664,False,False
ENSG00000236561,0.21837551693869844,True,False
ENSG00000124003,0.0020067282489693275,False,False
ENSG00000166391,2.2631689229632467e-05,False,False
ENSG00000106384,0.6602295377331096,False,False
ENSG00000115275,0.1939310112391763,False,False
ENSG00000080823,0.4908012146088795,False,False
ENSG00000164077,0.45099217093361643,False,False
ENSG00000103111,0.34350746793762077,False,False
ENSG00000061987,0.05158566658698333,False,False
ENSG00000114487,0.3178961759776079,False,False
ENSG00000133422,0.00011681321282780664,False,False
ENSG00000235989,0.6718860612012494,False,False
ENSG00000159256,0.0003953721702299892,False,False
ENSG00000133131,0.11023364331299876,True,False
ENSG00000185787,0.33363252404653704,True,False
ENSG00000123562,0.14973595039385612,True,False
ENSG00000116151,0.012994640457254776,False,False
ENSG00000188010,0.4625383689040139,False,False
ENSG00000139714,0.062490390242295586,False,False
ENSG00000171160,0.005911988914957618,False,True
ENSG00000185681,0.3223293429802801,False,False
ENSG00000172680,,False,False
ENSG00000101928,0.9731431232675515,False,False
ENSG00000130150,0.8460017628060118,False,False
ENSG00000106330,0.3074670175579953,True,False
ENSG00000155363,0.869349782758956,False,False
ENSG00000073146,0.7019357058822984,True,False
ENSG00000079931,0.003545069993810367,False,False
ENSG00000282809,0.5962796833959243,False,False
ENSG00000129255,0.00657933831529216,False,True
ENSG00000107186,6.294113417361939e-05,False,True
ENSG00000197629,0.0006861634113535927,False,True
ENSG00000103152,0.46979017045706384,False,True
ENSG00000124383,0.6544773324202532,True,False
ENSG00000135698,0.03779251764105622,False,False
ENSG00000196199,0.03314367906940811,False,True
ENSG00000051825,0.6344279200793124,False,False
ENSG00000178802,0.9135447234295009,False,True
ENSG00000117400,0.8534372775192605,False,False
ENSG00000008382,0.21920579487202158,False,True
ENSG00000005381,0.14896501752633784,False,True
ENSG00000130830,0.002048661164862306,False,True
ENSG00000108852,0.4908012146088795,False,False
ENSG00000161647,0.018369141203876973,True,False
ENSG00000082126,0.032970914651794636,True,False
ENSG00000150054,0.4625383689040139,True,False
ENSG00000154889,0.7019357058822984,False,False
ENSG00000186732,0.0005386228813493464,False,False
ENSG00000066382,0.9135447234295009,True,False
ENSG00000133030,0.1752799395561437,False,False
ENSG00000128309,0.7624115035808352,False,False
ENSG00000115204,0.0009918913952304427,True,False
ENSG00000156968,0.47207959171908154,False,False
ENSG00000254858,0.04385424263959268,False,False
ENSG00000158887,0.08083756052851754,True,False
ENSG00000197965,0.00010008122622076522,False,False
ENSG00000149573,0.12891339107500147,True,False
ENSG00000160588,0.9047054630375765,False,False
ENSG00000153029,0.4380273221341927,False,False
ENSG00000170262,0.09362382574599618,False,False
ENSG00000135324,0.017582764101747823,True,False
ENSG00000158186,0.034025282283365106,False,False
ENSG00000260314,2.7436231884384066e-05,False,True
ENSG00000011028,0.006297678931171649,False,True
ENSG00000118242,0.0014436320316058597,False,True
ENSG00000179010,0.4213187605081594,True,False
ENSG00000178988,0.9047054630375765,True,False
ENSG00000172938,0.21276618240265502,False,False
ENSG00000184350,0.3451413592667513,False,False
ENSG00000172935,0.6084502925805204,False,True
ENSG00000182170,0.36787944117145116,False,False
ENSG00000170255,0.36787944117145116,False,False
ENSG00000183695,0.5962796833959243,False,False
ENSG00000179826,0.5382949871275216,True,False
ENSG00000179817,0.7972320868164201,False,False
ENSG00000037757,0.0026975514375421764,False,True
ENSG00000278619,0.045904772399021236,False,False
ENSG00000134042,2.4320036146404254e-05,False,True
ENSG00000169288,0.7404941610992368,False,True
ENSG00000159111,0.030993082350196394,True,False
ENSG00000174547,0.11207082852577047,True,False
ENSG00000262814,0.5403925781934952,False,False
ENSG00000172172,0.0012921676430325934,True,False
ENSG00000180992,0.30866513398957124,True,False
ENSG00000137547,0.025318307817300118,True,False
ENSG00000166902,0.23786025314076092,False,True
ENSG00000158042,0.10070336319299901,True,False
ENSG00000112110,0.09857215548341693,True,False
ENSG00000115364,0.22701439326129677,False,True
ENSG00000112651,0.9260649655225167,False,False
ENSG00000242485,0.9627906350072438,False,False
ENSG00000197345,0.3458533635102353,False,False
ENSG00000082515,0.07242655215680929,True,False
ENSG00000288141,0.3978299303332715,True,False
ENSG00000288320,0.21750735656533157,False,False
ENSG00000143314,0.0008079179327973297,True,False
ENSG00000108826,0.6758171240006762,False,False
ENSG00000086504,0.5841040013440686,True,False
ENSG00000114686,0.2546127113195458,False,False
ENSG00000185414,0.004681566473454663,True,False
ENSG00000106591,0.20518156882160768,False,False
ENSG00000243147,0.10991257467628988,False,False
ENSG00000130312,0.004886193227052997,False,True
ENSG00000132313,0.9260649655225167,False,False
ENSG00000171421,0.9884003241552884,False,False
ENSG00000116221,0.5807064113317143,False,False
ENSG00000204316,0.6437484380858923,False,False
ENSG00000154719,0.002384200121562366,False,False
ENSG00000105364,0.7624115035808352,False,False
ENSG00000185608,0.18081919732212762,False,False
ENSG00000182154,0.47345859636325194,False,True
ENSG00000198015,0.0064526337800191,True,False
ENSG00000055950,0.8924739978144933,True,False
ENSG00000135900,0.996118394014622,False,True
ENSG00000278845,0.0160314366354572,False,False
ENSG00000228782,0.46119117072507054,True,False
ENSG00000259494,0.06993530104983008,False,True
ENSG00000136522,0.0033279585598461536,False,False
ENSG00000175581,0.0008947558680961537,True,False
ENSG00000149792,0.0013499589573397397,True,False
ENSG00000136897,0.0030108222898554823,True,False
ENSG00000111639,0.13441731488568587,True,False
ENSG00000172590,0.3297624949163444,False,False
ENSG00000204822,0.47345859636325194,True,False
ENSG00000183617,0.029985267519257695,False,True
ENSG00000162910,0.05521883652904836,True,False
ENSG00000143436,0.00017589903559657108,True,False
ENSG00000048544,0.038459754327126686,True,False
ENSG00000181991,0.5382949871275216,False,False
ENSG00000283018,0.025171037417556337,True,False
ENSG00000120333,0.3475388054239949,False,False
ENSG00000116898,0.9646646794477719,False,False
ENSG00000182180,0.15765431691636933,False,False
ENSG00000239789,0.0011146418145828126,True,False
ENSG00000096080,0.044845988040869894,True,False
ENSG00000204568,0.009650563802540767,True,False
ENSG00000163319,0.1286629523173662,False,True
ENSG00000122140,0.9845637435410837,False,False
ENSG00000266472,0.0033572080081625782,True,False
ENSG00000175110,0.7624115035808244,False,True
ENSG00000181610,0.00010640327667562834,False,False
ENSG00000062582,0.5142497771684864,False,False
ENSG00000131368,0.4431679264255014,False,True
ENSG00000125901,0.9544023865431366,False,False
ENSG00000113048,0.08978779094001982,True,False
ENSG00000147586,0.07110086264317031,True,False
ENSG00000112996,0.0550044987626716,False,False
ENSG00000102738,0.00965056380254063,False,True
ENSG00000090263,0.8386310295131585,False,False
ENSG00000074071,0.2611312474719329,False,False
ENSG00000061794,0.05985974156887252,False,False
ENSG00000144029,0.13907027650998902,True,False
ENSG00000243927,0.037136856816636886,False,True
ENSG00000125445,0.3435074679376159,False,False
ENSG00000135972,0.06946093552266765,True,False
ENSG00000148187,0.24276682484732598,True,False
ENSG00000124532,0.2546127113195458,True,False
ENSG00000257802,0.04572598507779556,False,False
ENSG00000053372,0.1613764319156881,True,False
ENSG00000156738,0.002454768308800152,False,True
ENSG00000172689,0.46979017045706384,False,True
ENSG00000071203,,False,False
ENSG00000204979,,False,False
ENSG00000166928,0.014889519316377194,False,True
ENSG00000166961,0.21276618240265502,False,False
ENSG00000149534,0.03038434071875852,False,True
ENSG00000149516,0.01839830453778054,False,False
ENSG00000110079,0.009156945777587815,False,True
ENSG00000166930,,False,False
ENSG00000110077,0.0001036463422904395,False,True
ENSG00000166926,0.01876139701003568,False,True
ENSG00000166927,3.1929861568083064e-05,False,True
ENSG00000178860,0.18294125659728158,False,False
ENSG00000151379,,False,False
ENSG00000095002,6.936822333417799e-05,True,False
ENSG00000113318,0.03786607969598651,False,False
ENSG00000057468,0.47332859482000333,False,True
ENSG00000230293,0.00072385546911112,True,False
ENSG00000255419,0.03253701995783554,True,False
ENSG00000116062,0.002663669597211232,False,False
ENSG00000135097,8.557930329463442e-05,True,False
ENSG00000153944,0.004125697531225403,True,False
ENSG00000188895,0.7941899068540217,False,False
ENSG00000174579,0.23786025314076092,False,False
ENSG00000005302,0.08453511783334182,False,False
ENSG00000102854,0.2700381998420684,False,True
ENSG00000162006,0.36669096210060714,False,False
ENSG00000263639,0.003162911504043023,True,False
ENSG00000052802,0.5414444368946989,False,False
ENSG00000215183,0.012881425528802075,True,False
ENSG00000147065,0.8297095074058933,False,False
ENSG00000038945,0.019605606297957736,False,True
ENSG00000175806,0.00036971762263485024,False,False
ENSG00000148450,0.9970873807028403,False,True
ENSG00000174099,0.14973595039385398,False,False
ENSG00000166343,0.6344279200793124,False,False
ENSG00000173531,0.005474885810699767,False,False
ENSG00000186301,0.007393557030311296,False,False
ENSG00000164078,0.9797889530019297,False,False
ENSG00000138379,0.41984798562422365,False,True
ENSG00000125459,0.0001677153121860176,True,False
ENSG00000203761,0.00010008122622076522,False,False
ENSG00000163132,0.016732155263043277,True,False
ENSG00000120149,0.031449490825934026,False,False
ENSG00000229590,0.05620811927923939,False,True
ENSG00000205362,0.18294125659728158,False,False
ENSG00000169688,0.22641188260277398,False,False
ENSG00000205361,0.2401842235380923,False,False
ENSG00000169715,0.0067346721767931415,False,True
ENSG00000198417,0.0026276572336573706,False,True
ENSG00000125144,0.0015848693858094203,False,True
ENSG00000205358,0.0007337759967888322,False,True
ENSG00000275691,0.08349957724625152,False,False
ENSG00000255986,0.0006561359157287643,False,True
ENSG00000260549,0.010131311997292844,False,True
ENSG00000205364,0.0018552378999055661,False,True
ENSG00000187193,0.0010172855709004091,False,True
ENSG00000125148,0.0014436320316058597,False,True
ENSG00000087250,0.18180483647947654,False,False
ENSG00000102891,0.36787944117145116,False,False
ENSG00000182979,0.4213187605081594,True,False
ENSG00000149480,0.09005007251894852,False,False
ENSG00000057935,0.00032047777849053907,True,False
ENSG00000099810,0.38752206154707847,False,True
ENSG00000172167,7.476091306433206e-05,True,False
ENSG00000137409,0.023606518977166754,True,False
ENSG00000285121,0.5841040013440728,False,False
ENSG00000214827,0.8634530530416704,False,False
ENSG00000147649,0.0027265570890029453,True,False
ENSG00000188786,0.6468856075164668,False,True
ENSG00000143033,0.43000970690402607,False,True
ENSG00000103707,0.8994430127919598,False,False
ENSG00000242114,0.0008539571358844326,True,False
ENSG00000066855,0.0022230026517241204,True,False
ENSG00000148824,0.843537681746238,False,False
ENSG00000100714,2.2631689229632467e-05,False,False
ENSG00000120254,0.00014216362962268803,True,False
ENSG00000065911,0.2501954459286282,False,False
ENSG00000163738,0.001470548833662921,False,False
ENSG00000177000,0.17941818394337153,False,False
ENSG00000136371,3.3847970970575016e-05,False,True
ENSG00000103248,0.4363270726588373,True,False
ENSG00000085760,0.028451546916670584,True,False
ENSG00000122033,0.23995080837324365,False,True
ENSG00000171100,0.0007510999667073767,False,False
ENSG00000063601,0.7019357058822984,False,False
ENSG00000277086,0.001177014722089391,False,True
ENSG00000014914,0.030455384647227007,True,False
ENSG00000150712,0.5762070137928801,False,False
ENSG00000163719,0.9646646794477857,False,True
ENSG00000087053,0.1026807840832584,False,False
ENSG00000100330,0.39283309876564215,True,False
ENSG00000108389,0.014817310344199636,False,True
ENSG00000139505,0.001495057418253519,False,True
ENSG00000003987,0.0009596376539762443,True,False
ENSG00000102043,0.8534372775192605,False,False
ENSG00000104643,0.19582577895800432,False,True
ENSG00000220785,0.020522322144494804,False,False
ENSG00000168412,0.15438204403821917,False,False
ENSG00000134640,0.16895653641471803,False,False
ENSG00000135297,0.004507368357806039,False,False
ENSG00000198793,0.8224807192892474,False,False
ENSG00000107951,0.020127104393798265,False,False
ENSG00000116984,0.3488930708560868,False,False
ENSG00000120662,0.00032047777849053706,False,False
ENSG00000112031,0.90999870276312,False,True
ENSG00000124275,0.45099217093361643,False,False
ENSG00000170873,0.2272352243657425,False,False
ENSG00000138823,0.0011644934075969067,False,True
ENSG00000129422,0.329121868610169,False,False
ENSG00000132938,0.021434823035652535,False,True
ENSG00000173171,0.007415154552552487,False,False
ENSG00000128654,0.14543143230726377,True,False
ENSG00000177034,0.7019357058822984,False,False
ENSG00000185499,0.05389280025307356,False,False
ENSG00000205277,0.8460017628060118,True,False
ENSG00000173702,0.03350005929995229,True,False
ENSG00000169550,0.06396841419341716,False,False
ENSG00000181143,0.5650815330860894,False,False
ENSG00000169876,0.04632724848816227,False,False
ENSG00000293532,0.12291568032635454,False,False
ENSG00000274843,0.8592656070832756,False,False
ENSG00000204544,0.1554355140136942,False,False
ENSG00000229126,0.32962187665298015,False,False
ENSG00000277585,0.9874397796982158,False,False
ENSG00000117983,0.6216054675696967,True,False
ENSG00000184956,0.011905862467360221,False,True
ENSG00000171195,0.36787944117145116,False,False
ENSG00000172551,0.9724557455820773,False,False
ENSG00000090432,0.8634530530416704,False,True
ENSG00000172732,0.02052232214449494,True,False
ENSG00000030304,0.05689283160985207,False,False
ENSG00000272573,0.2877960642431118,False,False
ENSG00000132781,0.4044602769610365,True,False
ENSG00000167508,0.0009411570048363479,True,False
ENSG00000110921,0.5640126163946846,False,True
ENSG00000013364,0.3882763621588816,False,False
ENSG00000157601,0.596152875121186,False,True
ENSG00000183486,0.9287701192945929,False,False
ENSG00000059728,0.7462764190832948,False,False
ENSG00000213347,0.0026792541629110564,True,False
ENSG00000123933,0.4466284686086408,False,False
ENSG00000119950,0.009840063198199855,False,False
ENSG00000101825,0.0003992350822020792,False,True
ENSG00000182534,0.2925925552020515,False,False
ENSG00000162576,0.028368678392087458,False,False
ENSG00000179820,0.2833535703875884,False,False
ENSG00000239649,0.12713573293203653,False,False
ENSG00000185105,0.00034163605707013815,False,False
ENSG00000118513,0.42626327633819006,False,False
ENSG00000132382,0.7297729092033649,False,False
ENSG00000185697,0.8050743765976687,True,False
ENSG00000101057,0.00020213738746996504,True,False
ENSG00000196091,0.004479708836579158,False,False
ENSG00000086967,0.3291341402950489,False,False
ENSG00000134571,0.23441639115790464,False,False
ENSG00000133055,0.7629832428371137,False,False
ENSG00000221986,0.06521359951957455,True,False
ENSG00000136997,0.18347565131987473,False,False
ENSG00000214114,0.5875214699347704,False,False
ENSG00000005810,0.000136077649780189,False,True
ENSG00000136449,0.7826912205822796,False,False
ENSG00000134323,0.03786607969598651,False,False
ENSG00000233718,0.40224258803286717,True,False
ENSG00000120279,2.0554798512752384e-05,False,True
ENSG00000172936,9.468556910220038e-05,False,True
ENSG00000104177,0.5122536621554425,False,False
ENSG00000172927,0.27561719635193765,False,True
ENSG00000111049,0.36787944117145116,False,False
ENSG00000111046,0.48049979016873123,False,False
ENSG00000109061,0.26009188181791526,False,False
ENSG00000133026,0.00013915498905828832,False,True
ENSG00000133392,0.04502074081789541,False,True
ENSG00000006788,0.05235662561564805,False,False
ENSG00000105357,0.08978779094001982,True,False
ENSG00000144821,0.7523144235067165,False,True
ENSG00000293560,0.23316365444475262,False,False
ENSG00000125414,0.278933738315211,False,False
ENSG00000109063,0.00010557884864821897,False,False
ENSG00000264424,0.680560733426081,False,False
ENSG00000197616,0.03584306409005586,False,False
ENSG00000092054,0.06609773803986511,False,False
ENSG00000078814,0.4931930286714282,False,True
ENSG00000133020,0.3546051069090394,False,False
ENSG00000100345,0.013224064199745991,True,False
ENSG00000168530,,False,False
ENSG00000106436,0.6804798536936352,False,False
ENSG00000101608,0.4213187605081594,False,False
ENSG00000118680,0.3021327849956571,False,False
ENSG00000111245,0.18377718223413247,False,False
ENSG00000160808,0.0015701597994829015,False,True
ENSG00000198336,0.14556140577727292,False,False
ENSG00000215375,0.7248229182033002,False,False
ENSG00000092841,0.21540280260915248,False,False
ENSG00000196465,0.03253701995783554,True,False
ENSG00000106631,0.025058841129947888,False,False
ENSG00000101335,0.04246948874003737,False,False
ENSG00000007944,0.7706093981732349,False,False
ENSG00000065534,0.0010292242384377995,False,True
ENSG00000101306,0.304669797637211,False,False
ENSG00000140795,0.5009254422650236,True,False
ENSG00000145949,0.11880321317710957,False,True
ENSG00000085274,0.9073482229810683,False,False
ENSG00000145555,3.020843397001823e-05,False,True
ENSG00000091536,0.0008245836313238561,False,True
ENSG00000266714,0.716415207307324,True,False
ENSG00000041515,0.00012383048477502534,False,False
ENSG00000196535,0.2877960642431118,False,False
ENSG00000133454,0.033523762259679867,False,False
ENSG00000278259,0.0004070745005356868,True,False
ENSG00000166866,6.936822333417799e-05,True,False
ENSG00000128641,0.0009765803052742808,False,False
ENSG00000197879,0.24490050396881355,False,False
ENSG00000176658,0.1286629523173662,False,False
ENSG00000157483,0.27628030546674437,False,True
ENSG00000142347,0.0028402038930120613,False,True
ENSG00000136286,0.056632536498472566,False,True
ENSG00000174527,0.08480480954584307,True,False
ENSG00000095777,0.0012192201609626493,False,True
ENSG00000071909,0.052854935671044705,False,False
ENSG00000197535,0.90999870276312,False,False
ENSG00000167306,0.936933085603705,False,False
ENSG00000128833,0.011429465958744629,True,False
ENSG00000196586,0.6216054675696967,False,False
ENSG00000137474,0.4794809831420318,False,False
ENSG00000169994,0.07478808165730312,True,False
ENSG00000066933,0.001985901997498459,False,True
ENSG00000099331,0.5542275848558886,False,False
ENSG00000034971,0.2846631193291772,False,False
ENSG00000141052,0.010109467579740166,False,False
ENSG00000129152,0.3223293429802801,False,False
ENSG00000138119,0.10089937940989292,False,False
ENSG00000122180,0.1538375856299461,False,False
ENSG00000101605,0.9874397796982158,False,False
ENSG00000036448,0.0008489898762368703,False,True
ENSG00000142661,0.08717107620846061,False,False
ENSG00000120729,0.0025449530819004773,False,True
ENSG00000177791,0.0009295673721762909,False,False
ENSG00000172399,0.01538775659193574,False,True
ENSG00000164591,0.13920555886947328,False,False
ENSG00000138347,0.6703401745578249,False,False
ENSG00000176182,0.054684551056097805,True,False
ENSG00000170011,0.002384200121562366,False,False
ENSG00000162601,0.14973595039385612,False,True
ENSG00000276876,0.5022953296523832,True,False
ENSG00000186487,0.05499395756074765,False,False
ENSG00000263155,0.00035734774782680693,False,True
ENSG00000170476,0.0030819058289842725,False,True
ENSG00000099326,0.6301246464787518,False,False
ENSG00000204899,0.0043905813640161126,False,False
ENSG00000173272,0.10158844567345506,False,False
ENSG00000292119,0.19582577895800432,False,False
ENSG00000102921,0.6338113721005718,False,True
ENSG00000078177,0.025466439864908118,False,False
ENSG00000139597,2.3031257563903514e-05,False,False
ENSG00000244754,0.006503020123561989,False,True
ENSG00000145911,0.0012452971067457902,False,False
ENSG00000102030,0.06501700254173598,True,False
ENSG00000156269,0.06344858358679795,False,False
ENSG00000164134,0.2667771109015765,False,False
ENSG00000172766,0.33266077951884626,False,False
ENSG00000173418,0.0001518805593129436,True,False
ENSG00000111300,0.46979017045706384,False,False
ENSG00000139977,0.02052232214449494,False,False
ENSG00000135040,0.8321331946063107,True,False
ENSG00000183011,0.2667771109015765,True,False
ENSG00000110583,0.021755151136953622,False,False
ENSG00000121579,0.8584305579681832,False,False
ENSG00000122390,0.8634530530416704,False,False
ENSG00000138744,2.02966257151733e-05,False,True
ENSG00000077616,0.0527009893654591,False,True
ENSG00000168060,0.3516174539107019,True,False
ENSG00000177694,0.0050325864500055046,False,True
ENSG00000138386,0.843537681746238,False,False
ENSG00000166886,0.7773822889285338,True,False
ENSG00000196531,0.09353027464612838,True,False
ENSG00000253506,0.759872630194941,False,False
ENSG00000136274,0.09903832921446619,False,False
ENSG00000160877,0.000201548638214541,True,False
ENSG00000148411,0.13350557304031743,True,False
ENSG00000008130,0.34051468229391474,False,False
ENSG00000172890,0.8003914559964804,False,False
ENSG00000159593,0.0015363181247518161,False,False
ENSG00000145414,0.5558465542560704,False,True
ENSG00000198951,0.16728759262552026,False,True
ENSG00000124357,0.07537207543469275,False,True
ENSG00000108784,0.42378380719059383,False,False
ENSG00000103174,0.33266077951884626,True,False
ENSG00000161653,0.47622870216349256,False,False
ENSG00000171169,0.04754000258088901,True,False
ENSG00000278613,0.016651010149612344,False,True
ENSG00000102452,7.700674178502948e-05,False,True
ENSG00000105835,0.0924453537785658,False,False
ENSG00000111704,0.4960785964483295,False,False
ENSG00000205857,0.9275253904584642,False,False
ENSG00000188613,0.7404941610992368,True,False
ENSG00000188425,0.40295320436364557,False,False
ENSG00000187556,0.2509519813980538,False,False
ENSG00000170191,0.003952919244957593,True,False
ENSG00000095380,0.030455384647227007,True,False
ENSG00000187109,0.2278990074125342,False,False
ENSG00000186462,0.2129041999228439,False,True
ENSG00000186310,0.00027865635399145053,False,False
ENSG00000273562,0.06571610339612705,True,False
ENSG00000177432,0.0003751492243189087,False,True
ENSG00000105402,0.6375196679718531,False,False
ENSG00000125814,0.09809411493143176,True,False
ENSG00000161048,0.0007302174392954045,False,False
ENSG00000134265,0.9405840623298023,False,False
ENSG00000131400,0.7376198545313661,False,False
ENSG00000131401,0.0013124265965605872,False,True
ENSG00000141562,0.008116903707478655,False,False
ENSG00000137513,0.8838386131886712,False,True
ENSG00000132780,0.8592656070832756,True,False
ENSG00000171428,0.0002508351436162576,False,True
ENSG00000135372,0.00018737444647219393,True,False
ENSG00000090971,0.16518642360838853,False,False
ENSG00000167011,0.8336164832991649,False,False
ENSG00000156006,1.5947894196277206e-05,False,True
ENSG00000144035,0.3684163607179038,False,False
ENSG00000291485,0.6758171240006762,False,False
ENSG00000109065,0.002379568359792589,True,False
ENSG00000134369,0.08178625457008354,False,False
ENSG00000166833,0.10089937940989292,False,False
ENSG00000254622,4.613328854018221e-05,False,True
ENSG00000067798,0.1840116070775463,False,False
ENSG00000151779,0.09298623193068932,True,False
ENSG00000172915,0.03301502836635483,False,True
ENSG00000144426,0.5279285318830353,False,False
ENSG00000160796,0.8145225744292595,False,False
ENSG00000258590,0.7150338257514516,False,False
ENSG00000158747,0.3259373568695716,False,False
ENSG00000104320,0.028368678392087458,True,False
ENSG00000292225,0.7668722115381088,False,False
ENSG00000271425,0.3297624949163444,False,False
ENSG00000263956,0.07320532482417304,False,False
ENSG00000270629,0.4279243099007961,False,False
ENSG00000266338,0.6301246464787518,False,False
ENSG00000205449,0.16607182786275315,True,False
ENSG00000142794,0.8976956738320017,False,False
ENSG00000196427,0.6030858153164169,False,False
ENSG00000186086,0.553514405730696,False,False
ENSG00000269713,0.31228756855514384,False,False
ENSG00000188554,0.05603006841825464,False,False
ENSG00000198496,0.05098728957634094,True,False
ENSG00000104490,0.8634530530416704,False,False
ENSG00000149294,0.0013672852782524887,False,True
ENSG00000154654,0.0006599673736015341,False,True
ENSG00000130287,0.0024214155811095755,False,True
ENSG00000010292,0.008308538479228359,True,False
ENSG00000151503,0.9656030691398102,False,True
ENSG00000109805,0.00010557884864821973,False,False
ENSG00000146918,0.0008775247088188645,False,False
ENSG00000121152,0.00014665633421525047,False,False
ENSG00000025770,0.017582764101747823,True,False
ENSG00000136937,0.4380273221341927,False,True
ENSG00000114503,0.007393557030311296,False,False
ENSG00000188505,0.6631814379107129,False,True
ENSG00000020129,0.2917403444795648,True,False
ENSG00000144959,0.021882435910769847,False,True
ENSG00000158517,0.008504697622224352,False,True
ENSG00000182487,0.013562623653909964,False,True
ENSG00000165178,0.009510838020894254,False,True
ENSG00000116701,0.2129041999228439,False,False
ENSG00000100365,0.06056224396732221,False,True
ENSG00000158092,0.33104749083823115,False,False
ENSG00000071051,0.716415207307324,False,False
ENSG00000061676,0.07670278894557792,True,False
ENSG00000123338,0.002961465661891084,False,True
ENSG00000176771,2.939712978260494e-05,False,True
ENSG00000167566,0.3074670175579975,False,False
ENSG00000213672,0.012719631986359116,False,False
ENSG00000125912,0.17157045114709019,False,False
ENSG00000084676,0.29631432844590533,False,False
ENSG00000140396,0.39283309876564215,True,False
ENSG00000124151,0.9506977725270581,False,False
ENSG00000266412,0.15401805175214764,False,True
ENSG00000124160,0.019434793775549096,False,False
ENSG00000198646,0.006297678931171649,True,False
ENSG00000111912,0.7638955157717768,False,True
ENSG00000141027,0.00020213738746996504,False,True
ENSG00000240108,0.010012974543093425,True,False
ENSG00000196498,0.4492415970235619,False,False
ENSG00000275822,9.480283514750828e-05,False,True
ENSG00000096264,0.36669096210060714,False,False
ENSG00000204475,0.004982805557706768,False,True
ENSG00000107130,0.41040229050591415,False,False
ENSG00000162736,0.0002555120140111068,False,False
ENSG00000080986,0.0002740400576641056,False,False
ENSG00000072864,0.0374268454460028,True,False
ENSG00000166579,0.00035804331499977035,False,True
ENSG00000131507,0.16566895420133448,False,True
ENSG00000102471,2.65698977099862e-05,False,True
ENSG00000182636,0.2135261202210473,False,False
ENSG00000173376,0.0015568551274111264,False,True
ENSG00000188566,0.01644186979388597,True,False
ENSG00000124479,0.45164551414475984,False,False
ENSG00000104419,0.0015543480583788572,True,False
ENSG00000165795,2.114261814056621e-05,False,True
ENSG00000101079,0.0006574278733224964,True,False
ENSG00000103034,0.5841040013440728,False,True
ENSG00000070614,0.42875725233373474,True,False
ENSG00000166507,0.9047054630375765,False,False
ENSG00000164100,6.146456746114396e-06,False,True
ENSG00000138653,0.11722993713366464,False,False
ENSG00000125356,0.3871454609338294,False,False
ENSG00000130414,0.656389144107828,False,True
ENSG00000292058,0.9215738736404122,False,False
ENSG00000184752,0.28252826931056035,True,False
ENSG00000186010,0.9759857983375362,False,False
ENSG00000131495,0.9797889530019297,False,False
ENSG00000170906,0.8224807192892474,True,False
ENSG00000128609,0.0017879432297619286,False,True
ENSG00000273397,0.4908012146088795,True,False
ENSG00000267855,0.16438532710466444,True,False
ENSG00000119421,0.8786975403013207,False,False
ENSG00000139180,0.8968232777162128,False,True
ENSG00000004779,0.9874397796982158,False,False
ENSG00000137806,0.007329141163404331,False,True
ENSG00000164182,0.014802910626826107,True,False
ENSG00000178057,0.29689109581326834,True,False
ENSG00000123545,0.13324621309663418,False,True
ENSG00000183648,0.6904288229928944,False,True
ENSG00000291930,0.6904288229928944,False,False
ENSG00000147123,0.4044602769610365,True,False
ENSG00000090266,0.7773822889285338,False,True
ENSG00000119013,0.0340915115223941,True,False
ENSG00000065518,0.5574702528721746,False,False
ENSG00000136521,0.3826546990822456,False,True
ENSG00000165264,0.9314831751655464,False,False
ENSG00000099795,0.8370018293859048,False,False
ENSG00000166136,0.7122479953939524,False,False
ENSG00000147684,0.0010942395046418694,True,False
ENSG00000109390,0.2278990074125342,False,False
ENSG00000151366,0.3578253511177706,True,False
ENSG00000259112,0.9874397796982158,False,True
ENSG00000023228,0.1620052725512871,False,True
ENSG00000158864,0.17157045114709019,True,False
ENSG00000213619,0.7206068006934967,False,False
ENSG00000164258,0.26886027935922086,True,False
ENSG00000168653,0.999028182778181,False,False
ENSG00000145494,0.1026807840832584,True,False
ENSG00000115286,0.7108643183251449,False,True
ENSG00000110717,0.420091619356054,False,False
ENSG00000167792,0.8786975403013207,False,False
ENSG00000178127,0.022816700838879694,False,True
ENSG00000160194,0.9759857983375362,False,False
ENSG00000245532,0.26964565449589895,False,False
ENSG00000183091,0.5197792916729134,False,False
ENSG00000078114,0.16137643191568696,False,False
ENSG00000123119,0.5107616622540112,False,False
ENSG00000103154,0.3826546990822456,False,True
ENSG00000125967,0.00014369225615186123,True,False
ENSG00000089818,0.34585336351023777,False,False
ENSG00000157191,0.13350557304031743,False,True
ENSG00000139350,0.13441731488568587,True,False
ENSG00000069869,0.936933085603705,False,False
ENSG00000049759,0.008340914623353957,True,False
ENSG00000285246,0.19850959519351905,True,False
ENSG00000285425,0.5308042014283507,False,False
ENSG00000111859,0.06905689826177311,True,False
ENSG00000100285,0.3259373568695716,False,True
ENSG00000277586,0.18452631148864926,False,False
ENSG00000104722,0.9918778184270355,False,False
ENSG00000172260,0.0005019863619786679,False,True
ENSG00000228853,,False,False
ENSG00000140398,0.013096111025803556,False,True
ENSG00000154328,0.9797889530019297,False,False
ENSG00000109674,7.59330348641997e-05,False,False
ENSG00000137601,0.0008102779640314193,False,True
ENSG00000163491,0.9759857983375362,False,True
ENSG00000114670,0.24922428578819572,False,False
ENSG00000117650,5.0623050148851434e-05,True,False
ENSG00000136098,0.729063703322179,False,True
ENSG00000114904,0.07478808165730312,True,False
ENSG00000197168,0.46979017045706384,False,False
ENSG00000119408,0.35991891133236914,False,False
ENSG00000151414,0.1725742734570529,True,False
ENSG00000160602,0.021212084228799864,True,False
ENSG00000119638,0.16137643191568696,False,False
ENSG00000165973,0.5962796833959243,False,False
ENSG00000184613,0.16728759262552026,False,True
ENSG00000165525,0.5063116857241694,False,False
ENSG00000117691,0.0030108222898554823,False,False
ENSG00000067141,0.4213187605081594,False,False
ENSG00000132688,0.03253701995783554,False,False
ENSG00000173848,0.656389144107828,False,False
ENSG00000166342,0.035347907937582454,False,False
ENSG00000171208,0.02439994194452047,False,False
ENSG00000234343,4.375314726733116e-05,True,False
ENSG00000115488,0.36787944117145116,False,False
ENSG00000162139,0.0222687759836629,False,False
ENSG00000277926,0.18611882928971057,False,False
ENSG00000214357,0.32121826968583733,False,False
ENSG00000124257,0.39168892550161427,False,False
ENSG00000163121,0.4431679264255014,True,False
ENSG00000288301,0.3488930708560918,False,False
ENSG00000162992,0.2049414411444987,False,True
ENSG00000171532,0.7733865338793495,False,True
ENSG00000123307,0.36787944117145116,False,False
ENSG00000164600,0.003464329915915074,False,False
ENSG00000181965,,False,False
ENSG00000178403,0.36787944117145116,False,False
ENSG00000122859,0.36787944117145116,False,False
ENSG00000162614,0.017806416617245913,False,False
ENSG00000196712,0.5640126163946804,False,False
ENSG00000290539,0.5962796833959243,False,False
ENSG00000186575,0.04870972780737946,False,False
ENSG00000235568,0.00039230876928427394,False,True
ENSG00000163531,0.058649913518731264,False,False
ENSG00000102908,0.1666382481047044,False,False
ENSG00000131196,0.08371717438774258,False,True
ENSG00000101096,0.19735491346486317,False,False
ENSG00000176953,0.9816960841823692,False,False
ENSG00000072736,0.018333455656677183,False,False
ENSG00000100968,0.13272900379834746,False,False
ENSG00000123405,0.0831349784932,False,True
ENSG00000082641,0.6264593656375133,False,False
ENSG00000116044,0.0007554944932622244,False,False
ENSG00000050344,0.8145225744292595,False,False
ENSG00000162599,0.001989767498950751,False,True
ENSG00000147862,0.12741803752648712,False,True
ENSG00000141905,0.012994640457254776,False,False
ENSG00000165030,0.025171037417556337,False,False
ENSG00000008441,0.041088490873126854,False,True
ENSG00000109320,0.07581306145742386,False,True
ENSG00000077150,0.41400931876941205,False,False
ENSG00000100906,0.03979106912921444,False,True
ENSG00000282905,0.8668176978057169,True,False
ENSG00000167604,0.30866513398957324,False,True
ENSG00000146232,0.6102276534195306,False,False
ENSG00000234530,0.0007302174392954144,True,False
ENSG00000144802,0.03779251764105568,False,True
ENSG00000170322,0.14828713784902875,False,False
ENSG00000244005,0.7865054977525469,False,False
ENSG00000169599,0.07179554070655211,True,False
ENSG00000086102,0.45187001429844487,False,False
ENSG00000170448,0.18617113185875345,False,False
ENSG00000001167,0.003758031521160552,True,False
ENSG00000120837,0.3033101153548463,False,True
ENSG00000066136,0.90999870276312,False,False
ENSG00000165553,0.5962796833959243,False,False
ENSG00000129460,0.19449750843549354,True,False
ENSG00000066248,0.0038919009697310435,True,False
ENSG00000134259,0.005139586278891727,False,True
ENSG00000064300,1.3180757563745741e-05,False,True
ENSG00000151092,0.596152875121186,False,True
ENSG00000182768,0.021191469960035344,False,False
ENSG00000225391,0.40549633007604935,False,False
ENSG00000187736,0.42626327633819006,True,False
ENSG00000171786,0.869349782758956,False,False
ENSG00000177551,0.36669096210060714,False,False
ENSG00000187566,0.4960785964483295,True,False
ENSG00000196865,0.012719631986359206,False,False
ENSG00000188811,0.0003657844937286914,False,True
ENSG00000257108,0.149252376617222,False,True
ENSG00000145912,0.011733483322113903,True,False
ENSG00000188158,0.0014103349486641388,False,True
ENSG00000135540,0.0780569965481117,False,False
ENSG00000204131,0.4457608079422838,False,True
ENSG00000145029,0.4576177946128047,False,True
ENSG00000116962,0.8786975403013207,False,False
ENSG00000087303,0.28362920613472287,False,False
ENSG00000196290,0.0015756505884998288,True,False
ENSG00000100503,0.9460872201279513,True,False
ENSG00000131669,0.2928771782877895,False,False
ENSG00000171840,0.26368258289232577,True,False
ENSG00000101004,0.12816353343155473,False,False
ENSG00000132603,0.028066886802553943,True,False
ENSG00000288478,0.040375648345516504,True,False
ENSG00000140157,0.0003751492243189087,False,False
ENSG00000163293,0.004335434694831099,False,False
ENSG00000104361,0.2129041999228439,False,False
ENSG00000001461,0.8994430127919598,False,False
ENSG00000172548,0.3323270092194064,False,False
ENSG00000164190,0.6864127675167437,False,False
ENSG00000184117,0.6494063470802454,False,False
ENSG00000136783,0.0003528593813897484,False,True
ENSG00000165028,0.05985974156887252,False,True
ENSG00000010322,0.9646646794477719,False,False
ENSG00000158793,0.48652514213274456,False,False
ENSG00000114021,0.0012784213090812969,False,True
ENSG00000084628,0.00267901574875266,True,False
ENSG00000188580,0.01873581293949371,False,True
ENSG00000185942,0.6030384281940178,False,False
ENSG00000101198,0.1139496017690134,False,False
ENSG00000101882,0.0012672831496596364,True,False
ENSG00000189134,0.014127933230027392,False,True
ENSG00000293328,0.412001518064424,False,False
ENSG00000140807,0.4084119826291387,False,False
ENSG00000145506,0.03786607969598651,False,True
ENSG00000105374,0.0009690136193616033,False,True
ENSG00000197885,0.0017706434792751364,False,True
ENSG00000168256,0.019701149999669265,True,False
ENSG00000179846,0.2890298380458295,True,False
ENSG00000292244,0.6904288229928944,False,True
ENSG00000114857,0.367700641932594,False,False
ENSG00000229544,0.04128497365461426,False,False
ENSG00000136352,,False,False
ENSG00000125820,0.5082880401091528,False,False
ENSG00000119919,0.026829823719731496,True,False
ENSG00000125816,,False,False
ENSG00000183072,0.5104382723980425,False,False
ENSG00000180053,,False,False
ENSG00000136327,0.33262581458205576,False,False
ENSG00000167034,0.716415207307324,False,False
ENSG00000109705,0.33307310395302137,False,False
ENSG00000163623,0.36787944117145116,False,False
ENSG00000148826,0.36787944117145116,False,False
ENSG00000165066,0.37107975165057216,False,False
ENSG00000073536,0.04563775557348399,True,False
ENSG00000169760,0.7937675917707014,False,False
ENSG00000169992,0.07179554070655211,False,True
ENSG00000196338,0.0924453537785658,False,True
ENSG00000146938,0.021440168970145015,False,True
ENSG00000165246,0.9534748818673352,False,False
ENSG00000087095,0.10070336319299901,False,False
ENSG00000123213,0.9460872201279513,False,True
ENSG00000167984,0.004202621969977131,False,True
ENSG00000091106,7.765022876834391e-05,False,True
ENSG00000140853,0.07767844735708342,False,True
ENSG00000091592,0.05010271319971413,False,True
ENSG00000276780,0.5962796833959243,False,False
ENSG00000179873,0.1015249388635492,False,True
ENSG00000142405,0.7773822889285338,False,True
ENSG00000173572,,False,False
ENSG00000158077,0.0010205679490682667,False,False
ENSG00000275082,0.12395518815980475,False,True
ENSG00000162711,0.01650593934684886,False,True
ENSG00000160505,0.057480429978088006,False,False
ENSG00000171487,0.36669096210060714,False,False
ENSG00000174885,0.14915473443257996,False,True
ENSG00000277071,0.143394652470806,False,True
ENSG00000179709,0.2933805280565866,False,False
ENSG00000185792,0.005512275129950965,False,False
ENSG00000160703,0.4213187605081594,False,False
ENSG00000197696,0.00020057119766055153,True,False
ENSG00000135577,0.3223293429802801,False,False
ENSG00000169251,0.14973595039385612,False,False
ENSG00000239672,0.00014495516827777984,True,False
ENSG00000011052,0.10070336319299901,False,False
ENSG00000243678,0.002356544173003338,True,False
ENSG00000103024,0.6602295377331096,False,False
ENSG00000103202,0.10602877861738248,True,False
ENSG00000112981,2.7297210061308706e-05,False,True
ENSG00000172113,0.012982012041866891,True,False
ENSG00000143156,0.002594653279925077,False,False
ENSG00000181322,0.6468856075164668,False,False
ENSG00000123609,0.6084502925805204,False,True
ENSG00000173614,0.05158566658698333,False,True
ENSG00000157064,0.6084502925805204,False,False
ENSG00000163864,0.40682668823286516,True,False
ENSG00000153406,0.5695231992134334,False,False
ENSG00000204640,,False,False
ENSG00000136448,0.7026185226629964,False,False
ENSG00000152465,0.2581022096483296,False,False
ENSG00000109255,0.2046062931574113,False,False
ENSG00000171596,6.499338353133742e-05,False,True
ENSG00000132911,0.36787944117145116,False,False
ENSG00000053438,0.38827636215888445,False,False
ENSG00000166741,0.01110089861863634,False,True
ENSG00000112992,0.0058207299378841065,False,True
ENSG00000084092,0.1452900995367527,False,False
ENSG00000141101,0.18617113185875345,True,False
ENSG00000106410,,False,False
ENSG00000188976,0.7895702985492836,True,False
ENSG00000173145,0.9153229121112986,False,False
ENSG00000184967,0.08594400412046574,True,False
ENSG00000106100,0.22834260631380535,False,False
ENSG00000167207,0.7019357058822984,False,False
ENSG00000156574,0.5645612667564903,True,False
ENSG00000183691,0.09102764366517639,False,True
ENSG00000115761,0.001470548833662921,True,False
ENSG00000130935,0.004627261819917054,True,False
ENSG00000273899,0.050005379159060385,True,False
ENSG00000140939,0.022031876357667592,True,False
ENSG00000101746,0.0014820763405631288,False,True
ENSG00000165271,0.08594400412046574,False,False
ENSG00000225921,0.00010214569771799424,True,False
ENSG00000291347,0.11516376763724923,False,False
ENSG00000162408,0.8976956738320017,False,True
ENSG00000166197,0.1036840080327548,True,False
ENSG00000146909,0.0497145101076509,True,False
ENSG00000274779,0.010350358949557546,False,False
ENSG00000185164,0.014588586541695316,False,False
ENSG00000278087,0.06278061720057111,True,False
ENSG00000147140,0.002097028711018977,True,False
ENSG00000182117,0.005653399131695774,False,False
ENSG00000087269,0.5009254422650236,True,False
ENSG00000249673,0.010492211884038576,False,False
ENSG00000048162,0.002379568359792589,False,False
ENSG00000111641,0.01844072081617171,True,False
ENSG00000101361,0.000313086022878473,True,False
ENSG00000055044,0.00027644859742177643,True,False
ENSG00000089250,0.002484232098187837,False,False
ENSG00000198929,0.7706093981732294,False,False
ENSG00000007171,0.05603006841825544,False,False
ENSG00000164867,0.07179554070655264,False,True
ENSG00000142546,0.2566008922670948,False,False
ENSG00000163072,0.0011200737815125362,False,True
ENSG00000148400,0.35367469303578436,False,True
ENSG00000134250,0.025318307817299743,False,False
ENSG00000074181,0.012719631986359116,False,False
ENSG00000234876,0.2531316914960054,False,False
ENSG00000214513,0.16895653641471803,False,False
ENSG00000185269,0.11811216396395953,False,True
ENSG00000139910,0.2802796163175944,False,True
ENSG00000104967,0.33266077951884154,False,False
ENSG00000007952,0.557769596660414,True,False
ENSG00000074771,0.3451413592667513,False,False
ENSG00000086991,0.0006403937596525831,False,False
ENSG00000255346,0.5606197611840178,True,False
ENSG00000188747,0.7276473585454799,False,False
ENSG00000196408,0.2566008922670948,False,True
ENSG00000165555,0.39283309876564215,False,True
ENSG00000130751,0.7535677772790077,False,False
ENSG00000170485,0.031053409498759472,False,False
ENSG00000151322,0.0011248011871758997,False,True
ENSG00000174576,0.20751212385963794,False,False
ENSG00000149308,0.23925192301841006,False,True
ENSG00000183979,0.04381162433134508,True,False
ENSG00000288611,0.0048486251305863435,False,True
ENSG00000125522,0.36787944117145116,False,False
ENSG00000141458,0.00017167496068352085,False,False
ENSG00000015520,0.7419355118097588,False,False
ENSG00000119655,0.42667792929805504,False,False
ENSG00000107281,0.04169213079332189,False,False
ENSG00000215440,0.21666307870822382,True,False
ENSG00000141279,0.3378763251248627,True,False
ENSG00000139574,0.3039004998213801,False,True
ENSG00000148734,0.8245652950993883,False,False
ENSG00000056291,0.5897588394519246,True,False
ENSG00000144061,0.06495381789895441,False,False
ENSG00000113971,0.9646646794477857,False,False
ENSG00000274810,0.0003840062514027944,False,False
ENSG00000248724,0.36787944117145116,False,False
ENSG00000131697,0.6301246464787518,False,True
ENSG00000161270,0.03990730391268845,False,False
ENSG00000116218,0.36669096210060714,False,False
ENSG00000135838,0.25910796467487257,False,True
ENSG00000182446,0.0011644934075969067,True,False
ENSG00000181163,5.4558489021657493e-05,True,False
ENSG00000158806,0.014759795383680283,True,False
ENSG00000107833,0.1398839471932558,True,False
ENSG00000168743,0.08396172292214722,False,False
ENSG00000175206,0.7282915441785036,False,False
ENSG00000120937,0.12305413785081076,True,False
ENSG00000163273,0.06337024862421507,False,False
ENSG00000169418,0.0497145101076509,False,True
ENSG00000159899,0.936933085603705,True,False
ENSG00000113389,0.00019824463678390204,False,True
ENSG00000114388,0.4707046035904452,True,False
ENSG00000103148,0.936933085603705,False,True
ENSG00000214285,,False,False
ENSG00000187258,0.36669096210060714,False,False
ENSG00000156642,0.045372291919467345,False,False
ENSG00000171246,0.20875606563335153,False,False
ENSG00000106236,0.3575794551883845,False,False
ENSG00000221890,0.6758171240006762,False,False
ENSG00000105954,,False,False
ENSG00000183971,0.08909210210709169,False,True
ENSG00000122585,0.3451413592667513,False,False
ENSG00000164128,2.744180154173274e-06,False,True
ENSG00000185149,0.12713573293203653,False,False
ENSG00000164129,1.1179859263079745e-05,False,True
ENSG00000226306,0.04461354045715373,False,True
ENSG00000181019,0.02397662836157582,False,False
ENSG00000124588,0.36627337292004375,False,False
ENSG00000169297,0.05781258277232681,True,False
ENSG00000131910,0.06253692758107919,False,False
ENSG00000126368,0.5807064113317143,True,False
ENSG00000174738,0.44532760991231046,False,False
ENSG00000131408,0.3641428503576851,True,False
ENSG00000025434,0.1482871378490298,False,True
ENSG00000012504,0.0004070745005356868,False,False
ENSG00000144852,3.2747322549876324e-05,False,True
ENSG00000143257,0.00014369225615185925,False,True
ENSG00000120798,0.045904772399021236,False,False
ENSG00000177463,0.3684163607179038,False,False
ENSG00000184162,0.0007337759967888322,True,False
ENSG00000112333,0.4075369108390464,True,False
ENSG00000278570,0.005495524399926004,False,True
ENSG00000175745,0.0021299064938922092,False,True
ENSG00000185551,0.018156065120366018,False,True
ENSG00000160113,0.41040229050591726,True,False
ENSG00000113580,0.21624216950861125,False,False
ENSG00000151623,0.00010486271580193818,False,True
ENSG00000123358,0.8264889020158215,False,True
ENSG00000153234,0.19582577895800432,False,True
ENSG00000119508,0.7019357058822984,False,True
ENSG00000136931,0.09486731869578088,False,False
ENSG00000116833,0.9506977725270581,True,False
ENSG00000148200,0.010993488733867709,True,False
ENSG00000236409,0.10203945396167963,False,False
ENSG00000197893,0.0011498671138575143,False,True
ENSG00000198435,0.2928771782877895,False,False
ENSG00000213281,0.09353027464612838,True,False
ENSG00000148572,0.0004240419486650742,False,True
ENSG00000115216,0.0018230514543636548,False,False
ENSG00000185189,0.01778911203491826,True,False
ENSG00000091129,0.3826546990822456,True,False
ENSG00000134986,0.3815401716215524,False,False
ENSG00000106459,0.0340915115223941,True,False
ENSG00000157168,0.011122506200372908,False,True
ENSG00000158458,0.2546127113195458,True,False
ENSG00000185737,3.540819143643036e-05,False,True
ENSG00000169752,0.8003914559964804,False,True
ENSG00000154146,0.41040229050591415,False,False
ENSG00000180530,0.034191097171807044,False,True
ENSG00000053702,0.6013924664189623,False,False
ENSG00000175352,0.06694139301865497,False,False
ENSG00000123572,0.4748979637121733,False,False
ENSG00000129535,0.20860118313211531,False,True
ENSG00000228854,0.0006703371900456649,False,False
ENSG00000124785,0.05457831592478929,False,True
ENSG00000188038,0.9845637435410837,False,False
ENSG00000253079,0.15516998104831825,False,False
ENSG00000099250,0.6264593656375133,False,False
ENSG00000118257,0.001962866178068113,False,True
ENSG00000152954,0.020522525063904652,False,False
ENSG00000125841,0.028286051231967944,True,False
ENSG00000171119,0.8821215887400115,False,False
ENSG00000179915,0.005161509998612151,False,False
ENSG00000110076,0.8534372775192605,False,False
ENSG00000021645,0.5563872609782938,False,False
ENSG00000164346,0.735471448709095,False,True
ENSG00000165671,0.4951148695123805,False,False
ENSG00000147383,0.04136909411416726,False,False
ENSG00000276262,0.004335434694831162,False,False
ENSG00000088833,0.04169213079332189,True,False
ENSG00000117697,0.03808762609477184,True,False
ENSG00000035681,0.2877960642431097,False,False
ENSG00000169189,0.33266077951884626,False,False
ENSG00000156831,2.5931842828227938e-05,True,False
ENSG00000107672,0.7462764190832948,False,True
ENSG00000126653,0.7668722115381088,True,False
ENSG00000037474,0.6338113721005718,False,False
ENSG00000178694,0.7594521225252041,False,False
ENSG00000117481,0.43378906487122426,False,False
ENSG00000130305,0.0374268454460028,True,False
ENSG00000291151,0.7108643183251449,False,False
ENSG00000106133,0.5382949871275216,False,False
ENSG00000241058,0.017582764101747823,False,True
ENSG00000179299,0.014817310344199636,False,True
ENSG00000125458,0.02246449639318487,False,False
ENSG00000116981,0.7517956943498353,False,False
ENSG00000185013,0.303730032287743,False,False
ENSG00000250741,0.6857024625414871,False,False
ENSG00000076685,0.6084502925805246,False,False
ENSG00000178425,2.748963572522159e-05,False,False
ENSG00000168268,0.0008399581546774035,False,False
ENSG00000111696,0.013483733191660133,True,False
ENSG00000135318,0.7668722115381088,False,False
ENSG00000205309,0.005736454443004809,True,False
ENSG00000157045,0.15811484526585814,False,True
ENSG00000185652,2.8413571540141132e-05,False,True
ENSG00000225950,0.9062510313227692,False,False
ENSG00000065057,0.8634530530416704,False,False
ENSG00000182667,0.045372291919467345,False,False
ENSG00000065320,0.4044602769610365,False,False
ENSG00000162068,0.41789177883914697,False,False
ENSG00000074527,6.154922414788929e-05,False,True
ENSG00000142233,0.4294026607077116,False,False
ENSG00000162631,0.05255947515793332,False,False
ENSG00000196358,0.24205973750856533,False,False
ENSG00000135778,0.0002474438947941606,True,False
ENSG00000198400,0.2890298380458295,False,True
ENSG00000148053,0.0006565681661836704,False,True
ENSG00000140538,0.04296123150575879,False,True
ENSG00000133636,0.1390220772058612,False,True
ENSG00000101188,0.02688604447145287,False,True
ENSG00000169006,0.3223293429802801,False,False
ENSG00000074590,0.26342633161717544,False,False
ENSG00000163545,0.7865054977525469,False,False
ENSG00000013374,0.27628030546674437,False,False
ENSG00000103274,0.47207959171908154,False,False
ENSG00000095906,0.9874397796982158,False,True
ENSG00000151413,0.00018847073460589016,False,False
ENSG00000104805,0.41562260194879497,False,False
ENSG00000070081,0.12741803752648712,True,False
ENSG00000069275,0.35367469303578436,True,False
ENSG00000090273,0.8534372775192605,False,False
ENSG00000120526,2.077581573348455e-05,True,False
ENSG00000170584,0.26964565449590083,False,False
ENSG00000015676,0.06438791214185696,True,False
ENSG00000106268,0.0003722425136925757,True,False
ENSG00000122824,6.4152031919159326e-06,False,True
ENSG00000196368,0.03242638801745449,False,True
ENSG00000112874,0.07647938292234908,False,True
ENSG00000166321,0.019023490905264548,False,False
ENSG00000183828,0.018422799806099538,False,False
ENSG00000136159,0.9627906350072438,False,False
ENSG00000198585,0.0346934059869911,False,False
ENSG00000168101,0.8289031814174833,False,False
ENSG00000186364,3.8896975187762636e-05,False,False
ENSG00000275074,0.4492415970235619,False,False
ENSG00000213965,0.06145197701271806,True,False
ENSG00000164978,0.34051468229391474,True,False
ENSG00000167005,0.7019357058822984,False,False
ENSG00000149761,0.9816960841823692,True,False
ENSG00000272325,0.1332462130966323,False,False
ENSG00000173598,0.5182653724777226,False,True
ENSG00000165609,0.2917403444795648,True,False
ENSG00000170917,5.59009046182745e-05,False,True
ENSG00000140876,0.000674915084831272,False,False
ENSG00000167799,0.7865054977525469,False,False
ENSG00000170502,0.5048369925379625,False,True
ENSG00000234043,0.1099125746762891,False,True
ENSG00000143228,4.375314726733116e-05,True,False
ENSG00000083635,0.5863800978415652,False,True
ENSG00000108256,0.8634530530416704,False,False
ENSG00000137497,0.9153229121112986,False,False
ENSG00000133961,0.021755151136953303,False,True
ENSG00000105245,0.4903242455360224,False,False
ENSG00000111581,0.0008539571358844326,False,False
ENSG00000069248,0.0010172855709004013,True,False
ENSG00000124789,0.4818176304934876,False,False
ENSG00000113569,0.004529334047177638,True,False
ENSG00000030066,0.44532760991231046,False,False
ENSG00000095319,0.07881963825426955,True,False
ENSG00000155561,0.002356544173003338,True,False
ENSG00000132182,0.17358396891838315,True,False
ENSG00000143552,0.26039364322729,False,True
ENSG00000198284,0.36787944117145116,False,False
ENSG00000126883,0.9703087278278311,True,False
ENSG00000163002,0.3021327849956571,False,False
ENSG00000075188,0.00025977044981817364,False,False
ENSG00000120253,0.9405840623298023,False,False
ENSG00000093000,0.6525710891123018,False,False
ENSG00000138750,0.11583756640901,False,True
ENSG00000213024,0.0018142102910628365,True,False
ENSG00000198088,0.9215738736404122,False,False
ENSG00000125450,0.04502074081789541,True,False
ENSG00000108559,0.009174769510705633,False,True
ENSG00000102900,0.007415154552552487,True,False
ENSG00000110713,0.8592656070832756,False,False
ENSG00000176046,0.004815448431008558,True,False
ENSG00000153989,0.02048245363418146,False,True
ENSG00000137804,6.4427133061338e-05,False,False
ENSG00000102898,0.0017879432297619286,True,False
ENSG00000143748,0.0003528593813897534,True,False
ENSG00000188039,0.13745710638283778,False,True
ENSG00000162231,0.15401805175214764,False,True
ENSG00000269405,0.28639058326917255,False,False
ENSG00000269437,0.3628990404600378,False,False
ENSG00000147206,2.177474564507822e-05,False,True
ENSG00000290811,0.36787944117145116,False,False
ENSG00000126952,0.09017055577630233,False,False
ENSG00000167693,0.06438791214185696,False,True
ENSG00000171773,0.36787944117145116,False,False
ENSG00000291520,0.9182161131159536,False,False
ENSG00000122584,0.24098446753377772,False,False
ENSG00000144227,0.1821642277869244,False,False
ENSG00000182575,0.32912186861017123,False,False
ENSG00000182379,0.0003840062514027944,True,False
ENSG00000132661,0.014588586541695316,True,False
ENSG00000101888,0.9544023865431298,False,True
ENSG00000166924,0.3974433123556129,False,False
ENSG00000144460,0.3975847269666014,False,False
ENSG00000205978,0.2129041999228439,False,False
ENSG00000188937,0.12713573293203653,False,False
ENSG00000184232,0.0010638168079785935,False,True
ENSG00000089127,0.06501700254173598,False,True
ENSG00000111335,0.027579955545032883,False,True
ENSG00000111331,0.7594521225252041,False,False
ENSG00000135114,0.07235616678610582,False,True
ENSG00000065154,0.012498959617460711,False,True
ENSG00000104904,0.8050743765976687,False,False
ENSG00000180304,0.0023703318130045684,False,True
ENSG00000143450,0.0015528375161670228,False,False
ENSG00000122136,0.394525218264912,False,False
ENSG00000280584,0.5374491240918187,False,False
ENSG00000154358,0.32341194693316333,True,False
ENSG00000124006,0.11640207585206441,False,True
ENSG00000253117,,False,False
ENSG00000277361,0.9931944117251219,False,False
ENSG00000099330,0.055326318415397334,False,False
ENSG00000109180,0.45099217093361643,False,False
ENSG00000145247,0.09686203123758377,False,False
ENSG00000197822,0.9656030691398102,False,False
ENSG00000122543,0.49883996116758345,False,False
ENSG00000135175,0.15438204403821917,False,False
ENSG00000122126,0.10571995715072798,False,False
ENSG00000109205,0.09238384364679757,False,False
ENSG00000115758,0.09226576111285263,False,False
ENSG00000155087,0.12713573293203653,False,False
ENSG00000136811,0.34551725725535215,True,False
ENSG00000122417,0.0028679535892415734,False,True
ENSG00000184650,,False,False
ENSG00000046651,0.8240816544909277,True,False
ENSG00000105953,0.32028268315495023,False,False
ENSG00000197444,2.0735454763706585e-05,False,True
ENSG00000087263,0.07214542081845658,False,False
ENSG00000111325,0.9874397796982158,False,False
ENSG00000060491,0.47622870216349256,False,True
ENSG00000119900,0.7668722115381088,False,True
ENSG00000114026,0.002370331813004586,True,False
ENSG00000106809,0.03914563868428369,False,False
ENSG00000147162,0.8534372775192605,False,False
ENSG00000104147,0.00010284327539069357,False,False
ENSG00000247556,0.8968232777162128,False,False
ENSG00000138315,2.54324488258417e-05,False,True
ENSG00000138430,0.00023206389555355454,True,False
ENSG00000152463,0.6089815095188484,False,False
ENSG00000130558,0.0003186136376921938,False,True
ENSG00000105088,0.8994430127919598,False,False
ENSG00000118733,0.762228567019829,False,False
ENSG00000102837,0.22295419068672276,False,False
ENSG00000183801,0.003628766770756779,False,True
ENSG00000185585,0.002597177261515934,False,False
ENSG00000162745,0.0003407221016447233,False,False
ENSG00000116774,0.00011279519682261271,False,True
ENSG00000184221,0.2753093026027474,False,False
ENSG00000205927,0.5962796833959243,False,False
ENSG00000177468,0.33262581458205576,False,False
ENSG00000173391,0.07670278894557792,False,False
ENSG00000162600,0.04073051016794822,False,True
ENSG00000127083,0.0011779507230331423,False,False
ENSG00000291720,0.40829700484752507,False,False
ENSG00000254550,0.5688905039484677,False,False
ENSG00000169856,0.4922349074991902,False,False
ENSG00000119547,0.4044602769610365,True,False
ENSG00000205922,0.1100823983277791,False,False
ENSG00000203907,0.01493703917133394,False,False
ENSG00000198836,0.22834260631380535,False,False
ENSG00000125741,0.5019004793146815,False,False
ENSG00000197430,0.12713573293203653,False,False
ENSG00000183715,0.1754169013245026,False,True
ENSG00000079482,0.16518642360838853,True,False
ENSG00000178814,0.08371717438774316,True,False
ENSG00000102076,0.12713573293203653,False,False
ENSG00000268221,0.36787944117145116,False,False
ENSG00000166160,,False,False
ENSG00000128617,0.588722883869768,True,False
ENSG00000054277,0.2828031022356988,True,False
ENSG00000122375,0.3521747537606463,False,False
ENSG00000124818,0.3223293429802801,False,False
ENSG00000116329,0.36787944117145116,False,False
ENSG00000082556,0.9808696541918429,False,False
ENSG00000125510,0.2877960642431118,False,False
ENSG00000112038,0.5962796833959243,False,False
ENSG00000188770,0.17063494705681742,False,False
ENSG00000123240,0.1500274071396726,True,False
ENSG00000170790,0.36787944117145116,False,False
ENSG00000273953,,False,False
ENSG00000170782,,False,False
ENSG00000166363,,False,False
ENSG00000276451,0.36787944117145116,False,False
ENSG00000179919,,False,False
ENSG00000172640,0.23157962882636793,False,False
ENSG00000174970,0.36787944117145116,False,False
ENSG00000230505,0.36787944117145116,False,False
ENSG00000255582,0.00013521553562938552,False,False
ENSG00000169208,,False,False
ENSG00000254737,0.36787944117145116,False,False
ENSG00000182634,0.36787944117145116,False,False
ENSG00000234560,,False,False
ENSG00000236981,0.36787944117145116,False,False
ENSG00000186723,0.9961001816629992,False,False
ENSG00000171942,0.7594321658277087,False,False
ENSG00000171936,,False,False
ENSG00000176231,0.36787944117145116,False,False
ENSG00000172519,0.9961001816629992,False,False
ENSG00000196184,0.36787944117145116,False,False
ENSG00000291901,0.5958344615198381,False,False
ENSG00000184155,0.5036697937213217,False,False
ENSG00000173285,,False,False
ENSG00000180708,,False,False
ENSG00000175398,,False,False
ENSG00000180475,0.5237696081324925,False,False
ENSG00000198965,,False,False
ENSG00000196248,,False,False
ENSG00000186306,,False,False
ENSG00000172289,0.36787944117145116,False,False
ENSG00000255538,0.16895653641471803,False,False
ENSG00000172772,0.36787944117145116,False,False
ENSG00000279111,,False,False
ENSG00000198967,,False,False
ENSG00000237258,0.47160231747853676,False,False
ENSG00000291810,,False,False
ENSG00000130538,0.9961001816629992,False,False
ENSG00000257115,0.3223293429802801,False,False
ENSG00000258453,0.7517956943498353,False,False
ENSG00000291809,,False,False
ENSG00000291779,0.36787944117145116,False,False
ENSG00000197591,,False,False
ENSG00000280236,0.7631442321959274,False,False
ENSG00000224487,,False,False
ENSG00000277495,0.8356594336636247,False,False
ENSG00000276119,0.5962796833959243,False,False
ENSG00000204246,,False,False
ENSG00000148136,0.36787944117145116,False,False
ENSG00000277556,0.12713573293203653,False,False
ENSG00000186943,,False,False
ENSG00000136839,,False,False
ENSG00000179055,0.5562458437629647,False,False
ENSG00000186881,,False,False
ENSG00000197437,,False,False
ENSG00000171054,0.36787944117145116,False,False
ENSG00000168828,0.8079979257027665,False,False
ENSG00000196772,0.36787944117145116,False,False
ENSG00000177174,0.36787944117145116,False,False
ENSG00000292014,0.8315497217649173,False,False
ENSG00000237777,0.36787944117145116,False,False
ENSG00000172146,,False,False
ENSG00000172150,,False,False
ENSG00000280094,0.6810984720808795,False,False
ENSG00000221888,0.36787944117145116,False,False
ENSG00000184166,,False,False
ENSG00000255095,0.5962796833959243,False,False
ENSG00000262628,0.36787944117145116,False,False
ENSG00000180016,,False,False
ENSG00000127780,,False,False
ENSG00000168124,0.20538907043865012,False,False
ENSG00000203581,0.1721077142998913,False,False
ENSG00000183024,,False,False
ENSG00000094661,,False,False
ENSG00000136834,0.14326250613993247,False,False
ENSG00000197233,0.7214498640142072,False,False
ENSG00000239590,0.04930291918688965,False,False
ENSG00000165204,0.12713573293203653,False,False
ENSG00000173679,0.36787944117145116,False,False
ENSG00000171481,,False,False
ENSG00000136939,0.36787944117145116,False,False
ENSG00000171459,,False,False
ENSG00000171496,0.1359818556529838,False,False
ENSG00000170929,,False,False
ENSG00000171505,0.5962796833959243,False,False
ENSG00000171501,0.5962796833959243,False,False
ENSG00000165202,0.1721077142998913,False,False
ENSG00000280204,0.36787944117145116,False,False
ENSG00000197887,,False,False
ENSG00000285105,0.999028182778181,False,False
ENSG00000284949,0.9961001816629992,False,False
ENSG00000284891,0.9850729168736058,False,False
ENSG00000221989,,False,False
ENSG00000170356,0.9874397796982158,True,False
ENSG00000285496,0.33363319844946754,False,False
ENSG00000180658,0.1858094590598215,False,False
ENSG00000221836,0.36787944117145116,False,False
ENSG00000284749,0.09005007251894852,False,False
ENSG00000228960,0.45099217093361643,False,False
ENSG00000244623,0.2912467712217633,False,False
ENSG00000279486,,False,False
ENSG00000188124,0.5082880401091528,False,False
ENSG00000187080,0.36787944117145116,False,False
ENSG00000171561,0.36787944117145116,False,False
ENSG00000177535,0.29730612214729246,False,False
ENSG00000168131,0.19593645433419785,False,False
ENSG00000226832,,False,False
ENSG00000124657,0.059942023805084524,True,False
ENSG00000168158,0.48565024362986664,False,False
ENSG00000196242,0.7286920262761594,False,False
ENSG00000166368,0.36669096210060714,False,False
ENSG00000178358,0.3451413592667513,False,False
ENSG00000284866,0.1236245357783797,False,False
ENSG00000284965,0.5962796833959243,False,False
ENSG00000177489,,False,False
ENSG00000177476,0.36787944117145116,False,False
ENSG00000292302,0.36787944117145116,False,False
ENSG00000229408,0.7594321658277087,False,False
ENSG00000229185,0.1773304388439852,False,False
ENSG00000234746,,False,False
ENSG00000206522,,False,False
ENSG00000171133,0.36787944117145116,False,False
ENSG00000196071,0.3544957042733461,False,False
ENSG00000224227,0.3223293429802801,False,False
ENSG00000203663,,False,False
ENSG00000198128,,False,False
ENSG00000279263,,False,False
ENSG00000177233,,False,False
ENSG00000198601,,False,False
ENSG00000228198,,False,False
ENSG00000171180,,False,False
ENSG00000162727,,False,False
ENSG00000177186,,False,False
ENSG00000278889,0.5962796833959243,False,False
ENSG00000175143,,False,False
ENSG00000184022,0.36787944117145116,False,False
ENSG00000279301,,False,False
ENSG00000177201,0.36787944117145116,False,False
ENSG00000292018,,False,False
ENSG00000292015,0.36787944117145116,False,False
ENSG00000292017,0.5962796833959243,False,False
ENSG00000292005,0.5962796833959243,False,False
ENSG00000177212,0.12713573293203653,False,False
ENSG00000183310,0.5962796833959243,False,False
ENSG00000177151,,False,False
ENSG00000292020,,False,False
ENSG00000203661,0.5962796833959243,False,False
ENSG00000292016,0.36787944117145116,False,False
ENSG00000177462,0.066623311422591,False,False
ENSG00000182613,,False,False
ENSG00000226463,,False,False
ENSG00000238243,0.21130834174934848,False,False
ENSG00000290684,,False,False
ENSG00000174339,,False,False
ENSG00000181733,,False,False
ENSG00000180090,,False,False
ENSG00000221882,0.8315497217649173,False,False
ENSG00000159961,0.36669096210060714,False,False
ENSG00000180068,,False,False
ENSG00000181958,,False,False
ENSG00000181961,,False,False
ENSG00000237388,0.5962796833959243,False,False
ENSG00000221840,,False,False
ENSG00000175619,,False,False
ENSG00000172188,,False,False
ENSG00000284255,,False,False
ENSG00000258817,,False,False
ENSG00000181939,,False,False
ENSG00000279514,,False,False
ENSG00000176547,0.36787944117145116,False,False
ENSG00000260811,,False,False
ENSG00000185926,,False,False
ENSG00000181903,0.5962796833959243,False,False
ENSG00000141194,0.5962796833959243,False,False
ENSG00000254466,0.36787944117145116,False,False
ENSG00000176200,,False,False
ENSG00000255713,0.36787944117145116,False,False
ENSG00000171014,,False,False
ENSG00000166884,,False,False
ENSG00000172742,,False,False
ENSG00000221977,0.36787944117145116,False,False
ENSG00000182854,,False,False
ENSG00000284662,0.5557846241621822,False,False
ENSG00000176695,0.7946732700886494,False,False
ENSG00000176269,0.4250611988965276,True,False
ENSG00000284733,0.5641181134346616,True,False
ENSG00000177693,0.9961001816629992,False,False
ENSG00000186092,0.8315497217649173,False,False
ENSG00000184140,,False,False
ENSG00000291807,0.36787944117145116,False,False
ENSG00000291806,,False,False
ENSG00000169484,,False,False
ENSG00000169488,,False,False
ENSG00000291811,,False,False
ENSG00000291804,0.36787944117145116,False,False
ENSG00000176281,,False,False
ENSG00000176246,,False,False
ENSG00000176299,,False,False
ENSG00000274102,,False,False
ENSG00000176294,,False,False
ENSG00000259435,0.5962796833959243,False,False
ENSG00000183706,0.36669096210060714,False,False
ENSG00000291808,,False,False
ENSG00000181927,,False,False
ENSG00000182652,,False,False
ENSG00000176555,,False,False
ENSG00000174982,0.36787944117145116,False,False
ENSG00000176567,,False,False
ENSG00000172208,,False,False
ENSG00000205496,,False,False
ENSG00000205497,,False,False
ENSG00000176895,,False,False
ENSG00000279012,0.562253571216085,False,False
ENSG00000183251,0.5958344615198381,False,False
ENSG00000167355,0.7853104222165053,False,False
ENSG00000176239,0.36787944117145116,False,False
ENSG00000197428,,False,False
ENSG00000180785,0.0004240419486650742,False,False
ENSG00000167332,0.008055944044119736,False,False
ENSG00000280021,,False,False
ENSG00000176925,,False,False
ENSG00000278870,,False,False
ENSG00000176893,,False,False
ENSG00000167359,0.36787944117145116,False,False
ENSG00000187918,0.12713573293203653,False,False
ENSG00000176798,,False,False
ENSG00000184698,0.36787944117145116,False,False
ENSG00000167360,0.7946732700886494,False,False
ENSG00000176922,,False,False
ENSG00000176900,,False,False
ENSG00000176742,,False,False
ENSG00000182070,,False,False
ENSG00000171944,,False,False
ENSG00000255307,0.5962796833959243,False,False
ENSG00000221996,0.12713573293203653,False,False
ENSG00000187747,0.3451413592667513,False,False
ENSG00000181609,0.8315497217649173,False,False
ENSG00000176787,,False,False
ENSG00000180974,0.5962796833959243,False,False
ENSG00000205409,0.5962796833959243,False,False
ENSG00000183269,0.12713573293203653,False,False
ENSG00000181616,0.5267811910183265,False,False
ENSG00000232268,0.36669096210060714,False,False
ENSG00000226288,0.36787944117145116,False,False
ENSG00000291908,,False,False
ENSG00000196778,0.29872317030789786,False,False
ENSG00000181963,0.4886889583078172,False,False
ENSG00000183313,0.36787944117145116,False,False
ENSG00000197790,,False,False
ENSG00000181001,0.09635325311988728,False,False
ENSG00000180988,0.33363319844946754,False,False
ENSG00000181074,0.00457873296062993,False,True
ENSG00000181009,0.33262581458205576,False,False
ENSG00000279270,,False,False
ENSG00000175485,0.9914427586871114,False,False
ENSG00000180934,0.5962796833959243,False,False
ENSG00000184478,0.7594321658277087,False,False
ENSG00000183389,0.5962796833959243,False,False
ENSG00000188691,0.5962796833959243,False,False
ENSG00000181023,0.8224984903604957,False,False
ENSG00000180919,0.09311919810966393,False,False
ENSG00000172320,0.36787944117145116,False,False
ENSG00000172324,,False,False
ENSG00000196578,,False,False
ENSG00000181273,0.0007884058769206428,False,False
ENSG00000283307,6.190933560034223e-05,False,False
ENSG00000176495,,False,False
ENSG00000172464,,False,False
ENSG00000172459,,False,False
ENSG00000181785,0.36787944117145116,False,False
ENSG00000169327,0.36787944117145116,False,False
ENSG00000172362,0.7548529769350754,False,False
ENSG00000197786,,False,False
ENSG00000172365,0.5962796833959243,False,False
ENSG00000198283,0.1655788034841705,False,False
ENSG00000172769,,False,False
ENSG00000148215,0.36787944117145116,False,False
ENSG00000279761,,False,False
ENSG00000186113,,False,False
ENSG00000205029,,False,False
ENSG00000186119,,False,False
ENSG00000170688,,False,False
ENSG00000149133,,False,False
ENSG00000231192,,False,False
ENSG00000236032,0.36787944117145116,False,False
ENSG00000233412,0.36787944117145116,False,False
ENSG00000197938,0.2264718537281993,False,False
ENSG00000230301,0.17063494705681742,False,False
ENSG00000167825,,False,False
ENSG00000174957,,False,False
ENSG00000232382,0.36787944117145116,False,False
ENSG00000231861,0.21582688359125426,False,True
ENSG00000206536,,False,False
ENSG00000196098,0.5962796833959243,False,False
ENSG00000279395,,False,False
ENSG00000205030,,False,False
ENSG00000255012,0.36787944117145116,False,False
ENSG00000254834,0.36787944117145116,False,False
ENSG00000255223,0.36669096210060714,False,False
ENSG00000291859,,False,False
ENSG00000291862,0.36787944117145116,False,False
ENSG00000291852,,False,False
ENSG00000183303,,False,False
ENSG00000278253,,False,False
ENSG00000291860,,False,False
ENSG00000181718,,False,False
ENSG00000291866,,False,False
ENSG00000243441,0.36669096210060714,False,False
ENSG00000187612,,False,False
ENSG00000184933,0.12713573293203653,False,False
ENSG00000221813,0.9961001816629992,False,False
ENSG00000182083,0.9961001816629992,False,False
ENSG00000178586,0.36787944117145116,False,False
ENSG00000205330,,False,False
ENSG00000179695,0.16895653641471803,False,False
ENSG00000205329,,False,False
ENSG00000179626,,False,False
ENSG00000188324,,False,False
ENSG00000205328,0.36787944117145116,False,False
ENSG00000205327,0.5962796833959243,False,False
ENSG00000184954,0.19593645433419785,False,False
ENSG00000197706,0.36787944117145116,False,False
ENSG00000187857,,False,False
ENSG00000185821,0.5962796833959243,False,False
ENSG00000169214,0.36787944117145116,False,False
ENSG00000196171,,False,False
ENSG00000203757,,False,False
ENSG00000180433,,False,False
ENSG00000196099,0.36787944117145116,False,False
ENSG00000197403,0.36787944117145116,False,False
ENSG00000188340,,False,False
ENSG00000186440,,False,False
ENSG00000279051,0.36787944117145116,False,False
ENSG00000181803,0.5962796833959243,False,False
ENSG00000181499,,False,False
ENSG00000277378,0.5962796833959243,False,False
ENSG00000274360,0.3882763621588816,False,False
ENSG00000221931,,False,False
ENSG00000197532,,False,False
ENSG00000127515,,False,False
ENSG00000185385,,False,False
ENSG00000188269,0.5962796833959243,False,False
ENSG00000127530,0.21276618240265502,False,False
ENSG00000127529,,False,False
ENSG00000188000,0.28432882567799833,False,False
ENSG00000174667,0.36787944117145116,False,False
ENSG00000189398,0.842681709068623,False,False
ENSG00000184669,0.44532760991231046,True,False
ENSG00000274052,0.11168988845630182,False,False
ENSG00000237521,0.36787944117145116,False,False
ENSG00000255203,0.8010315753613024,False,False
ENSG00000215480,0.5640126163946804,False,False
ENSG00000214880,0.09966545300011381,False,False
ENSG00000205847,0.05118707931543611,False,False
ENSG00000161807,,False,False
ENSG00000170923,,False,False
ENSG00000170920,,False,False
ENSG00000196119,0.17284885793668522,False,False
ENSG00000170953,0.36669096210060714,False,False
ENSG00000284680,0.12713573293203653,False,False
ENSG00000284609,0.12713573293203653,False,False
ENSG00000280090,,False,False
ENSG00000197125,0.5962796833959243,False,False
ENSG00000196341,0.5962796833959243,False,False
ENSG00000279116,0.5962796833959243,False,False
ENSG00000181518,,False,False
ENSG00000197849,0.12713573293203653,False,False
ENSG00000255298,0.0986725515336902,False,False
ENSG00000291864,,False,False
ENSG00000181767,,False,False
ENSG00000181761,,False,False
ENSG00000172154,,False,False
ENSG00000262796,,False,False
ENSG00000167822,,False,False
ENSG00000150261,,False,False
ENSG00000262755,,False,False
ENSG00000181752,,False,False
ENSG00000284723,0.12713573293203653,False,False
ENSG00000172199,,False,False
ENSG00000262315,,False,False
ENSG00000273914,0.12713573293203653,False,False
ENSG00000258083,0.36787944117145116,False,False
ENSG00000261958,,False,False
ENSG00000172457,,False,False
ENSG00000172377,0.5962796833959243,False,False
ENSG00000170605,,False,False
ENSG00000186509,0.36787944117145116,False,False
ENSG00000186513,,False,False
ENSG00000276045,0.6958201383926648,False,False
ENSG00000160991,0.1996710327199939,False,False
ENSG00000175938,0.011285909348371056,False,True
ENSG00000085840,0.0008539571358844326,False,False
ENSG00000115942,0.6054995210132981,False,False
ENSG00000135336,0.8976956738320017,False,False
ENSG00000115947,0.7668722115381088,False,False
ENSG00000164815,0.9932170803579593,False,False
ENSG00000091651,0.0010413030158781212,True,False
ENSG00000229314,0.00181950983050653,False,True
ENSG00000228278,0.00014722781458154533,False,False
ENSG00000128699,0.939669986539455,False,False
ENSG00000123353,0.00030527055621679274,False,False
ENSG00000172057,0.2378602531407626,False,False
ENSG00000135506,0.6917727229543855,True,False
ENSG00000110048,0.2917403444795648,False,False
ENSG00000184792,0.00012097435950764698,True,False
ENSG00000144645,0.8864204184047131,False,False
ENSG00000144909,0.0015771833224145172,False,False
ENSG00000141447,0.5403925781934952,False,False
ENSG00000130703,0.10089937940989221,True,False
ENSG00000070882,0.024590472493619675,True,False
ENSG00000021762,0.2917403444795648,False,False
ENSG00000079156,0.001726443470105863,False,True
ENSG00000006025,0.6344279200793124,False,False
ENSG00000091039,0.4818176304934876,False,False
ENSG00000117859,0.2521491340072056,False,False
ENSG00000170909,0.12208195314395415,False,True
ENSG00000116885,0.3826546990822456,False,True
ENSG00000291794,0.5310173297198827,False,False
ENSG00000128694,0.1613764319156881,False,False
ENSG00000140961,0.7865054977525469,True,False
ENSG00000164823,0.01704412957598706,True,False
ENSG00000099985,0.5739704051993206,True,False
ENSG00000145623,0.8584305579681955,False,True
ENSG00000143867,0.018156065120366018,False,False
ENSG00000164920,0.028580187566055265,True,False
ENSG00000228474,0.68574569976798,False,False
ENSG00000198856,0.4707046035904452,False,False
ENSG00000293101,0.5875214699347746,False,False
ENSG00000134996,7.99485408241249e-05,False,True
ENSG00000081087,0.9405840623298023,False,False
ENSG00000188729,0.45650556287632327,False,False
ENSG00000036473,0.0008775247088188645,False,False
ENSG00000284559,0.044067956850409255,False,False
ENSG00000115155,0.16170917912308652,False,True
ENSG00000165899,0.0823205873608974,False,False
ENSG00000182447,0.36787944117145116,False,False
ENSG00000163982,0.11830299089348413,False,False
ENSG00000183034,0.08181201330950282,False,False
ENSG00000182938,0.5962796833959243,False,False
ENSG00000125879,0.36787944117145116,False,False
ENSG00000178602,0.4574627172721536,False,False
ENSG00000171540,0.3451413592667513,False,False
ENSG00000167770,0.03921495374876789,False,False
ENSG00000277276,0.0022578554880853794,True,False
ENSG00000165312,0.015753307904768817,False,True
ENSG00000169914,0.7773822889285338,True,False
ENSG00000164164,0.016538067685808476,False,True
ENSG00000292211,0.8584305579681955,False,True
ENSG00000189401,0.9240290712904354,False,False
ENSG00000155100,0.00271069737375976,True,False
ENSG00000169918,0.5414444368946989,False,False
ENSG00000264522,0.04809792289527884,True,False
ENSG00000115507,9.532194305369394e-05,True,False
ENSG00000165588,,False,False
ENSG00000262664,0.6784506019178687,False,False
ENSG00000187950,0.4175232694333961,False,False
ENSG00000183378,0.21276618240265502,False,False
ENSG00000085465,0.8082115353306712,False,False
ENSG00000172818,0.8712624575852375,False,False
ENSG00000125850,0.20751212385963794,False,True
ENSG00000155463,0.7234148119575123,False,False
ENSG00000083720,0.18635223216729938,False,False
ENSG00000198754,0.3978299303332715,True,False
ENSG00000162881,0.0025570865672379273,False,False
ENSG00000165621,0.26287041850590903,False,False
ENSG00000154814,3.3847970970575016e-05,False,True
ENSG00000164830,0.9534748818673352,False,True
ENSG00000151093,0.3882763621588816,False,True
ENSG00000172939,0.8289031814174833,False,True
ENSG00000101405,0.00163840111219129,False,True
ENSG00000180914,0.2566008922670948,False,False
ENSG00000108405,0.1471381875876579,False,False
ENSG00000187848,0.30070322344880107,False,False
ENSG00000109991,0.035844056067212283,False,True
ENSG00000135124,0.08720662610258513,True,False
ENSG00000083454,0.716415207307324,False,False
ENSG00000257950,0.10119411935468373,False,False
ENSG00000099957,0.19744352090017114,False,True
ENSG00000206145,,False,False
ENSG00000089041,0.22834260631380535,False,True
ENSG00000169860,0.2135261202210473,False,True
ENSG00000078589,0.002590182545745077,False,True
ENSG00000244165,0.40988666671694496,False,False
ENSG00000169313,2.8303281250784564e-05,False,True
ENSG00000181631,1.914644898354664e-05,False,True
ENSG00000174944,0.00528656654200162,False,True
ENSG00000175591,0.03677752865336121,True,False
ENSG00000186912,0.2764089673422104,False,True
ENSG00000171631,0.0965799090162398,False,True
ENSG00000182162,0.07299210558243631,False,False
ENSG00000122884,0.07478808165730418,False,True
ENSG00000072682,0.000374056557448843,False,False
ENSG00000149380,0.004476795240437993,False,False
ENSG00000185624,0.5863800978415652,False,False
ENSG00000178467,0.8035103666449687,False,True
ENSG00000170515,0.00271069737375976,False,False
ENSG00000230457,0.5009254422650236,False,False
ENSG00000175575,0.01780641661724578,False,False
ENSG00000070756,0.0017879432297619286,True,False
ENSG00000101104,0.061811519492814486,True,False
ENSG00000186288,,False,False
ENSG00000184388,,False,False
ENSG00000198526,0.25582329912054713,True,False
ENSG00000151846,0.3428401394095986,True,False
ENSG00000090621,0.9627906350072438,False,True
ENSG00000254535,0.1191947956255147,False,False
ENSG00000174740,0.0009358693627011541,False,True
ENSG00000100836,0.37419249198924803,False,False
ENSG00000205022,0.1801532699852038,False,False
ENSG00000112530,0.0005224786463950134,False,True
ENSG00000163138,0.37932084582780345,False,False
ENSG00000175115,0.09226576111285263,False,False
ENSG00000179364,0.2137338304383542,False,False
ENSG00000124507,0.42667792929805504,True,False
ENSG00000100266,0.0007710788031927639,True,False
ENSG00000165912,0.735471448709095,False,False
ENSG00000281459,0.3424299771538894,False,False
ENSG00000117115,0.41400931876941205,False,False
ENSG00000280549,0.4858276066578784,False,False
ENSG00000280908,0.14878548923839383,False,True
ENSG00000276747,0.5962796833959243,False,False
ENSG00000122133,0.038373733532701876,False,False
ENSG00000006712,0.329121868610169,True,False
ENSG00000007168,0.01348373319166033,False,True
ENSG00000168092,0.045108372402551396,False,False
ENSG00000079462,0.0012012941342961737,True,False
ENSG00000158006,0.0034971412455997368,False,False
ENSG00000076641,0.39283309876564215,True,False
ENSG00000068985,0.02157586431997042,False,False
ENSG00000234068,0.7877543851667497,False,False
ENSG00000238269,0.8988562493770262,False,False
ENSG00000204279,,False,False
ENSG00000101951,0.19258918982926504,False,False
ENSG00000158639,0.31314638016510343,False,True
ENSG00000171759,0.0004315285190827829,False,True
ENSG00000128050,0.8097846959737904,False,False
ENSG00000172239,0.024590472493619675,True,False
ENSG00000120727,0.010533097217241593,True,False
ENSG00000124374,2.151589653913592e-05,False,False
ENSG00000149269,0.044845988040869894,True,False
ENSG00000285226,0.0005844597994316828,True,False
ENSG00000180370,0.8976956738320017,False,False
ENSG00000077264,0.12911351804116614,False,True
ENSG00000130669,0.05010271319971413,True,False
ENSG00000137843,0.5762070137928841,False,False
ENSG00000083093,0.03635092124261288,False,False
ENSG00000129116,0.050888237077991796,False,False
ENSG00000099864,0.4388799297915562,False,False
ENSG00000187867,0.0011332187516933357,False,True
ENSG00000099260,0.004335434694831099,False,True
ENSG00000145730,0.004943536649716225,False,False
ENSG00000217930,0.7911071745580447,True,False
ENSG00000149090,6.59482154079625e-05,False,True
ENSG00000135473,0.03291886815763896,False,False
ENSG00000152520,0.004399127505094642,False,True
ENSG00000261485,0.03876007299701681,False,True
ENSG00000152782,3.236746422351533e-05,False,True
ENSG00000125779,0.9153229121112986,False,False
ENSG00000120137,0.8668176978057169,False,False
ENSG00000157881,0.8668176978057108,False,False
ENSG00000110218,0.7888029805353111,False,True
ENSG00000073150,0.25961231091905224,True,False
ENSG00000154143,0.43636909613060704,False,False
ENSG00000148832,0.31137799375670927,False,True
ENSG00000100767,0.5122536621554425,False,False
ENSG00000090060,0.1540180517521487,True,False
ENSG00000218823,0.5962796833959243,False,False
ENSG00000115421,0.9135447234295009,False,True
ENSG00000182752,0.016895633746738605,False,True
ENSG00000116183,0.1007221443286348,False,True
ENSG00000138801,0.48747214940996786,False,False
ENSG00000198682,0.0029356640920724314,False,False
ENSG00000163291,0.8976956738320017,False,False
ENSG00000162073,0.004546983646113874,False,False
ENSG00000137819,0.2581022096483296,True,False
ENSG00000160781,0.7419355118097588,False,False
ENSG00000182749,0.2611312474719329,False,True
ENSG00000170915,0.68574569976798,False,False
ENSG00000188582,0.0017247656826091177,True,False
ENSG00000148498,0.0002555120140111068,True,False
ENSG00000116117,0.021088698726644022,False,False
ENSG00000102981,0.6864127675167437,False,False
ENSG00000124171,0.06217316557968286,True,False
ENSG00000178184,0.651303345773445,False,False
ENSG00000227345,0.2531316914960054,True,False
ENSG00000116288,0.6325800730766368,False,False
ENSG00000175193,0.011552362264397415,True,False
ENSG00000169116,0.20860118313211531,False,False
ENSG00000274829,0.9003179572879716,False,False
ENSG00000143799,8.77702849605971e-05,True,False
ENSG00000178685,0.32028268315495023,True,False
ENSG00000111224,0.1725742734570529,False,True
ENSG00000059378,0.10070336319299901,False,False
ENSG00000173193,0.19754689293753813,False,True
ENSG00000173200,0.003423130466338714,False,True
ENSG00000138617,0.4044602769610365,False,True
ENSG00000291803,0.08978779094001982,True,False
ENSG00000041880,0.0058037763675435105,False,False
ENSG00000102699,0.07951238454121316,False,False
ENSG00000137817,0.00797608388099538,False,True
ENSG00000151883,0.16374724803506552,False,True
ENSG00000138496,0.02064239389742853,False,True
ENSG00000185480,6.950324659734803e-05,True,False
ENSG00000162396,0.6084502925805204,False,False
ENSG00000152931,0.1440290454581212,False,False
ENSG00000197702,0.032537019957835076,False,True
ENSG00000188677,0.24922428578819572,False,False
ENSG00000138964,0.01123117662686265,False,True
ENSG00000166049,0.36669096210060714,False,False
ENSG00000115687,0.36520655802604113,False,False
ENSG00000171053,0.36787944117145116,False,False
ENSG00000196844,0.386043866830325,False,False
ENSG00000236027,,False,False
ENSG00000237353,0.8163702889138519,False,False
ENSG00000166889,0.4401619539926275,False,False
ENSG00000229474,0.12816353343155473,False,True
ENSG00000100105,0.4794809831420318,True,False
ENSG00000177425,0.9424148823115995,False,True
ENSG00000125813,0.36787944117145116,False,False
ENSG00000075891,0.09901751837397675,False,True
ENSG00000135903,0.6563184462427891,False,False
ENSG00000106331,,False,False
ENSG00000196092,0.274013051189443,False,True
ENSG00000007372,0.596152875121186,False,True
ENSG00000009709,,False,False
ENSG00000125618,0.007307794165420352,True,False
ENSG00000198807,0.6435164125351243,False,False
ENSG00000157212,0.09573846307356816,True,False
ENSG00000168078,0.00020057119766055153,True,False
ENSG00000108187,2.151589653913592e-05,False,False
ENSG00000254440,0.8037711946294905,True,False
ENSG00000163939,0.06694139301865497,False,True
ENSG00000185630,0.00965056380254063,False,True
ENSG00000232005,0.058535974917362184,False,False
ENSG00000167081,0.8224807192892474,False,False
ENSG00000105717,0.14828713784902875,False,True
ENSG00000163346,0.0019975210887648205,False,False
ENSG00000173599,0.005149590336619709,False,True
ENSG00000225937,6.098260789443423e-06,False,False
ENSG00000253438,0.9809773268583569,False,True
ENSG00000166228,0.0002740400576641018,False,False
ENSG00000132570,0.26886027935922086,False,True
ENSG00000169564,0.06946093552266765,True,False
ENSG00000179818,0.0001470847360558052,False,True
ENSG00000197111,0.7528354471352348,False,False
ENSG00000183570,0.001164241323082835,False,False
ENSG00000090097,0.014588586541695316,False,False
ENSG00000175198,0.00022848169774693637,False,False
ENSG00000114054,0.13272900379834746,False,True
ENSG00000156453,0.8169018986631806,True,False
ENSG00000138650,0.05679459148432741,False,False
ENSG00000102290,0.9816960841823692,False,True
ENSG00000099715,0.10821593598552763,False,False
ENSG00000113555,0.1491547344325789,False,True
ENSG00000150275,0.23155066252669593,False,False
ENSG00000118946,0.010250211123667308,False,False
ENSG00000189184,0.005369450760991852,False,True
ENSG00000165194,0.1015249388635492,False,True
ENSG00000197991,0.2750910874789875,False,True
ENSG00000169851,0.0010060366878415848,False,True
ENSG00000136099,0.36787944117145116,False,False
ENSG00000184226,1.9762147925425766e-05,False,True
ENSG00000204970,0.012771609585077406,True,False
ENSG00000250120,0.07338073904970346,False,True
ENSG00000249158,0.33211803659651384,False,True
ENSG00000291663,0.02086497960506088,False,True
ENSG00000239389,0.05492184724727749,False,True
ENSG00000291650,0.4801250111432579,False,False
ENSG00000291651,0.26253387555141733,False,True
ENSG00000291652,0.5222588701633528,False,False
ENSG00000204965,0.1973053607779858,False,False
ENSG00000291654,0.11797327074202914,False,False
ENSG00000291655,0.45643734946256265,False,False
ENSG00000291656,0.44494698935843724,False,False
ENSG00000291657,0.8129435311868289,False,True
ENSG00000291670,0.0011751559900383978,False,True
ENSG00000291668,0.046422382102033005,False,True
ENSG00000291669,,False,False
ENSG00000120324,0.7462764190832842,False,False
ENSG00000197479,0.9816960841823692,False,True
ENSG00000291691,0.008196208440762388,False,True
ENSG00000291692,0.2434759776783048,False,False
ENSG00000120327,0.504836992537959,False,False
ENSG00000113248,0.009840063198199855,False,True
ENSG00000291684,0.028121518195156806,False,True
ENSG00000291705,0.3589737801863356,False,False
ENSG00000291672,0.04423967784873873,False,False
ENSG00000113205,0.05468455105609742,False,False
ENSG00000081818,0.161847833037394,False,True
ENSG00000113209,0.010043043624906588,False,True
ENSG00000291679,0.36496057421015193,False,True
ENSG00000113212,0.007709223030914214,False,True
ENSG00000120322,0.15052777717059637,False,True
ENSG00000177839,0.10089937940989292,False,True
ENSG00000204956,0.18625462255924988,True,False
ENSG00000253846,0.6784506019178687,False,True
ENSG00000253873,0.3978299303332715,False,True
ENSG00000253159,0.056467587479820024,False,True
ENSG00000081853,0.9797889530019297,False,False
ENSG00000254245,0.9314831751655464,False,False
ENSG00000262576,0.5414444368946913,True,False
ENSG00000253485,0.6973020031150461,False,False
ENSG00000253731,0.8976956738320017,False,False
ENSG00000253537,0.651303345773445,False,False
ENSG00000253767,0.3181266711066629,False,True
ENSG00000261934,0.22525545280121728,False,False
ENSG00000254221,0.7168979462227283,False,False
ENSG00000253910,0.5563872609782938,False,False
ENSG00000262209,0.6782745708628362,False,True
ENSG00000253953,0.01324980446257515,False,True
ENSG00000276547,0.23995080837324365,False,True
ENSG00000253305,0.4865251421327479,False,True
ENSG00000254122,0.0031271827751344784,False,True
ENSG00000248449,0.6518616360400209,False,False
ENSG00000240184,0.017789112034918134,False,False
ENSG00000242419,0.8431683762066816,False,True
ENSG00000240764,0.7664547366521324,False,False
ENSG00000165494,0.05389280025307356,False,False
ENSG00000227418,,False,False
ENSG00000115289,0.004437791463880172,False,False
ENSG00000277258,0.0017879432297619286,True,False
ENSG00000185619,0.9534748818673352,False,False
ENSG00000180628,0.9816960841823692,False,True
ENSG00000156374,0.9047054630375765,False,False
ENSG00000126226,0.3033101153548463,True,False
ENSG00000100982,0.06905689826177311,False,False
ENSG00000124253,2.151589653913592e-05,False,True
ENSG00000100889,2.585631324239553e-05,False,True
ENSG00000186472,0.02199643057299174,False,True
ENSG00000078674,0.22834260631380535,True,False
ENSG00000120265,0.9816960841823692,False,False
ENSG00000168300,0.9153229121112986,False,False
ENSG00000280663,0.09657990901624115,False,False
ENSG00000132646,0.0009918913952304427,True,False
ENSG00000249065,,False,False
ENSG00000081154,0.5310173297198827,False,False
ENSG00000160299,0.4865251421327479,False,True
ENSG00000106333,0.008790543342654295,False,True
ENSG00000163710,0.8659753094387994,False,False
ENSG00000174788,0.14571451043171124,False,False
ENSG00000291560,0.8876842383712338,False,False
ENSG00000248485,0.1517880998955445,False,True
ENSG00000175426,0.15326327478975665,False,True
ENSG00000102109,0.48087769495004307,False,False
ENSG00000125851,0.008547213856338297,False,False
ENSG00000115257,0.5841040013440728,False,True
ENSG00000099139,0.0550044987626716,True,False
ENSG00000140479,0.00135917815353439,False,False
ENSG00000160613,0.26964565449589895,False,False
ENSG00000169174,0.0542608472194719,True,False
ENSG00000141179,0.004198537789569882,False,False
ENSG00000116005,0.003999309943909475,False,False
ENSG00000145882,0.5122536621554463,False,False
ENSG00000161217,0.9405840623298023,False,False
ENSG00000102230,0.367700641932594,False,True
ENSG00000185813,0.6797711866145533,False,False
ENSG00000106244,0.06009299891313475,True,False
ENSG00000116703,0.7239326328732857,False,True
ENSG00000188389,0.5414444368946913,False,False
ENSG00000114209,0.00623068298202166,True,False
ENSG00000148843,0.008260209744466514,True,False
ENSG00000197646,0.0006041036880038388,False,True
ENSG00000071994,0.2437128219959003,False,False
ENSG00000126249,0.0043905813640161126,True,False
ENSG00000150593,0.005786872176499087,False,True
ENSG00000105185,0.04577106927310079,True,False
ENSG00000249915,0.02052232214449494,True,False
ENSG00000170248,0.90999870276312,False,False
ENSG00000090470,0.039444392123464594,False,False
ENSG00000136940,0.1992831337984575,False,False
ENSG00000163440,0.5962796833959243,False,False
ENSG00000115539,0.000771828879790447,True,False
ENSG00000112541,0.058535974917362184,False,True
ENSG00000128655,0.025171037417556337,False,False
ENSG00000174840,0.1799422873218,True,False
ENSG00000115252,0.004476795240437993,False,False
ENSG00000123360,0.0004215754004368674,False,True
ENSG00000154678,0.035990485035768814,False,False
ENSG00000186642,5.8073116498351725e-06,False,True
ENSG00000172572,0.48747214940996786,False,False
ENSG00000152270,0.035305927054232966,False,False
ENSG00000065989,0.13599481060527002,True,False
ENSG00000184588,0.010865967828152356,False,True
ENSG00000285188,0.001589498991244134,False,False
ENSG00000113448,0.4536308304450588,False,True
ENSG00000178104,0.06056224396732265,False,True
ENSG00000138735,0.3749208469750593,False,False
ENSG00000132915,0.4625383689040139,False,False
ENSG00000133256,0.09573846307356816,False,True
ENSG00000095464,0.22463943655925708,False,True
ENSG00000156973,0.04280111801309059,True,False
ENSG00000185527,0.005609595774882624,False,True
ENSG00000139053,0.3999458711295486,False,False
ENSG00000205268,0.7419355118097588,False,False
ENSG00000171408,1.982848811841781e-05,False,True
ENSG00000073417,0.018050455733382417,False,False
ENSG00000284762,0.006452633780019054,False,False
ENSG00000160191,0.00654106791465028,True,False
ENSG00000258429,0.6102276534195306,False,False
ENSG00000197461,0.01235397573750203,False,False
ENSG00000100311,0.012719631986359116,True,False
ENSG00000145431,9.579678070534734e-05,False,True
ENSG00000170962,0.00896315529414574,False,True
ENSG00000134853,0.02614383283585492,False,True
ENSG00000113721,0.07670278894557792,False,False
ENSG00000104213,2.8802983010960544e-05,False,False
ENSG00000131828,0.996118394014622,False,False
ENSG00000163114,0.36669096210060714,False,False
ENSG00000168291,0.7019357058822984,False,False
ENSG00000110435,0.8659753094387994,False,False
ENSG00000185615,0.004216386332078169,True,False
ENSG00000167004,0.03713685681663713,True,False
ENSG00000155660,0.14713818758765998,False,False
ENSG00000065485,0.000905256550639878,False,True
ENSG00000143870,0.007792117107800387,False,False
ENSG00000175087,0.04073051016794822,False,False
ENSG00000169340,0.31188972428041767,False,False
ENSG00000152256,0.4903242455360224,False,False
ENSG00000005882,0.10696066620686197,False,True
ENSG00000067992,0.17768217255142876,False,True
ENSG00000004799,1.5339561429075247e-05,False,True
ENSG00000107438,0.6084502925805204,False,False
ENSG00000120913,0.029123269274825468,False,True
ENSG00000154553,0.015692159770515933,False,False
ENSG00000131435,0.2037898387282614,False,False
ENSG00000163110,0.00012824160230283488,False,True
ENSG00000196923,0.0013304135634783815,False,False
ENSG00000164951,0.7624115035808244,False,False
ENSG00000172840,0.9296735921020747,False,False
ENSG00000140992,0.5640126163946804,False,False
ENSG00000162493,0.026761071578448984,False,False
ENSG00000090857,0.39168892550161427,False,False
ENSG00000088356,0.005050419809253524,True,False
ENSG00000121892,0.9731431232675515,False,False
ENSG00000083642,0.7826912205822796,False,False
ENSG00000148459,0.0004793067999917198,False,False
ENSG00000164494,0.009510838020894254,False,False
ENSG00000139515,0.7162554116441713,False,False
ENSG00000179889,0.008196208440762447,False,True
ENSG00000255185,0.33363252404653704,False,False
ENSG00000160209,0.0542608472194719,False,False
ENSG00000241360,0.9627906350072438,False,False
ENSG00000101327,0.36669096210060714,False,False
ENSG00000120509,0.00023387600074407388,False,False
ENSG00000133401,0.6864127675167437,False,False
ENSG00000067840,0.0006782041382053845,False,True
ENSG00000186862,0.24585481549216193,False,False
ENSG00000165650,0.04754000258088901,False,False
ENSG00000155714,0.24272170145254168,False,False
ENSG00000174827,0.01981641724860021,True,False
ENSG00000162366,0.8145225744292595,False,False
ENSG00000215859,0.023813996818112183,True,False
ENSG00000121440,0.001104496898046479,False,True
ENSG00000165966,3.0133374382212608e-06,False,True
ENSG00000162734,0.00012168215481968952,False,False
ENSG00000173517,0.9047054630375765,False,False
ENSG00000187800,0.002288799673516974,False,True
ENSG00000089220,0.015152397635842661,False,False
ENSG00000134020,0.011314655780607974,False,True
ENSG00000261371,0.28252826931056035,False,False
ENSG00000115425,0.00028965623024380797,False,True
ENSG00000162517,0.9627906350072438,False,True
ENSG00000242265,0.0006782041382053894,True,False
ENSG00000198300,0.039675172893414636,False,True
ENSG00000197329,0.6494063470802454,False,False
ENSG00000139946,0.0015664854146778243,False,True
ENSG00000174516,0.02028426986003777,True,False
ENSG00000152684,0.3974433123556157,True,False
ENSG00000141456,0.7122479953939524,False,False
ENSG00000133027,0.0013831747958210224,False,True
ENSG00000181195,0.10922014777413408,False,False
ENSG00000124299,0.031144120465018937,False,True
ENSG00000179094,0.0004434378754420252,False,True
ENSG00000132326,0.008529540927726238,False,True
ENSG00000049246,0.002356544173003303,False,False
ENSG00000112378,0.7234148119575021,True,False
ENSG00000100029,0.0003664964827863105,True,False
ENSG00000232838,9.978972770999124e-05,True,False
ENSG00000127980,0.09462792793604255,False,False
ENSG00000157911,0.9460872201279513,False,False
ENSG00000166821,0.10884908446831844,False,True
ENSG00000131779,0.0071810115468953295,True,False
ENSG00000104883,0.00028352617091459946,False,False
ENSG00000108733,0.24205973750856533,False,False
ENSG00000162928,0.030160704957958535,False,False
ENSG00000142655,0.05521883652904836,False,True
ENSG00000121680,0.9424148823115995,False,False
ENSG00000162735,0.40132646004563294,False,False
ENSG00000164751,0.0027265570890029453,True,False
ENSG00000215193,0.3578253511177706,True,False
ENSG00000034693,0.011733483322113903,False,True
ENSG00000288217,0.656389144107828,False,False
ENSG00000114757,0.7108643183251449,False,False
ENSG00000124587,0.32404145904006687,True,False
ENSG00000112357,0.656389144107828,False,False
ENSG00000163737,0.25735818506657593,False,True
ENSG00000109272,0.052040986130224856,False,True
ENSG00000178921,0.05039585354505495,True,False
ENSG00000113068,0.1992831337984575,False,False
ENSG00000143256,0.0004896697908625985,True,False
ENSG00000101132,0.0008539571358844326,True,False
ENSG00000291834,0.6084502925805246,False,False
ENSG00000224782,0.0003953721702299892,True,False
ENSG00000158571,0.00010557884864821897,False,False
ENSG00000123836,0.10884908446831844,True,False
ENSG00000170525,0.5403925781934991,False,True
ENSG00000114268,0.01412793323002749,True,False
ENSG00000141959,0.9135447234295009,False,False
ENSG00000152556,0.2378602531407626,True,False
ENSG00000067057,0.146567055118041,True,False
ENSG00000108518,0.8668176978057169,False,False
ENSG00000270392,0.5182653724777262,False,False
ENSG00000070087,0.04866239085502546,False,True
ENSG00000196570,0.6517361096231145,False,False
ENSG00000176732,0.09283860973429399,True,False
ENSG00000229859,0.00010284327539069284,False,False
ENSG00000229183,0.0001403780231157248,False,False
ENSG00000256713,0.000162577799117939,False,True
ENSG00000171314,0.8976956738320017,False,False
ENSG00000164708,0.8097846959737904,False,False
ENSG00000226784,0.40132646004563294,False,False
ENSG00000247077,0.013249804462575334,False,False
ENSG00000197121,0.7276473585454799,False,False
ENSG00000148985,0.0015664854146778357,True,False
ENSG00000161395,0.3785839430081581,False,False
ENSG00000137338,0.03635092124261288,True,False
ENSG00000185220,0.44144772314975445,True,False
ENSG00000182405,0.8240816544909277,False,True
ENSG00000177614,0.5706317598354691,False,False
ENSG00000096088,0.07047331244343899,False,False
ENSG00000142657,0.03779251764105622,False,False
ENSG00000119630,0.08083756052851754,False,False
ENSG00000164219,0.26342633161717544,False,True
ENSG00000102144,0.00880765388390955,True,False
ENSG00000170950,0.04111412154482537,False,False
ENSG00000130313,0.8224807192892474,False,False
ENSG00000008438,0.4686903301408406,False,True
ENSG00000161031,0.0004281849734996593,False,True
ENSG00000159527,0.5962796833959243,False,False
ENSG00000163218,0.08893631646215652,False,False
ENSG00000079739,0.00032047777849053907,False,True
ENSG00000169299,0.4466284686086408,False,False
ENSG00000165434,0.029293663344676462,False,True
ENSG00000013375,0.9405840623298023,False,False
ENSG00000154330,3.616149064471256e-05,False,True
ENSG00000277778,0.7668722115381088,True,False
ENSG00000184207,0.006860241458946316,False,False
ENSG00000130517,0.5310173297198827,False,False
ENSG00000183571,0.6127111328476885,False,False
ENSG00000082175,7.541798719053853e-05,False,True
ENSG00000101856,0.00010284327539069284,False,True
ENSG00000164040,0.16566895420133448,False,False
ENSG00000087157,0.26342633161717544,False,False
ENSG00000112137,0.3826546990822456,False,False
ENSG00000112419,0.16438532710466444,False,False
ENSG00000087495,4.836695340082468e-06,False,True
ENSG00000204138,0.035305927054232966,False,False
ENSG00000164902,0.039444392123464594,True,False
ENSG00000215021,0.8534372775192605,False,False
ENSG00000111752,0.07610848460681173,False,True
ENSG00000134686,0.7865054977525469,False,False
ENSG00000173889,0.6525710891123018,False,False
ENSG00000102174,0.8371726080924985,False,False
ENSG00000225553,0.34051468229391474,True,False
ENSG00000130024,0.47345859636325194,False,False
ENSG00000136147,0.13350557304031743,False,True
ENSG00000109118,0.3578253511177706,True,False
ENSG00000116273,0.04923348330203543,True,False
ENSG00000106443,0.0017501045888789933,True,False
ENSG00000119403,0.01182510595897501,True,False
ENSG00000197724,0.8370018293859048,True,False
ENSG00000025293,0.4951148695123805,True,False
ENSG00000129292,0.006170396246314983,True,False
ENSG00000135365,0.09545961337853968,True,False
ENSG00000056487,0.5237696081324925,False,False
ENSG00000040633,0.7941899068540217,False,False
ENSG00000118482,0.2667771109015727,False,False
ENSG00000100410,0.0017247656826091177,True,False
ENSG00000156531,0.8370018293859048,False,False
ENSG00000010318,0.03379449152783904,False,False
ENSG00000172943,0.0014436320316058597,False,False
ENSG00000092621,0.01446148446549892,False,True
ENSG00000233041,0.40084934150009494,False,False
ENSG00000146247,0.9153229121112986,True,False
ENSG00000067177,0.0005867372823788047,False,False
ENSG00000044446,0.12231958217487512,False,False
ENSG00000102893,0.6797711866145533,False,True
ENSG00000164776,0.2531316914960054,False,True
ENSG00000156873,0.5167558627527982,False,False
ENSG00000139289,0.008357149975164058,False,True
ENSG00000274538,0.0004340533008965763,True,False
ENSG00000174307,0.1289133910749996,False,False
ENSG00000019144,0.24276682484732598,False,False
ENSG00000144824,0.00020174469718567818,False,True
ENSG00000176531,0.9215738736404122,False,False
ENSG00000081913,0.012139647123731471,False,False
ENSG00000040199,0.6173891676341228,False,False
ENSG00000173868,0.00032645314945659325,False,True
ENSG00000144362,0.13272900379834746,False,False
ENSG00000165462,0.36787944117145116,False,False
ENSG00000109132,,False,False
ENSG00000054148,0.014860593595874235,True,False
ENSG00000070047,0.9544023865431366,True,False
ENSG00000116793,0.018986534159433462,False,True
ENSG00000006576,0.6758171240006762,False,False
ENSG00000107537,0.006566556700442087,False,True
ENSG00000175287,0.00013674079491238298,False,True
ENSG00000168490,0.08202516264164568,False,True
ENSG00000165443,0.007568114061536908,True,False
ENSG00000137558,0.016895633746738605,False,False
ENSG00000164530,0.007876411306808821,False,True
ENSG00000124102,0.057755687875315646,True,False
ENSG00000155252,0.6784506019178687,False,False
ENSG00000038210,0.017634125596248,False,False
ENSG00000241973,0.06278061720057111,True,False
ENSG00000290425,0.12375510123331274,False,False
ENSG00000183506,0.012246342557205145,False,False
ENSG00000143393,0.005286566542001696,True,False
ENSG00000033800,0.9884003241552884,False,False
ENSG00000078043,0.47345859636325194,False,False
ENSG00000131788,0.0003755141554422041,True,False
ENSG00000105229,0.6758171240006762,True,False
ENSG00000083535,0.10002030037277762,False,True
ENSG00000073921,0.6228154048378258,False,True
ENSG00000100151,0.7941899068540217,False,False
ENSG00000153823,0.003736171971605922,False,True
ENSG00000103335,0.8240816544909277,False,False
ENSG00000154864,0.19850959519351905,True,False
ENSG00000140451,0.003758031521160552,False,False
ENSG00000165195,0.45099217093361643,False,False
ENSG00000069943,0.8864204184047131,False,False
ENSG00000135845,3.833380495512199e-05,True,False
ENSG00000151665,0.006566556700442134,True,False
ENSG00000174227,0.07214542081845658,False,False
ENSG00000100564,0.6054995210132937,False,False
ENSG00000142892,0.22900962416437856,False,True
ENSG00000108474,0.06629368263435201,False,False
ENSG00000143315,0.2828031022356988,False,False
ENSG00000197563,0.9506977725270581,False,True
ENSG00000165282,0.007656931990592898,True,False
ENSG00000185808,0.9047054630375765,False,True
ENSG00000007541,0.22701439326129677,False,False
ENSG00000162896,0.2449005039688101,False,True
ENSG00000087111,0.20518156882160768,False,False
ENSG00000124155,2.0080706212259483e-05,True,False
ENSG00000101464,4.62014772796492e-05,False,False
ENSG00000060642,9.036813312233314e-05,False,True
ENSG00000275600,0.05405022799013312,False,False
ENSG00000163964,0.023606518977166754,False,False
ENSG00000255072,0.08083756052851754,False,True
ENSG00000119227,0.0016997936459394994,True,False
ENSG00000104872,0.02028426986003777,True,False
ENSG00000150773,0.2546127113195458,True,False
ENSG00000155629,0.004529334047177638,False,False
ENSG00000011405,0.5009254422650236,False,False
ENSG00000133056,0.173246749075213,False,False
ENSG00000139144,0.005775630077704069,False,False
ENSG00000078142,0.5574702528721746,False,True
ENSG00000121879,0.28170537202137336,False,False
ENSG00000051382,0.1858094590598215,True,False
ENSG00000171608,0.006446362999385498,False,True
ENSG00000105851,0.0017298039429536414,False,True
ENSG00000100100,0.4363270726588373,False,False
ENSG00000145675,7.571187084156175e-05,False,True
ENSG00000105647,0.0007071598880592039,True,False
ENSG00000117461,0.37057188668272373,False,True
ENSG00000196455,0.0009690136193616033,False,False
ENSG00000141506,0.006860241458946316,False,True
ENSG00000276231,0.21666307870822382,False,False
ENSG00000115020,0.42875725233373474,False,False
ENSG00000085514,0.04685169419228098,False,True
ENSG00000121716,0.005889040903399788,False,True
ENSG00000137193,0.9405840623298023,True,False
ENSG00000292210,0.4492415970235619,False,True
ENSG00000198355,0.8786975403013207,False,True
ENSG00000127445,0.5841040013440686,False,False
ENSG00000229359,0.7191996160971919,False,False
ENSG00000102309,0.8864204184047004,False,False
ENSG00000158828,0.0029356640920724314,False,False
ENSG00000284764,0.6002241472793903,True,False
ENSG00000159763,0.32962187665298015,False,False
ENSG00000150867,0.10613191944448408,False,True
ENSG00000277292,0.10070336319299901,False,False
ENSG00000166908,0.00041345672457081945,False,False
ENSG00000143398,0.007415154552552487,True,False
ENSG00000107242,0.01182510595897501,False,False
ENSG00000186111,0.5978943136367422,False,False
ENSG00000219294,0.4943501658740226,False,False
ENSG00000167103,0.033293147032410465,True,False
ENSG00000179761,4.5665555119657785e-05,False,False
ENSG00000180764,0.5807064113317143,False,False
ENSG00000087842,0.0034734204175539923,False,False
ENSG00000233670,0.1748409784734605,False,False
ENSG00000241878,0.9424148823115995,True,False
ENSG00000281473,,False,False
ENSG00000057757,0.5477987245273628,False,False
ENSG00000174238,0.06905689826177262,False,True
ENSG00000180957,0.8994430127919598,False,True
ENSG00000154217,0.651303345773445,False,True
ENSG00000110697,0.7826912205822796,False,False
ENSG00000090975,0.1407023784910663,False,False
ENSG00000091622,1.5716992455427325e-05,False,True
ENSG00000107959,0.873586371776637,False,False
ENSG00000069011,0.0001640978598685374,False,False
ENSG00000164093,0.23245730824960462,False,False
ENSG00000107859,0.05446072973493063,False,False
ENSG00000275051,0.08440554346644914,False,True
ENSG00000197181,0.5351638569387906,True,False
ENSG00000184571,0.6153912026184175,False,False
ENSG00000134627,0.29631432844590533,False,False
ENSG00000181191,0.03585946292035051,True,False
ENSG00000198961,0.0924453537785658,False,True
ENSG00000008710,0.9759857983375362,False,False
ENSG00000158683,0.02326473176312134,False,False
ENSG00000166473,0.7234148119575021,False,False
ENSG00000277481,0.007393557030311296,False,False
ENSG00000244257,0.6228154048378258,False,False
ENSG00000118762,0.27681807718123913,False,True
ENSG00000107593,0.7026185226629964,False,False
ENSG00000078795,0.3223293429802801,False,False
ENSG00000162878,0.40682668823286516,False,False
ENSG00000130943,0.4044602769610365,False,False
ENSG00000170927,3.658587493444731e-05,False,True
ENSG00000205038,0.021129747275694714,False,True
ENSG00000171033,0.0419768564373623,False,False
ENSG00000135549,0.30657148318941785,True,False
ENSG00000168734,0.1695802895292542,False,True
ENSG00000262785,0.6758171240006762,False,False
ENSG00000127564,0.00023616104372707562,True,False
ENSG00000123143,0.011122506200372908,False,False
ENSG00000065243,0.027633639139866543,False,False
ENSG00000160447,7.303656761576793e-05,True,False
ENSG00000160199,0.07951238454121372,False,False
ENSG00000165495,0.0022883992896355386,False,True
ENSG00000081277,0.045788800947508486,False,False
ENSG00000057294,0.17562111694644805,False,True
ENSG00000184363,0.7213077800163539,False,False
ENSG00000144283,0.31656750785168053,True,False
ENSG00000144837,0.24276682484732598,False,False
ENSG00000276870,0.29006810074085354,False,True
ENSG00000123739,0.00022408160978305413,False,True
ENSG00000138308,0.7276473585454799,False,False
ENSG00000103066,0.0344916029358138,False,True
ENSG00000170890,0.16438532710466444,False,False
ENSG00000188257,0.42626327633819006,False,True
ENSG00000187980,0.36787944117145116,False,False
ENSG00000117215,0.0684911419815422,False,True
ENSG00000188784,0.36787944117145116,False,False
ENSG00000158786,0.3223293429802801,False,False
ENSG00000100078,0.02619358913408697,False,False
ENSG00000116711,0.0010453606942056213,False,True
ENSG00000243708,0.1374571063828397,False,True
ENSG00000105499,0.651303345773445,False,False
ENSG00000159337,0.07774727375237919,False,False
ENSG00000188089,0.4640522786804425,False,False
ENSG00000168907,0.035347907937582454,False,False
ENSG00000127472,0.000921239089475458,False,True
ENSG00000184381,0.01118758162444498,True,False
ENSG00000146070,0.46979017045706384,False,False
ENSG00000153246,0.002907259243719025,False,True
ENSG00000137055,0.23786025314076092,True,False
ENSG00000170965,0.7294076873844235,False,False
ENSG00000280109,0.31512516412878566,False,False
ENSG00000145287,1.3544521097254571e-05,False,True
ENSG00000173261,0.9314831751655464,False,False
ENSG00000189129,0.13080728562909524,False,False
ENSG00000181690,0.10089937940989221,True,False
ENSG00000118495,0.03699270617093876,False,True
ENSG00000126003,0.9460872201279513,False,True
ENSG00000104368,0.019434793775549096,False,False
ENSG00000122861,0.03635092124261288,True,False
ENSG00000011422,0.5824027287582099,True,False
ENSG00000163803,0.0055553185441396345,False,True
ENSG00000121316,0.7773822889285338,False,False
ENSG00000151176,0.0542608472194719,True,False
ENSG00000182621,5.9721749381728905e-05,True,False
ENSG00000137841,0.00229771851144374,False,True
ENSG00000149782,0.008455227877739006,False,False
ENSG00000101333,0.1717373484599543,False,False
ENSG00000187091,0.0542608472194719,False,True
ENSG00000161714,0.31016934707242383,False,False
ENSG00000115556,0.5187695216330042,False,False
ENSG00000138193,0.025171037417556337,True,False
ENSG00000124181,0.3815401716215524,False,False
ENSG00000197943,0.0010473954589053302,False,True
ENSG00000114805,0.6325800730766368,True,False
ENSG00000149527,0.1840116070775463,False,True
ENSG00000115896,0.2037898387282614,False,False
ENSG00000284017,0.00884197494678568,False,True
ENSG00000182378,0.8534372775192605,False,False
ENSG00000240891,0.014182985993349915,False,False
ENSG00000182836,0.00028500400972431987,False,True
ENSG00000139151,0.7992863388460725,False,False
ENSG00000075651,0.0031731248947087223,False,True
ENSG00000129219,0.23237405416209425,False,False
ENSG00000105223,0.5382949871275255,False,True
ENSG00000166428,0.03585946292035051,False,False
ENSG00000180287,0.2144811328763369,False,True
ENSG00000179598,0.7404941610992368,False,False
ENSG00000178209,0.1776821725514313,True,False
ENSG00000115956,0.0056205146926548676,False,True
ENSG00000100558,0.6777912719387762,False,False
ENSG00000107679,0.26368258289232577,False,False
ENSG00000169499,0.006303805077509009,False,True
ENSG00000116095,0.6228154048378303,False,True
ENSG00000105559,0.5574702528721746,False,True
ENSG00000052126,0.07767844735708342,False,False
ENSG00000143850,0.3224699710555938,False,False
ENSG00000166689,0.32784434719504824,True,False
ENSG00000106086,0.002184435870723736,True,False
ENSG00000134297,0.0018879926054788214,True,False
ENSG00000021300,0.18347565131987215,False,True
ENSG00000115762,0.3485540105612531,True,False
ENSG00000175985,0.8273753829183221,False,False
ENSG00000166289,0.3752855559414257,False,True
ENSG00000175895,0.03857210017041502,True,False
ENSG00000120278,0.05968539293045729,False,True
ENSG00000090924,0.005826392126093355,False,False
ENSG00000126822,0.2566008922670948,False,True
ENSG00000196155,0.6904288229928944,False,False
ENSG00000153404,0.4466284686086408,False,False
ENSG00000171680,0.5446123134242818,False,False
ENSG00000008323,0.159039941680496,True,False
ENSG00000187510,0.16074000116364612,False,True
ENSG00000054690,0.007422367737346308,True,False
ENSG00000152527,0.057185854409347175,False,True
ENSG00000068137,0.8786975403013207,True,False
ENSG00000104886,0.6375196679718531,False,False
ENSG00000276358,0.5762070137928841,False,False
ENSG00000116786,0.6758171240006762,False,True
ENSG00000178385,0.1685938824910001,False,True
ENSG00000187583,0.08720662610258513,True,False
ENSG00000023902,0.42378380719059094,False,False
ENSG00000241839,0.0394443921234643,False,True
ENSG00000122194,2.0735454763706585e-05,False,False
ENSG00000240935,2.7276642038718503e-05,False,False
ENSG00000183281,3.79998242651914e-05,False,True
ENSG00000125551,0.05158566658698333,False,False
ENSG00000166819,0.005109690563456476,False,True
ENSG00000147872,0.1440242693448326,False,False
ENSG00000105355,0.38752206154707847,False,False
ENSG00000167676,0.00032645314945659086,False,False
ENSG00000214456,0.0010054853880364552,False,False
ENSG00000166851,0.00012383048477502534,True,False
ENSG00000145632,0.05098728957634059,False,True
ENSG00000173846,0.5807064113317143,False,False
ENSG00000142731,0.0005643561761200707,False,False
ENSG00000185988,0.1961214990030251,False,False
ENSG00000102934,0.7826912205822796,True,False
ENSG00000198523,0.15401805175214764,False,False
ENSG00000083444,0.1286629523173662,False,False
ENSG00000152952,0.004529334047177638,True,False
ENSG00000106397,0.0002769866967117515,True,False
ENSG00000123560,0.007874852892860499,False,False
ENSG00000102007,0.03225354336618163,False,False
ENSG00000171566,0.6958201383926648,False,True
ENSG00000120756,0.3526445732999315,True,False
ENSG00000102024,0.1620052725512871,False,False
ENSG00000188313,0.025916056455759805,False,True
ENSG00000163746,0.49512549115540283,False,True
ENSG00000187838,0.009510838020894181,False,True
ENSG00000114698,0.00016100441749982238,False,True
ENSG00000231213,0.5962796833959243,False,False
ENSG00000100979,0.16438532710466444,False,True
ENSG00000130300,0.00017167496068352085,False,False
ENSG00000161381,0.003063979137094701,True,False
ENSG00000120594,0.02012710439379812,False,False
ENSG00000114554,0.26368258289232577,False,False
ENSG00000076356,0.01118758162444498,True,False
ENSG00000130827,0.014817310344199636,True,False
ENSG00000221866,0.00041426150626261275,False,True
ENSG00000164050,0.23647667826617091,False,False
ENSG00000196576,0.8890097654027761,False,False
ENSG00000198753,0.48747214940996786,False,True
ENSG00000136040,0.007769421637146481,False,False
ENSG00000004399,0.7206068006934967,False,False
ENSG00000162877,0.0013124265965605967,False,True
ENSG00000146281,0.04577106927310079,True,False
ENSG00000141682,0.999028182778181,True,False
ENSG00000183395,0.001559732250542207,True,False
ENSG00000168967,0.36787944117145116,False,False
ENSG00000169040,0.202585206187598,False,True
ENSG00000185664,0.023151905933562568,False,False
ENSG00000124225,0.21043458021775974,False,False
ENSG00000160783,0.0010638168079785935,True,False
ENSG00000260238,0.05098728957634094,True,False
ENSG00000118557,0.0013831747958210324,True,False
ENSG00000140464,0.31656750785167814,False,True
ENSG00000100417,0.669929112893902,False,False
ENSG00000140650,0.4931930286714282,False,False
ENSG00000147588,0.004676783651549204,False,False
ENSG00000109099,0.03628030267088074,False,False
ENSG00000165688,0.19620694823720938,False,True
ENSG00000105819,0.03585946292035051,False,True
ENSG00000064933,0.7404941610992368,False,True
ENSG00000122512,0.3526445732999315,True,False
ENSG00000187953,0.06629368263435201,False,False
ENSG00000078319,0.11371728534494023,True,False
ENSG00000127957,0.039675172893414934,True,False
ENSG00000067601,0.016732155263043277,True,False
ENSG00000123965,0.0333051976543742,False,True
ENSG00000163344,0.040297210976628944,True,False
ENSG00000130822,0.0027107731675010548,True,False
ENSG00000132424,0.0055553185441396345,False,True
ENSG00000127838,0.13118939037909413,True,False
ENSG00000039650,0.11742513441494493,True,False
ENSG00000146453,0.848275179433231,False,False
ENSG00000175535,0.5962796833959243,False,False
ENSG00000291891,0.36787944117145116,False,False
ENSG00000266200,0.21332018825299617,False,False
ENSG00000203837,0.36787944117145116,False,False
ENSG00000176903,0.08396172292214722,False,False
ENSG00000240694,0.004198537789569882,False,True
ENSG00000183837,0.2546127113195458,True,False
ENSG00000292194,0.3160267040211148,False,True
ENSG00000235961,,False,False
ENSG00000141744,0.323558723618176,False,False
ENSG00000100941,0.004198537789569882,False,False
ENSG00000115946,5.2887131452941445e-05,True,False
ENSG00000168081,0.00656345474948077,False,True
ENSG00000198805,0.038236043349494396,False,True
ENSG00000180316,0.31211737405608025,True,False
ENSG00000177666,0.8169018986631806,False,True
ENSG00000100344,0.09217609565721824,False,True
ENSG00000006757,0.0038467561800624465,False,True
ENSG00000100341,0.8286935958838074,False,False
ENSG00000032444,0.7706093981732294,False,False
ENSG00000130653,2.114261814056621e-05,False,False
ENSG00000135241,0.06785883299191747,False,False
ENSG00000108439,0.025171037417556337,False,True
ENSG00000138035,0.007769421637146481,True,False
ENSG00000146278,0.1286629523173662,False,True
ENSG00000189266,0.31656750785167814,False,True
ENSG00000164087,0.0008869603679495775,True,False
ENSG00000139323,0.6013924664189623,True,False
ENSG00000259075,0.6435588090099686,False,True
ENSG00000152359,0.1415255982567641,False,False
ENSG00000174348,0.0014436320316058597,False,False
ENSG00000132000,0.018986534159433462,False,False
ENSG00000128567,0.03628030267088074,False,False
ENSG00000114631,0.9460872201279513,False,True
ENSG00000124429,0.0374268454460028,False,False
ENSG00000101346,0.6338113721005718,False,False
ENSG00000186866,0.9627906350072438,False,False
ENSG00000143157,0.0006177652408756167,True,False
ENSG00000163389,0.8289031814174833,False,True
ENSG00000143442,0.08453511783334182,True,False
ENSG00000101868,0.02052232214449494,True,False
ENSG00000014138,0.006503020123561989,False,False
ENSG00000070501,0.03016070495795876,True,False
ENSG00000062822,0.014461484465498711,True,False
ENSG00000106628,0.6904288229928944,False,False
ENSG00000077514,0.18617113185875345,True,False
ENSG00000175482,0.843537681746238,True,False
ENSG00000004142,0.869349782758956,False,True
ENSG00000100227,0.017634125596248,True,False
ENSG00000177084,0.29344725534065114,False,False
ENSG00000100479,0.0004281849734996593,True,False
ENSG00000148229,0.05373583104307887,False,False
ENSG00000115350,0.5574702528721746,False,False
ENSG00000140521,0.7462764190832948,False,False
ENSG00000256525,0.007097714140714112,True,False
ENSG00000170734,0.8786975403013207,False,False
ENSG00000101751,0.05819548547835001,False,True
ENSG00000122008,0.31656750785167814,False,False
ENSG00000166169,0.8370018293859048,True,False
ENSG00000122678,0.873586371776637,False,False
ENSG00000130997,0.46979017045706384,False,True
ENSG00000051341,0.00032047777849053907,True,False
ENSG00000068654,0.00010640327667562834,False,False
ENSG00000125630,0.11640207585206441,True,False
ENSG00000171453,0.0527009893654591,True,False
ENSG00000186184,0.7941899068540217,True,False
ENSG00000137054,0.028039610918596164,False,True
ENSG00000284832,0.7888029805353111,False,False
ENSG00000047315,0.2278990074125342,True,False
ENSG00000102978,0.7441027999840577,True,False
ENSG00000144231,0.0031363176745153173,False,False
ENSG00000099817,0.7122479953939524,False,False
ENSG00000100142,0.4652445827701861,False,False
ENSG00000168002,0.060385849206864135,True,False
ENSG00000163882,0.01780641661724578,True,False
ENSG00000105258,0.9215738736404122,False,False
ENSG00000005075,0.9135447234295009,True,False
ENSG00000228049,0.9314831751655464,False,False
ENSG00000285437,0.7941899068540217,True,False
ENSG00000272655,0.9215738736404122,False,False
ENSG00000147669,0.00025977044981817364,True,False
ENSG00000177700,0.7865054977525469,False,True
ENSG00000255529,0.29344725534065114,False,True
ENSG00000148606,0.30866513398957124,False,False
ENSG00000013503,0.12231958217487691,False,True
ENSG00000186141,0.0018552378999055661,True,False
ENSG00000168495,0.15780767713474528,False,False
ENSG00000284282,0.4931930286714282,False,False
ENSG00000132664,0.0007510999667073711,True,False
ENSG00000113356,0.9424148823115995,False,False
ENSG00000121851,0.4044602769610365,True,False
ENSG00000100413,0.7535677772790077,False,False
ENSG00000161980,0.35367469303578436,False,False
ENSG00000099821,0.5063116857241694,True,False
ENSG00000196313,0.3475388054239949,False,False
ENSG00000272391,0.14973595039385612,True,False
ENSG00000224124,0.9003179572879716,False,False
ENSG00000221900,,False,False
ENSG00000183169,0.8968232777162128,False,False
ENSG00000158553,0.46818428901334497,False,False
ENSG00000217261,0.024998107190249478,False,False
ENSG00000229266,0.9314831751655464,False,True
ENSG00000128262,0.01913479331460357,False,False
ENSG00000115138,0.007503338117259165,False,True
ENSG00000085998,0.9703087278278311,False,True
ENSG00000132963,0.13350557304031743,False,True
ENSG00000130714,0.2928771782877895,True,False
ENSG00000009830,0.3785839430081581,False,False
ENSG00000146707,0.2531316914960054,False,False
ENSG00000005421,3.255683938973569e-05,False,True
ENSG00000105854,0.00022981849568669263,True,False
ENSG00000105852,5.146674828277623e-05,False,False
ENSG00000104356,0.014525216317039315,False,False
ENSG00000105171,0.025941266625422576,True,False
ENSG00000167272,0.5063116857241694,False,False
ENSG00000172336,0.4707046035904452,True,False
ENSG00000121577,0.48747214940996786,False,True
ENSG00000132429,0.022634537255554876,False,False
ENSG00000127948,0.2014259426585675,False,False
ENSG00000102312,0.07851369147465591,False,False
ENSG00000133110,0.22701439326129677,False,False
ENSG00000128513,0.7206068006934967,True,False
ENSG00000188877,,False,False
ENSG00000288347,0.33363319844946754,False,False
ENSG00000183206,0.5962796833959243,False,False
ENSG00000166351,0.12713573293203653,False,False
ENSG00000188219,0.06032268814673099,True,False
ENSG00000196604,0.004378775028553171,False,False
ENSG00000187537,0.3223293429802801,False,False
ENSG00000198062,0.3451413592667513,False,False
ENSG00000204434,0.5940151710057746,False,False
ENSG00000222036,0.02147767150380294,True,False
ENSG00000064835,0.7185853207351667,False,False
ENSG00000110777,0.6054995210132937,False,True
ENSG00000143190,0.36770064193259916,True,False
ENSG00000028277,0.004373538857114196,False,True
ENSG00000137709,0.9044016827570186,False,False
ENSG00000185668,0.56429983937113,False,False
ENSG00000184486,0.618483718246363,False,False
ENSG00000198914,,False,False
ENSG00000196767,0.3223293429802801,False,False
ENSG00000152192,0.05152719557050647,True,False
ENSG00000151615,0.36787944117145116,False,False
ENSG00000091010,0.3892443155233861,False,False
ENSG00000233911,0.0017197420967988702,False,False
ENSG00000212993,0.08547128084359257,False,True
ENSG00000235602,0.4903242455360224,False,False
ENSG00000237872,0.5887874871623244,False,False
ENSG00000248483,0.9081570320390199,False,False
ENSG00000184271,0.010111629998637461,False,True
ENSG00000106536,0.0019504758964099438,False,False
ENSG00000226757,0.32962187665298015,False,False
ENSG00000183977,0.4044602769610365,False,True
ENSG00000180817,0.11516376763724923,False,False
ENSG00000138777,0.17223901513917247,False,True
ENSG00000130810,0.08083756052851754,True,False
ENSG00000243207,0.5645612667564903,False,False
ENSG00000186951,0.00135917815353439,False,False
ENSG00000112033,0.06616489455904562,False,False
ENSG00000132170,0.0008539571358844326,True,False
ENSG00000109819,0.0002457655027398599,False,True
ENSG00000155846,0.4946337083554061,False,False
ENSG00000128059,0.002597177261515934,True,False
ENSG00000163736,0.13898631710213283,False,False
ENSG00000138621,0.012881425528802075,False,False
ENSG00000127125,0.025318307817299743,False,True
ENSG00000125534,0.7865054977525469,True,False
ENSG00000086717,0.2744348330763044,False,False
ENSG00000156194,0.0169768900322963,False,True
ENSG00000288198,0.08036734822447048,True,False
ENSG00000139220,0.2720155718170121,True,False
ENSG00000177380,0.0025570865672379464,False,False
ENSG00000143847,0.0022490913827087075,True,False
ENSG00000110841,0.0004074704873726983,False,True
ENSG00000166387,0.0004601280057886357,False,False
ENSG00000134283,0.0010352460111008057,True,False
ENSG00000196262,0.00041912319951599675,False,False
ENSG00000291978,0.05831457628444389,False,False
ENSG00000288867,0.07081699255171711,False,False
ENSG00000289549,0.43845109237296376,False,False
ENSG00000271567,0.5149050371088879,False,False
ENSG00000279782,0.4890128611661231,False,False
ENSG00000236334,0.08817264618536022,True,False
ENSG00000166794,0.07151685870602109,False,False
ENSG00000168938,0.005139586278891727,False,False
ENSG00000171497,0.0025151680618524463,False,True
ENSG00000084072,0.23237405416209425,False,True
ENSG00000243970,8.041630277492449e-05,False,True
ENSG00000108179,0.011790663927167938,False,True
ENSG00000138398,0.8240816544909277,False,False
ENSG00000171960,0.4213187605081594,False,False
ENSG00000137168,0.0010413030158781212,True,False
ENSG00000100023,0.0071810115468953295,True,False
ENSG00000240344,0.8968232777162128,False,False
ENSG00000131013,0.4431679264255014,False,True
ENSG00000185250,0.8386310295131585,True,False
ENSG00000168781,0.018369141203876973,True,False
ENSG00000145725,0.08594400412046574,False,True
ENSG00000118898,0.0004340533008965699,False,True
ENSG00000100614,0.013923381811684897,False,False
ENSG00000138032,0.5978943136367422,False,True
ENSG00000170836,0.8838386131886712,False,True
ENSG00000175175,0.974089760472383,False,False
ENSG00000100034,0.03314367906940857,True,False
ENSG00000115241,0.0006491704344010326,False,False
ENSG00000111110,0.04809792289527884,False,True
ENSG00000155367,0.5310173297198827,False,True
ENSG00000163644,0.0004240419486650742,False,True
ENSG00000163590,0.5563872609782938,False,True
ENSG00000164088,0.6264593656375133,True,False
ENSG00000213889,0.716415207307324,True,False
ENSG00000214517,0.0001693539441791857,True,False
ENSG00000143224,0.008688575889380682,True,False
ENSG00000172531,0.02526912219350826,True,False
ENSG00000213639,0.596152875121186,True,False
ENSG00000186298,0.055326318415397334,True,False
ENSG00000235291,0.4908012146088795,False,False
ENSG00000237403,0.0007085363545604248,True,False
ENSG00000058272,0.735471448709095,False,False
ENSG00000077157,0.015330223256242125,False,True
ENSG00000125503,0.7276473585454799,False,False
ENSG00000088808,0.936933085603705,False,False
ENSG00000104881,0.003960613489236168,True,False
ENSG00000167641,0.02012710439379812,False,False
ENSG00000173457,0.0003664964827863105,True,False
ENSG00000198729,0.060764419217714,False,False
ENSG00000166143,0.02910662434100724,True,False
ENSG00000087074,0.9260649655225167,False,True
ENSG00000158615,0.9314831751655464,True,False
ENSG00000160972,0.008841974946785805,True,False
ENSG00000101445,0.007293597386663954,False,True
ENSG00000106341,0.3266570150506283,False,False
ENSG00000234000,0.13272900379834746,False,False
ENSG00000135447,4.135406578271818e-05,False,True
ENSG00000131771,0.6517509348965295,False,True
ENSG00000150722,0.21043458021775974,False,True
ENSG00000184203,0.30301535336118823,False,False
ENSG00000162869,0.6002241472793903,False,True
ENSG00000196422,0.9590534611157338,False,False
ENSG00000182676,0.7135492260524241,True,False
ENSG00000160813,0.019932358901750012,True,False
ENSG00000165807,0.1431390295113522,False,False
ENSG00000104866,0.005065172729087714,True,False
ENSG00000154415,0.33262581458205576,False,False
ENSG00000285343,0.007393557030311296,False,True
ENSG00000119938,0.16663824810470315,False,False
ENSG00000132825,0.05457831592478929,False,True
ENSG00000235194,0.40210763052438364,False,True
ENSG00000049769,0.7683649063695428,False,True
ENSG00000219607,0.6468856075164668,False,False
ENSG00000178125,0.04111412154482537,False,False
ENSG00000115685,0.10002030037277762,False,False
ENSG00000117751,0.729063703322179,False,False
ENSG00000158528,0.6072682622725372,False,False
ENSG00000108819,0.4790150152650764,False,False
ENSG00000113575,0.0629640073835028,False,False
ENSG00000104695,0.651303345773445,False,False
ENSG00000105568,0.02782235594449047,True,False
ENSG00000137713,0.027903628591586495,False,True
ENSG00000221914,0.9287701192945929,True,False
ENSG00000156475,0.006913105110942299,False,True
ENSG00000074211,0.015909456239008798,False,False
ENSG00000175470,0.05158566658698333,False,True
ENSG00000073711,0.9135447234295009,False,True
ENSG00000167393,0.07242655215680929,True,False
ENSG00000092020,0.8484730417605574,False,True
ENSG00000066027,0.06707169252601035,True,False
ENSG00000068971,0.09583159386688303,False,False
ENSG00000078304,0.9845637435410837,False,False
ENSG00000112640,0.013249804462575334,False,False
ENSG00000154001,0.3826546990822456,False,False
ENSG00000138814,0.11516376763724923,False,True
ENSG00000107758,0.8289031814174833,False,False
ENSG00000120910,0.596152875121186,False,False
ENSG00000221823,0.12594002959441056,False,False
ENSG00000188386,0.4785756175881992,False,False
ENSG00000149923,0.6468856075164668,True,False
ENSG00000154845,0.012994640457254694,True,False
ENSG00000124224,0.08720662610258513,False,True
ENSG00000163605,0.21920579487202158,False,False
ENSG00000119698,0.11880321317710957,False,False
ENSG00000011485,0.7206068006934967,False,False
ENSG00000119414,0.7248229182033002,False,True
ENSG00000105063,0.19850959519351905,False,False
ENSG00000100239,0.8082115353306712,False,False
ENSG00000110075,0.873586371776637,False,False
ENSG00000148840,0.011790663927167938,True,False
ENSG00000131238,0.5009254422650236,False,False
ENSG00000227600,0.1685938824910001,False,False
ENSG00000258388,0.4931930286714282,False,True
ENSG00000196850,0.02048245363418146,False,False
ENSG00000113593,0.999028182778181,False,False
ENSG00000108849,0.5962796833959243,False,False
ENSG00000292208,0.3905480847787201,True,False
ENSG00000135617,0.41400931876940616,False,True
ENSG00000243279,0.09895626471281824,False,False
ENSG00000133246,0.009077166505166611,False,True
ENSG00000275013,0.022920061936845676,False,False
ENSG00000116721,0.21276618240265502,False,False
ENSG00000187545,0.9525457515396631,True,False
ENSG00000239810,0.021011239414839095,False,False
ENSG00000116726,0.12713573293203653,False,False
ENSG00000282741,0.4604208385387918,False,False
ENSG00000204481,0.7594321658277087,False,False
ENSG00000204501,0.1623615779583823,True,False
ENSG00000204479,0.839870626748509,False,False
ENSG00000282212,0.36787944117145116,False,False
ENSG00000204480,0.36787944117145116,False,False
ENSG00000120952,0.36719131605364586,False,False
ENSG00000204478,0.1684493927506756,False,False
ENSG00000276816,0.36787944117145116,False,False
ENSG00000243073,0.8359216899369799,False,False
ENSG00000282424,0.5322020333697259,False,False
ENSG00000232423,0.40587313018194293,True,False
ENSG00000204510,0.17686918131043766,False,False
ENSG00000278021,0.028412263273376037,False,False
ENSG00000204505,0.4837047685371725,True,False
ENSG00000165828,0.49223490749918675,True,False
ENSG00000251655,0.36787944117145116,False,False
ENSG00000121335,0.36787944117145116,False,False
ENSG00000275624,0.36787944117145116,False,False
ENSG00000274839,0.36787944117145116,False,False
ENSG00000198901,3.878368310723047e-05,False,False
ENSG00000143294,7.541798719053957e-05,True,False
ENSG00000214140,0.006396415643461999,False,True
ENSG00000137509,0.0001505573101847727,False,True
ENSG00000057657,0.0163939808866429,False,True
ENSG00000170325,0.596152875121186,True,False
ENSG00000019485,0.40682668823286516,False,False
ENSG00000130711,0.02334411424693145,True,False
ENSG00000112238,0.026621191401062085,False,False
ENSG00000147596,0.1538375856299461,False,False
ENSG00000141956,0.06253692758107919,True,False
ENSG00000142611,0.9703087278278311,False,False
ENSG00000116731,0.00365354849661761,False,True
ENSG00000110851,0.13745710638283778,False,False
ENSG00000138738,0.0167321552630434,False,True
ENSG00000061455,0.00797608388099538,False,False
ENSG00000126856,0.0021421040986092104,False,False
ENSG00000152784,0.07153749093396045,False,True
ENSG00000164256,0.00775818460451643,True,False
ENSG00000117450,0.6173891676341228,True,False
ENSG00000167815,0.9646646794477857,False,False
ENSG00000165672,0.004125697531225403,False,False
ENSG00000123131,0.3882763621588816,False,True
ENSG00000126432,0.003952919244957593,False,False
ENSG00000117592,0.19449750843549354,False,False
ENSG00000138073,0.3039004998213801,False,False
ENSG00000169230,0.01704412957598706,False,False
ENSG00000186314,0.005512275129951006,True,False
ENSG00000188783,0.0008947558680961537,False,False
ENSG00000085377,0.07235616678610582,False,True
ENSG00000138078,0.999028182778181,False,True
ENSG00000124126,0.15811484526585814,False,False
ENSG00000046889,0.4084119826291387,False,False
ENSG00000180644,0.002365726993059368,False,True
ENSG00000186652,0.005109690563456476,False,True
ENSG00000156575,0.757534687617123,False,False
ENSG00000116690,0.00021679505573437132,False,True
ENSG00000231887,0.5042883564946046,True,False
ENSG00000275778,0.5542275848558886,False,False
ENSG00000134551,0.9260649655225167,False,False
ENSG00000139174,0.0013304135634783815,False,False
ENSG00000163637,0.010111629998637461,False,True
ENSG00000012211,0.8890097654027761,False,False
ENSG00000278224,0.8864204184047131,False,False
ENSG00000198056,0.0008079179327973297,True,False
ENSG00000146143,7.948349973010463e-05,True,False
ENSG00000175785,0.04520834283735061,False,True
ENSG00000132356,0.2272352243657425,False,False
ENSG00000162409,0.018333455656677183,True,False
ENSG00000111725,0.027101472037745898,False,False
ENSG00000131791,0.11538793061790514,True,False
ENSG00000072062,0.0007554944932622244,False,True
ENSG00000142875,0.040375648345516504,False,True
ENSG00000165059,0.12713573293203653,False,False
ENSG00000181929,0.03779251764105622,True,False
ENSG00000106617,3.4613428712679894e-05,False,True
ENSG00000115592,0.9034139599065186,False,False
ENSG00000108946,0.9874397796982158,False,False
ENSG00000188191,0.6468856075164668,False,True
ENSG00000114302,0.7773822889285338,False,False
ENSG00000005249,1.0137483332235237e-05,False,True
ENSG00000154229,0.0022100719893942177,True,False
ENSG00000166501,0.03069320001470077,False,True
ENSG00000163932,0.49607859644832597,True,False
ENSG00000171132,0.7462764190832948,True,False
ENSG00000126583,0.49735848779890535,False,False
ENSG00000027075,0.00262765723365739,False,True
ENSG00000163558,0.04169213079332189,False,False
ENSG00000065675,0.005060250306998134,False,True
ENSG00000130175,0.21666307870822382,True,False
ENSG00000067606,0.173246749075213,False,True
ENSG00000184304,0.6544773324202532,False,False
ENSG00000105287,0.12741803752648712,True,False
ENSG00000115825,0.4652445827701792,False,True
ENSG00000253729,0.0003407221016447233,True,False
ENSG00000185532,0.0012404633540426542,False,True
ENSG00000138669,0.04102313338173414,False,False
ENSG00000180228,0.6602295377331096,False,False
ENSG00000128563,0.016219578488259088,True,False
ENSG00000183943,0.47345859636325194,False,True
ENSG00000293442,0.14828713784902875,False,True
ENSG00000172179,0.37081642840063006,False,False
ENSG00000071677,,False,False
ENSG00000119973,,False,False
ENSG00000113494,0.5310173297198827,False,False
ENSG00000175646,0.36787944117145116,False,False
ENSG00000122304,0.5962796833959243,False,False
ENSG00000178257,,False,False
ENSG00000126457,0.022031876357667592,True,False
ENSG00000160310,0.2828031022356988,False,False
ENSG00000185238,0.0001518805593129436,True,False
ENSG00000100462,0.7026185226629964,False,False
ENSG00000198890,0.4794809831420318,False,True
ENSG00000132600,0.8011700468456162,False,False
ENSG00000111218,0.9961001816629992,False,False
ENSG00000171864,0.007244125501688763,False,False
ENSG00000171867,0.6338113721005718,True,False
ENSG00000180259,0.36787944117145116,False,False
ENSG00000115718,0.0006491704344010231,False,False
ENSG00000167525,0.10800570596723044,True,False
ENSG00000101000,0.0034331298666379394,False,True
ENSG00000100033,0.013224064199745804,False,True
ENSG00000250799,0.042469488740037066,False,False
ENSG00000143125,0.08605549300267844,False,True
ENSG00000163421,0.1588444693816314,False,True
ENSG00000169618,0.017409835643211045,False,False
ENSG00000101292,0.7191996160971919,False,False
ENSG00000007062,0.0005079582800652595,False,True
ENSG00000155066,0.1752799395561437,False,True
ENSG00000175325,0.12713573293203653,False,False
ENSG00000162997,0.07581306145742386,True,False
ENSG00000184500,0.005555318544139675,False,True
ENSG00000120685,0.5807064113317143,False,True
ENSG00000117707,0.06694139301865497,False,False
ENSG00000230461,0.17768217255142876,False,False
ENSG00000119608,0.041248601692345205,False,True
ENSG00000126231,0.0003751492243189087,False,True
ENSG00000165630,0.2720155718170121,True,False
ENSG00000110107,0.017634125596248,True,False
ENSG00000117360,0.11338607018522638,True,False
ENSG00000277953,0.2900433623011773,True,False
ENSG00000134748,0.9047054630375765,False,False
ENSG00000134186,0.4466284686086408,False,True
ENSG00000185246,0.7276473585454799,True,False
ENSG00000136875,0.02048245363418146,True,False
ENSG00000196504,0.7419355118097588,False,False
ENSG00000110844,0.2135261202210473,False,False
ENSG00000101161,0.0070017542430211,True,False
ENSG00000274442,0.12891339107500147,False,False
ENSG00000135406,0.37837733833493775,False,False
ENSG00000112619,0.13753601139861732,False,False
ENSG00000147224,0.3006675464340772,False,False
ENSG00000229937,0.17063494705681742,False,False
ENSG00000101911,0.3297624949163444,False,True
ENSG00000161542,0.8097846959737904,False,False
ENSG00000141127,0.2803391992834693,False,True
ENSG00000068489,0.0010473954589053371,True,False
ENSG00000126464,0.27601181150784243,False,False
ENSG00000205352,0.005286566542001696,False,False
ENSG00000156858,0.2323740541620976,True,False
ENSG00000183530,0.7638955157717768,True,False
ENSG00000176532,0.12803079965770706,False,False
ENSG00000167183,0.8145225744292595,False,False
ENSG00000184838,0.025916056455759805,False,False
ENSG00000176381,0.009840063198199855,False,True
ENSG00000188368,0.014759795383680283,False,False
ENSG00000204919,0.7548529769350754,False,False
ENSG00000234278,0.8315497217649173,False,False
ENSG00000212123,0.002379568359792589,False,True
ENSG00000206260,0.4296707677331122,True,False
ENSG00000184814,,False,False
ENSG00000233701,0.4466328847553409,False,False
ENSG00000233564,0.2129041999228439,False,False
ENSG00000282269,0.4625383689040139,True,False
ENSG00000186654,0.009077166505166611,False,True
ENSG00000248405,0.17585273691059883,False,False
ENSG00000135362,0.014307640344756328,False,True
ENSG00000131188,5.47178613204387e-05,False,False
ENSG00000203783,,False,False
ENSG00000164244,0.2634263316171772,False,False
ENSG00000206427,0.001989767498950751,False,False
ENSG00000288701,0.6246347280002755,False,False
ENSG00000117523,0.15811484526585695,True,False
ENSG00000130962,0.0527009893654591,False,False
ENSG00000126460,0.26342633161717544,False,True
ENSG00000130032,0.14425236527806354,False,False
ENSG00000135378,0.00032047777849053706,False,False
ENSG00000229071,0.1890899731785458,False,False
ENSG00000167371,0.7888029805353111,True,False
ENSG00000163704,0.028039610918596164,False,False
ENSG00000224940,0.35802406991648966,False,False
ENSG00000116132,0.012547664707893565,False,False
ENSG00000167157,0.014313588341295178,True,False
ENSG00000204983,0.7946732700886494,False,False
ENSG00000164099,0.6964970061782193,False,True
ENSG00000112812,0.719218992333335,False,False
ENSG00000275896,0.5962796833959243,False,False
ENSG00000007038,0.29006810074085354,False,True
ENSG00000282937,0.055088086426215106,False,True
ENSG00000150687,0.09435231280708714,False,False
ENSG00000172382,0.09914888025247717,False,False
ENSG00000010438,0.5382949871275216,False,False
ENSG00000292376,0.9611474679035998,False,True
ENSG00000103355,0.5374012404061781,False,False
ENSG00000146250,0.6002241472793903,False,False
ENSG00000178226,0.5258793213338224,False,False
ENSG00000165076,0.04111412154482537,False,False
ENSG00000185888,0.36787944117145116,False,False
ENSG00000215148,0.36787944117145116,False,False
ENSG00000189099,0.3100171734345203,False,False
ENSG00000283706,0.6998494936383851,False,True
ENSG00000151006,0.010350358949557546,False,True
ENSG00000103023,0.5621533839218236,False,False
ENSG00000184647,0.07639990176018466,False,False
ENSG00000237412,0.18814855989877746,False,False
ENSG00000185198,0.9052891720647004,False,False
ENSG00000258223,0.36787944117145116,False,False
ENSG00000052344,0.0160314366354572,False,True
ENSG00000099256,0.054684551056097805,False,False
ENSG00000166450,0.0012118523158546435,False,True
ENSG00000277804,0.12110913786157035,False,True
ENSG00000106772,2.942572621010065e-05,False,True
ENSG00000105227,0.10208351509407287,True,False
ENSG00000197746,0.8668176978057169,False,False
ENSG00000178597,0.3268563939460764,False,False
ENSG00000135069,0.00454256480909922,False,False
ENSG00000167653,0.06828981120295076,True,False
ENSG00000059915,0.27069639122831485,False,True
ENSG00000146005,0.9070510889976393,False,False
ENSG00000156011,0.003857993045053776,False,False
ENSG00000125637,0.000905256550639878,False,True
ENSG00000080815,0.6544773324202532,False,False
ENSG00000143801,0.014759795383680283,False,False
ENSG00000205155,0.30657148318941785,False,False
ENSG00000231924,0.5308042014283657,False,False
ENSG00000248257,,False,False
ENSG00000243130,,False,False
ENSG00000242221,,False,False
ENSG00000221826,0.5962796833959243,False,False
ENSG00000243137,0.10184657196228566,False,False
ENSG00000204941,0.2858198266946313,False,False
ENSG00000170848,0.36787944117145116,False,False
ENSG00000221878,0.1539145664740758,False,False
ENSG00000124467,0.0666746560518478,False,False
ENSG00000183668,0.7268746984966021,False,False
ENSG00000164985,0.9932170803579593,False,False
ENSG00000159792,0.11207082852577047,False,False
ENSG00000147613,0.36787944117145116,False,False
ENSG00000129084,0.23441639115790464,True,False
ENSG00000106588,0.24158949047348857,False,True
ENSG00000100567,0.9703087278278311,False,False
ENSG00000041357,0.24585481549216193,False,False
ENSG00000143106,0.7462764190832842,False,True
ENSG00000100902,0.729063703322179,False,False
ENSG00000101182,0.5807064113317143,True,False
ENSG00000154611,0.49427722239310135,False,False
ENSG00000008018,0.4931930286714282,False,False
ENSG00000205220,0.7108643183251449,False,True
ENSG00000222028,0.36787944117145116,False,False
ENSG00000126067,0.873586371776637,False,False
ENSG00000275903,0.17358396891838315,False,False
ENSG00000159377,0.0011299181168892502,True,False
ENSG00000100804,0.41562260194879497,False,False
ENSG00000142507,0.6904288229928944,False,False
ENSG00000136930,0.9424148823115995,False,True
ENSG00000231631,0.4213187605081594,False,True
ENSG00000243067,0.6602295377331096,False,False
ENSG00000100764,0.8668176978057169,False,True
ENSG00000161057,0.40682668823286516,True,False
ENSG00000165916,0.6054995210132937,False,False
ENSG00000131470,0.17664863884262993,False,False
ENSG00000013275,0.022816700838879694,True,False
ENSG00000087191,0.2501954459286282,False,False
ENSG00000100519,0.8484730417605634,True,False
ENSG00000173692,0.018156065120366018,False,False
ENSG00000101843,0.003736171971605922,False,False
ENSG00000108671,0.06438791214185696,True,False
ENSG00000197170,0.4213187605081594,False,False
ENSG00000185627,0.1856288862275276,False,False
ENSG00000115233,0.0012921676430325934,False,False
ENSG00000175166,0.02319697045644532,False,False
ENSG00000108344,0.7624115035808244,False,False
ENSG00000159352,0.0002635867937691208,False,False
ENSG00000095261,0.90999870276312,False,False
ENSG00000163636,0.8484730417605574,False,True
ENSG00000103035,0.05696388145459248,True,False
ENSG00000099341,0.1407023784910663,True,False
ENSG00000110801,0.547798724527359,False,False
ENSG00000092010,0.6964970061782193,False,True
ENSG00000284889,0.6375196679718531,False,True
ENSG00000131467,2.4462327518255376e-05,False,False
ENSG00000068878,0.996118394014622,False,False
ENSG00000125818,0.31656750785168053,True,False
ENSG00000183527,0.4044602769610365,True,False
ENSG00000128789,0.8890097654027761,False,True
ENSG00000157778,0.030455384647227007,True,False
ENSG00000180822,0.329121868610169,False,False
ENSG00000206458,0.04945721077181963,False,False
ENSG00000227246,0.5898327718523062,False,False
ENSG00000226422,0.538072028479387,False,False
ENSG00000121390,0.28252826931056035,False,False
ENSG00000146733,0.0003755141554422041,False,False
ENSG00000125650,0.68602859022458,False,False
ENSG00000134222,8.862782858682298e-05,True,False
ENSG00000179988,0.8786975403013207,False,False
ENSG00000140368,0.0163939808866429,False,False
ENSG00000152229,0.10602877861738248,False,True
ENSG00000169403,0.028451546916670584,False,True
ENSG00000188647,0.4044602769610365,False,False
ENSG00000011304,0.01412793323002749,True,False
ENSG00000117569,0.7108643183251449,False,False
ENSG00000119314,0.0550044987626716,False,False
ENSG00000106246,0.08831589317703879,True,False
ENSG00000049883,0.8003914559964804,False,False
ENSG00000132300,0.2738732319413783,False,True
ENSG00000185920,0.0038467561800624465,False,True
ENSG00000117425,0.0055553185441396345,False,True
ENSG00000165186,0.655539481726596,False,False
ENSG00000276595,0.2329706238205416,False,True
ENSG00000244694,0.002238184074445162,False,True
ENSG00000171611,0.03003165783771096,False,True
ENSG00000156471,0.002890348428269948,True,False
ENSG00000282367,0.1609064038059837,True,False
ENSG00000171862,0.016732155263043277,False,False
ENSG00000237984,0.6784506019178687,False,True
ENSG00000165983,0.4279243099007961,False,False
ENSG00000168267,0.1538375856299461,False,False
ENSG00000168229,9.579678070534734e-05,False,True
ENSG00000183134,0.05916538797052582,True,False
ENSG00000107317,0.018156065120366018,False,True
ENSG00000160951,0.17157045114709019,False,False
ENSG00000125384,0.005179719497162834,False,True
ENSG00000050628,0.4625383689040139,False,False
ENSG00000171522,0.0020072555777761376,False,True
ENSG00000148344,0.7039861495263369,False,False
ENSG00000148334,0.007422367737346308,True,False
ENSG00000110958,0.0001551643367382819,True,False
ENSG00000122420,0.19763744441269376,False,True
ENSG00000134247,0.028039610918596164,False,False
ENSG00000160013,0.0015229330567195917,False,False
ENSG00000124212,0.0012599116737542996,False,True
ENSG00000106853,0.5382949871275216,False,False
ENSG00000140043,0.5558465542560744,False,False
ENSG00000095303,0.6437484380858923,False,True
ENSG00000073756,0.08909210210709169,False,True
ENSG00000152266,,False,False
ENSG00000160801,7.804448054703714e-06,False,True
ENSG00000142538,0.3223293429802801,False,False
ENSG00000144407,0.17682808636355535,False,True
ENSG00000087494,0.003331830265613242,True,False
ENSG00000169398,0.0001371402321991022,True,False
ENSG00000120899,0.011429465958744629,False,True
ENSG00000101213,0.7668722115381088,False,True
ENSG00000112655,0.1440242693448326,False,False
ENSG00000187514,0.05780075017682039,False,False
ENSG00000159335,0.004546983646113906,False,True
ENSG00000105894,0.0016525349733534714,False,True
ENSG00000104960,0.3752855559414257,True,False
ENSG00000112245,0.013483733191660133,False,False
ENSG00000184007,0.7668722115381088,False,False
ENSG00000275575,0.0016997936459394994,True,False
ENSG00000158079,0.004007094486357041,False,False
ENSG00000110536,0.2521491340072056,True,False
ENSG00000196396,0.008260209744466401,False,False
ENSG00000179295,0.5640126163946846,False,False
ENSG00000127947,0.07670278894557792,True,False
ENSG00000163629,0.00014751438931272302,False,True
ENSG00000152104,0.22701439326129677,False,False
ENSG00000072135,0.27628030546674437,False,True
ENSG00000175354,0.445760807942287,False,False
ENSG00000070778,0.0018301553965048877,False,True
ENSG00000134242,0.001962866178068113,False,True
ENSG00000076201,0.001470548833662921,True,False
ENSG00000070159,0.021461025163997425,False,False
ENSG00000088179,0.10070336319299901,False,True
ENSG00000110786,0.0618017248214161,False,False
ENSG00000111679,0.3516174539107019,False,False
ENSG00000143851,0.08909210210709169,False,True
ENSG00000169410,0.6758171240006762,False,True
ENSG00000132670,0.03172480869265962,True,False
ENSG00000127329,8.328091049520041e-05,False,True
ENSG00000081237,0.001385867106009911,False,True
ENSG00000213402,0.010431181255549942,False,True
ENSG00000153707,0.10252457203113535,False,True
ENSG00000132334,0.04524013970646666,False,True
ENSG00000142949,0.716415207307324,False,False
ENSG00000144724,0.8003914559964804,True,False
ENSG00000080031,0.3749208469750593,True,False
ENSG00000149177,0.4536308304450619,False,False
ENSG00000152894,0.7706093981732294,False,True
ENSG00000173482,0.7683649063695428,False,False
ENSG00000054356,0.0016135692453559712,True,False
ENSG00000155093,0.00018737444647219393,False,True
ENSG00000151490,0.005889040903399788,False,True
ENSG00000139304,0.00041404326196114495,False,True
ENSG00000153233,0.2822925021775323,False,False
ENSG00000105426,0.03948276215168887,False,True
ENSG00000196090,0.010350426854961417,False,True
ENSG00000060656,0.8534372775192605,False,False
ENSG00000243323,0.9460872201279513,False,False
ENSG00000106278,0.04707539259482225,False,False
ENSG00000187024,0.504836992537959,False,False
ENSG00000141378,0.00019012720505523292,True,False
ENSG00000184924,0.4865251421327479,False,False
ENSG00000150787,0.1992831337984575,False,True
ENSG00000164611,8.931989207142296e-05,False,False
ENSG00000183255,0.9590534611157338,True,False
ENSG00000250254,0.6730175284955069,False,False
ENSG00000213005,,False,False
ENSG00000163661,0.6602295377331096,False,False
ENSG00000251692,0.059319649503131816,False,False
ENSG00000179950,0.0007085363545604248,True,False
ENSG00000134644,0.6344279200793124,False,False
ENSG00000055917,0.6325800730766368,False,False
ENSG00000185129,0.4707046035904452,False,False
ENSG00000146676,0.6864127675167437,False,False
ENSG00000172733,0.008555528366398345,False,False
ENSG00000177192,0.0636410332326941,True,False
ENSG00000162927,0.0015664854146778357,False,False
ENSG00000110060,0.0003657844937286914,False,True
ENSG00000091127,0.0005844597994316784,True,False
ENSG00000129317,0.6084502925805204,False,True
ENSG00000169972,0.09809411493143176,False,False
ENSG00000100362,1.3485616967994843e-05,False,True
ENSG00000073008,0.056963881454593294,False,False
ENSG00000213413,0.0024499994549176548,False,True
ENSG00000249859,0.0007824068889251013,False,False
ENSG00000136045,0.03585946292035051,True,False
ENSG00000241945,0.6246347280002755,False,False
ENSG00000259905,0.13391525411118685,False,False
ENSG00000260551,0.9192044396575516,False,False
ENSG00000170234,0.3526445732999315,True,False
ENSG00000171813,0.15903994168049718,False,False
ENSG00000168994,0.006316075253838246,False,True
ENSG00000130508,0.0340915115223941,False,True
ENSG00000147485,0.002592072356453318,False,False
ENSG00000168297,0.367700641932594,True,False
ENSG00000176894,9.663873920204654e-05,False,False
ENSG00000101417,0.010350358949557546,False,False
ENSG00000089159,0.7941899068540217,True,False
ENSG00000179165,0.3225351392051671,False,False
ENSG00000103490,0.9314831751655464,True,False
ENSG00000183010,0.003736171971605922,True,False
ENSG00000143811,7.541798719053957e-05,True,False
ENSG00000169900,0.9850729168736058,False,False
ENSG00000253548,,False,False
ENSG00000100994,0.0003186136376921938,False,False
ENSG00000100504,0.0033182654835246213,False,False
ENSG00000068976,0.18617113185875345,False,False
ENSG00000171016,0.7379867478441805,False,False
ENSG00000163348,0.00011681321282780664,False,False
ENSG00000163564,0.002572047538241568,False,True
ENSG00000121350,0.48747214940996786,False,False
ENSG00000119943,0.00032047777849053907,False,True
ENSG00000131096,0.7779413979100349,False,False
ENSG00000237575,0.7916533650848323,True,False
ENSG00000126838,0.017044129575986937,False,True
ENSG00000151552,0.0001459451021780027,False,True
ENSG00000112531,0.7019357058822984,False,False
ENSG00000115828,0.13272900379834746,False,False
ENSG00000011478,0.002890348428269948,True,False
ENSG00000103485,0.9731431232675515,True,False
ENSG00000188710,0.6355039872405592,False,False
ENSG00000186867,0.5112700278415967,True,False
ENSG00000198218,0.016505939346849102,False,False
ENSG00000129646,0.9405840623298023,True,False
ENSG00000130348,0.9884003241552884,False,False
ENSG00000060749,0.6864127675167437,False,False
ENSG00000116260,0.8786975403013207,False,False
ENSG00000165661,0.03172480869265962,True,False
ENSG00000213339,0.9646646794477719,False,False
ENSG00000104679,0.9590534611157338,False,False
ENSG00000048991,0.0073577008590977305,True,False
ENSG00000179912,0.8592656070832756,False,False
ENSG00000198858,0.34585336351023777,False,False
ENSG00000101074,0.008056928252560566,False,True
ENSG00000084733,0.0003470749319821291,True,False
ENSG00000103769,0.03330519765437373,True,False
ENSG00000185236,0.8924739978144933,False,True
ENSG00000156675,0.17157045114709019,False,False
ENSG00000107560,0.26368258289232577,False,False
ENSG00000275338,0.4625383689040139,False,False
ENSG00000131242,0.014817310344199636,True,False
ENSG00000135631,0.9003179572879716,False,False
ENSG00000206418,0.05916538797052582,False,True
ENSG00000143545,0.0014436320316058597,True,False
ENSG00000119396,0.004546983646113906,False,True
ENSG00000139998,0.028121518195156806,True,False
ENSG00000124839,0.0005709793515116373,False,False
ENSG00000099246,0.8003914559964804,False,True
ENSG00000146955,0.5537456478559568,False,False
ENSG00000138069,0.04108849087312714,True,False
ENSG00000174903,0.3641428503576851,False,False
ENSG00000139832,0.09226576111285263,False,True
ENSG00000080371,0.8097846959737904,False,False
ENSG00000124209,0.3578253511177706,True,False
ENSG00000112210,0.02235555142588435,False,False
ENSG00000169228,0.03314367906940857,False,False
ENSG00000132698,0.0028501455130162173,False,True
ENSG00000167964,0.7234148119575021,False,False
ENSG00000069974,0.06056224396732265,False,False
ENSG00000041353,0.40132646004563294,False,True
ENSG00000157869,0.8035103666449687,False,False
ENSG00000104388,0.16279477037150977,True,False
ENSG00000129472,0.0011146418145828046,False,False
ENSG00000137502,0.15327111795411613,False,True
ENSG00000168461,0.14042903738529242,False,False
ENSG00000118508,0.2828031022356988,False,False
ENSG00000134594,0.0885738751550377,False,False
ENSG00000172007,0.0005844597994316784,False,True
ENSG00000109113,0.2611312474719291,False,False
ENSG00000111737,0.16438532710466444,False,False
ENSG00000100228,0.16566895420133448,False,False
ENSG00000172794,0.018156065120366018,False,True
ENSG00000123892,0.10510501003566669,False,True
ENSG00000179331,0.007746792269758357,False,True
ENSG00000155961,0.08396172292214722,False,True
ENSG00000105649,0.06590806850830239,True,False
ENSG00000169213,0.0024192269220246385,False,False
ENSG00000152932,0.1602797066788402,False,True
ENSG00000105514,0.12816353343155473,False,False
ENSG00000115839,0.8484730417605574,False,False
ENSG00000118873,0.33558453716259506,True,False
ENSG00000167994,0.16663824810470315,False,True
ENSG00000127328,0.996118394014622,True,False
ENSG00000172476,0.25735045617187013,False,False
ENSG00000102128,0.5811447056130836,False,False
ENSG00000141542,0.26342633161717544,True,False
ENSG00000197562,0.6412496602955313,False,False
ENSG00000147127,0.18512455334452632,False,False
ENSG00000188060,0.6784506019178687,False,False
ENSG00000172780,0.18617113185875345,False,False
ENSG00000168118,0.11023364331299876,True,False
ENSG00000167578,0.7039861495263369,False,False
ENSG00000171570,0.31295196987790946,False,False
ENSG00000144566,0.6964970061782193,False,False
ENSG00000111540,0.7462764190832948,False,False
ENSG00000108774,0.03979106912921502,False,False
ENSG00000175582,0.974089760472383,False,False
ENSG00000154917,0.040375648345516504,True,False
ENSG00000222014,0.9388016252647493,True,False
ENSG00000075785,0.2506824442099173,True,False
ENSG00000167461,0.0002457655027398599,False,True
ENSG00000166128,0.8994430127919598,False,False
ENSG00000123595,0.9405840623298023,False,True
ENSG00000123570,0.27520789417939867,False,False
ENSG00000232159,0.36787944117145116,False,False
ENSG00000105404,0.9797889530019297,False,True
ENSG00000029725,0.005050419809253524,False,True
ENSG00000177548,0.9135447234295009,False,False
ENSG00000136933,0.11023364331299876,True,False
ENSG00000011454,0.9912875674532804,False,False
ENSG00000152061,0.5640126163946804,False,False
ENSG00000154710,0.8786975403013207,False,False
ENSG00000100949,0.9003179572879716,False,False
ENSG00000137955,0.3749208469750593,False,False
ENSG00000183155,2.8802983010960544e-05,True,False
ENSG00000144134,0.7026185226629964,False,False
ENSG00000079974,0.6084502925805204,False,False
ENSG00000144840,0.6904288229928944,False,False
ENSG00000136238,0.00802275025560911,False,False
ENSG00000128340,0.014802910626825996,False,True
ENSG00000169750,0.4084119826291387,True,False
ENSG00000161800,6.4427133061338e-05,True,False
ENSG00000113456,0.005686475970612797,True,False
ENSG00000276618,0.7470023688500776,False,False
ENSG00000070950,6.13699546899118e-05,True,False
ENSG00000164754,0.0002740400576641056,True,False
ENSG00000253327,0.06495381789895396,True,False
ENSG00000244588,0.5962796833959243,False,False
ENSG00000179262,0.9153229121113116,False,False
ENSG00000119318,0.4625383689040139,False,True
ENSG00000113522,0.999028182778181,False,False
ENSG00000051180,7.660041077613838e-05,False,False
ENSG00000111247,0.000907900920380487,True,False
ENSG00000214842,0.3285379707090939,False,True
ENSG00000182185,0.12019746480621782,True,False
ENSG00000108384,0.0006801852589161524,False,False
ENSG00000185379,0.0780569965481117,False,False
ENSG00000002016,0.4946337083554061,False,False
ENSG00000197275,0.00019824463678390204,True,False
ENSG00000085999,0.0013304135634783815,False,False
ENSG00000164080,0.0008294080952103756,False,False
ENSG00000172613,0.058535974917362184,False,False
ENSG00000151164,0.03710076657961798,True,False
ENSG00000157927,0.398833799957903,False,False
ENSG00000101146,0.014688215527301877,True,False
ENSG00000164520,0.46860149581528343,False,False
ENSG00000203722,0.5991524395040144,False,False
ENSG00000218358,0.39616241230389104,False,False
ENSG00000155918,0.2478196982142339,False,False
ENSG00000132155,0.07767844735708342,True,False
ENSG00000166349,0.0035244491893365905,False,True
ENSG00000175097,0.6009771681714269,False,False
ENSG00000108557,0.3871454609338294,False,False
ENSG00000039560,0.5310173297198827,False,True
ENSG00000131831,0.0005292783352730438,False,True
ENSG00000006451,0.006390199496581635,False,False
ENSG00000144118,0.6468856075164668,False,True
ENSG00000017797,0.06805705729028859,False,False
ENSG00000174373,0.045904772399021236,False,False
ENSG00000188559,0.1277902418508907,False,False
ENSG00000170471,0.13705674616225733,True,False
ENSG00000160271,0.7441027999840577,False,False
ENSG00000136828,0.18562888622752893,False,True
ENSG00000116191,0.6602295377331096,False,False
ENSG00000125970,0.015419917140115823,True,False
ENSG00000184672,0.06980591973485582,False,False
ENSG00000132329,0.5167558627527982,True,False
ENSG00000131477,0.13920555886947328,False,False
ENSG00000122679,8.434024252157855e-05,False,True
ENSG00000132341,0.0013697914968163478,True,False
ENSG00000099901,0.1026807840832584,True,False
ENSG00000141084,0.000266939614129865,False,False
ENSG00000204764,0.6084502925805246,False,True
ENSG00000153201,0.3662733729200411,False,False
ENSG00000031823,0.7039861495263369,False,False
ENSG00000164188,4.1033648480320886e-05,False,True
ENSG00000137040,0.0005918941199738813,False,True
ENSG00000010017,0.9047054630375765,False,True
ENSG00000100401,0.006316075253838293,False,False
ENSG00000108961,0.6494063470802454,False,False
ENSG00000116473,0.9627906350072438,False,False
ENSG00000127314,0.6173891676341228,False,True
ENSG00000076864,0.5167558627528055,False,False
ENSG00000132359,0.9260649655225167,False,False
ENSG00000138698,0.03808762609477155,False,True
ENSG00000125249,0.001495057418253519,True,False
ENSG00000181467,0.6264593656375133,False,False
ENSG00000123728,0.0005844597994316784,False,True
ENSG00000107263,0.22900962416437856,False,False
ENSG00000109756,0.0009079009203804804,False,True
ENSG00000079337,0.40603635008782446,False,False
ENSG00000091428,0.0058207299378841065,False,True
ENSG00000136237,0.7668722115381088,False,False
ENSG00000158987,0.6264593656375133,False,False
ENSG00000108352,0.596152875121186,False,False
ENSG00000173166,0.030160704957958535,False,False
ENSG00000165917,0.25936456725710194,False,True
ENSG00000131759,0.5563872609782938,False,False
ENSG00000077092,0.0005370540779512444,False,True
ENSG00000172819,0.19850959519351905,False,False
ENSG00000118849,0.380798957339845,False,False
ENSG00000106538,0.2506824442099173,False,True
ENSG00000146282,0.8890097654027761,False,False
ENSG00000145715,0.23327955347312515,False,True
ENSG00000155903,0.5446123134242818,False,False
ENSG00000280477,0.27628030546674437,False,True
ENSG00000105808,0.1996710327199939,False,True
ENSG00000111344,0.19241293495233977,False,False
ENSG00000075391,0.3039004998213801,False,False
ENSG00000105122,0.0163939808866429,False,True
ENSG00000108551,0.8169018986631806,False,True
ENSG00000100302,0.007656931990592898,True,False
ENSG00000165105,0.14911002209483043,True,False
ENSG00000198915,0.7888029805353111,False,False
ENSG00000138670,9.036813312233314e-05,False,True
ENSG00000146090,0.010196815565279245,False,False
ENSG00000058335,0.21161086255980843,False,False
ENSG00000113319,0.3006675464340772,False,False
ENSG00000172575,0.007097714140714112,False,True
ENSG00000068831,0.0038919009697310435,False,True
ENSG00000152689,0.5279285318830353,False,False
ENSG00000171777,0.0039837861984937575,False,True
ENSG00000105538,0.6864127675167437,False,False
ENSG00000100276,0.09972897931580418,False,True
ENSG00000270885,0.9153229121112986,False,False
ENSG00000122035,0.00013834555854607403,False,True
ENSG00000128045,0.0005838242214398698,False,False
ENSG00000103710,0.002750520816081404,False,False
ENSG00000068028,0.3488930708560868,True,False
ENSG00000189431,0.822034888516909,False,False
ENSG00000101265,0.02353776217445525,False,True
ENSG00000153179,0.0527009893654591,False,False
ENSG00000107551,0.39168892550161427,False,False
ENSG00000266094,0.0006921941058096916,False,True
ENSG00000169435,0.5596425648013879,False,True
ENSG00000273859,0.161847833037394,True,False
ENSG00000123094,0.31016934707242383,False,True
ENSG00000198774,0.03808762609477155,False,True
ENSG00000161847,0.6544773324202532,False,True
ENSG00000162437,0.5645612667564903,True,False
ENSG00000134438,0.36787944117145116,False,False
ENSG00000173976,0.19593645433419785,False,False
ENSG00000139687,0.11788270864238544,False,True
ENSG00000023287,0.00880765388390955,True,False
ENSG00000146587,0.3641428503576877,False,True
ENSG00000162521,0.7865054977525469,False,False
ENSG00000117222,0.26886027935922086,True,False
ENSG00000122257,0.14973595039385612,False,True
ENSG00000102054,0.00802275025560911,False,False
ENSG00000101773,0.005286566542001696,False,False
ENSG00000089050,0.07235616678610582,False,True
ENSG00000125826,0.001770643479275125,True,False
ENSG00000101546,0.843537681746238,True,False
ENSG00000078328,0.23870975314348986,False,False
ENSG00000277564,0.9759857983375362,False,False
ENSG00000167281,0.3000426309346201,False,False
ENSG00000171174,0.10368400803275411,False,False
ENSG00000080839,0.18617113185875345,True,False
ENSG00000103479,4.531173177225663e-05,False,True
ENSG00000182872,0.42378380719059094,True,False
ENSG00000185272,0.020399466183307853,False,True
ENSG00000244462,0.4401619539926307,True,False
ENSG00000183808,0.19754689293753813,True,False
ENSG00000239306,0.20638204265028406,True,False
ENSG00000248643,0.5640126163946846,False,False
ENSG00000162775,0.49607859644832597,False,False
ENSG00000259956,0.027957942206750214,True,False
ENSG00000134453,0.27520789417939867,False,False
ENSG00000119446,0.9314831751655464,False,False
ENSG00000122965,0.00471812317645256,True,False
ENSG00000203867,0.17324674907521176,False,False
ENSG00000086589,0.016505939346849102,True,False
ENSG00000100461,0.1609064038059837,False,False
ENSG00000112183,3.7889145243748746e-05,True,False
ENSG00000119707,0.24276682484732598,False,False
ENSG00000139746,0.2401842235380923,False,False
ENSG00000227354,0.002036744604290185,False,False
ENSG00000091009,0.7911071745580447,False,False
ENSG00000106344,0.000310358282022826,True,False
ENSG00000102317,0.017634125596248,True,False
ENSG00000184863,0.4431679264255014,False,False
ENSG00000188739,0.00020057119766055153,False,False
ENSG00000132819,0.8584305579681955,False,False
ENSG00000131051,0.23647667826617091,True,False
ENSG00000173933,0.002384200121562366,False,False
ENSG00000089682,0.41400931876940616,False,False
ENSG00000126254,0.10948593736855652,True,False
ENSG00000184898,0.07130855732328323,False,True
ENSG00000177483,0.04662447982689239,False,False
ENSG00000155636,0.002993309073514818,True,False
ENSG00000151962,0.7166246018759512,False,False
ENSG00000163694,0.26886027935922086,False,False
ENSG00000127993,0.873586371776637,True,False
ENSG00000173914,0.6784506019178687,True,False
ENSG00000003756,0.6325800730766368,False,False
ENSG00000004534,0.4536308304450588,False,True
ENSG00000076053,0.22307592994814998,False,True
ENSG00000265241,0.0004896697908625985,True,False
ENSG00000153250,0.19393101123917492,False,False
ENSG00000076067,0.011429465958744629,False,True
ENSG00000144642,3.227319012261824e-05,False,True
ENSG00000147274,0.05603006841825464,True,False
ENSG00000134597,0.010739926123606799,False,False
ENSG00000213516,0.0006801852589161476,False,False
ENSG00000170748,0.04538752001017443,False,False
ENSG00000175718,,False,False
ENSG00000234414,0.09366024312511287,False,False
ENSG00000291451,,False,False
ENSG00000242875,0.0895656259753811,False,False
ENSG00000244395,0.12075685464811738,False,False
ENSG00000242389,0.11561634543326241,False,False
ENSG00000169800,0.03098794169377994,False,False
ENSG00000226941,0.03029018606022972,False,False
ENSG00000223637,,False,False
ENSG00000243040,0.29065187975228196,False,False
ENSG00000291444,,False,False
ENSG00000114115,0.00037955190336417654,False,True
ENSG00000114113,0.01063907084202035,True,False
ENSG00000265203,0.36787944117145116,False,False
ENSG00000138207,8.862782858682298e-05,False,True
ENSG00000288369,3.2683704653342693e-05,False,False
ENSG00000162444,0.2917403444795648,False,False
ENSG00000168214,0.8534372775192605,False,True
ENSG00000124232,0.21276618240265502,False,False
ENSG00000157110,0.7462764190832948,False,False
ENSG00000166831,0.008101135079693914,False,False
ENSG00000100387,0.2118716888577065,False,False
ENSG00000135870,0.8240816544909277,False,False
ENSG00000056586,0.6777912719387762,False,False
ENSG00000159200,4.135406578271818e-05,False,True
ENSG00000172348,0.03979106912921502,False,False
ENSG00000117602,0.22199408954236768,False,False
ENSG00000286061,0.1898404176434148,False,False
ENSG00000136144,0.6784506019178687,False,True
ENSG00000136161,9.978972770999124e-05,False,True
ENSG00000180198,0.11516376763724923,True,False
ENSG00000281540,0.3785839430081581,False,False
ENSG00000166965,0.0003223528259812073,True,False
ENSG00000173653,0.0010272247747866602,False,False
ENSG00000163743,0.0032010135089869545,False,False
ENSG00000120158,0.00023387600074407247,False,True
ENSG00000049449,0.361321418713897,False,False
ENSG00000117906,0.005030816069493255,False,False
ENSG00000142552,0.0333051976543742,False,False
ENSG00000089902,0.5909589334091598,True,False
ENSG00000167771,0.020402948819559646,True,False
ENSG00000117625,0.20678375939491223,True,False
ENSG00000198771,0.00262765723365739,False,True
ENSG00000109047,0.07669101448073705,False,True
ENSG00000198570,0.1765297724733152,True,False
ENSG00000121039,0.843537681746238,True,False
ENSG00000072042,0.6002241472793903,True,False
ENSG00000139988,0.34350746793762077,False,False
ENSG00000278149,0.1036840080327548,True,False
ENSG00000240857,0.10613191944448408,True,False
ENSG00000139547,3.2747322549876324e-05,False,True
ENSG00000135437,0.00027644859742177643,False,False
ENSG00000080511,0.23396790860021477,False,False
ENSG00000278023,0.0006494136973100504,False,False
ENSG00000137710,0.1992831337984575,False,True
ENSG00000100918,0.041088490873126854,False,True
ENSG00000122707,0.1840116070775463,False,True
ENSG00000004700,0.239950808373247,False,False
ENSG00000160957,5.2887131452941445e-05,True,False
ENSG00000108469,0.04406795685040955,True,False
ENSG00000068615,0.0008688553382345465,False,True
ENSG00000132563,0.022212177054709032,False,False
ENSG00000165476,0.3871454609338294,False,True
ENSG00000168476,0.12520746726694668,False,False
ENSG00000129625,0.10800570596723044,False,True
ENSG00000115255,0.02048245363418146,False,True
ENSG00000115386,0.09362144101127721,False,False
ENSG00000172023,0.1100823983277791,False,False
ENSG00000172016,0.07971797275947409,False,False
ENSG00000143954,0.4604208385387918,False,False
ENSG00000134193,0.9150513686415569,False,False
ENSG00000162924,0.13705674616225733,False,False
ENSG00000173039,0.936933085603705,True,False
ENSG00000104856,0.05521883652904836,True,False
ENSG00000181826,0.06785883299191747,False,True
ENSG00000164620,0.11185310964622822,False,False
ENSG00000189056,0.23237405416209425,False,True
ENSG00000054967,0.361321418713897,False,True
ENSG00000088320,0.07179554070655163,False,True
ENSG00000139890,0.5141237210667926,False,False
ENSG00000143839,0.08404339774345629,True,False
ENSG00000102032,0.9260649655225167,False,False
ENSG00000174236,0.4401619539926275,True,False
ENSG00000214022,0.0015848693858094203,True,False
ENSG00000135597,0.0010453606942056213,False,True
ENSG00000169891,0.0006808469176761721,False,False
ENSG00000157916,0.27360707721798055,False,True
ENSG00000142599,0.2137338304383542,False,False
ENSG00000134533,0.04662447982689239,False,True
ENSG00000111404,0.1725742734570529,False,False
ENSG00000182698,0.5962796833959243,False,False
ENSG00000084093,0.2118716888577065,False,True
ENSG00000165731,0.0005947785885480382,False,True
ENSG00000104918,0.8763753407548105,False,False
ENSG00000163515,0.36669096210060714,False,False
ENSG00000042445,0.15178809989554667,False,False
ENSG00000135945,0.11338607018522638,False,False
ENSG00000009413,0.003999309943909448,False,False
ENSG00000079313,0.2667771109015727,False,True
ENSG00000276998,0.5962796833959243,False,False
ENSG00000076043,0.07951238454121316,False,False
ENSG00000148300,0.16012606390455805,True,False
ENSG00000035928,0.2667771109015765,False,False
ENSG00000049541,0.09298623193068865,True,False
ENSG00000133119,0.0005066200978033516,True,False
ENSG00000163918,6.042263233044667e-05,True,False
ENSG00000111445,0.11338607018522638,True,False
ENSG00000175449,0.7535677772790077,False,False
ENSG00000092871,0.0014820318313435129,True,False
ENSG00000135002,0.46979017045706384,False,False
ENSG00000169733,0.7404941610992368,False,True
ENSG00000128250,0.0023920396893991063,False,True
ENSG00000128253,0.47889138444633084,False,True
ENSG00000128276,0.4375643892847785,False,False
ENSG00000223638,0.0004754650576935107,False,True
ENSG00000251258,0.10104614235975536,True,False
ENSG00000163933,0.0035141838106158697,False,False
ENSG00000131378,0.0013304135634783815,False,True
ENSG00000162944,0.0222687759836629,False,True
ENSG00000168411,0.01913479331460371,True,False
ENSG00000132005,0.4044602769610365,False,False
ENSG00000087903,0.45451380988517487,False,False
ENSG00000080298,0.8289031814174833,True,False
ENSG00000111783,0.24481092482526795,False,False
ENSG00000143390,0.0027371817500670926,False,False
ENSG00000185002,0.16907375825402443,True,False
ENSG00000181827,0.41400931876940616,False,True
ENSG00000196460,0.0004245823366762584,True,False
ENSG00000064490,0.0924453537785658,False,False
ENSG00000133111,0.41562260194879497,False,True
ENSG00000143344,0.0009402423722505989,False,True
ENSG00000237825,0.5351638569387943,False,False
ENSG00000205517,0.5197792916729134,False,False
ENSG00000159496,0.8534372775192605,False,False
ENSG00000182175,0.10510501003566669,False,False
ENSG00000174136,0.007656931990592898,False,True
ENSG00000130988,4.5665555119657785e-05,False,True
ENSG00000107185,0.12101832236201393,True,False
ENSG00000187627,0.12630791646930128,False,False
ENSG00000185304,0.7631442321959274,False,False
ENSG00000153165,0.001589498991244134,False,True
ENSG00000196862,2.2808412116341337e-05,False,False
ENSG00000015568,0.09545961337853968,False,False
ENSG00000183054,0.730622064881677,False,False
ENSG00000169629,0.7419355118097588,False,False
ENSG00000148604,0.5962796833959243,False,False
ENSG00000090104,0.6108212600394947,False,False
ENSG00000148908,0.36520655802604113,False,False
ENSG00000076344,0.0023021909548241455,False,False
ENSG00000159788,0.01110089861863634,False,False
ENSG00000127074,0.6488242971295611,False,False
ENSG00000169220,0.015241051099737939,True,False
ENSG00000143333,0.3297624949163444,False,True
ENSG00000091844,0.25852287465049384,False,False
ENSG00000150681,0.0003888908055943984,False,True
ENSG00000171700,0.5063116857241694,False,False
ENSG00000116741,0.8924739978144933,False,False
ENSG00000147509,0.009805379725759102,True,False
ENSG00000253148,0.36669096210060714,False,False
ENSG00000132554,0.21059024446622762,False,False
ENSG00000138835,0.45451380988517487,False,False
ENSG00000117152,0.16908636670555338,False,False
ENSG00000143248,0.12569536715643717,False,False
ENSG00000182732,0.1106020159813734,False,True
ENSG00000182901,0.7870324752855371,False,False
ENSG00000186479,0.012794051854565006,False,True
ENSG00000135824,0.32962187665298015,False,False
ENSG00000108370,0.15765431691636933,False,True
ENSG00000186326,0.00039806044450955107,True,False
ENSG00000121446,0.13111012395007884,False,True
ENSG00000112077,0.969617132185119,False,False
ENSG00000144468,0.16908636670555338,False,True
ENSG00000005486,0.019932358901750012,True,False
ENSG00000100263,0.03979106912921502,True,False
ENSG00000007384,0.08396172292214722,False,False
ENSG00000129667,0.8994430127919598,False,False
ENSG00000103269,0.0020546455651842847,True,False
ENSG00000158315,0.7865054977525469,False,False
ENSG00000141314,0.18002919605273027,False,False
ENSG00000132677,0.9797889530019297,False,False
ENSG00000188672,0.020284269860038055,False,True
ENSG00000140519,0.826976952445188,False,False
ENSG00000187010,0.10948593736855652,False,False
ENSG00000106615,0.00019824463678390204,True,False
ENSG00000167550,0.5542275848558886,False,False
ENSG00000163914,0.7460373460915407,False,True
ENSG00000067560,0.0064526337800191,False,False
ENSG00000143878,0.013224064199745804,False,False
ENSG00000072422,0.5063116857241694,False,False
ENSG00000008853,0.12569536715643717,False,False
ENSG00000164292,0.9506977725270581,False,False
ENSG00000155366,0.06590806850830239,False,False
ENSG00000173156,0.9260649655225167,False,False
ENSG00000139725,0.26419583350005504,True,False
ENSG00000177105,0.4790150152650764,False,False
ENSG00000168421,0.0472634740216183,False,True
ENSG00000126785,0.05270098936545871,False,False
ENSG00000119729,0.6758171240006762,False,False
ENSG00000126858,0.7108643183251449,False,True
ENSG00000140983,0.6758171240006762,False,False
ENSG00000284984,0.6777912719387762,True,False
ENSG00000104140,0.6888258220475311,False,False
ENSG00000101883,0.3919295268150306,False,False
ENSG00000131721,0.5208037732554954,False,False
ENSG00000203989,0.5799046178971285,False,False
ENSG00000158106,0.01412793323002749,True,False
ENSG00000131941,0.03808762609477184,True,False
ENSG00000158423,0.4492415970235619,False,False
ENSG00000128408,0.0020787584898256904,True,False
ENSG00000166405,3.1929861568083314e-05,False,True
ENSG00000177963,0.0018124472102579682,False,False
ENSG00000111785,0.9627906350072438,False,False
ENSG00000164327,0.27360707721798055,False,False
ENSG00000080345,0.8786975403013207,False,False
ENSG00000178796,0.02855016356652748,False,False
ENSG00000167705,0.08202516264164568,False,True
ENSG00000188026,0.3662733729200411,True,False
ENSG00000150977,0.07449778379190716,False,True
ENSG00000060709,0.0003215084527922047,False,True
ENSG00000275793,0.6777912719387762,False,False
ENSG00000274600,0.21666307870822382,True,False
ENSG00000183246,0.656389144107828,True,False
ENSG00000177181,0.13350557304031743,False,True
ENSG00000166532,0.0018953496058533128,False,True
ENSG00000079841,0.1009119312823256,False,False
ENSG00000176406,0.5184002082889287,False,False
ENSG00000117016,0.6437484380858923,False,False
ENSG00000101098,0.7530957496135768,False,False
ENSG00000174791,0.055326318415397334,False,False
ENSG00000132669,0.08695262640055855,False,False
ENSG00000100599,0.3978299303332715,False,False
ENSG00000206287,0.31656750785168053,True,False
ENSG00000187994,0.01913479331460371,False,False
ENSG00000135249,0.2506824442099173,True,False
ENSG00000124784,0.0009087840924124081,False,False
ENSG00000058729,0.7888029805353111,False,False
ENSG00000101782,0.06912407422754974,False,True
ENSG00000137275,0.3752855559414257,False,False
ENSG00000104312,0.0006808469176761721,False,False
ENSG00000129465,0.05468455105609742,False,False
ENSG00000183421,0.05468455105609742,False,False
ENSG00000147223,0.7122479953939524,False,False
ENSG00000203877,0.2844688344663984,False,False
ENSG00000143622,0.04502074081789541,False,False
ENSG00000152214,0.011533861314010744,False,False
ENSG00000140522,0.1538375856299461,False,False
ENSG00000117000,0.0643879121418574,False,False
ENSG00000131263,0.3526445732999315,False,False
ENSG00000107018,0.5275100493084826,False,False
ENSG00000107014,0.23614676155486855,False,False
ENSG00000171136,0.9961001816629992,False,False
ENSG00000178966,0.4380273221341927,True,False
ENSG00000175643,0.0030819058289842725,False,False
ENSG00000155906,0.022617911871882446,False,False
ENSG00000153561,0.025171037417556337,False,False
ENSG00000145916,0.005001553043743783,False,False
ENSG00000277027,0.9314831751655464,True,False
ENSG00000255794,0.06338485041772916,False,False
ENSG00000129538,0.9646646794477719,False,False
ENSG00000182545,0.08110363045449018,False,False
ENSG00000173464,,False,False
ENSG00000258436,,False,False
ENSG00000206150,0.013172733592997046,False,True
ENSG00000169385,0.4865251421327479,False,False
ENSG00000169397,0.04194464748469666,False,True
ENSG00000258818,7.476091306433162e-05,False,False
ENSG00000169413,0.03565087720139256,False,True
ENSG00000165799,0.05001681418554378,False,False
ENSG00000173431,0.37107975165057216,False,False
ENSG00000188655,0.5962796833959243,False,False
ENSG00000171865,0.00014369225615186123,True,False
ENSG00000104889,0.00026980990505398464,True,False
ENSG00000136104,0.43378906487122426,False,False
ENSG00000172922,0.4611911707250673,False,False
ENSG00000219200,0.8097846959737904,False,False
ENSG00000161939,0.9388378665722663,False,False
ENSG00000135828,0.07897305842632306,False,True
ENSG00000026297,0.4931930286714282,False,True
ENSG00000172602,0.14973595039385612,False,True
ENSG00000108830,0.8484730417605634,False,False
ENSG00000115963,0.003824380540882977,False,True
ENSG00000022840,0.49607859644832597,True,False
ENSG00000239305,0.46119117072507054,True,False
ENSG00000249884,0.030789229214627567,False,False
ENSG00000123091,0.0006397714139681936,False,False
ENSG00000157450,0.3006675464340772,False,False
ENSG00000128482,0.007837707131853753,False,False
ENSG00000125352,0.1695802895292542,True,False
ENSG00000139797,0.9387770824740822,False,False
ENSG00000124226,0.9703087278278311,False,False
ENSG00000265491,0.0020546455651842847,True,False
ENSG00000137522,0.17157045114709019,True,False
ENSG00000133874,0.2401842235380923,False,True
ENSG00000164068,0.190011462456638,False,False
ENSG00000101695,0.00012528373549538716,False,True
ENSG00000070423,0.7441027999840577,False,False
ENSG00000261192,0.004768218135040338,True,False
ENSG00000133135,0.047171655742565155,False,False
ENSG00000082996,0.15178809989554667,False,False
ENSG00000113269,0.001726443470105863,False,True
ENSG00000188050,0.3163341726783807,True,False
ENSG00000181481,0.7213077800163539,False,True
ENSG00000134758,0.0780569965481117,False,False
ENSG00000250853,0.6797711866145533,False,False
ENSG00000170881,0.12447916607524112,True,False
ENSG00000013561,0.6173891676341228,False,True
ENSG00000110315,0.4213187605081594,False,False
ENSG00000151692,0.01885775002394929,True,False
ENSG00000137393,0.002142368124915537,False,True
ENSG00000145860,0.07068728632759971,False,False
ENSG00000118518,0.0018301553965048877,False,True
ENSG00000235631,0.04534434031264712,True,False
ENSG00000163162,0.7706093981732349,False,True
ENSG00000170153,0.00010934759694831221,False,True
ENSG00000291936,0.06414739068960508,False,False
ENSG00000176641,0.0004315285190827829,False,True
ENSG00000141576,0.007976083880995488,True,False
ENSG00000158717,0.6102276534195306,False,False
ENSG00000108523,0.030455384647227007,False,False
ENSG00000163961,0.11023364331299876,False,True
ENSG00000166439,0.9135447234295009,False,False
ENSG00000132972,0.0895656259753811,False,False
ENSG00000120925,0.90999870276312,False,False
ENSG00000145428,0.0013304135634783815,False,True
ENSG00000164197,0.00015652807705125775,False,True
ENSG00000168894,0.20083926557103307,True,False
ENSG00000180537,0.07482648301350556,False,True
ENSG00000165188,0.0028383566285122667,True,False
ENSG00000138942,0.08527809750557229,False,True
ENSG00000178828,0.3257003365865949,False,True
ENSG00000168159,2.656989770998641e-05,False,False
ENSG00000034677,0.13599481060527097,True,False
ENSG00000116514,0.29631432844590533,False,False
ENSG00000121481,0.90999870276312,False,False
ENSG00000155827,0.05916538797052582,False,False
ENSG00000158286,0.9731431232675515,True,False
ENSG00000212864,0.14973595039385612,True,False
ENSG00000178222,0.010708149843882525,False,True
ENSG00000173821,0.8097846959737904,False,True
ENSG00000167257,0.021755151136953622,False,False
ENSG00000099999,0.016732155263043277,True,False
ENSG00000011275,0.002663669597211232,False,False
ENSG00000196204,0.00012491883166976402,True,False
ENSG00000146373,0.07068728632759921,False,True
ENSG00000187147,0.1482871378490298,True,False
ENSG00000189051,0.9731254023866645,True,False
ENSG00000237330,0.33262581458205576,False,False
ENSG00000233198,0.16824437283220234,False,False
ENSG00000101236,0.010522860971966632,True,False
ENSG00000163481,0.15178809989554667,False,False
ENSG00000173456,0.0003528593813897534,True,False
ENSG00000285152,0.7895702985492836,False,False
ENSG00000105982,0.8097846959737904,False,False
ENSG00000170633,0.008340914623353957,False,False
ENSG00000137075,0.8584305579681832,False,True
ENSG00000204618,0.0583087613267626,True,False
ENSG00000063978,0.010350358949557546,False,False
ENSG00000103549,0.18472865091461116,True,False
ENSG00000181852,0.6544773324202532,False,False
ENSG00000108375,0.5127519633439452,True,False
ENSG00000146083,0.021212084228799864,False,False
ENSG00000183574,0.01123117662686281,True,False
ENSG00000253570,0.716415207307324,False,False
ENSG00000127870,0.41562260194879497,False,False
ENSG00000114125,0.2667771109015765,False,False
ENSG00000112130,0.006316075253838293,True,False
ENSG00000189050,0.28335357038759035,False,True
ENSG00000135119,0.000295343947739202,False,False
ENSG00000111880,0.6468856075164668,False,True
ENSG00000023191,0.2434759776783048,False,False
ENSG00000184719,0.06812326064819348,False,False
ENSG00000101654,0.04577106927310079,False,False
ENSG00000185946,0.05468455105609742,False,True
ENSG00000176393,0.08594400412046574,True,False
ENSG00000142327,0.27601181150784243,False,False
ENSG00000205937,0.07179554070655211,True,False
ENSG00000274978,0.08289916794080741,False,False
ENSG00000276027,0.36787944117145116,False,False
ENSG00000264229,,False,False
ENSG00000200169,,False,False
ENSG00000199347,,False,False
ENSG00000199377,,False,False
ENSG00000221676,0.7573026693888227,False,False
ENSG00000252316,,False,False
ENSG00000169855,2.241270991851664e-05,True,False
ENSG00000185008,0.16213220357209343,False,True
ENSG00000154134,0.3259373568695716,False,False
ENSG00000154133,0.000771828879790447,False,True
ENSG00000067900,0.7026185226629964,False,False
ENSG00000290877,0.8968232777162128,False,False
ENSG00000134318,0.596152875121186,False,False
ENSG00000067836,0.9296735921020747,False,True
ENSG00000149489,0.5574702528721746,False,False
ENSG00000125995,0.06946093552266765,True,False
ENSG00000065371,0.15336504041321553,False,False
ENSG00000114547,0.004753800856561777,False,True
ENSG00000145491,0.023138644430300392,False,True
ENSG00000185483,0.5824027287582099,False,True
ENSG00000169071,0.026017044370912158,False,False
ENSG00000069667,0.00654106791465028,False,True
ENSG00000198963,0.00014935039706725527,False,True
ENSG00000143365,0.011496337339239587,False,False
ENSG00000047936,0.4928973235381575,False,False
ENSG00000104237,0.6875013121816878,False,False
ENSG00000183638,0.04057171502483475,False,True
ENSG00000102218,0.2738732319413783,False,False
ENSG00000164610,0.05039585354505495,True,False
ENSG00000291146,0.001577183322414529,True,False
ENSG00000132383,0.9424148823115995,True,False
ENSG00000117748,0.8864204184047004,True,False
ENSG00000106399,0.1666382481047044,False,False
ENSG00000204086,0.6788360780497993,False,True
ENSG00000129197,0.011905862467360136,False,True
ENSG00000103932,0.000201548638214541,False,False
ENSG00000122484,0.3684163607179038,False,True
ENSG00000005175,0.08831589317703817,False,False
ENSG00000197713,0.8460017628060118,True,False
ENSG00000116745,0.031243871071395674,False,False
ENSG00000117133,0.6264593656375133,False,True
ENSG00000197498,0.3871454609338294,False,False
ENSG00000156313,0.5142497771684864,True,False
ENSG00000092200,0.017328191881109917,False,True
ENSG00000103494,0.10070336319299901,True,False
ENSG00000089169,0.4664493611214918,False,True
ENSG00000282013,0.06038584920686455,False,False
ENSG00000153574,0.008357149975164058,True,False
ENSG00000147403,0.9215738736404122,True,False
ENSG00000198755,0.6246347280002755,False,False
ENSG00000165496,0.007609299314583782,False,False
ENSG00000142676,0.4363270726588373,False,True
ENSG00000197958,0.3684163607179038,False,False
ENSG00000167526,0.8584305579681832,False,False
ENSG00000142541,0.35574396863052726,False,False
ENSG00000231322,0.36787944117145116,False,False
ENSG00000234498,0.3475388054239949,False,False
ENSG00000177350,0.6374359094429303,False,False
ENSG00000236552,0.4652445827701861,False,False
ENSG00000234118,0.7930932852842638,False,False
ENSG00000240370,0.0015273817382445319,True,False
ENSG00000188846,0.1996710327199939,True,False
ENSG00000174748,0.735471448709095,False,False
ENSG00000265681,0.18617113185875345,False,False
ENSG00000215472,0.16279477037150744,False,True
ENSG00000063177,0.46979017045706384,True,False
ENSG00000105640,0.7108643183251449,False,False
ENSG00000108298,0.5403925781934952,True,False
ENSG00000122026,0.3225038226832959,False,False
ENSG00000220749,0.9815893934150998,True,False
ENSG00000229585,0.8889398087010965,False,False
ENSG00000116251,0.8097846959737904,False,False
ENSG00000163584,0.24490050396881355,False,False
ENSG00000125691,0.24205973750856533,False,False
ENSG00000198242,0.1939310112391763,True,False
ENSG00000237887,0.8883216913523417,False,False
ENSG00000223508,0.5623698623643318,False,False
ENSG00000281913,0.26419583350005504,False,False
ENSG00000293106,0.024590472493619675,False,False
ENSG00000184319,0.0018019046484447818,False,False
ENSG00000219451,0.016505939346849102,False,False
ENSG00000114391,0.367700641932594,False,False
ENSG00000161970,0.23441639115790464,False,True
ENSG00000037241,0.07951238454121316,False,False
ENSG00000131469,0.17157045114709019,True,False
ENSG00000166441,0.5382949871275216,False,False
ENSG00000108107,0.6155909480306143,True,False
ENSG00000162244,0.6054995210132937,True,False
ENSG00000293140,0.22368231368738514,False,False
ENSG00000100316,0.9314831751655464,False,False
ENSG00000156482,0.02052232214449494,False,False
ENSG00000071082,0.6666801905045303,False,False
ENSG00000213075,0.0014646800112715292,False,True
ENSG00000144713,0.6246347280002755,False,False
ENSG00000251474,0.5841040013440686,True,False
ENSG00000109475,0.39283309876564215,False,False
ENSG00000136942,0.4279243099007961,False,False
ENSG00000182899,0.3684163607179038,False,False
ENSG00000130255,0.7297729092033649,False,False
ENSG00000241343,0.11077084324322485,True,False
ENSG00000257529,0.5762070137928841,False,False
ENSG00000165502,0.4922349074991902,False,False
ENSG00000145592,0.5542275848558886,False,False
ENSG00000197756,0.3694925518545895,True,False
ENSG00000172809,0.17994228732179748,True,False
ENSG00000198918,0.35367469303578436,False,False
ENSG00000163923,0.007307794165420352,True,False
ENSG00000291929,0.15383758562994948,False,False
ENSG00000174444,0.5382949871275216,False,False
ENSG00000229117,0.5542275848558886,False,False
ENSG00000122406,0.6998912343999902,False,False
ENSG00000089009,0.4865251421327479,False,False
ENSG00000147604,0.0020546455651842847,False,False
ENSG00000280858,0.41562260194879497,False,False
ENSG00000146223,0.20083926557103307,True,False
ENSG00000161016,0.010250211123667237,False,False
ENSG00000163682,0.4576177946128047,False,False
ENSG00000089157,0.18635223216729938,True,False
ENSG00000293352,0.012246342557205145,True,False
ENSG00000137818,0.0586499135187321,False,False
ENSG00000177600,0.3886540628705118,False,False
ENSG00000163902,0.12866295231736805,False,False
ENSG00000118705,2.6699380386662252e-05,False,False
ENSG00000163684,0.0012697498800731165,False,False
ENSG00000241779,0.004101699358479057,True,False
ENSG00000178718,0.8370018293859048,False,False
ENSG00000148688,0.47622870216349256,False,False
ENSG00000152464,0.014377365549910514,True,False
ENSG00000124787,0.0008294080952103756,True,False
ENSG00000291789,0.1609064038059837,False,False
ENSG00000141425,0.4946337083554061,False,False
ENSG00000101413,0.7528354471352348,False,True
ENSG00000163125,0.14360478147867944,True,False
ENSG00000177519,0.4652838057415659,False,False
ENSG00000179673,0.44399096994181164,False,False
ENSG00000124614,0.1386652177389657,True,False
ENSG00000270800,0.15618112366524028,False,False
ENSG00000223396,0.00657933831529216,False,True
ENSG00000142534,0.5841040013440686,False,False
ENSG00000112306,0.5807064113317143,False,False
ENSG00000110700,0.8145225744292595,False,False
ENSG00000164587,0.4931930286714282,True,False
ENSG00000115268,0.8003914559964804,False,False
ENSG00000134419,0.6108212600394947,False,False
ENSG00000225447,0.2641958335000569,False,False
ENSG00000105193,0.29344725534065114,True,False
ENSG00000217527,0.3793518384737323,True,False
ENSG00000226225,0.4388799297915562,False,False
ENSG00000105372,0.3074670175579975,False,False
ENSG00000187051,0.07897305842632306,False,False
ENSG00000291931,0.14713818758765998,False,False
ENSG00000008988,0.007167061067466008,False,False
ENSG00000171858,0.17358396891838315,True,False
ENSG00000186468,0.843537681746238,False,False
ENSG00000138326,0.45099217093361643,False,False
ENSG00000280831,0.20860118313211531,False,False
ENSG00000197728,0.5279285318830353,False,False
ENSG00000196933,0.8240816544909277,False,False
ENSG00000177954,0.31016934707242383,False,False
ENSG00000143947,0.2828031022356988,False,False
ENSG00000185088,0.04577106927310013,False,True
ENSG00000233927,0.6494063470802454,False,False
ENSG00000213741,0.869349782758956,False,False
ENSG00000232818,0.5382949871275216,False,True
ENSG00000149273,0.2828031022356988,False,False
ENSG00000145425,0.42875725233373474,False,False
ENSG00000198034,0.5403925781934952,True,False
ENSG00000129824,0.6602295377331096,True,False
ENSG00000280969,0.6956527253960461,False,False
ENSG00000083845,0.13866521773896662,True,False
ENSG00000137154,0.6013924664189623,False,False
ENSG00000281877,0.06217316557968197,False,True
ENSG00000071242,0.034191097171807516,False,True
ENSG00000177189,0.596152875121186,False,False
ENSG00000162302,0.40210763052438364,False,False
ENSG00000100784,0.06785883299191747,False,False
ENSG00000072133,6.319922595221538e-06,False,True
ENSG00000108443,0.7039861495263369,True,False
ENSG00000175634,0.22701439326129677,True,False
ENSG00000136643,0.05373583104307887,True,False
ENSG00000198208,0.01369513480474571,False,False
ENSG00000171863,0.09686203123758445,False,False
ENSG00000217327,,False,False
ENSG00000142937,0.7441027999840577,False,False
ENSG00000278081,0.9314831751655464,False,False
ENSG00000168028,0.09084152316193816,True,False
ENSG00000241749,0.013862929490498584,False,False
ENSG00000234618,0.32028268315495023,False,False
ENSG00000215853,0.36787944117145116,False,False
ENSG00000141564,0.009782825958998877,True,False
ENSG00000007376,0.07214542081845658,True,False
ENSG00000166133,0.05916538797052582,True,False
ENSG00000156990,0.055326318415397334,False,False
ENSG00000165526,0.7535677772790077,False,True
ENSG00000166592,0.09334857431547947,False,False
ENSG00000155876,0.9884003241552884,False,False
ENSG00000083750,0.9874397796982158,False,False
ENSG00000116954,0.3578253511177706,True,False
ENSG00000025039,0.003999309943909475,True,False
ENSG00000126458,0.6437484380858923,False,False
ENSG00000133818,0.11207082852577047,False,True
ENSG00000125844,0.14571451043171124,True,False
ENSG00000124782,0.19449750843549354,False,False
ENSG00000180245,0.009806450004549067,False,True
ENSG00000167325,0.0008775247088188645,True,False
ENSG00000171848,6.467818830418386e-05,True,False
ENSG00000048392,0.5107616622540112,False,False
ENSG00000278494,0.03172480869265962,False,False
ENSG00000248124,0.012282115684357347,False,True
ENSG00000103472,0.13920555886947328,False,False
ENSG00000257122,0.6544773324202532,False,False
ENSG00000160214,0.012547664707893565,True,False
ENSG00000052749,0.00022981849568669263,True,False
ENSG00000067533,0.00014708473605580313,False,False
ENSG00000160208,0.9816960841823692,True,False
ENSG00000124541,0.0006703371900456649,False,False
ENSG00000189306,0.08569368195559113,True,False
ENSG00000132275,0.5310173297198827,False,False
ENSG00000114767,0.005775630077704069,True,False
ENSG00000179041,3.658587493444757e-05,True,False
ENSG00000102104,0.9530381232511704,True,False
ENSG00000136444,0.8924739978144933,False,False
ENSG00000134321,0.09545961337853968,False,True
ENSG00000081019,0.032727387158684694,False,False
ENSG00000187257,0.11077084324322485,False,False
ENSG00000215695,0.022031876357667592,False,False
ENSG00000048649,0.7638955157717768,False,False
ENSG00000171490,0.3815401716215524,False,False
ENSG00000137876,0.029407812887196485,False,False
ENSG00000160188,0.40603635008782446,False,False
ENSG00000169402,2.2212946647923207e-05,False,False
ENSG00000130363,0.5558465542560704,False,False
ENSG00000111834,0.0031363176745153173,False,True
ENSG00000104941,0.5962796833959243,False,False
ENSG00000172426,0.37688712764027255,False,False
ENSG00000169218,0.0012414326928579644,False,True
ENSG00000147655,0.22381392682898127,False,True
ENSG00000146374,8.362240606236751e-06,False,True
ENSG00000101282,0.677568544766636,False,False
ENSG00000159579,0.31656750785168053,False,False
ENSG00000174891,0.034025282283365106,False,False
ENSG00000111011,0.6338113721005718,False,False
ENSG00000148484,0.07537207543469329,False,False
ENSG00000132026,0.002475788344205829,False,False
ENSG00000258366,0.2137338304383542,True,False
ENSG00000026036,0.8534372775192605,False,True
ENSG00000137815,0.8659753094387994,False,False
ENSG00000114993,0.23441639115790464,True,False
ENSG00000182010,0.00020057119766055153,True,False
ENSG00000254656,0.0895656259753811,False,False
ENSG00000139970,0.11077084324322485,False,False
ENSG00000125744,0.0374268454460028,True,False
ENSG00000133318,0.01049221188403843,True,False
ENSG00000115310,0.09298623193068865,False,False
ENSG00000130347,0.7404941610992368,True,False
ENSG00000040608,0.33754797109326373,False,False
ENSG00000185924,0.36520655802604113,False,True
ENSG00000186907,0.5167558627528055,True,False
ENSG00000175077,0.8838959048599506,False,False
ENSG00000198471,0.22006089930549202,False,False
ENSG00000163825,0.0005026947317720882,False,False
ENSG00000136514,0.04053298140875795,False,False
ENSG00000176225,0.014546095543015796,False,False
ENSG00000176783,0.0023089159479697053,False,False
ENSG00000204130,0.5898108833899862,False,False
ENSG00000018189,0.009391379800097166,False,False
ENSG00000188282,0.5824917023508802,False,True
ENSG00000198863,0.026761071578449175,False,False
ENSG00000108309,0.47098871006320064,False,False
ENSG00000105784,0.06253692758107919,False,False
ENSG00000159216,0.8864204184047131,False,False
ENSG00000079102,0.0007302174392954144,False,False
ENSG00000124813,0.02614383283585492,False,True
ENSG00000020633,0.002288799673516974,False,True
ENSG00000160753,0.00010640327667562834,False,False
ENSG00000225855,0.0004315285190827829,True,False
ENSG00000198853,0.7419355118097588,False,False
ENSG00000175792,0.0002740400576641056,True,False
ENSG00000183207,0.12375510123331274,True,False
ENSG00000111832,0.30037535253441056,False,True
ENSG00000013392,0.7624115035808244,False,False
ENSG00000291523,0.00012097435950764698,False,True
ENSG00000122481,0.7668722115381088,False,False
ENSG00000182552,0.003692833587835196,False,True
ENSG00000171509,0.005050419809253524,False,True
ENSG00000133105,0.36669096210060714,False,False
ENSG00000182631,0.298590392249394,False,False
ENSG00000173080,0.7641240815824715,False,False
ENSG00000186350,0.017582764101747823,False,False
ENSG00000206289,0.33104749083823115,False,False
ENSG00000143171,0.36733453872036986,False,True
ENSG00000281766,0.6412496602955313,False,False
ENSG00000163785,0.8050743765976687,True,False
ENSG00000196218,0.0022230026517241204,False,True
ENSG00000198626,0.3516174539107019,False,False
ENSG00000198838,0.20083926557103307,False,False
ENSG00000160678,0.12520746726694668,False,False
ENSG00000197747,6.221103741990736e-05,True,False
ENSG00000163191,0.7462764190832842,False,False
ENSG00000163221,0.07398800540312281,False,True
ENSG00000189171,0.22900962416437856,False,False
ENSG00000189334,0.7888029805353111,True,False
ENSG00000188643,0.17994228732179748,False,False
ENSG00000196754,0.07604513247725042,False,False
ENSG00000188015,0.15326327478975782,True,False
ENSG00000196154,0.38526794056374664,False,False
ENSG00000196420,0.5931208409700607,False,False
ENSG00000197956,0.6264593656375133,False,False
ENSG00000143556,0.5208037732554954,False,False
ENSG00000184330,0.36787944117145116,False,False
ENSG00000197364,,False,False
ENSG00000143546,0.31228756855514384,False,False
ENSG00000163220,0.9590534611157338,False,False
ENSG00000160307,0.2893495711196366,False,False
ENSG00000169906,0.36787944117145116,False,False
ENSG00000163993,0.025171037417556337,False,False
ENSG00000116497,0.6325800730766368,False,True
ENSG00000171643,0.6040046353450024,False,True
ENSG00000170989,0.011836608979429071,False,True
ENSG00000267534,0.40210763052438364,False,False
ENSG00000213694,0.06217316557968197,False,True
ENSG00000125910,0.02439994194452047,False,True
ENSG00000180739,0.0011816012325058238,False,True
ENSG00000173432,0.14571451043171124,False,False
ENSG00000134339,0.1776821725514313,False,True
ENSG00000255071,0.05389280025307356,False,False
ENSG00000166787,0.06306503307829034,False,False
ENSG00000148965,0.0014144547167671447,False,True
ENSG00000166788,0.0010172855709004013,True,False
ENSG00000168061,0.005119636430029212,True,False
ENSG00000211456,0.012572088378453332,False,False
ENSG00000151835,0.9260649655225167,False,False
ENSG00000142230,9.663873920204654e-05,True,False
ENSG00000160633,0.9506977725270581,False,False
ENSG00000130254,0.7535677772790077,False,False
ENSG00000130561,0.9961001816629992,False,False
ENSG00000181433,0.17063494705681742,False,False
ENSG00000103449,0.1725742734570529,False,False
ENSG00000165821,0.11077084324322485,True,False
ENSG00000277015,0.5962796833959243,False,False
ENSG00000101115,0.15475798695686124,True,False
ENSG00000288488,0.004507368357806101,True,False
ENSG00000130590,0.0026975514375421933,True,False
ENSG00000187634,0.00023939765969624666,False,True
ENSG00000177570,0.1702410983957445,False,True
ENSG00000281641,0.694166954856021,False,False
ENSG00000203943,0.551003778645784,False,False
ENSG00000167100,0.1858094590598215,False,False
ENSG00000100583,0.8355537891832505,False,False
ENSG00000164483,0.0007496408123018272,False,True
ENSG00000020577,0.030455384647227007,False,True
ENSG00000179134,0.02504896667088215,False,False
ENSG00000203727,0.5063116857241694,False,True
ENSG00000187033,0.6810984720808795,False,False
ENSG00000156671,0.05039585354505495,False,False
ENSG00000205413,0.0048719616063703,False,True
ENSG00000177409,0.004745727914179857,False,True
ENSG00000101347,0.01828005727994793,False,True
ENSG00000100347,0.004886193227053068,True,False
ENSG00000155307,0.0020248973594342388,False,True
ENSG00000136715,0.0006052795585584971,False,False
ENSG00000150459,0.16012606390455805,False,True
ENSG00000205307,0.015330223256242125,False,False
ENSG00000164105,0.05780075017682039,True,False
ENSG00000161526,0.239950808373247,True,False
ENSG00000164576,0.8386310295131585,False,False
ENSG00000228727,0.02326473176312134,True,False
ENSG00000186193,0.0025151680618524463,True,False
ENSG00000079332,0.7039861495263369,False,True
ENSG00000152700,0.019701149999669265,False,False
ENSG00000123453,0.00016352868827035377,False,False
ENSG00000004139,0.42378380719059094,False,False
ENSG00000205323,0.018333455656677183,False,False
ENSG00000283104,0.2928771782877895,True,False
ENSG00000175467,0.008196208440762447,True,False
ENSG00000075856,0.03402528228336534,True,False
ENSG00000111961,0.013096111025803556,False,True
ENSG00000122122,0.011496337339239587,False,True
ENSG00000156876,0.0924453537785658,True,False
ENSG00000130066,0.01324980446257515,False,True
ENSG00000141504,0.037645821978377625,False,True
ENSG00000182568,3.2747322549876324e-05,False,True
ENSG00000119042,0.05603006841825464,True,False
ENSG00000184788,0.18635223216729938,False,False
ENSG00000151748,0.0167321552630434,False,False
ENSG00000112167,0.08404339774345629,True,False
ENSG00000126524,0.5446123134242818,False,False
ENSG00000291152,0.7462764190832948,False,False
ENSG00000100241,0.2392519230184117,True,False
ENSG00000248522,,False,False
ENSG00000133812,0.5279285318830353,False,False
ENSG00000188322,0.2531316914960054,False,False
ENSG00000187550,0.9452587884708898,False,False
ENSG00000139697,0.5351638569387906,False,False
ENSG00000064932,0.7462764190832948,False,True
ENSG00000189001,0.151660608699296,False,False
ENSG00000126461,0.02052232214449494,False,False
ENSG00000139218,0.5841040013440686,False,False
ENSG00000156304,0.14207708552231463,False,False
ENSG00000213079,0.7594521225252041,False,False
ENSG00000173611,0.24585481549216193,False,False
ENSG00000085365,0.6964970061782193,False,False
ENSG00000140497,0.01412793323002749,True,False
ENSG00000263290,5.0623050148851434e-05,True,False
ENSG00000227500,0.33266077951884626,False,False
ENSG00000198794,0.07235616678610683,False,False
ENSG00000171222,0.7206068006934967,False,False
ENSG00000232040,0.8634530530416704,False,False
ENSG00000114650,0.6173891676341228,False,False
ENSG00000140386,0.2611312474719291,False,False
ENSG00000168077,0.04577106927310079,False,False
ENSG00000168079,0.0006497731865383742,False,True
ENSG00000073060,0.39283309876564215,False,False
ENSG00000138760,0.028039610918596164,False,False
ENSG00000074660,0.0030669596613122313,False,True
ENSG00000244486,0.026839244078673517,False,False
ENSG00000252947,,False,False
ENSG00000239002,0.31023546159891496,False,False
ENSG00000251898,,False,False
ENSG00000238795,0.5160711456730123,True,False
ENSG00000252481,0.04111412154482537,False,False
ENSG00000252712,,False,False
ENSG00000277864,0.36669096210060714,False,False
ENSG00000275143,0.48051262646733195,False,False
ENSG00000251992,0.45099217093361643,False,False
ENSG00000238835,,False,False
ENSG00000278249,0.13439557572371044,False,False
ENSG00000252577,,False,False
ENSG00000252835,,False,False
ENSG00000249784,,False,False
ENSG00000251869,,False,False
ENSG00000310751,0.36787944117145116,False,False
ENSG00000252906,0.36787944117145116,False,False
ENSG00000280466,,False,False
ENSG00000280652,0.969617132185119,False,False
ENSG00000281388,0.7705574284381035,False,False
ENSG00000238741,0.15267617986527876,False,False
ENSG00000251733,,False,False
ENSG00000254911,0.7773822889285338,False,False
ENSG00000143653,0.6468856075164668,True,False
ENSG00000099194,0.042058563188110264,True,False
ENSG00000145284,0.0015543480583788572,False,False
ENSG00000136155,0.09487564488360092,False,False
ENSG00000092108,0.716415207307324,True,False
ENSG00000184178,0.4707046035904452,False,False
ENSG00000171951,0.007349237550962842,False,False
ENSG00000104112,0.04119923438008446,False,True
ENSG00000277614,0.018156065120366018,False,True
ENSG00000149021,0.3223293429802801,False,False
ENSG00000268751,0.40132646004563294,False,True
ENSG00000188076,0.36787944117145116,False,False
ENSG00000168515,,False,False
ENSG00000124935,0.11453898598791974,False,False
ENSG00000197745,,False,False
ENSG00000124939,0.045605849223373005,True,False
ENSG00000110484,,False,False
ENSG00000205209,0.08288593480241417,False,False
ENSG00000269811,,False,False
ENSG00000161055,0.003723069088742669,False,True
ENSG00000164265,0.9307169708150007,False,False
ENSG00000079689,0.651303345773445,False,False
ENSG00000151967,0.7528354471352348,False,False
ENSG00000161929,0.00022451777822899753,False,True
ENSG00000006747,0.3815401716215524,False,False
ENSG00000151466,0.06629368263435201,False,False
ENSG00000132330,0.40132646004563294,False,False
ENSG00000010803,0.6602295377331096,True,False
ENSG00000047634,0.3694925518545895,True,False
ENSG00000102098,0.010290153444869448,True,False
ENSG00000146285,0.003846756180062471,False,True
ENSG00000185313,0.5962796833959243,False,False
ENSG00000168356,0.0019213256038614745,False,True
ENSG00000144285,0.29494373326891904,False,False
ENSG00000105711,0.052394440609248784,False,True
ENSG00000136531,0.14828713784902875,False,True
ENSG00000149575,0.00587099400923425,False,True
ENSG00000153253,0.008807653883909673,False,True
ENSG00000166257,0.1725742734570529,False,False
ENSG00000007314,0.3368922200202556,False,False
ENSG00000177098,0.5645612667564943,False,False
ENSG00000183873,0.02066891608992667,False,False
ENSG00000136546,0.00016210395560434506,False,True
ENSG00000196876,0.25461271131954394,False,False
ENSG00000169432,0.030160704957958535,False,False
ENSG00000163156,0.00036971762263485024,True,False
ENSG00000111319,0.01828005727994793,False,False
ENSG00000168447,0.3135064082966834,False,False
ENSG00000162572,0.32498802543429023,False,False
ENSG00000166828,0.9724557455820773,False,False
ENSG00000133028,0.004125697531225403,False,True
ENSG00000284194,0.7638955157717768,False,False
ENSG00000153130,0.056963881454593294,False,True
ENSG00000116171,2.307608724818443e-05,False,True
ENSG00000121064,0.38752206154707847,False,False
ENSG00000164106,0.020737540012507057,False,False
ENSG00000274287,0.00030527055621679274,True,False
ENSG00000136193,0.7624115035808352,False,False
ENSG00000141295,0.7624115035808352,False,False
ENSG00000144306,0.6344279200793124,False,False
ENSG00000284923,0.025160282908362547,False,False
ENSG00000215397,0.47160231747853676,False,False
ENSG00000070031,0.7074187397372218,False,True
ENSG00000080293,0.0007545873667710004,False,False
ENSG00000159307,0.7865054977525469,False,False
ENSG00000175356,0.6264593656375133,False,False
ENSG00000146197,0.5640126163946804,False,False
ENSG00000142186,0.9703087278278311,False,False
ENSG00000136021,0.06993530104983008,False,False
ENSG00000000457,0.996118394014622,False,True
ENSG00000198301,0.6666801905045303,False,False
ENSG00000115884,0.6525710891123018,False,False
ENSG00000169439,0.009735382667346458,True,False
ENSG00000162512,0.00020812030344993153,False,True
ENSG00000124145,0.9590534611157338,True,False
ENSG00000214161,0.36137540641608995,False,False
ENSG00000137575,0.009318614026662857,True,False
ENSG00000125775,0.5309611546771208,False,True
ENSG00000276111,0.5305012779337728,False,False
ENSG00000132581,0.1858094590598215,False,False
ENSG00000128228,0.061811519492814486,True,False
ENSG00000078808,0.8634530530416704,False,True
ENSG00000073578,0.007393557030311296,False,True
ENSG00000205138,0.8484730417605634,False,False
ENSG00000167985,0.04157069748863386,False,False
ENSG00000185485,0.7941899068540217,False,False
ENSG00000215837,0.7773822889285338,True,False
ENSG00000185986,0.45099217093361643,True,False
ENSG00000117118,0.004507368357806039,False,False
ENSG00000143252,0.6264593656375133,True,False
ENSG00000204370,0.00011019359825607908,False,True
ENSG00000146555,0.04362933264920869,False,True
ENSG00000069188,0.0167321552630434,False,True
ENSG00000170786,0.6695818081741369,False,False
ENSG00000100445,0.9314831751655464,False,False
ENSG00000184860,0.015987175978714185,False,True
ENSG00000170426,0.7077789745753116,False,True
ENSG00000135094,0.00037007727009933663,False,True
ENSG00000139410,0.018986534159433462,False,True
ENSG00000274529,0.011344280870099773,False,False
ENSG00000140612,0.29689109581326834,False,False
ENSG00000166562,0.03172480869265962,True,False
ENSG00000157020,0.15597715923417643,True,False
ENSG00000129657,0.16518642360838853,False,True
ENSG00000100003,2.0735454763706585e-05,False,True
ENSG00000100012,2.075429906370124e-05,False,False
ENSG00000133488,0.0344916029358138,False,False
ENSG00000103184,0.48535109095743567,False,False
ENSG00000214491,0.6082481171613529,True,False
ENSG00000148396,0.039675172893414636,False,False
ENSG00000120341,0.735471448709095,False,False
ENSG00000121542,0.2850114120127689,False,False
ENSG00000265808,0.08404339774345629,False,True
ENSG00000093183,0.31656750785167814,False,False
ENSG00000100934,0.0382360433494947,False,False
ENSG00000101310,0.003201013508986908,False,False
ENSG00000107651,0.6758171240006762,False,False
ENSG00000113615,0.40132646004563294,False,False
ENSG00000138802,0.0035278776415851526,False,False
ENSG00000176986,0.24585481549216193,True,False
ENSG00000150961,0.002315660585677188,False,False
ENSG00000138674,0.7528354471352348,False,False
ENSG00000075826,0.0007710788031927583,False,True
ENSG00000058262,0.12891339107500147,False,False
ENSG00000065665,0.42378380719059094,False,False
ENSG00000106803,0.9135447234295009,False,False
ENSG00000132432,0.004801422862983926,True,False
ENSG00000008952,0.001377805856254729,False,False
ENSG00000025796,0.20083926557103307,False,True
ENSG00000187742,0.2546127113195458,False,False
ENSG00000138593,0.052394440609248784,False,True
ENSG00000141574,0.7376198545313661,False,False
ENSG00000085415,0.010553599589786342,False,False
ENSG00000071537,0.4946337083554061,False,False
ENSG00000101251,0.04795894579825828,False,False
ENSG00000091490,0.3485540105612531,False,False
ENSG00000007908,0.00022277818190445694,False,True
ENSG00000143416,0.0004765187896498015,False,False
ENSG00000188404,0.07974465034866392,False,True
ENSG00000174175,9.505453334777983e-05,False,True
ENSG00000110876,0.015330223256242125,False,True
ENSG00000075213,0.07130855732328323,False,False
ENSG00000012171,0.10800570596723044,True,False
ENSG00000075223,0.013483733191660133,False,False
ENSG00000153993,0.3785839430081581,False,True
ENSG00000170381,0.9590534611157338,False,False
ENSG00000001617,0.003653548496617661,False,False
ENSG00000010319,0.1374571063828397,False,False
ENSG00000196189,0.8145225744292595,False,False
ENSG00000185033,0.6338113721005718,False,True
ENSG00000168758,0.7535677772790077,False,False
ENSG00000187764,0.009510838020894254,False,True
ENSG00000135622,0.014759795383680283,True,False
ENSG00000095539,0.9759857983375362,False,False
ENSG00000112902,0.008463452806932831,False,True
ENSG00000082684,0.0015170216306513086,False,False
ENSG00000092421,0.36627337292004375,False,True
ENSG00000167680,0.12231958217487691,False,False
ENSG00000143434,0.7376198545313661,True,False
ENSG00000137872,0.0017247656826091052,False,True
ENSG00000138623,0.5762070137928841,False,False
ENSG00000124233,0.8315497217649173,False,False
ENSG00000124157,0.5962796833959243,False,False
ENSG00000079387,0.0472634740216183,True,False
ENSG00000163904,0.8924739978144933,True,False
ENSG00000161956,0.34585336351023777,False,False
ENSG00000277957,0.12414191957684602,False,False
ENSG00000119231,0.9797889530019297,False,False
ENSG00000112701,0.41562260194879497,False,False
ENSG00000138468,0.8994430127919598,False,False
ENSG00000166192,0.034025282283365106,False,True
ENSG00000086475,0.08831589317703879,False,False
ENSG00000179918,0.6338113721005718,False,True
ENSG00000109618,0.0003217265943648837,False,False
ENSG00000122335,0.4431679264255014,True,False
ENSG00000142864,0.35991891133236653,False,True
ENSG00000275581,0.37419249198925336,False,False
ENSG00000205572,0.003363742717552841,False,False
ENSG00000140264,0.13745710638283778,False,False
ENSG00000129158,0.21750735656533157,True,False
ENSG00000172250,0.6228154048378303,False,False
ENSG00000183569,0.9506977725270581,False,False
ENSG00000111897,0.0035244491893365905,False,True
ENSG00000168528,0.24561588954839772,True,False
ENSG00000132824,0.656389144107828,False,False
ENSG00000184716,0.6173891676341228,False,False
ENSG00000164300,0.061811519492814486,False,False
ENSG00000120742,0.08396172292214722,False,False
ENSG00000151778,0.016895633746738484,False,True
ENSG00000197249,0.0005911593156738672,False,True
ENSG00000140093,0.0002015486382145438,False,False
ENSG00000186910,2.2631689229632467e-05,False,True
ENSG00000165953,0.6054995210132981,True,False
ENSG00000196136,0.002721260233770995,False,False
ENSG00000100665,3.2747322549876324e-05,False,False
ENSG00000188488,0.0005867372823788047,False,True
ENSG00000277405,0.011790663927167938,False,True
ENSG00000123561,0.0015894989912441225,False,True
ENSG00000170054,0.9298427706269661,False,True
ENSG00000021355,0.00026980990505398464,True,False
ENSG00000242550,0.066623311422591,False,False
ENSG00000206072,0.20468847405526705,False,False
ENSG00000166634,,False,False
ENSG00000197641,0.5962796833959243,False,False
ENSG00000197632,0.829560013284163,False,False
ENSG00000057149,0.33262581458205576,False,False
ENSG00000206073,,False,False
ENSG00000206075,0.43538457587666546,False,False
ENSG00000124570,0.3684163607179038,False,False
ENSG00000166396,0.32962187665298015,False,False
ENSG00000166401,0.9816960841823692,False,False
ENSG00000170542,0.024951736451925107,False,True
ENSG00000117601,1.827341660372359e-05,False,False
ENSG00000099937,0.05554191022657291,False,False
ENSG00000106366,0.6301246464787518,True,False
ENSG00000135919,0.0344916029358138,False,False
ENSG00000253309,0.06048859390292565,False,True
ENSG00000132386,0.13080728562909524,False,True
ENSG00000167711,0.0009008663723077273,False,True
ENSG00000149131,4.5311731772255964e-05,False,True
ENSG00000149257,0.03409151152239386,True,False
ENSG00000163536,0.0005627124214310323,False,False
ENSG00000114204,0.7766696595238248,False,False
ENSG00000197019,0.4431679264255014,False,True
ENSG00000179833,0.05249642488970277,False,False
ENSG00000167565,0.47622870216349256,False,False
ENSG00000281230,0.020102609069788484,False,False
ENSG00000180440,0.5962796833959243,False,False
ENSG00000080546,8.984248381018152e-05,False,True
ENSG00000285069,0.173246749075213,False,True
ENSG00000149212,0.0009212390894754646,False,True
ENSG00000187231,0.0374268454460028,True,False
ENSG00000119335,0.017997881627690844,False,False
ENSG00000152217,0.38752206154707847,False,False
ENSG00000099381,0.30866513398957124,False,False
ENSG00000139718,0.6797711866145533,False,True
ENSG00000181555,0.7888029805353111,False,False
ENSG00000183576,0.33104749083823115,False,False
ENSG00000185917,0.43378906487122426,True,False
ENSG00000168137,0.26964565449590083,False,False
ENSG00000103037,0.08178625457008354,True,False
ENSG00000145391,0.004272664061538916,False,True
ENSG00000155542,0.12520746726694668,False,False
ENSG00000143379,0.001161101681626549,True,False
ENSG00000136169,0.0006159659259139283,False,True
ENSG00000170364,0.6602295377331096,False,False
ENSG00000107290,0.3974433123556129,False,False
ENSG00000063015,0.22239446728925186,False,False
ENSG00000100095,3.824303612957427e-05,False,True
ENSG00000174938,0.021088698726644022,True,False
ENSG00000168066,0.5122536621554425,True,False
ENSG00000099995,0.466603621482233,False,False
ENSG00000104897,0.11023364331299876,True,False
ENSG00000183431,0.4951148695123805,False,False
ENSG00000115524,0.716415207307324,False,False
ENSG00000087365,0.0064526337800191,False,False
ENSG00000189091,0.10800570596723044,True,False
ENSG00000143368,0.00014216362962268803,False,False
ENSG00000169976,0.7039861495263369,False,False
ENSG00000198089,0.06590806850830239,False,False
ENSG00000163935,0.26886027935922086,False,False
ENSG00000198879,0.0719352886735801,False,True
ENSG00000175793,0.002036744604290185,False,False
ENSG00000116560,0.23532984890796718,False,False
ENSG00000156384,0.3006675464340772,True,False
ENSG00000104332,2.3483501544559067e-05,False,True
ENSG00000145423,0.22341099667972422,True,False
ENSG00000106483,0.005385135610889949,False,False
ENSG00000120057,0.0003625582610501181,False,True
ENSG00000061936,0.027633639139866543,True,False
ENSG00000198818,0.255356467494421,False,True
ENSG00000213064,0.018156065120366018,False,False
ENSG00000173349,0.00419853778956994,False,False
ENSG00000225383,0.00035669352094349515,True,False
ENSG00000206465,0.12954910524726257,False,False
ENSG00000257520,,False,False
ENSG00000122852,0.36787944117145116,False,False
ENSG00000185303,0.6275474738515242,False,False
ENSG00000168878,0.4900905564976037,False,False
ENSG00000168484,0.32962187665298015,False,False
ENSG00000133661,0.0003896575777421734,False,True
ENSG00000164466,3.0533252727768516e-05,False,False
ENSG00000156398,0.00271069737375976,False,True
ENSG00000107819,0.512751963343949,False,False
ENSG00000183605,0.7419355118097588,True,False
ENSG00000144040,0.00028965623024380797,False,True
ENSG00000108823,0.00019709149625346463,False,True
ENSG00000163069,0.26419583350005504,False,True
ENSG00000170624,0.0004968636358346841,False,False
ENSG00000127990,0.0003751492243189087,True,False
ENSG00000102683,0.9115927055331845,False,False
ENSG00000185053,0.6603640718948286,False,False
ENSG00000118473,0.10613191944448408,False,False
ENSG00000118515,0.010250211123667237,False,True
ENSG00000101049,0.735471448709095,False,True
ENSG00000104205,0.7888029805353111,False,False
ENSG00000198964,0.2581022096483296,False,False
ENSG00000164023,0.20860118313211531,False,True
ENSG00000166224,0.0885738751550377,False,False
ENSG00000285281,0.002379568359792589,False,True
ENSG00000163082,0.48563939820518653,False,False
ENSG00000181523,0.2634263316171772,False,False
ENSG00000167037,0.0979987853811823,True,False
ENSG00000141258,0.6784506019178687,False,True
ENSG00000100359,0.12816353343155473,True,False
ENSG00000104969,0.4576177946128047,False,False
ENSG00000197860,0.7206068006934967,False,False
ENSG00000178188,0.936933085603705,True,False
ENSG00000160999,0.8370018293859048,True,False
ENSG00000111252,0.36520655802604113,False,True
ENSG00000183918,0.0010054853880364552,False,True
ENSG00000198574,0.0002366207244457842,False,True
ENSG00000027869,0.19130909668625085,False,True
ENSG00000125731,0.5695231992134334,False,False
ENSG00000095370,0.22834260631380535,False,False
ENSG00000104611,0.4213187605081594,False,False
ENSG00000178217,0.12730690515262777,True,False
ENSG00000189410,0.024027241587373977,True,False
ENSG00000152292,0.25571302710801463,True,False
ENSG00000183476,0.3474863391338242,False,False
ENSG00000185437,0.17664863884262993,False,True
ENSG00000131171,0.010250211123667237,False,True
ENSG00000198478,0.0071810115468953295,False,False
ENSG00000142669,0.5063116857241694,False,True
ENSG00000100092,0.28835625105277746,False,True
ENSG00000087266,0.045815593656043575,False,False
ENSG00000130147,0.2720155718170159,True,False
ENSG00000131370,0.0022887996735169573,False,True
ENSG00000175137,0.00020213738746996504,True,False
ENSG00000109686,0.025466439864908118,False,True
ENSG00000141985,0.8659753094387994,False,False
ENSG00000266777,0.7376198545313661,False,True
ENSG00000264943,0.6264593656375133,False,False
ENSG00000107295,2.4070957604711633e-05,False,True
ENSG00000291608,0.026968957443394895,False,False
ENSG00000097033,0.07881963825426955,False,True
ENSG00000148341,0.2581022096483296,False,False
ENSG00000147010,0.6758171240006762,False,False
ENSG00000107957,0.20860118313211531,False,False
ENSG00000174705,0.00521002493703222,False,False
ENSG00000154447,0.08371717438774316,False,False
ENSG00000156463,0.4466284686086408,False,False
ENSG00000172985,0.8370018293859048,False,False
ENSG00000125089,0.9874397796982158,False,False
ENSG00000169247,0.026761071578449175,False,True
ENSG00000035115,0.21624216950861125,False,True
ENSG00000161681,0.08837258120761296,False,False
ENSG00000162105,0.6002241472793903,False,False
ENSG00000292254,0.5898108833899862,True,False
ENSG00000179526,0.0004508283370385134,True,False
ENSG00000107338,0.9816960841823692,False,False
ENSG00000129214,0.02637361114396026,False,False
ENSG00000160691,7.19791069629307e-05,True,False
ENSG00000129946,0.4794809831420318,False,False
ENSG00000148082,0.7941899068540217,False,False
ENSG00000185634,0.032123370194118296,False,False
ENSG00000171241,0.0006782041382053894,True,False
ENSG00000157060,0.36787944117145116,False,False
ENSG00000105251,0.022031876357667592,False,True
ENSG00000169291,0.5414444368946989,False,False
ENSG00000138606,0.08396172292214722,False,True
ENSG00000164690,0.09573846307356816,False,False
ENSG00000180730,0.009771372087877655,False,False
ENSG00000178343,0.005317493659497008,False,False
ENSG00000198892,0.026761071578449175,False,False
ENSG00000164054,0.1492998265752604,False,False
ENSG00000188803,0.3919295268150306,False,False
ENSG00000187902,0.9068085208796394,False,False
ENSG00000234965,0.6288904998128129,False,False
ENSG00000237515,0.8924739978144933,True,False
ENSG00000160410,0.0542608472194719,False,False
ENSG00000176974,5.2222857430762346e-05,False,False
ENSG00000182199,0.8786975403013207,False,False
ENSG00000108061,0.023606518977166754,False,True
ENSG00000185960,0.10695678843192086,False,False
ENSG00000168779,0.2080546170087091,True,False
ENSG00000197417,4.5932734594441225e-05,False,True
ENSG00000146414,0.03677752865336121,False,False
ENSG00000144736,0.2211323959556799,True,False
ENSG00000164403,0.47207959171908154,True,False
ENSG00000146950,0.3101693470724283,False,True
ENSG00000138771,0.06056224396732265,False,False
ENSG00000158352,0.05373583104307887,False,False
ENSG00000090402,0.5962796833959243,False,False
ENSG00000110013,0.09298623193068865,False,True
ENSG00000196470,0.18617113185875345,False,False
ENSG00000181788,0.7706093981732294,True,False
ENSG00000215475,0.624544150360381,False,False
ENSG00000072858,0.08083756052851754,False,True
ENSG00000149577,0.3749208469750593,False,False
ENSG00000185187,0.05696388145459248,False,True
ENSG00000088827,0.0006397714139681936,False,True
ENSG00000142512,0.010072380635112751,False,True
ENSG00000161640,1.881427803255377e-05,False,True
ENSG00000254521,0.7683649063695428,False,False
ENSG00000254415,0.13441731488568587,False,False
ENSG00000197046,0.2129041999228439,False,False
ENSG00000161643,7.156042211510632e-05,False,False
ENSG00000105501,0.02048245363418146,False,True
ENSG00000105492,0.03178486590490935,False,False
ENSG00000168995,0.0011611016816265337,False,True
ENSG00000105366,0.04754000258088901,False,True
ENSG00000129450,0.001495057418253519,False,False
ENSG00000147955,0.29004336230118133,False,False
ENSG00000142178,0.23995080837324365,False,False
ENSG00000170145,0.2581022096483296,False,True
ENSG00000160584,0.04809792289527884,False,False
ENSG00000052723,0.019932358901750012,False,True
ENSG00000120725,0.7528354471352348,False,False
ENSG00000112246,0.6660322992139482,False,True
ENSG00000159263,0.5218047320440177,False,False
ENSG00000169375,0.9932170803579593,False,False
ENSG00000127511,0.9135447234295009,False,False
ENSG00000213445,0.6173891676341228,False,False
ENSG00000197555,0.7213077800163539,False,False
ENSG00000116991,0.04280111801309059,True,False
ENSG00000105738,0.07242655215680929,True,False
ENSG00000198053,0.8668176978057169,False,False
ENSG00000101307,0.10070336319299901,False,True
ENSG00000196209,0.07881963825426844,False,True
ENSG00000125900,0.08742652479911481,False,True
ENSG00000089012,0.018422799806099538,False,True
ENSG00000096717,0.003063979137094701,False,True
ENSG00000283100,0.8011700468456162,False,False
ENSG00000142082,0.06501700254173598,False,True
ENSG00000089163,0.8224807192892474,False,False
ENSG00000124523,0.0017247656826091177,False,False
ENSG00000077463,0.5863800978415652,True,False
ENSG00000187531,0.013249804462575334,False,False
ENSG00000137078,0.03165260489862413,False,True
ENSG00000184990,0.9153229121112986,False,False
ENSG00000126778,0.001839245033908943,False,False
ENSG00000170577,0.0001928327935660166,True,False
ENSG00000138083,0.07891082019745034,False,False
ENSG00000100625,0.0020686772366457725,True,False
ENSG00000177045,0.010739926123606799,True,False
ENSG00000184302,,False,False
ENSG00000262634,6.467818830418386e-05,False,False
ENSG00000182628,0.12520746726694668,True,False
ENSG00000165480,8.862782858682298e-05,True,False
ENSG00000141293,2.939712978260494e-05,False,True
ENSG00000005020,0.7039861495263369,True,False
ENSG00000157933,0.7108643183251449,False,True
ENSG00000136603,0.3021327849956549,False,True
ENSG00000188779,0.2080546170087074,False,False
ENSG00000113558,0.10821593598552688,True,False
ENSG00000256211,0.20950028088556832,False,False
ENSG00000145604,0.7462764190832948,False,False
ENSG00000155926,0.01425210372235738,False,True
ENSG00000101082,0.007244125501688712,False,True
ENSG00000139737,0.01011162999863732,False,True
ENSG00000109171,0.551003778645784,False,True
ENSG00000117090,0.08083756052851754,False,False
ENSG00000162739,0.0011465179887125392,False,True
ENSG00000026751,0.008504697622224352,False,True
ENSG00000158714,0.33754797109326373,False,False
ENSG00000162723,0.936933085603705,True,False
ENSG00000163950,0.0001060933644387019,True,False
ENSG00000100652,1.5947894196277206e-05,False,True
ENSG00000125255,0.2264718537281993,False,False
ENSG00000126903,0.6602295377331096,False,False
ENSG00000145248,0.7870371568293704,False,True
ENSG00000253598,0.5695231992134334,False,False
ENSG00000145283,0.2744348330763044,False,False
ENSG00000120519,0.025941266625422576,False,True
ENSG00000018280,0.3882763621588816,True,False
ENSG00000110911,0.5182653724777226,False,False
ENSG00000074803,0.21864314011283503,False,True
ENSG00000064651,0.39168892550161427,False,False
ENSG00000070915,0.0570149072184237,False,True
ENSG00000124067,0.504836992537959,False,False
ENSG00000124140,0.1326842112531407,True,False
ENSG00000140199,0.07920374879346577,False,True
ENSG00000113504,0.15267617986527876,False,False
ENSG00000221955,0.09914888025247717,True,False
ENSG00000146828,0.040297210976628944,False,False
ENSG00000081800,0.367700641932594,False,False
ENSG00000007216,0.770014030804491,False,False
ENSG00000158296,0.7108643183251449,False,True
ENSG00000164707,0.012498185330263168,False,True
ENSG00000141485,0.0035141838106158697,False,False
ENSG00000141469,3.444556566366027e-05,False,True
ENSG00000132874,0.01650593934684886,False,False
ENSG00000088386,0.9003179572879716,False,False
ENSG00000163406,0.03786607969598677,False,True
ENSG00000110446,0.08771685357050264,False,True
ENSG00000139370,0.3475388054239949,True,False
ENSG00000188991,0.12713573293203653,False,False
ENSG00000281917,0.16908636670555338,False,False
ENSG00000112394,0.0010974359176730807,False,True
ENSG00000174326,0.6917727229543855,False,False
ENSG00000152779,0.03786607969598677,False,True
ENSG00000174327,0.7234148119575123,False,False
ENSG00000163053,0.40682668823286516,False,True
ENSG00000147100,7.541798719053853e-05,False,True
ENSG00000141526,0.005119636430029212,False,False
ENSG00000168679,5.242635588756743e-05,False,True
ENSG00000170190,0.04406795685040955,False,True
ENSG00000108932,0.3435074679376159,False,False
ENSG00000118596,0.7826912205822796,False,True
ENSG00000100156,0.9970873807028403,True,False
ENSG00000165449,0.12728130281119035,False,True
ENSG00000124568,0.06062115665136346,False,True
ENSG00000112337,0.009483136570542498,False,False
ENSG00000124564,0.412001518064424,False,False
ENSG00000146039,0.5574702528721746,False,False
ENSG00000119899,0.013923381811684897,True,False
ENSG00000091664,0.12713573293203653,False,False
ENSG00000104888,0.17510959949224483,False,True
ENSG00000179520,0.00020918724692604415,False,True
ENSG00000101194,0.6155909480306143,False,False
ENSG00000036565,0.7616871280584805,False,False
ENSG00000165646,0.04157069748863386,False,False
ENSG00000187714,0.12713573293203653,False,False
ENSG00000173638,0.8169018986631806,True,False
ENSG00000117479,0.35574396863052726,False,False
ENSG00000135917,8.984248381018152e-05,False,False
ENSG00000106688,0.01369513480474571,False,True
ENSG00000110436,0.021755151136953622,False,True
ENSG00000079215,0.08720662610258513,False,False
ENSG00000115902,0.0004601280057886357,True,False
ENSG00000105281,0.329121868610169,True,False
ENSG00000105143,0.5962796833959243,False,False
ENSG00000162383,0.04913783790562352,False,True
ENSG00000144136,0.7941899068540217,False,False
ENSG00000168575,0.33266077951884626,False,False
ENSG00000175003,1.7713624466979626e-05,False,True
ENSG00000184999,0.0004281849734996593,False,False
ENSG00000168065,0.018156065120366018,False,False
ENSG00000197891,0.5300293989198123,True,False
ENSG00000172940,0.88054777463308,False,False
ENSG00000144671,0.058609934396411247,False,True
ENSG00000163393,0.009391379800097166,True,False
ENSG00000004809,0.6085672257283975,True,False
ENSG00000092096,0.0979987853811823,False,True
ENSG00000112499,0.46209590460074834,False,False
ENSG00000137266,0.005889040903399788,True,False
ENSG00000197658,0.020785571366483246,False,True
ENSG00000196600,0.009077166505166611,False,True
ENSG00000146477,0.00966934834902933,False,False
ENSG00000259803,0.24585481549216193,True,False
ENSG00000197208,0.019701149999669265,False,False
ENSG00000197375,0.42875725233373474,True,False
ENSG00000197901,,False,False
ENSG00000137204,0.00022408160978305413,False,True
ENSG00000149452,0.03412319987521723,False,False
ENSG00000149742,0.90999870276312,True,False
ENSG00000170482,0.8240816544909277,False,False
ENSG00000089057,0.0035244491893365905,False,True
ENSG00000213901,0.08594400412046574,False,True
ENSG00000074621,0.33558453716259506,False,True
ENSG00000155886,0.03726787782036547,False,False
ENSG00000185052,0.009391379800097233,False,False
ENSG00000140090,2.942572621010065e-05,False,True
ENSG00000188467,0.8876842383712338,False,False
ENSG00000100075,0.5645612667564903,False,False
ENSG00000183048,0.26342633161717544,False,True
ENSG00000108528,0.3826546990822456,False,True
ENSG00000115840,0.052394440609248784,False,False
ENSG00000004864,0.0009918913952304573,False,False
ENSG00000102078,0.7122479953939524,False,False
ENSG00000102743,0.0007824068889251013,False,True
ENSG00000122912,0.512751963343949,False,True
ENSG00000100372,0.1609064038059837,False,False
ENSG00000182902,0.30866513398957124,False,False
ENSG00000125454,0.02739288292284006,True,False
ENSG00000120329,0.864823893921854,False,False
ENSG00000178537,0.00011681321282780751,False,True
ENSG00000183032,0.08034636590418184,False,True
ENSG00000177542,0.90999870276312,False,False
ENSG00000125648,0.30657148318941785,False,False
ENSG00000284468,0.8786975403013207,False,False
ENSG00000148339,0.0017706434792751364,False,False
ENSG00000282739,0.936933085603705,False,False
ENSG00000153291,0.0058037763675435105,False,True
ENSG00000155287,0.09573846307356816,False,True
ENSG00000197119,0.5182653724777226,False,False
ENSG00000075415,0.14571451043171124,False,False
ENSG00000174032,0.013483733191660133,False,False
ENSG00000151475,0.36787944117145116,False,False
ENSG00000164933,0.11141893994634149,True,False
ENSG00000171612,0.1776821725514313,True,False
ENSG00000162461,0.00013203733124401637,False,True
ENSG00000125434,0.1440242693448326,False,False
ENSG00000114120,0.017531552203727797,False,True
ENSG00000147454,0.2278990074125342,False,False
ENSG00000144659,0.037645821978377625,False,False
ENSG00000013306,0.000295343947739202,True,False
ENSG00000151729,0.045108372402551396,False,False
ENSG00000075303,0.8224807192892474,False,False
ENSG00000181240,0.6966368543832995,False,False
ENSG00000181035,0.013172733592997046,False,True
ENSG00000077713,0.026683126764957106,True,False
ENSG00000160785,0.042058563188110264,False,False
ENSG00000162241,0.07242655215680929,True,False
ENSG00000164209,0.5706317598354691,False,False
ENSG00000140107,1.9371148021334185e-05,False,True
ENSG00000145832,0.0018629872858434613,False,False
ENSG00000005022,0.9506977725270581,False,False
ENSG00000224281,0.5182653724777226,False,False
ENSG00000169100,0.6013924664189623,False,False
ENSG00000145217,0.5048369925379625,False,False
ENSG00000181045,0.4084119826291387,True,False
ENSG00000155850,0.08619505750828416,True,False
ENSG00000091138,0.40108144920789546,True,False
ENSG00000091137,0.46979017045706384,False,False
ENSG00000170615,0.0020701886581864725,False,True
ENSG00000225697,7.303656761576793e-05,True,False
ENSG00000147606,0.7039861495263369,False,False
ENSG00000112053,0.3036584810642465,False,False
ENSG00000174502,0.9982899462144716,False,True
ENSG00000130304,0.11141893994634149,False,True
ENSG00000140284,6.40523761973028e-05,False,False
ENSG00000143554,0.17510959949224233,True,False
ENSG00000167114,0.7108643183251449,False,True
ENSG00000083807,3.878368310723017e-05,False,True
ENSG00000113396,0.045111296391167816,False,False
ENSG00000156222,0.0001677153121860176,False,False
ENSG00000137860,0.04923348330203507,False,False
ENSG00000197506,0.00817613129700925,False,True
ENSG00000112759,0.6013924664189623,False,False
ENSG00000174669,0.06056224396732265,False,False
ENSG00000198246,0.9314831751655464,False,False
ENSG00000164638,0.034191097171807044,True,False
ENSG00000117394,0.4388799297915562,True,False
ENSG00000197496,0.02637361114396045,False,True
ENSG00000275744,0.21920579487202158,True,False
ENSG00000146411,0.0018879926054788214,False,True
ENSG00000151229,0.512751963343949,False,False
ENSG00000173262,0.7911071745580447,False,False
ENSG00000163581,2.151589653913592e-05,False,True
ENSG00000059804,0.9260649655225167,False,False
ENSG00000288174,0.08831589317703879,True,False
ENSG00000125520,0.9506977725270581,False,True
ENSG00000142583,0.02439994194452047,False,False
ENSG00000160326,0.34051468229391474,False,False
ENSG00000197241,0.8286935958838074,False,False
ENSG00000136856,0.6301246464787518,False,False
ENSG00000109667,0.0374268454460028,False,True
ENSG00000170385,0.23786025314076092,False,False
ENSG00000196660,0.6108212600394947,False,False
ENSG00000158014,0.3383211691065646,False,False
ENSG00000115194,0.016203032141360735,True,False
ENSG00000104154,0.039675172893414636,False,True
ENSG00000145740,0.7668722115381088,True,False
ENSG00000152683,0.6344279200793124,True,False
ENSG00000162695,0.27520789417939867,False,True
ENSG00000164756,0.2459496403079886,False,False
ENSG00000014824,0.04157069748863386,False,True
ENSG00000136868,0.021088698726644022,False,False
ENSG00000136867,0.0006632060109575383,False,True
ENSG00000101438,0.3223293429802801,False,False
ENSG00000169359,0.47622870216349256,False,False
ENSG00000131183,0.0030931837183007143,False,False
ENSG00000157765,0.0036273271865176196,False,True
ENSG00000198569,0.1976032621140411,True,False
ENSG00000164414,0.00022715267563360472,False,True
ENSG00000102100,0.035305927054232966,True,False
ENSG00000117620,0.012498959617460711,False,False
ENSG00000176087,0.050005379159060385,True,False
ENSG00000138459,0.24158949047348857,False,True
ENSG00000121073,0.03429097372359302,False,False
ENSG00000157593,7.59330348641997e-05,True,False
ENSG00000124786,0.8003914559964804,False,False
ENSG00000205060,0.2434759776783048,False,False
ENSG00000181830,0.8370018293859048,False,False
ENSG00000116704,2.623617394135293e-05,False,True
ENSG00000130958,0.010290153444869448,False,False
ENSG00000182747,0.7972320868164201,False,False
ENSG00000127526,0.843537681746238,False,False
ENSG00000189339,0.6102276534195306,False,False
ENSG00000175782,0.004373538857114227,True,False
ENSG00000100036,0.004335434694831162,False,False
ENSG00000196376,0.06145197701271806,False,False
ENSG00000110660,0.3826546990822456,False,False
ENSG00000183780,0.5016879771134715,False,True
ENSG00000151812,0.4175232694333961,False,False
ENSG00000115084,0.6544773324202532,False,False
ENSG00000176273,0.07851369147465535,False,False
ENSG00000164729,0.49119825514644355,False,False
ENSG00000285084,0.5278516464645704,False,False
ENSG00000259224,0.9271221112501394,False,False
ENSG00000123643,0.03350005929995229,True,False
ENSG00000186335,0.9310942849821079,False,True
ENSG00000186334,0.45936362907633166,False,False
ENSG00000180773,0.8668176978057108,False,False
ENSG00000160190,0.6173891676341228,False,False
ENSG00000134955,0.15597715923417532,False,True
ENSG00000157800,0.46119117072507054,False,False
ENSG00000137700,0.0017706434792751364,False,False
ENSG00000111371,0.13272900379834746,True,False
ENSG00000157637,0.7706093981732294,False,False
ENSG00000169507,0.026067685803835845,False,True
ENSG00000134294,0.08396172292214722,False,False
ENSG00000188338,0.1858094590598215,False,False
ENSG00000139209,3.89348127092821e-05,False,False
ENSG00000017483,0.31016934707242383,False,True
ENSG00000139974,0.0011644934075969067,False,False
ENSG00000103042,0.10119411935468373,True,False
ENSG00000166558,0.017804846835905882,False,False
ENSG00000177058,0.08695262640055974,True,False
ENSG00000143570,9.468556910219905e-05,True,False
ENSG00000196950,0.42626327633819006,False,False
ENSG00000133195,0.6108212600394947,False,False
ENSG00000148482,1.445203701070825e-05,False,True
ENSG00000165915,0.02319697045644532,True,False
ENSG00000104635,0.004202621969977131,False,False
ENSG00000165794,0.038724848691374665,False,True
ENSG00000141873,0.4794809831420318,True,False
ENSG00000285243,0.5182653724777226,False,False
ENSG00000139540,0.6108212600394947,False,True
ENSG00000141424,0.016346231461555203,False,False
ENSG00000229802,0.0002366207244457842,True,False
ENSG00000138821,0.0004281849734996593,False,False
ENSG00000029364,0.8050743765976687,False,False
ENSG00000138079,0.9912875674532804,False,False
ENSG00000168003,0.010533097217241593,False,False
ENSG00000138449,0.01780641661724578,False,False
ENSG00000133065,0.07478808165730312,True,False
ENSG00000136052,0.00027537553289137275,False,True
ENSG00000114544,0.001726443470105863,True,False
ENSG00000149150,0.29344725534065114,False,True
ENSG00000167703,0.571186849052267,False,True
ENSG00000134802,0.021628606747512085,False,True
ENSG00000070214,0.9047054630375765,False,False
ENSG00000129353,0.00896315529414574,False,True
ENSG00000143036,0.39283309876564215,False,False
ENSG00000204385,0.23237405416209425,True,False
ENSG00000137968,0.14449415991821196,False,False
ENSG00000162426,0.596152875121186,False,False
ENSG00000164175,0.27520789417939867,False,False
ENSG00000158715,0.01425210372235738,False,True
ENSG00000022567,0.0061225871208385515,True,False
ENSG00000076351,0.5542275848558886,False,False
ENSG00000119457,0.9534748818673352,True,False
ENSG00000139508,1.2265722271055158e-05,False,True
ENSG00000142494,0.007837707131853753,False,True
ENSG00000180638,0.21595257489283048,True,False
ENSG00000211584,0.0034734204175539923,True,False
ENSG00000004939,0.9816960841823692,False,False
ENSG00000144290,0.00045082833703851007,False,False
ENSG00000088836,0.035305927054232966,False,False
ENSG00000163798,0.004335434694831162,False,False
ENSG00000164889,0.000674915084831272,True,False
ENSG00000114923,0.46281619261324647,False,False
ENSG00000080493,0.0007554944932622244,False,False
ENSG00000188687,0.7594521225252041,False,False
ENSG00000033867,0.9646646794477719,False,False
ENSG00000050438,0.025916056455759805,False,True
ENSG00000113073,0.41263207253566414,False,False
ENSG00000169241,0.00012168215481968952,True,False
ENSG00000100170,0.0011088152871723748,False,True
ENSG00000154025,0.4865251421327479,True,False
ENSG00000158865,0.005963193498710663,True,False
ENSG00000148942,0.4815823580403401,False,True
ENSG00000140675,0.812546094895027,False,False
ENSG00000198743,0.0010172855709004091,False,False
ENSG00000100191,0.31656750785167814,False,True
ENSG00000105641,0.6084502925805204,False,True
ENSG00000138074,0.6958201383926648,True,False
ENSG00000115665,0.07891082019744934,False,False
ENSG00000256870,0.21280292390981684,False,False
ENSG00000117834,0.7248229182033002,False,False
ENSG00000157103,0.0030108222898554823,False,True
ENSG00000290985,0.02460887096082757,True,False
ENSG00000132164,0.9620337929963342,False,False
ENSG00000111181,0.031053409498759472,False,True
ENSG00000010379,9.663873920204654e-05,False,False
ENSG00000268104,0.18164170138154623,False,False
ENSG00000072041,0.2280680003128306,False,False
ENSG00000063127,0.0012784213090813053,False,False
ENSG00000197106,0.23356609459506564,False,False
ENSG00000164363,0.16895653641471436,False,False
ENSG00000174358,0.28659652242267436,False,True
ENSG00000103546,0.22802822999556835,False,True
ENSG00000163817,0.02383716218284109,False,True
ENSG00000276996,0.16102347589509347,False,False
ENSG00000108576,0.5278516464645704,False,False
ENSG00000165970,0.5962796833959243,False,False
ENSG00000131389,0.9590534611157338,False,False
ENSG00000011083,0.3094109238464055,False,False
ENSG00000130821,0.00014467356531975168,True,False
ENSG00000196517,0.0006491704344010326,False,False
ENSG00000139514,0.01564645448315455,True,False
ENSG00000130876,0.008592586652803332,False,False
ENSG00000151012,0.00016722682133131904,True,False
ENSG00000164893,0.06431025936899999,False,False
ENSG00000013293,0.1517880998955445,False,False
ENSG00000003989,0.004335434694831099,False,False
ENSG00000165349,0.36787944117145116,False,False
ENSG00000099960,0.011732438329370286,False,True
ENSG00000103257,0.7888029805353111,True,False
ENSG00000260727,0.24261779290939697,False,False
ENSG00000258186,0.38752206154707847,True,False
ENSG00000103064,0.027633639139866543,True,False
ENSG00000103061,0.006028077295849312,True,False
ENSG00000155465,0.14973595039385398,False,True
ENSG00000092068,0.00021679505573437132,False,True
ENSG00000021488,0.33104749083823115,True,False
ENSG00000183023,0.00029534394773920026,False,True
ENSG00000118160,0.08498174191546519,True,False
ENSG00000100678,0.0867905510738471,False,True
ENSG00000090020,0.5978943136367422,False,False
ENSG00000115616,0.9997258020307812,True,False
ENSG00000066230,0.9590467593929964,True,False
ENSG00000180251,0.8968232777162128,True,False
ENSG00000135740,0.1289133910749996,False,False
ENSG00000198689,0.2720155718170121,False,False
ENSG00000065923,0.36520655802604113,False,False
ENSG00000293147,0.551003778645784,False,False
ENSG00000197818,0.8460017628060118,False,True
ENSG00000181804,2.8303281250784564e-05,False,True
ENSG00000164037,0.01606264136845738,False,False
ENSG00000164038,7.652596917774556e-05,False,True
ENSG00000084453,0.49607859644832597,False,False
ENSG00000134538,0.002721260233770995,False,True
ENSG00000111700,1.5339561429075247e-05,False,True
ENSG00000205754,0.0015312686683270787,False,True
ENSG00000139155,0.006388923300642342,False,False
ENSG00000174640,0.37932084582780345,False,False
ENSG00000137491,0.00010640327667562834,False,True
ENSG00000176463,0.20558094887825673,False,True
ENSG00000101187,0.011451713087413504,False,True
ENSG00000173930,0.0030759186413033403,False,True
ENSG00000137571,0.4758968573906265,False,False
ENSG00000205359,0.029735550503549913,False,False
ENSG00000293200,0.4164235003330682,True,False
ENSG00000172716,0.004502988019610807,False,True
ENSG00000172123,0.026683126764957106,False,True
ENSG00000205045,0.005085764489289013,False,True
ENSG00000154760,0.6412496602955313,False,False
ENSG00000236320,0.010455612819820949,False,True
ENSG00000166750,0.05830876132676219,False,True
ENSG00000171790,0.007553411561917691,False,False
ENSG00000119705,0.18472865091461116,False,False
ENSG00000187122,0.1440242693448326,False,False
ENSG00000145147,0.04662447982689239,False,False
ENSG00000248228,0.36787944117145116,False,False
ENSG00000184347,0.2581022096483296,False,False
ENSG00000178235,0.36923114459311407,False,False
ENSG00000185985,0.01506973942731589,False,True
ENSG00000121871,2.935580868906293e-05,False,True
ENSG00000179542,0.17912087289644268,False,False
ENSG00000165300,0.3205378951804344,False,False
ENSG00000184564,2.8578640775904483e-06,False,True
ENSG00000065613,0.2239451969650895,False,False
ENSG00000163681,0.843537681746238,False,False
ENSG00000170290,0.032873523383293884,True,False
ENSG00000124107,0.3074670175579975,False,False
ENSG00000137776,0.5182653724777226,False,True
ENSG00000164609,0.939669986539455,False,False
ENSG00000126233,0.3223293429802801,False,False
ENSG00000132207,0.9047054630375765,False,False
ENSG00000213599,0.8224807192892474,True,False
ENSG00000188827,0.04563775557348399,True,False
ENSG00000170365,0.009282442838681397,False,True
ENSG00000175387,0.09066504624194888,False,False
ENSG00000166949,0.014817310344199636,True,False
ENSG00000141646,0.010250211123667308,False,False
ENSG00000113658,0.7773822889285338,True,False
ENSG00000164621,0.23532984890796718,False,False
ENSG00000137834,5.191908985099008e-05,False,True
ENSG00000101665,0.0007510999667073711,False,True
ENSG00000120693,0.004681566473454663,False,True
ENSG00000170545,0.004801422862983926,True,False
ENSG00000112305,0.10644194430549397,True,False
ENSG00000084070,0.05968539293045689,False,True
ENSG00000102038,0.3694925518545895,True,False
ENSG00000080503,8.557930329463382e-05,False,True
ENSG00000127616,0.0026792541629110564,True,False
ENSG00000153147,0.8994430127919598,False,False
ENSG00000163104,0.11012651636000098,False,True
ENSG00000138375,0.014588586541695316,False,False
ENSG00000099956,0.003063979137094701,False,False
ENSG00000173473,0.0027265570890029453,True,False
ENSG00000139613,0.31656750785168053,True,False
ENSG00000066117,0.01182510595897501,False,False
ENSG00000108604,0.6570276548980691,False,False
ENSG00000082014,0.11077084324322485,False,False
ENSG00000073584,0.004437791463880172,True,False
ENSG00000072501,0.7773822889285338,True,False
ENSG00000077935,0.348647417684566,False,False
ENSG00000136824,0.01606264136845738,False,False
ENSG00000108055,0.12630791646930128,True,False
ENSG00000113810,0.008196208440762447,False,False
ENSG00000198887,0.7441027999840577,False,False
ENSG00000163029,0.9153229121112986,False,False
ENSG00000101596,0.5351638569387943,False,True
ENSG00000163206,,False,False
ENSG00000226746,0.9360540311092067,False,False
ENSG00000283741,0.9506977725270581,True,False
ENSG00000157106,0.005065172729087714,False,False
ENSG00000198952,7.396559174280944e-05,False,False
ENSG00000070366,0.07881963825426844,False,True
ENSG00000116698,0.020127104393798265,True,False
ENSG00000167447,0.021440168970145015,True,False
ENSG00000105771,0.008172336005894343,False,False
ENSG00000172062,0.1996710327199939,False,False
ENSG00000277773,0.5382949871275255,True,False
ENSG00000119953,0.7865054977525469,False,True
ENSG00000128602,0.7668722115381088,True,False
ENSG00000198732,0.00024744389479416413,False,False
ENSG00000112562,0.03786607969598651,False,False
ENSG00000088826,0.007656931990592898,True,False
ENSG00000166311,0.0034971412455997368,False,True
ENSG00000135587,0.2239451969650911,True,False
ENSG00000103056,0.00135917815353439,False,True
ENSG00000292130,0.001161101681626549,True,False
ENSG00000172594,0.002975897727267125,False,False
ENSG00000130768,0.367700641932594,False,False
ENSG00000091482,0.010553599589786342,True,False
ENSG00000109208,0.12713573293203653,False,False
ENSG00000171201,,False,False
ENSG00000102172,0.08202516264164568,False,False
ENSG00000183963,0.6013924664189623,True,False
ENSG00000214872,0.3826546990822456,False,True
ENSG00000188176,0.4435384171352488,True,False
ENSG00000122692,0.8386310295131585,False,False
ENSG00000123415,0.06552469740524133,True,False
ENSG00000198742,0.044845988040869894,True,False
ENSG00000108854,0.44532760991231046,False,False
ENSG00000115593,0.5237696081324925,False,False
ENSG00000143499,0.015646454483154437,True,False
ENSG00000185420,0.00012528373549538716,True,False
ENSG00000186532,0.008308538479228359,False,True
ENSG00000135632,0.00020812030344993153,True,False
ENSG00000124216,0.15002740713967153,False,False
ENSG00000019549,0.05968539293045729,False,True
ENSG00000185669,0.13350557304031652,False,True
ENSG00000092531,0.5978943136367422,False,False
ENSG00000132639,0.31137799375670927,True,False
ENSG00000099940,0.14828713784902875,False,False
ENSG00000143740,0.0059930134456325735,True,False
ENSG00000065609,0.17837953341921753,False,False
ENSG00000023608,0.9242659083608107,False,False
ENSG00000104976,0.3278443471950506,False,False
ENSG00000164975,0.6784506019178687,False,False
ENSG00000165684,0.7594521225252041,False,True
ENSG00000174446,0.2014259426585675,False,False
ENSG00000143553,0.00018358741272830694,True,False
ENSG00000145335,0.00309391518869902,False,True
ENSG00000064692,0.3752855559414257,False,False
ENSG00000074317,0.762228567019829,False,False
ENSG00000173267,0.0054166428968604905,True,False
ENSG00000197157,0.04108849087312714,True,False
ENSG00000279078,0.24276682484732598,False,True
ENSG00000162804,2.43200361464041e-05,False,True
ENSG00000159210,0.0222687759836629,False,False
ENSG00000255717,0.00020812030344993153,True,False
ENSG00000247092,0.17768217255142876,False,False
ENSG00000174365,0.08527809750557229,True,False
ENSG00000197989,0.45451380988517487,False,False
ENSG00000232956,0.8289031814174833,False,False
ENSG00000242125,0.019701149999669265,True,False
ENSG00000281398,2.2631689229632335e-05,True,False
ENSG00000203875,0.873586371776637,False,False
ENSG00000245910,0.0006574278733224964,True,False
ENSG00000233016,0.03786607969598651,True,False
ENSG00000269893,0.9153229121112986,True,False
ENSG00000291945,0.445760807942287,True,False
ENSG00000163877,0.26342633161717544,False,True
ENSG00000184602,0.9287701192945929,False,False
ENSG00000206834,0.9961001816629992,False,False
ENSG00000206811,0.5962796833959243,False,False
ENSG00000221716,0.36787944117145116,False,False
ENSG00000221102,,False,False
ENSG00000221459,,False,False
ENSG00000221705,,False,False
ENSG00000212464,0.33363319844946754,False,False
ENSG00000238363,0.9961001816629992,False,False
ENSG00000201643,0.36787944117145116,False,False
ENSG00000207181,0.36787944117145116,False,False
ENSG00000207168,0.7430347639228544,False,False
ENSG00000274582,0.36787944117145116,False,False
ENSG00000201544,0.3999458711295486,False,False
ENSG00000207145,0.8350920010537627,False,False
ENSG00000207468,,False,False
ENSG00000207392,0.36787944117145116,False,False
ENSG00000199293,0.6666513350391872,False,False
ENSG00000206634,0.2830618524436233,False,False
ENSG00000201998,0.6810984720808795,False,False
ENSG00000275994,0.9192044396575516,False,False
ENSG00000207112,0.9066477346393997,False,False
ENSG00000212588,,False,False
ENSG00000207051,0.19593645433419785,False,False
ENSG00000272533,,False,False
ENSG00000206910,0.012390163456013325,False,False
ENSG00000206612,0.04111412154482537,False,False
ENSG00000207313,,False,False
ENSG00000206755,,False,False
ENSG00000199477,0.8108321638091563,False,False
ENSG00000206799,0.7946732700886494,False,False
ENSG00000200534,0.39493672736864804,False,False
ENSG00000208839,,False,False
ENSG00000206948,0.36787944117145116,False,False
ENSG00000222370,,False,False
ENSG00000207016,,False,False
ENSG00000207233,,False,False
ENSG00000266847,0.36787944117145116,False,False
ENSG00000200394,0.36787944117145116,False,False
ENSG00000263776,0.10285096501675864,False,False
ENSG00000210825,0.7139088751174787,True,False
ENSG00000207406,0.36787944117145116,False,False
ENSG00000273544,0.8315497217649173,False,False
ENSG00000207493,0.36787944117145116,False,False
ENSG00000238961,0.9961001816629992,False,False
ENSG00000209582,0.25996994146992475,False,False
ENSG00000208892,0.36787944117145116,False,False
ENSG00000271798,0.5962796833959243,False,False
ENSG00000199785,0.5562458437629647,False,False
ENSG00000212443,0.9394057810214799,False,False
ENSG00000273525,,False,False
ENSG00000201457,0.36787944117145116,False,False
ENSG00000206693,0.3223293429802801,False,False
ENSG00000206597,0.8315497217649173,False,False
ENSG00000249020,0.36787944117145116,False,False
ENSG00000239149,0.24149310771725538,True,False
ENSG00000266079,0.24149310771725538,True,False
ENSG00000206838,0.3223293429802801,False,False
ENSG00000200656,,False,False
ENSG00000201772,,False,False
ENSG00000206760,0.9961001816629992,False,False
ENSG00000199266,0.12713573293203653,False,False
ENSG00000278274,0.4975647106777361,False,False
ENSG00000272015,0.597238472088046,False,False
ENSG00000201791,0.3601952901285555,True,False
ENSG00000291933,0.33262581458205576,False,False
ENSG00000201302,0.12713573293203653,False,False
ENSG00000207523,0.36787944117145116,False,False
ENSG00000277985,0.9866523378871165,False,False
ENSG00000207166,0.36669096210060714,False,False
ENSG00000206622,0.36787944117145116,False,False
ENSG00000207165,0.38240890071998557,False,False
ENSG00000206937,,False,False
ENSG00000207268,,False,False
ENSG00000263666,,False,False
ENSG00000207221,,False,False
ENSG00000206869,1.0,False,False
ENSG00000206650,0.36787944117145116,False,False
ENSG00000225091,0.36787944117145116,False,False
ENSG00000235408,0.20468847405526705,False,False
ENSG00000201512,0.5962796833959243,False,False
ENSG00000200354,,False,False
ENSG00000252158,0.04111412154482537,False,False
ENSG00000200959,0.20468847405526705,False,False
ENSG00000212402,0.6810984720808795,False,False
ENSG00000212580,0.36787944117145116,False,False
ENSG00000221643,,False,False
ENSG00000273587,,False,False
ENSG00000221303,,False,False
ENSG00000207496,,False,False
ENSG00000207088,0.5962796833959243,False,False
ENSG00000207304,0.8820465704700913,False,False
ENSG00000206633,,False,False
ENSG00000221420,0.3536738259811837,False,False
ENSG00000239183,,False,False
ENSG00000277184,0.36787944117145116,False,False
ENSG00000238917,0.3948807780854364,False,False
ENSG00000221500,,False,False
ENSG00000206754,,False,False
ENSG00000207500,,False,False
ENSG00000310736,,False,False
ENSG00000310737,,False,False
ENSG00000199753,0.04111412154482537,False,False
ENSG00000209645,,False,False
ENSG00000238531,,False,False
ENSG00000276314,,False,False
ENSG00000239014,,False,False
ENSG00000274640,,False,False
ENSG00000239169,,False,False
ENSG00000238317,,False,False
ENSG00000221116,,False,False
ENSG00000221066,,False,False
ENSG00000221514,,False,False
ENSG00000202191,,False,False
ENSG00000212384,,False,False
ENSG00000201672,,False,False
ENSG00000272474,,False,False
ENSG00000200215,,False,False
ENSG00000200632,,False,False
ENSG00000201950,,False,False
ENSG00000199575,,False,False
ENSG00000200279,,False,False
ENSG00000200608,0.36787944117145116,False,False
ENSG00000202270,,False,False
ENSG00000201247,,False,False
ENSG00000199593,,False,False
ENSG00000201557,,False,False
ENSG00000199914,,False,False
ENSG00000201569,,False,False
ENSG00000202142,,False,False
ENSG00000199942,,False,False
ENSG00000200823,,False,False
ENSG00000202048,,False,False
ENSG00000272344,,False,False
ENSG00000202293,,False,False
ENSG00000200406,,False,False
ENSG00000201899,,False,False
ENSG00000200612,,False,False
ENSG00000200413,,False,False
ENSG00000200636,,False,False
ENSG00000200480,,False,False
ENSG00000201689,,False,False
ENSG00000201839,,False,False
ENSG00000201318,,False,False
ENSG00000200089,,False,False
ENSG00000200832,,False,False
ENSG00000199798,,False,False
ENSG00000201263,,False,False
ENSG00000199390,,False,False
ENSG00000201240,,False,False
ENSG00000201831,,False,False
ENSG00000201943,,False,False
ENSG00000200486,,False,False
ENSG00000199453,,False,False
ENSG00000273835,,False,False
ENSG00000199960,,False,False
ENSG00000201679,,False,False
ENSG00000200757,,False,False
ENSG00000201482,,False,False
ENSG00000200163,,False,False
ENSG00000199968,,False,False
ENSG00000199712,,False,False
ENSG00000201969,,False,False
ENSG00000199833,,False,False
ENSG00000201326,,False,False
ENSG00000201331,,False,False
ENSG00000200398,,False,False
ENSG00000199489,,False,False
ENSG00000275524,,False,False
ENSG00000201300,,False,False
ENSG00000200801,,False,False
ENSG00000199704,,False,False
ENSG00000199970,,False,False
ENSG00000200987,,False,False
ENSG00000202188,,False,False
ENSG00000200949,,False,False
ENSG00000200593,,False,False
ENSG00000199311,,False,False
ENSG00000201992,,False,False
ENSG00000202499,,False,False
ENSG00000200638,,False,False
ENSG00000201907,,False,False
ENSG00000200564,,False,False
ENSG00000200680,,False,False
ENSG00000272460,,False,False
ENSG00000200478,,False,False
ENSG00000202261,,False,False
ENSG00000212380,,False,False
ENSG00000212528,,False,False
ENSG00000201634,,False,False
ENSG00000200503,,False,False
ENSG00000200812,,False,False
ENSG00000278089,,False,False
ENSG00000200726,,False,False
ENSG00000199782,,False,False
ENSG00000207063,,False,False
ENSG00000200661,,False,False
ENSG00000206609,,False,False
ENSG00000207197,,False,False
ENSG00000207137,,False,False
ENSG00000206621,,False,False
ENSG00000207174,,False,False
ENSG00000207263,,False,False
ENSG00000206688,,False,False
ENSG00000207460,,False,False
ENSG00000207001,,False,False
ENSG00000278715,,False,False
ENSG00000277785,,False,False
ENSG00000275127,0.36787944117145116,False,False
ENSG00000207375,,False,False
ENSG00000207279,,False,False
ENSG00000252326,,False,False
ENSG00000251815,,False,False
ENSG00000251896,,False,False
ENSG00000278123,,False,False
ENSG00000207245,,False,False
ENSG00000207014,,False,False
ENSG00000275529,,False,False
ENSG00000207191,,False,False
ENSG00000207133,,False,False
ENSG00000207093,,False,False
ENSG00000206727,,False,False
ENSG00000266295,0.36787944117145116,False,False
ENSG00000310768,,False,False
ENSG00000271852,,False,False
ENSG00000212304,,False,False
ENSG00000238886,,False,False
ENSG00000238300,,False,False
ENSG00000239112,,False,False
ENSG00000238793,,False,False
ENSG00000239127,,False,False
ENSG00000291787,,False,False
ENSG00000239043,,False,False
ENSG00000222365,0.36787944117145116,False,False
ENSG00000209042,,False,False
ENSG00000206941,0.36787944117145116,False,False
ENSG00000207445,0.45349547560609393,False,False
ENSG00000199673,,False,False
ENSG00000212232,0.038785125198276954,False,False
ENSG00000200623,,False,False
ENSG00000202529,,False,False
ENSG00000199574,,False,False
ENSG00000212493,,False,False
ENSG00000238862,,False,False
ENSG00000278261,,False,False
ENSG00000199961,,False,False
ENSG00000274091,,False,False
ENSG00000238942,,False,False
ENSG00000207280,,False,False
ENSG00000206680,0.36787944117145116,False,False
ENSG00000277194,0.2790412741315552,False,False
ENSG00000221803,0.3223293429802801,False,False
ENSG00000206611,,False,False
ENSG00000275043,,False,False
ENSG00000276788,,False,False
ENSG00000275996,,False,False
ENSG00000274544,,False,False
ENSG00000223004,,False,False
ENSG00000277846,,False,False
ENSG00000310756,0.36787944117145116,False,False
ENSG00000201675,0.36787944117145116,False,False
ENSG00000265013,,False,False
ENSG00000252022,0.5962796833959243,False,False
ENSG00000202503,,False,False
ENSG00000200259,,False,False
ENSG00000200530,,False,False
ENSG00000199744,0.36787944117145116,False,False
ENSG00000200831,0.36787944117145116,False,False
ENSG00000281541,,False,False
ENSG00000206775,,False,False
ENSG00000202031,,False,False
ENSG00000207421,,False,False
ENSG00000209702,,False,False
ENSG00000238649,,False,False
ENSG00000238423,,False,False
ENSG00000263764,,False,False
ENSG00000310745,0.36787944117145116,False,False
ENSG00000207241,,False,False
ENSG00000201487,,False,False
ENSG00000206620,,False,False
ENSG00000200913,,False,False
ENSG00000310741,,False,False
ENSG00000263864,,False,False
ENSG00000277370,,False,False
ENSG00000277108,,False,False
ENSG00000238578,,False,False
ENSG00000238597,,False,False
ENSG00000239195,,False,False
ENSG00000310752,,False,False
ENSG00000275072,,False,False
ENSG00000207047,,False,False
ENSG00000263362,,False,False
ENSG00000265145,,False,False
ENSG00000238650,,False,False
ENSG00000264294,,False,False
ENSG00000229686,,False,False
ENSG00000207444,,False,False
ENSG00000226572,,False,False
ENSG00000206602,,False,False
ENSG00000271982,,False,False
ENSG00000202093,,False,False
ENSG00000207031,,False,False
ENSG00000310763,,False,False
ENSG00000202314,,False,False
ENSG00000206630,,False,False
ENSG00000206979,,False,False
ENSG00000235284,,False,False
ENSG00000252112,,False,False
ENSG00000276610,,False,False
ENSG00000277512,0.36787944117145116,False,False
ENSG00000212158,,False,False
ENSG00000212135,,False,False
ENSG00000200084,,False,False
ENSG00000212452,,False,False
ENSG00000207297,,False,False
ENSG00000212534,,False,False
ENSG00000223224,,False,False
ENSG00000212296,,False,False
ENSG00000292164,,False,False
ENSG00000310749,,False,False
ENSG00000310748,,False,False
ENSG00000310747,0.5962796833959243,False,False
ENSG00000310746,,False,False
ENSG00000310744,,False,False
ENSG00000310743,0.5962796833959243,False,False
ENSG00000200785,,False,False
ENSG00000310742,,False,False
ENSG00000310740,,False,False
ENSG00000202400,,False,False
ENSG00000209482,,False,False
ENSG00000209480,0.36787944117145116,False,False
ENSG00000264591,0.36787944117145116,False,False
ENSG00000212498,,False,False
ENSG00000254341,0.36787944117145116,False,False
ENSG00000221241,,False,False
ENSG00000221381,0.36787944117145116,False,False
ENSG00000220988,,False,False
ENSG00000212283,0.8641770672729772,False,False
ENSG00000199436,0.36787944117145116,False,False
ENSG00000212447,,False,False
ENSG00000212163,,False,False
ENSG00000275084,,False,False
ENSG00000264994,0.36787944117145116,False,False
ENSG00000221740,,False,False
ENSG00000208772,0.12713573293203653,False,False
ENSG00000264549,0.5962796833959243,False,False
ENSG00000272296,,False,False
ENSG00000208883,,False,False
ENSG00000238622,0.41792592655505956,False,False
ENSG00000283551,,False,False
ENSG00000221539,0.7191996160971919,False,False
ENSG00000101298,0.3488930708560918,False,False
ENSG00000163788,0.0005867372823788047,False,True
ENSG00000144028,0.01981641724860021,True,False
ENSG00000161981,0.9506977725270581,False,False
ENSG00000124380,0.16908636670555338,False,False
ENSG00000184209,0.6784506019178687,False,False
ENSG00000060688,0.6797711866145533,True,False
ENSG00000168566,0.8534372775192605,True,False
ENSG00000104852,0.873586371776637,False,True
ENSG00000077312,0.024590472493619675,True,False
ENSG00000131876,0.005119636430029212,False,False
ENSG00000125835,0.0007778558195516869,True,False
ENSG00000125870,0.0020686772366457725,False,False
ENSG00000124562,0.00016722682133131904,True,False
ENSG00000167088,0.00014369225615186123,False,False
ENSG00000125743,0.01828005727994793,True,False
ENSG00000223982,0.36787944117145116,False,False
ENSG00000100028,0.2129041999228439,True,False
ENSG00000182004,2.7091626767665324e-05,False,False
ENSG00000139343,0.011653896047618779,True,False
ENSG00000143977,0.0005567261758341527,False,False
ENSG00000128739,0.7631400162176958,False,False
ENSG00000101400,0.08703721066081845,True,False
ENSG00000172164,0.004529334047177638,True,False
ENSG00000168807,0.5898108833899862,False,True
ENSG00000147481,0.239339086438417,False,False
ENSG00000281020,0.4646358802715801,False,False
ENSG00000188817,0.49346744175487856,False,True
ENSG00000169371,0.11141893994634149,False,False
ENSG00000273173,0.11338607018522638,False,False
ENSG00000100603,0.034025282283365106,True,False
ENSG00000028528,0.00454256480909922,False,False
ENSG00000086300,0.08306852157274283,False,True
ENSG00000002919,0.31411469686507726,True,False
ENSG00000147164,0.0039837861984937575,False,False
ENSG00000071189,0.5351638569387943,False,False
ENSG00000135317,0.19735491346486317,False,False
ENSG00000110025,0.09172907376313824,False,False
ENSG00000104497,0.021088698726644022,True,False
ENSG00000115234,0.504836992537959,False,False
ENSG00000178996,0.28835625105277746,False,False
ENSG00000120451,0.15046565631381092,False,True
ENSG00000205302,0.8386310295131585,False,True
ENSG00000167208,0.010553599589786342,False,True
ENSG00000124104,0.007350550518689816,False,False
ENSG00000157734,0.2028015291339676,False,False
ENSG00000064652,0.9816960841823692,False,False
ENSG00000109762,0.08602760723072507,False,False
ENSG00000143376,0.001495057418253519,True,False
ENSG00000048471,0.21920579487202158,False,True
ENSG00000158482,0.0013831747958210224,False,True
ENSG00000271699,0.0006801852589161476,False,True
ENSG00000112335,0.8097846959737904,False,False
ENSG00000148158,0.7441027999840577,False,False
ENSG00000174226,0.6030960012304454,False,False
ENSG00000172803,0.40192561926734804,False,False
ENSG00000173548,0.34551725725535215,True,False
ENSG00000114520,0.05039585354505495,False,False
ENSG00000089006,0.6797711866145533,True,False
ENSG00000129515,0.10571995715072798,False,True
ENSG00000162627,0.2925925552020515,False,False
ENSG00000106266,0.11185310964622822,True,False
ENSG00000130340,0.20860118313211531,False,False
ENSG00000057252,0.7404941610992368,False,True
ENSG00000167780,0.16728759262552026,False,False
ENSG00000112320,0.8864204184047131,True,False
ENSG00000185338,0.7865054977525469,False,False
ENSG00000120833,6.950324659734756e-05,False,True
ENSG00000184557,0.12208195314395415,False,True
ENSG00000180008,0.873586371776637,False,False
ENSG00000171150,0.0542608472194719,True,False
ENSG00000170677,0.06038584920686455,False,True
ENSG00000274211,0.005775630077704069,True,False
ENSG00000142168,3.2683704653342693e-05,False,True
ENSG00000291237,0.9460872201279513,False,False
ENSG00000109610,0.4401619539926275,False,False
ENSG00000165643,0.08223508677535828,False,False
ENSG00000120669,0.028664171541915844,False,False
ENSG00000159140,0.12019746480621782,False,False
ENSG00000095637,0.008332808778877139,False,True
ENSG00000154556,8.862782858682298e-05,False,True
ENSG00000120896,0.02064239389742853,False,True
ENSG00000108018,0.21279835367635383,False,False
ENSG00000184985,0.16184783303739514,False,True
ENSG00000156395,0.7604958637988336,False,False
ENSG00000140263,2.294185929669267e-05,False,True
ENSG00000137642,7.660041077613784e-05,False,True
ENSG00000134243,0.0035278776415851526,True,False
ENSG00000115904,0.7297729092033649,False,False
ENSG00000100485,0.03786607969598651,False,False
ENSG00000167941,0.08497123753945321,False,False
ENSG00000171243,0.34766324870453263,False,False
ENSG00000198944,0.0006703371900456649,False,False
ENSG00000186212,0.01625114943399581,False,False
ENSG00000198142,0.34551725725535215,False,False
ENSG00000187808,0.6375196679718531,False,True
ENSG00000182968,0.36787944117145116,False,False
ENSG00000100146,0.023489013346131786,False,True
ENSG00000176887,0.08177842099741325,False,False
ENSG00000177732,4.5267697050969576e-05,True,False
ENSG00000143842,0.0005918941199738852,True,False
ENSG00000168875,,False,False
ENSG00000129194,0.05554191022657291,False,False
ENSG00000164736,0.4625383689040139,False,False
ENSG00000203883,0.5640126163946804,False,False
ENSG00000181449,0.3198748993181719,False,False
ENSG00000125285,0.19162614948355683,False,False
ENSG00000242808,0.40864879487994277,False,False
ENSG00000134595,0.36787944117145116,False,False
ENSG00000039600,0.7824821180210942,False,False
ENSG00000124766,0.16279477037150744,True,False
ENSG00000134532,0.0037361719716059484,False,False
ENSG00000110693,0.18347565131987215,False,True
ENSG00000171056,0.13272900379834746,False,True
ENSG00000005513,0.04913441858975787,False,False
ENSG00000125398,0.08594400412046574,False,False
ENSG00000185591,0.9816960841823692,False,False
ENSG00000067066,0.08619505750828416,False,True
ENSG00000135899,0.1992831337984575,False,False
ENSG00000079263,0.2135261202210473,False,False
ENSG00000185404,0.6904288229928944,False,False
ENSG00000167182,0.013096111025803556,True,False
ENSG00000172845,0.6777912719387762,False,False
ENSG00000105866,0.6344279200793124,False,False
ENSG00000204335,0.03921495374876789,True,False
ENSG00000189120,0.044585129904799264,False,False
ENSG00000291837,0.7631442321959274,False,False
ENSG00000164651,0.015589009070590914,True,False
ENSG00000217236,0.1721077142998913,False,False
ENSG00000064199,0.006415100388647098,True,False
ENSG00000118434,0.46067645096590826,False,False
ENSG00000141316,,False,False
ENSG00000177202,0.9961001816629992,False,False
ENSG00000171489,0.3451413592667513,False,False
ENSG00000171478,0.36669096210060714,False,False
ENSG00000153498,,False,False
ENSG00000104450,0.06946093552266765,True,False
ENSG00000288309,,False,False
ENSG00000164871,0.12713573293203653,False,False
ENSG00000144451,0.8659753094387994,False,False
ENSG00000155761,0.6963445961652434,False,False
ENSG00000061656,0.0010974359176730807,True,False
ENSG00000076382,0.0005867372823788131,True,False
ENSG00000227543,0.45451380988517487,False,False
ENSG00000077327,0.11776814819596945,True,False
ENSG00000091640,0.08083756052851754,False,True
ENSG00000137098,0.9816960841823692,False,False
ENSG00000008294,0.17664863884262993,False,False
ENSG00000106304,0.9961001816629992,False,False
ENSG00000198021,,False,False
ENSG00000203926,,False,False
ENSG00000277215,0.7930932852842638,False,False
ENSG00000198573,,False,False
ENSG00000196406,,False,False
ENSG00000203923,,False,False
ENSG00000268988,,False,False
ENSG00000189252,0.36787944117145116,False,False
ENSG00000189326,0.36787944117145116,False,False
ENSG00000204363,,False,False
ENSG00000113140,0.01644186979388584,False,False
ENSG00000152583,0.11538793061790514,False,False
ENSG00000021574,0.7668722115381088,False,False
ENSG00000186451,0.7264382659786073,False,False
ENSG00000182957,0.00860450711556846,False,True
ENSG00000144962,,False,False
ENSG00000162814,0.3336803485901838,False,False
ENSG00000163071,3.236746422351577e-05,False,True
ENSG00000166118,,False,False
ENSG00000158480,0.00379474868551263,True,False
ENSG00000006282,0.5645612667564903,False,False
ENSG00000291401,0.2226790188348204,False,True
ENSG00000141255,0.5048380472185352,False,False
ENSG00000170469,0.004507368357806101,True,False
ENSG00000149634,0.1996710327199939,False,False
ENSG00000158792,0.651303345773445,True,False
ENSG00000173699,0.36787944117145116,False,False
ENSG00000150628,0.31930842424075395,False,False
ENSG00000132122,0.019701149999669265,False,False
ENSG00000042317,0.022728135396336932,False,True
ENSG00000185594,0.32962187665298015,False,False
ENSG00000145757,0.00369147672995291,False,True
ENSG00000186583,0.6155909480306186,False,True
ENSG00000249481,0.05590430630435842,False,False
ENSG00000123352,3.859559577983358e-05,True,False
ENSG00000196141,0.17562111694644805,True,False
ENSG00000161888,2.6667189149795016e-05,True,False
ENSG00000152253,0.013172733592997046,False,False
ENSG00000114902,0.07805699654811224,True,False
ENSG00000118363,0.012246342557205145,True,False
ENSG00000129128,0.0017723658949752505,False,True
ENSG00000124664,0.34720106122763156,False,False
ENSG00000163806,0.006734672176793238,True,False
ENSG00000204710,0.008101135079693914,False,False
ENSG00000136206,0.843537681746238,True,False
ENSG00000205238,0.26886027935922086,True,False
ENSG00000214300,0.1379927398276936,False,False
ENSG00000183318,0.15383758562994948,False,False
ENSG00000170092,0.7535677772790077,False,True
ENSG00000260097,0.8370018293859048,False,False
ENSG00000179994,0.9845637435410837,False,False
ENSG00000128487,0.7535677772790077,False,False
ENSG00000100014,0.8370018293859048,True,False
ENSG00000101222,0.11213486324965888,False,False
ENSG00000152582,0.04136909411416726,False,False
ENSG00000072195,0.034191097171807044,False,False
ENSG00000284598,,False,False
ENSG00000065526,0.2531316914960054,False,False
ENSG00000258484,0.034191097171807044,False,True
ENSG00000104133,0.16438532710466444,False,False
ENSG00000090487,0.9932170803579593,False,False
ENSG00000197912,0.19393101123917492,False,False
ENSG00000176170,0.2581022096483296,False,False
ENSG00000063176,0.27520789417939867,False,True
ENSG00000153820,0.7268746984966021,False,False
ENSG00000066336,0.01601585700924426,False,True
ENSG00000269404,0.019701149999669265,False,True
ENSG00000166211,0.0003109206471766214,False,True
ENSG00000163611,0.843537681746238,False,True
ENSG00000106723,0.8668176978057169,False,False
ENSG00000147059,0.9047054630375765,False,False
ENSG00000186787,0.6570276548980691,False,False
ENSG00000204271,0.46119117072507054,False,False
ENSG00000186767,0.8484730417605574,False,False
ENSG00000164266,0.00010557884864821973,True,False
ENSG00000214510,0.36669096210060714,False,False
ENSG00000196800,0.36787944117145116,False,False
ENSG00000128040,0.0013067317062829234,False,False
ENSG00000122711,0.027794581269971353,False,False
ENSG00000133710,0.022780125666954143,False,False
ENSG00000178172,0.8592483961627065,False,False
ENSG00000145879,0.36787944117145116,False,False
ENSG00000229453,0.5962796833959243,False,False
ENSG00000204909,0.12713573293203653,False,False
ENSG00000166145,0.29631432844590533,True,False
ENSG00000167642,0.7911071745580447,False,False
ENSG00000101446,0.36787944117145116,False,False
ENSG00000149651,,False,False
ENSG00000134278,0.11077084324322327,False,True
ENSG00000204991,0.0046362686527353,True,False
ENSG00000197471,0.002718615666210707,False,True
ENSG00000169682,0.010553599589786342,True,False
ENSG00000183018,0.0012697498800731165,False,True
ENSG00000182557,0.061337421548379845,False,True
ENSG00000054796,,False,False
ENSG00000134668,3.867127430581611e-05,False,False
ENSG00000152377,0.004476013226556822,False,False
ENSG00000107742,0.03350005929995206,False,False
ENSG00000196104,0.0021444206090420795,False,True
ENSG00000262655,0.0004000121818736592,False,False
ENSG00000159674,0.001218942606652973,True,False
ENSG00000121067,0.596152875121186,False,True
ENSG00000144228,0.6228154048378258,False,False
ENSG00000118785,6.480408254827766e-05,True,False
ENSG00000072080,3.3847970970575016e-05,False,False
ENSG00000138600,0.843537681746238,False,True
ENSG00000005206,0.9932170803579593,False,True
ENSG00000185294,0.36787944117145116,False,False
ENSG00000157837,0.11822705905603602,True,False
ENSG00000116096,0.2104345802177628,False,False
ENSG00000166068,0.33558453716259506,False,True
ENSG00000198369,0.11141893994634149,True,False
ENSG00000188766,0.0070042885631735234,False,False
ENSG00000203772,0.8592656070832756,True,False
ENSG00000169474,,False,False
ENSG00000169469,0.5962796833959243,False,False
ENSG00000241794,0.5962796833959243,False,False
ENSG00000196805,,False,False
ENSG00000229035,,False,False
ENSG00000163216,,False,False
ENSG00000203785,,False,False
ENSG00000244094,,False,False
ENSG00000159516,,False,False
ENSG00000163209,0.5962796833959243,False,False
ENSG00000184148,,False,False
ENSG00000164056,0.7019357058822984,False,True
ENSG00000136158,0.0006574278733225012,False,True
ENSG00000168939,0.021440168970145015,False,False
ENSG00000187678,0.869349782758956,True,False
ENSG00000167778,0.015419917140115823,False,False
ENSG00000176422,2.02966257151733e-05,False,True
ENSG00000123178,0.3578253511177706,False,False
ENSG00000171621,0.028121518195156608,False,False
ENSG00000111671,0.29344725534065114,True,False
ENSG00000162032,0.012868907137631334,False,False
ENSG00000175093,9.069283832858832e-06,False,True
ENSG00000163554,0.06853523324642165,False,False
ENSG00000197694,0.0058207299378841065,False,False
ENSG00000070182,0.27069639122831485,False,False
ENSG00000115306,0.5446123134242818,True,False
ENSG00000173898,2.294185929669267e-05,False,False
ENSG00000160460,0.018156065120366018,False,True
ENSG00000137877,0.551003778645784,False,True
ENSG00000090054,0.9424148823115995,False,False
ENSG00000100596,0.2135261202210473,False,True
ENSG00000172296,0.8534372775192605,False,False
ENSG00000165389,0.1996710327199939,True,False
ENSG00000196542,0.7024062910444286,False,False
ENSG00000179119,0.8145225744292595,False,False
ENSG00000164299,0.36787944117145116,False,False
ENSG00000104549,3.431186154981023e-05,True,False
ENSG00000161011,0.00014722781458154533,False,False
ENSG00000213523,0.14973595039385612,False,False
ENSG00000068784,0.15811484526585695,False,True
ENSG00000197122,0.009483136570542498,True,False
ENSG00000080603,0.8864204184047004,True,False
ENSG00000277363,0.31016934707242383,True,False
ENSG00000145545,3.211667641400678e-05,False,True
ENSG00000232549,0.04111412154482537,False,False
ENSG00000277893,1.881427803255377e-05,False,True
ENSG00000128039,0.03253701995783554,False,False
ENSG00000072310,0.843537681746238,False,False
ENSG00000198911,9.920927528812374e-05,True,False
ENSG00000153914,0.6570276548980691,False,False
ENSG00000153006,0.9287701192945929,False,True
ENSG00000112658,0.2192057948720231,True,False
ENSG00000151304,0.33266077951884626,False,False
ENSG00000196935,0.4084119826291387,False,False
ENSG00000266028,0.15597715923417643,False,False
ENSG00000196220,0.0005810601398289284,False,True
ENSG00000122862,0.02326473176312134,False,True
ENSG00000075142,0.2833535703875884,True,False
ENSG00000185739,0.006446362999385498,False,True
ENSG00000116649,0.06552469740524133,True,False
ENSG00000125508,0.8682731018578539,False,False
ENSG00000140319,0.011429465958744629,False,False
ENSG00000153037,0.18617113185875345,True,False
ENSG00000100883,0.11077084324322485,False,False
ENSG00000167881,0.005625982118967808,True,False
ENSG00000174780,0.2104345802177628,True,False
ENSG00000143742,0.05010271319971413,True,False
ENSG00000096063,0.007393557030311296,True,False
ENSG00000135250,0.596152875121186,False,False
ENSG00000184343,0.9069995716365944,False,False
ENSG00000144867,0.013224064199745991,True,False
ENSG00000101955,7.247066969185433e-05,False,True
ENSG00000102359,0.07299210558243631,False,False
ENSG00000167720,0.0036393668609052687,False,True
ENSG00000100104,4.30777624652282e-05,True,False
ENSG00000133226,0.5623698623643318,False,True
ENSG00000167978,0.0071810115468953295,False,False
ENSG00000177679,0.03461549248790274,False,False
ENSG00000139767,0.23207172798684278,False,False
ENSG00000226763,0.1620052725512871,True,False
ENSG00000087087,0.3978299303332715,True,False
ENSG00000136450,0.6602295377331096,True,False
ENSG00000188529,0.7234148119575123,False,False
ENSG00000116754,0.06616489455904562,False,False
ENSG00000154548,0.01412793323002749,False,False
ENSG00000161547,0.4946337083554061,True,False
ENSG00000112081,0.4044602769610365,True,False
ENSG00000116350,0.5414444368946989,False,False
ENSG00000100650,0.00521002493703222,False,False
ENSG00000124193,0.09298623193068865,False,False
ENSG00000115875,0.5382949871275255,False,True
ENSG00000263465,0.0004992849938019971,False,False
ENSG00000111786,0.08162736922997037,True,False
ENSG00000271303,2.496693542349781e-05,True,False
ENSG00000184895,0.12713573293203653,False,False
ENSG00000141380,0.5739704051993206,False,True
ENSG00000184402,1.645188510933606e-05,False,False
ENSG00000008324,0.7683649063695428,False,False
ENSG00000138385,0.001177014722089391,False,False
ENSG00000106028,0.0034971412455997368,True,False
ENSG00000145687,0.02512213789449958,False,True
ENSG00000157216,0.000505144506330164,False,True
ENSG00000130511,0.3694925518545895,False,False
ENSG00000179954,0.0024192269220246385,False,True
ENSG00000084112,0.6084502925805204,False,False
ENSG00000141298,0.4092069448749911,False,False
ENSG00000172830,0.04502074081789541,False,False
ENSG00000176101,0.13705674616225733,True,False
ENSG00000123096,0.05554191022657251,False,False
ENSG00000124783,0.12643078408264358,True,False
ENSG00000163479,0.0005878793497215061,True,False
ENSG00000114850,0.020402948819559646,True,False
ENSG00000180879,0.7441027999840577,False,True
ENSG00000293210,0.7773822889285338,False,False
ENSG00000149136,0.0003407221016447233,True,False
ENSG00000157005,0.36669096210060714,False,False
ENSG00000139874,0.012982012041866891,False,True
ENSG00000180616,0.41040229050591726,False,True
ENSG00000278195,0.597262086073935,False,False
ENSG00000132671,0.36787944117145116,False,False
ENSG00000162009,0.1535144088835378,False,False
ENSG00000160075,0.5351638569387906,True,False
ENSG00000126752,0.009958298531938428,False,False
ENSG00000241476,0.14218338687946347,False,False
ENSG00000117155,0.4611911707250673,False,False
ENSG00000165584,0.02600691142298687,False,False
ENSG00000268009,0.02729363024499746,False,False
ENSG00000269791,0.0929014557873126,False,False
ENSG00000165583,0.3521747537606463,False,False
ENSG00000187754,0.0988408687646491,False,False
ENSG00000100380,0.8592656070832756,False,False
ENSG00000310585,0.9215738736404122,False,False
ENSG00000149418,0.39054808477871716,False,False
ENSG00000147488,0.030159662573534637,False,True
ENSG00000180953,0.5107616622540112,False,False
ENSG00000259332,0.15762742878643513,False,True
ENSG00000008513,0.02981085055719824,False,True
ENSG00000157350,0.06073915399935431,True,False
ENSG00000126091,0.7638955157717768,False,False
ENSG00000110080,0.24561588954839772,False,True
ENSG00000115525,0.01983569391755616,False,True
ENSG00000064225,2.3031257563903514e-05,False,False
ENSG00000073849,0.006566556700442134,False,False
ENSG00000144057,1.881427803255377e-05,False,True
ENSG00000070526,0.03311607200516627,False,True
ENSG00000070731,0.19168147437256342,False,False
ENSG00000184005,1.9035078776034195e-05,False,True
ENSG00000136840,0.2086011831321167,False,False
ENSG00000117069,0.0031481513613546516,False,False
ENSG00000160408,0.04053298140875795,False,True
ENSG00000004866,0.00039230876928427394,False,False
ENSG00000227199,0.5640126163946804,False,False
ENSG00000226367,0.04111412154482537,False,False
ENSG00000007341,0.9534748818673352,False,False
ENSG00000214188,0.6697496302759767,False,True
ENSG00000111728,0.09172907376313694,False,True
ENSG00000140557,0.47160231747853676,False,False
ENSG00000177511,0.16374724803506552,False,False
ENSG00000113532,0.0007710788031927639,False,True
ENSG00000101638,0.26089459147289634,False,False
ENSG00000148488,0.002262384588830808,False,True
ENSG00000010327,0.005364232636270572,False,True
ENSG00000136011,3.2123196219042382e-06,False,True
ENSG00000144681,0.0035634246916760016,False,True
ENSG00000141750,0.646995787437082,False,False
ENSG00000185482,0.115387930617906,False,True
ENSG00000118007,0.8968232777162128,False,False
ENSG00000101972,0.3475388054239949,False,False
ENSG00000066923,0.005001553043743747,False,False
ENSG00000290951,0.8786975403013207,True,False
ENSG00000277072,0.8668176978057169,False,False
ENSG00000174353,0.5403925781934952,False,False
ENSG00000106610,0.02981085055719824,False,False
ENSG00000136738,0.10070336319299901,True,False
ENSG00000115145,0.7276473585454799,False,False
ENSG00000124356,0.0016477217681008498,False,False
ENSG00000138134,0.843537681746238,False,False
ENSG00000035720,0.061337421548379845,False,True
ENSG00000178078,0.4060363500878187,False,True
ENSG00000147465,0.6412496602955313,False,True
ENSG00000214530,0.2720155718170121,False,False
ENSG00000133121,0.061811519492814486,False,True
ENSG00000131748,0.530501277933769,False,False
ENSG00000010270,0.32404145904006687,False,False
ENSG00000164211,0.9845637435410837,True,False
ENSG00000172345,1.6644961264451703e-05,False,True
ENSG00000174448,,False,False
ENSG00000084090,0.18726037965393566,True,False
ENSG00000130052,0.47207959171908154,False,True
ENSG00000159433,0.9534748818673352,True,False
ENSG00000115415,0.3039004998213801,False,False
ENSG00000170581,0.009077166505166611,False,True
ENSG00000168610,0.07130855732328323,False,True
ENSG00000138378,0.0003788145516713567,False,True
ENSG00000126561,0.08978779094001982,False,True
ENSG00000173757,0.8864204184047004,False,False
ENSG00000166888,0.7462764190832842,False,False
ENSG00000282891,0.5962796833959243,False,False
ENSG00000124214,0.005604144273101112,True,False
ENSG00000040341,0.003736171971605922,True,False
ENSG00000118804,0.17173734845995672,False,True
ENSG00000159167,0.0003828877873847285,True,False
ENSG00000113739,0.00014216362962268803,True,False
ENSG00000164647,0.004815448431008558,False,False
ENSG00000105889,0.01110089861863634,True,False
ENSG00000157214,0.06571610339612705,True,False
ENSG00000115107,2.114261814056621e-05,False,True
ENSG00000127954,0.0005292783352730438,False,True
ENSG00000256762,0.36787944117145116,False,False
ENSG00000123473,0.0002366207244457842,False,False
ENSG00000167323,0.0472634740216183,True,False
ENSG00000109689,0.15401805175214764,False,True
ENSG00000168439,2.7091626767665324e-05,False,False
ENSG00000072786,0.005333030207958148,False,True
ENSG00000118046,0.9932170803579593,False,True
ENSG00000144589,0.14915473443257996,False,False
ENSG00000115661,0.2129041999228439,False,False
ENSG00000164543,0.4044602769610365,True,False
ENSG00000081320,0.016895633746738484,False,True
ENSG00000102572,0.07235616678610683,True,False
ENSG00000115694,0.1609064038059837,True,False
ENSG00000104375,0.002365726993059368,True,False
ENSG00000196335,0.006331568040020055,False,True
ENSG00000169302,0.01163520700610657,False,True
ENSG00000152953,0.08527809750557229,False,False
ENSG00000165752,0.9590534611157338,False,False
ENSG00000130413,0.04705684217392211,False,False
ENSG00000125834,0.055326318415397334,True,False
ENSG00000163482,0.7911071745580447,False,False
ENSG00000112079,0.547798724527359,False,False
ENSG00000211455,0.006170396246314983,False,True
ENSG00000198648,0.011429465958744629,True,False
ENSG00000101109,0.9816960841823692,False,False
ENSG00000196182,0.07179554070655211,False,True
ENSG00000117632,0.0010054853880364552,True,False
ENSG00000104435,0.0019203874052363778,False,False
ENSG00000197457,0.8484730417605634,False,False
ENSG00000015592,0.5104382723980425,False,False
ENSG00000148175,0.0009918913952304427,False,True
ENSG00000067221,0.01049221188403843,False,False
ENSG00000165283,0.22834260631380535,False,False
ENSG00000133115,0.3451413592667513,False,False
ENSG00000243244,0.03713685681663713,False,False
ENSG00000068781,0.6810984720808795,False,False
ENSG00000140022,0.0038467561800624465,False,True
ENSG00000165730,0.055326318415397334,False,False
ENSG00000173320,0.6468856075164668,False,True
ENSG00000288257,0.0048380172903981986,False,False
ENSG00000146857,0.07151329289193915,True,False
ENSG00000266173,0.20678375939491223,False,False
ENSG00000082146,0.0035588841799445063,False,False
ENSG00000023734,0.4084119826291387,True,False
ENSG00000165209,0.001204803267542482,False,False
ENSG00000242866,0.22834260631380535,False,False
ENSG00000115808,0.716415207307324,False,False
ENSG00000196792,0.0030759186413033403,False,False
ENSG00000090372,0.014802910626826107,True,False
ENSG00000101846,0.010940174150283663,False,True
ENSG00000134910,0.002036744604290185,True,False
ENSG00000163527,0.23647667826617091,True,False
ENSG00000103266,0.9534748818673352,False,True
ENSG00000104915,0.030693200014700984,False,False
ENSG00000135604,0.002142368124915537,False,True
ENSG00000117758,0.35367469303578436,False,True
ENSG00000124222,0.5875214699347704,False,True
ENSG00000254995,0.13586264850624483,False,True
ENSG00000136874,0.05916538797052582,False,True
ENSG00000168818,0.03429097372359302,True,False
ENSG00000178750,0.2037278115670423,False,True
ENSG00000106089,0.0020686772366457725,True,False
ENSG00000099365,0.0036713532787011316,False,False
ENSG00000111450,0.7419355118097588,False,False
ENSG00000166900,0.09334857431547947,False,False
ENSG00000103496,0.3297624949163444,True,False
ENSG00000162236,0.7019357058822984,False,False
ENSG00000135823,0.0011498671138575143,True,False
ENSG00000079950,0.843537681746238,False,True
ENSG00000170310,0.45099217093361643,False,False
ENSG00000136854,0.9759857983375362,True,False
ENSG00000076944,0.7108643183251449,False,False
ENSG00000116266,0.4401619539926275,False,False
ENSG00000166263,0.034191097171807044,True,False
ENSG00000164506,0.5197792916729134,False,False
ENSG00000145087,0.012177687369131466,False,False
ENSG00000168952,0.0003657844937286914,False,False
ENSG00000060140,0.07058320360851192,False,True
ENSG00000198252,0.00884197494678568,False,False
ENSG00000127952,0.6570276548980738,True,False
ENSG00000113387,0.06495381789895396,False,False
ENSG00000136143,0.038459754327126686,False,True
ENSG00000163541,0.2925925552020515,False,False
ENSG00000172340,2.3921356031604965e-05,False,False
ENSG00000198829,0.0004240419486650742,False,True
ENSG00000111707,0.873586371776637,True,False
ENSG00000107882,0.09895626471281824,False,True
ENSG00000105705,0.1137172853449419,True,False
ENSG00000064607,0.9534748818673352,False,True
ENSG00000165416,0.3882763621588816,False,False
ENSG00000228072,0.13996834569973285,False,True
ENSG00000239827,0.9287701192945929,False,False
ENSG00000137573,0.009557187042550923,False,False
ENSG00000196562,0.010908309587939414,False,True
ENSG00000196502,0.0009411570048363342,False,True
ENSG00000197165,0.002315660585677188,False,False
ENSG00000261052,0.4818176304934876,False,False
ENSG00000213648,0.5182653724777226,False,False
ENSG00000173597,0.03921495374876789,False,False
ENSG00000198203,0.006813708992405332,True,False
ENSG00000196228,0.02157586431997042,False,False
ENSG00000198075,0.011451713087413504,False,True
ENSG00000109193,0.029407812887196075,False,False
ENSG00000105398,0.0011873595117441761,False,True
ENSG00000088002,0.5456749035975585,False,False
ENSG00000130540,0.4252994235749198,False,True
ENSG00000138068,,False,False
ENSG00000144455,0.7668722115381088,False,False
ENSG00000129103,0.09895626471281756,True,False
ENSG00000116030,0.5739704051993206,False,False
ENSG00000241721,0.7229460513635422,False,True
ENSG00000235082,0.28362920613472287,False,False
ENSG00000188612,0.0011873595117441761,False,False
ENSG00000184900,0.329121868610169,False,False
ENSG00000177688,0.0012251218799831088,False,False
ENSG00000164828,0.029407812887196485,True,False
ENSG00000100242,0.0010232374929525054,False,True
ENSG00000164744,0.9774373223599264,False,False
ENSG00000167098,0.36787944117145116,False,False
ENSG00000139531,3.180592242630853e-05,False,True
ENSG00000092201,0.37492084697506467,True,False
ENSG00000196284,0.03921495374876789,True,False
ENSG00000213246,0.19582577895800432,True,False
ENSG00000196235,0.07625662759581507,True,False
ENSG00000109111,0.8890097654027761,True,False
ENSG00000119760,0.8864204184047131,False,False
ENSG00000156502,0.9703087278278311,True,False
ENSG00000280627,0.7624115035808352,False,False
ENSG00000148291,0.06501700254173598,True,False
ENSG00000280951,0.19130909668625085,True,False
ENSG00000281309,0.01182510595897501,True,False
ENSG00000106868,0.6468856075164668,False,True
ENSG00000099994,0.06062115665136346,False,False
ENSG00000157303,0.8386310295131585,False,False
ENSG00000143502,0.4431679264255014,False,False
ENSG00000173705,0.01779443206057254,False,False
ENSG00000101945,0.042058563188110264,True,False
ENSG00000152455,0.002356544173003338,False,False
ENSG00000178691,0.12019746480621782,True,False
ENSG00000159164,0.36770064193259916,False,False
ENSG00000185518,0.06278061720057111,False,True
ENSG00000122012,0.43813941265052725,False,False
ENSG00000165124,2.1768402957095414e-05,False,True
ENSG00000197321,0.8534372775192605,False,False
ENSG00000198168,0.03786607969598651,True,False
ENSG00000166111,0.7904536894947409,True,False
ENSG00000157703,0.05528026545236619,False,False
ENSG00000133789,0.2611312474719329,False,False
ENSG00000175854,0.37932084582780345,True,False
ENSG00000173928,0.010553599589786262,False,True
ENSG00000116668,0.8634530530416704,False,False
ENSG00000169895,0.001726443470105863,False,False
ENSG00000147642,0.11811216396395953,False,False
ENSG00000171772,0.5052892035266876,False,True
ENSG00000205078,0.18617113185875345,False,False
ENSG00000161860,0.23327955347312515,True,False
ENSG00000217442,0.007415154552552487,True,False
ENSG00000179751,,False,False
ENSG00000198765,0.2366361528986566,False,False
ENSG00000196074,0.004502988019610775,False,True
ENSG00000153157,0.04724066417030474,False,False
ENSG00000139351,0.7462764190832842,False,False
ENSG00000105137,0.13705674616225733,False,False
ENSG00000097096,0.002084830808269168,False,True
ENSG00000117614,0.9506977725270581,False,False
ENSG00000165025,0.17157045114709019,False,True
ENSG00000125755,0.367700641932594,False,False
ENSG00000008056,0.07068728632759921,False,False
ENSG00000157152,0.7475369090848326,False,False
ENSG00000185666,0.13283961856526172,True,False
ENSG00000162520,0.451870014298448,False,False
ENSG00000135316,0.44532760991231046,True,False
ENSG00000101463,0.29255880384997346,False,False
ENSG00000183379,0.8246571089553789,False,True
ENSG00000131018,7.751511110698186e-06,False,True
ENSG00000054654,0.018369141203876713,False,True
ENSG00000227460,0.4044602769610365,False,False
ENSG00000100321,0.12741803752648712,True,False
ENSG00000108639,0.10119411935468373,False,False
ENSG00000291941,0.49133972681450677,False,False
ENSG00000105467,0.13186046488914074,True,False
ENSG00000159082,0.0038467561800624465,False,False
ENSG00000078269,0.18347565131987473,True,False
ENSG00000213463,0.001495057418253508,False,False
ENSG00000258644,0.7923356474390902,False,False
ENSG00000182253,0.9260649655225167,False,False
ENSG00000171992,0.5863800978415652,False,False
ENSG00000172403,0.0015543480583788572,False,True
ENSG00000166317,0.34585336351023777,False,False
ENSG00000163630,0.32962187665298015,False,False
ENSG00000275066,0.11915025250180696,False,False
ENSG00000102003,0.6013924664189708,True,False
ENSG00000008282,0.038459754327126686,True,False
ENSG00000143028,0.6602295377331096,False,False
ENSG00000204070,0.0003580433149997729,False,False
ENSG00000254806,0.13517775382487854,True,False
ENSG00000067715,0.5382949871275216,True,False
ENSG00000110975,1.6729913470720128e-06,False,False
ENSG00000132718,0.07670278894557792,False,False
ENSG00000173227,0.03921495374876789,True,False
ENSG00000019505,0.6507818570714412,False,False
ENSG00000143469,0.9961001816629992,False,False
ENSG00000204176,0.8370018293859048,False,True
ENSG00000139973,0.5962796833959243,False,False
ENSG00000103528,0.12520746726694668,False,False
ENSG00000143858,0.24922428578819572,False,True
ENSG00000213023,0.15630147684566711,False,False
ENSG00000132872,0.03352721110107988,False,False
ENSG00000129990,0.21141531411779338,False,False
ENSG00000134207,0.221544603250541,True,False
ENSG00000011347,0.0034431584764596044,False,True
ENSG00000149043,0.19829501312387304,False,False
ENSG00000170743,9.754806840047434e-06,False,True
ENSG00000142765,0.10089937940989292,False,False
ENSG00000137501,0.009156945777587815,False,False
ENSG00000164674,0.00483421294089449,False,True
ENSG00000102362,0.007350550518689816,False,True
ENSG00000147041,3.444556566366027e-05,False,True
ENSG00000162298,0.061811519492814486,True,False
ENSG00000198198,0.1962069482372066,False,False
ENSG00000146399,0.2748632463080574,False,False
ENSG00000146378,0.12713573293203653,False,False
ENSG00000135569,0.36787944117145116,False,False
ENSG00000146383,0.04111412154482537,False,False
ENSG00000146385,0.04111412154482537,False,False
ENSG00000237110,0.5962796833959243,False,False
ENSG00000100324,0.15811484526585695,True,False
ENSG00000055208,0.0074151545525524285,False,False
ENSG00000157625,0.6777912719387762,False,False
ENSG00000006128,0.8841277314980266,False,False
ENSG00000166863,0.027362461177737236,True,False
ENSG00000176358,0.40952117155010515,False,True
ENSG00000147526,0.3641428503576851,False,False
ENSG00000138162,0.20678375939491223,True,False
ENSG00000013810,0.003363742717552841,False,False
ENSG00000136463,0.8289031814174833,False,True
ENSG00000115353,0.041225646864918676,False,True
ENSG00000075073,0.9781196365070189,False,True
ENSG00000169836,0.3451413592667513,False,False
ENSG00000184292,0.0006948914004287934,False,True
ENSG00000152382,0.367700641932594,False,False
ENSG00000276234,0.8592656070832756,False,False
ENSG00000173011,0.420091619356054,False,False
ENSG00000171148,0.8821215887400115,False,False
ENSG00000147133,0.5009254422650236,False,False
ENSG00000166337,0.040297210976628944,False,False
ENSG00000064995,0.26886027935922086,True,False
ENSG00000120656,0.3826546990822456,False,False
ENSG00000197780,0.5623698623643318,False,True
ENSG00000270647,0.4044602769610365,True,False
ENSG00000143498,0.0007210457473896545,True,False
ENSG00000115750,0.27681807718123913,False,False
ENSG00000103168,0.7668722115381088,False,False
ENSG00000166012,0.02052232214449494,False,False
ENSG00000122728,0.5953656884704394,True,False
ENSG00000064313,0.010290153444869448,True,False
ENSG00000165632,0.8011700468456162,False,False
ENSG00000280529,0.002338285326802777,True,False
ENSG00000141384,0.10821593598552763,False,True
ENSG00000148835,0.5351638569387906,False,False
ENSG00000135801,0.0003625976210004412,False,False
ENSG00000106290,0.0001693539441791857,False,False
ENSG00000162227,0.6072682622725372,False,True
ENSG00000178913,0.48747214940996786,False,False
ENSG00000102387,0.0005783272630177069,False,True
ENSG00000137413,0.8097846959737904,True,False
ENSG00000276463,0.003201013508986908,True,False
ENSG00000187325,0.936933085603705,False,True
ENSG00000164691,0.008140614217539281,False,True
ENSG00000149591,0.07920374879346628,False,False
ENSG00000158710,0.00309391518869902,False,False
ENSG00000144834,0.969617132185119,False,False
ENSG00000162367,0.007244125501688712,False,True
ENSG00000186051,0.3517765023909196,True,False
ENSG00000177156,0.12643078408264358,True,False
ENSG00000279643,0.9884003241552884,False,False
ENSG00000115183,0.40603635008782446,False,False
ENSG00000170921,0.3826546990822456,False,False
ENSG00000136560,0.3684163607179038,False,False
ENSG00000160551,0.8634530530416704,False,False
ENSG00000149930,0.2118716888577065,False,False
ENSG00000135090,0.9405840623298023,False,True
ENSG00000168394,0.8659753094387994,False,False
ENSG00000206235,0.8082115353306712,False,False
ENSG00000206208,0.6246347280002755,True,False
ENSG00000139192,0.20860118313211531,False,True
ENSG00000169762,0.00019921073934430928,False,False
ENSG00000059588,9.663873920204654e-05,True,False
ENSG00000139546,0.8460017628060118,False,False
ENSG00000120948,0.9932170803579593,True,False
ENSG00000275806,0.5962796833959243,False,False
ENSG00000211689,0.000696243986669659,False,True
ENSG00000143374,0.8240816544909277,False,False
ENSG00000173662,0.6071800932191802,False,False
ENSG00000179002,0.2538890356400324,False,False
ENSG00000169962,0.9405840623298023,False,True
ENSG00000169777,0.36787944117145116,False,False
ENSG00000272805,0.14868041938233184,False,False
ENSG00000277254,0.4394269174321662,False,False
ENSG00000261984,0.5351638569387943,False,False
ENSG00000128519,,False,False
ENSG00000263028,0.4827070162904621,False,False
ENSG00000282612,0.8240816544909277,False,False
ENSG00000127362,0.9634502358058682,False,False
ENSG00000256188,0.5988380985227771,False,False
ENSG00000256436,0.8200851460747121,False,True
ENSG00000257138,0.41181973243301795,False,False
ENSG00000236398,0.36787944117145116,False,False
ENSG00000127364,0.5167558627527982,True,False
ENSG00000221937,0.33262581458205576,False,False
ENSG00000221855,0.5962796833959243,False,False
ENSG00000273505,0.8507086892852735,False,False
ENSG00000262612,0.9062510313227692,False,False
ENSG00000278111,0.273564042841722,False,False
ENSG00000127366,0.35837324999883363,False,False
ENSG00000273431,0.8666460694486934,False,False
ENSG00000285341,0.061393103610705504,False,False
ENSG00000121377,0.36787944117145116,False,False
ENSG00000121314,0.5962796833959243,False,False
ENSG00000273086,0.04111412154482537,False,False
ENSG00000089123,0.0780569965481117,True,False
ENSG00000198650,0.00017589903559657108,False,True
ENSG00000291730,0.00028965623024380797,True,False
ENSG00000157014,0.2434759776783048,True,False
ENSG00000203705,0.07851369147465591,True,False
ENSG00000106052,0.01564645448315455,True,False
ENSG00000213977,0.18617113185875345,False,False
ENSG00000065882,0.15046565631381092,False,True
ENSG00000099992,0.005512275129951006,False,True
ENSG00000169221,0.3224699710555938,False,False
ENSG00000175463,0.47345859636325194,False,False
ENSG00000108239,0.7213077800163539,False,True
ENSG00000107021,0.019701149999669265,False,False
ENSG00000132405,0.7941899068540217,False,False
ENSG00000121749,0.009255406616544806,False,False
ENSG00000167291,0.0008197872301629495,True,False
ENSG00000104946,0.9874397796982158,False,True
ENSG00000109680,0.32341194693316333,False,False
ENSG00000095383,0.716415207307324,False,True
ENSG00000125875,0.0222687759836629,True,False
ENSG00000167139,,False,False
ENSG00000054611,0.01412793323002749,False,False
ENSG00000065491,0.018422799806099538,False,False
ENSG00000036054,0.24158949047348857,False,False
ENSG00000162065,0.1492998265752604,False,False
ENSG00000068354,0.06590806850830239,False,False
ENSG00000214946,0.39454284127309946,False,False
ENSG00000189375,0.5962796833959243,False,False
ENSG00000167202,0.0089370490350727,False,True
ENSG00000274611,0.9047054630375765,True,False
ENSG00000111490,0.0006782041382053894,True,False
ENSG00000278632,0.8976956738320017,False,False
ENSG00000278299,0.6264593656375133,False,False
ENSG00000275954,0.9590534611157338,False,True
ENSG00000275760,0.90999870276312,False,False
ENSG00000274226,0.7683649063695428,False,False
ENSG00000267104,0.5542275848558886,False,False
ENSG00000188755,0.4865251421327479,True,False
ENSG00000266433,0.7766696595238248,False,False
ENSG00000136111,0.01524105109973785,False,True
ENSG00000131374,0.37419249198924803,False,False
ENSG00000145979,0.025171037417556337,False,False
ENSG00000204634,0.6958201383926648,False,False
ENSG00000133138,0.07299210558243631,False,False
ENSG00000109436,0.03932950562580106,False,True
ENSG00000284400,0.7706093981732294,False,True
ENSG00000171530,0.034191097171807044,True,False
ENSG00000105254,0.06552469740524133,False,False
ENSG00000124659,0.1440242693448326,True,False
ENSG00000113838,0.7019357058822984,True,False
ENSG00000141556,0.30037535253440634,False,False
ENSG00000284770,2.8802983010960544e-05,True,False
ENSG00000154114,0.03172480869265962,False,True
ENSG00000145348,0.0344916029358138,False,True
ENSG00000183735,0.873586371776637,False,False
ENSG00000198933,0.1840116070775476,False,False
ENSG00000101849,0.5542275848558886,False,False
ENSG00000177565,0.6264593656375133,False,False
ENSG00000092377,0.8526418940920951,True,False
ENSG00000106638,0.0028402038930120414,True,False
ENSG00000183751,0.6544773324202532,True,False
ENSG00000112592,0.5048369925379625,False,False
ENSG00000028839,0.4304280042513139,False,False
ENSG00000182521,0.3451413592667513,False,False
ENSG00000136535,0.6355039872405592,False,False
ENSG00000154144,0.006598557400911423,False,True
ENSG00000136270,0.22569390609902698,True,False
ENSG00000184058,0.041482356856089926,False,False
ENSG00000167800,0.016156620475318653,True,False
ENSG00000092607,0.09462792793604255,False,False
ENSG00000112837,0.17157045114709019,False,False
ENSG00000143178,0.025941266625422576,True,False
ENSG00000121068,0.09298623193068932,False,False
ENSG00000164532,0.0006392720530373131,False,False
ENSG00000073861,0.0016477217681008253,False,True
ENSG00000122145,,False,False
ENSG00000135111,0.412001518064424,False,False
ENSG00000121075,0.1669650310821286,True,False
ENSG00000089225,0.19593645433419785,False,False
ENSG00000149922,0.13118939037909413,True,False
ENSG00000006638,5.881180573472601e-06,False,True
ENSG00000059377,0.007293597386663904,False,True
ENSG00000276776,0.9816960841823692,True,False
ENSG00000240280,0.24562419611702857,True,False
ENSG00000173991,0.7683649063695428,False,False
ENSG00000187735,0.0005140629634065566,True,False
ENSG00000171703,0.04406795685040955,False,True
ENSG00000204219,0.4908012146088795,False,False
ENSG00000172465,0.4300097069040322,False,False
ENSG00000291823,7.928090501739823e-06,False,True
ENSG00000196507,0.04169213079332189,False,True
ENSG00000133142,0.4044602769610365,False,True
ENSG00000204065,0.047315278086070583,False,False
ENSG00000204071,0.6784506019178687,False,False
ENSG00000182916,0.0020546455651842574,False,False
ENSG00000180964,0.5909589334091598,False,False
ENSG00000176896,0.07151685870602109,False,False
ENSG00000116205,0.9797889530019297,False,True
ENSG00000113649,0.007415154552552487,True,False
ENSG00000176769,0.10219118661208511,False,False
ENSG00000140262,0.3458533635102353,False,True
ENSG00000125878,0.13705674616225733,False,False
ENSG00000224941,7.541798719053957e-05,True,False
ENSG00000100207,0.0005292783352730438,True,False
ENSG00000118526,0.00011681321282780664,False,True
ENSG00000163792,0.6567820003526315,True,False
ENSG00000261787,0.11569298798203469,False,False
ENSG00000141002,0.8264889020158215,False,False
ENSG00000071564,0.03921495374876789,False,False
ENSG00000196628,0.01110089861863634,False,True
ENSG00000081059,0.5640126163946804,False,False
ENSG00000152284,0.8370018293859048,True,False
ENSG00000148737,0.0007824068889251013,False,False
ENSG00000101190,0.23786025314076092,True,False
ENSG00000159450,1.7137623240454825e-05,False,True
ENSG00000182898,0.36787944117145116,False,False
ENSG00000139437,0.05985974156887335,False,False
ENSG00000110719,0.716415207307324,False,False
ENSG00000100721,0.028075339147552683,False,True
ENSG00000213231,0.7713466071607552,False,False
ENSG00000134827,0.09309741238384064,False,True
ENSG00000185339,0.10429064116657036,False,False
ENSG00000070814,0.0007778558195516869,True,False
ENSG00000120438,0.03469340598699061,True,False
ENSG00000242220,0.21043458021775974,False,True
ENSG00000166984,0.8406056433653959,False,False
ENSG00000124678,0.9214917975864299,False,True
ENSG00000176148,0.49607859644832597,True,False
ENSG00000166046,0.7276473585454799,False,True
ENSG00000145022,0.024163853404064625,True,False
ENSG00000204852,0.4363270726588373,False,True
ENSG00000168778,0.2211323959556799,False,False
ENSG00000119977,0.8386310295131585,False,True
ENSG00000139372,0.06590806850830239,True,False
ENSG00000284856,0.20175771577059207,False,False
ENSG00000151790,0.0013697914968163478,False,True
ENSG00000042088,0.2667771109015765,True,False
ENSG00000111802,0.06852183539348727,True,False
ENSG00000095627,0.00015304041372919363,False,True
ENSG00000163239,0.9260649655225167,True,False
ENSG00000173809,0.8121763155137924,False,False
ENSG00000083544,0.24276682484732598,False,False
ENSG00000162782,0.09143314853411169,True,False
ENSG00000180113,0.00802275025560911,False,False
ENSG00000196116,0.6084502925805204,False,False
ENSG00000156414,0.01524105109973785,False,True
ENSG00000204091,0.36787944117145116,False,False
ENSG00000182134,4.62014772796492e-05,True,False
ENSG00000187079,0.6084502925805204,False,False
ENSG00000074219,0.00017234393192121228,True,False
ENSG00000007866,0.008529540927726238,True,False
ENSG00000197905,0.23925192301841006,False,False
ENSG00000135605,0.009501595224711548,False,False
ENSG00000205356,0.8169018986631806,True,False
ENSG00000196663,0.651303345773445,False,True
ENSG00000099797,0.6155909480306143,False,False
ENSG00000205678,0.8315497217649173,False,False
ENSG00000109927,9.978972770999124e-05,False,True
ENSG00000119913,0.8188896939167221,False,False
ENSG00000203730,0.2791461623650727,False,False
ENSG00000167074,0.5167558627527982,False,False
ENSG00000172171,0.5414444368946913,True,False
ENSG00000120156,2.813864799117133e-05,False,True
ENSG00000167858,0.5962796833959243,False,False
ENSG00000092850,0.38573061630622196,False,True
ENSG00000125409,0.13714443788280908,False,False
ENSG00000163060,0.8834727027138103,False,False
ENSG00000188681,0.013172733592997046,True,False
ENSG00000153060,0.25209107708218803,False,False
ENSG00000100726,0.843537681746238,True,False
ENSG00000257949,0.8994430127919598,False,True
ENSG00000261408,0.7404941610992368,False,True
ENSG00000129566,0.3488930708560868,False,True
ENSG00000270141,0.7807947825341726,False,False
ENSG00000147601,0.003524449189336565,True,False
ENSG00000132604,0.8584305579681832,True,False
ENSG00000166848,0.1286629523173662,False,True
ENSG00000164362,0.00016986191801541498,False,False
ENSG00000135269,0.07235616678610683,True,False
ENSG00000088992,0.17024109839574567,False,False
ENSG00000107140,0.047401536651985224,True,False
ENSG00000070759,0.0027106973737597803,False,True
ENSG00000138336,0.09226576111285263,False,False
ENSG00000168769,0.0008399581546774035,False,True
ENSG00000187605,0.30301535336118823,True,False
ENSG00000136891,0.010533097217241593,False,False
ENSG00000131126,0.6216193085013452,False,True
ENSG00000120498,0.5315155524011654,False,False
ENSG00000150783,0.14692102640300106,False,True
ENSG00000268629,0.36787944117145116,False,False
ENSG00000170925,,False,False
ENSG00000121101,0.03389320954399959,False,False
ENSG00000133863,0.07151473061693679,False,True
ENSG00000182459,3.339658159128452e-05,False,False
ENSG00000136478,0.6998912343999902,False,True
ENSG00000234911,0.10793929256551897,False,True
ENSG00000226174,0.01444051373356313,False,False
ENSG00000175664,0.0029563175264447974,False,False
ENSG00000144043,0.06278061720057111,True,False
ENSG00000164081,0.7668722115381088,False,False
ENSG00000224743,0.5958344615198381,False,False
ENSG00000278057,0.04111412154482537,False,False
ENSG00000153495,0.6107634042204173,False,True
ENSG00000151287,0.016219578488259088,False,False
ENSG00000151575,0.30037535253440634,False,False
ENSG00000091513,8.279648582242494e-05,False,False
ENSG00000108064,0.9590534611157338,False,False
ENSG00000230444,0.5612773520480148,True,False
ENSG00000137203,0.44508670815599194,False,False
ENSG00000008196,0.3451413592667513,False,False
ENSG00000087510,0.26986970608171895,False,False
ENSG00000008197,,False,False
ENSG00000116819,0.41040229050591415,False,False
ENSG00000090447,0.03979106912921502,True,False
ENSG00000029639,0.44532760991231046,False,True
ENSG00000162851,0.8584305579681832,False,False
ENSG00000135457,0.49607859644832597,False,False
ENSG00000115112,0.03681330445662501,False,True
ENSG00000198176,0.530501277933769,False,False
ENSG00000114126,0.6964970061782193,False,False
ENSG00000183434,0.3451413592667513,False,False
ENSG00000292217,0.09809411493143176,True,False
ENSG00000112561,0.24490050396881355,False,False
ENSG00000105967,0.0026975514375421933,False,True
ENSG00000160182,0.7923356474390902,False,False
ENSG00000160181,0.3714944192541341,False,False
ENSG00000160180,0.656389144107828,False,False
ENSG00000114354,0.00022848169774693775,True,False
ENSG00000100109,0.012982012041866891,True,False
ENSG00000003436,0.47207959171908154,True,False
ENSG00000105825,5.242635588756743e-05,False,True
ENSG00000276504,0.15267617986527876,True,False
ENSG00000106327,0.00454256480909922,False,True
ENSG00000072274,0.001770643479275125,True,False
ENSG00000042832,0.5300583379502202,False,True
ENSG00000088451,0.006503020123561989,False,False
ENSG00000163235,0.13705674616225733,False,True
ENSG00000105329,0.5351638569387943,False,False
ENSG00000140682,0.13324621309663418,False,False
ENSG00000092969,0.3435074679376159,False,False
ENSG00000119699,0.039675172893414636,False,False
ENSG00000120708,0.3368922200202556,False,True
ENSG00000106799,0.7941899068540217,False,True
ENSG00000163513,0.09686203123758377,False,True
ENSG00000069702,1.7187684421774944e-05,False,True
ENSG00000135966,0.9703087278278311,True,False
ENSG00000177426,0.19582577895800432,True,False
ENSG00000118707,0.08178625457008354,False,False
ENSG00000153779,0.02424191078891642,False,False
ENSG00000176679,0.10321081825977171,False,False
ENSG00000285348,0.42875725233373474,False,False
ENSG00000198959,0.31137799375670927,False,False
ENSG00000125780,0.0030402389821395388,False,False
ENSG00000163810,0.47242006815601745,False,False
ENSG00000104055,0.2264718537281993,False,False
ENSG00000166948,,False,False
ENSG00000159495,0.36787944117145116,False,False
ENSG00000152291,0.68574569976798,False,False
ENSG00000137574,0.0010721237785864073,False,False
ENSG00000180176,0.0004372381742972296,False,True
ENSG00000115970,0.09545961337853968,False,False
ENSG00000131931,0.43378906487122426,True,False
ENSG00000129028,0.14973595039385398,False,True
ENSG00000168286,0.5762070137928801,True,False
ENSG00000173451,0.939669986539455,False,False
ENSG00000041988,0.8224807192892474,True,False
ENSG00000176946,0.06785883299191747,False,True
ENSG00000177683,0.1890899731785458,False,False
ENSG00000174796,0.10602877861738248,False,True
ENSG00000184436,0.6904288229928944,True,False
ENSG00000230513,0.11505184950452893,False,False
ENSG00000161277,0.0550044987626716,True,False
ENSG00000168152,0.05158566658698333,False,False
ENSG00000178726,0.03382736554424396,False,True
ENSG00000137801,0.2917403444795648,False,False
ENSG00000186340,0.014377365549910613,False,False
ENSG00000169231,0.23441639115790464,True,False
ENSG00000113296,0.000295343947739202,False,False
ENSG00000159445,0.000771828879790447,True,False
ENSG00000196407,0.0004334919744431461,False,False
ENSG00000172673,0.0015573735524286906,False,True
ENSG00000113272,0.5807064113317143,False,True
ENSG00000185875,0.032727387158684694,False,False
ENSG00000144115,0.3578253511177706,False,False
ENSG00000079134,0.239950808373247,False,False
ENSG00000125676,0.45099217093361643,True,False
ENSG00000051596,0.028066886802553943,True,False
ENSG00000100296,0.0007854557185434598,True,False
ENSG00000131652,0.13272900379834746,True,False
ENSG00000163634,0.045904772399021236,True,False
ENSG00000172009,0.9590534611157338,False,True
ENSG00000090534,0.6570276548980691,False,False
ENSG00000126351,0.40210763052438364,False,False
ENSG00000054118,0.7297729092033649,False,False
ENSG00000151090,0.24922428578819572,False,False
ENSG00000151365,0.0004074704873726983,False,True
ENSG00000136114,0.05554191022657251,False,True
ENSG00000285160,0.016219578488259088,False,False
ENSG00000187720,0.5863800978415652,False,True
ENSG00000005108,0.03402528228336534,True,False
ENSG00000144229,0.0004895743245337343,False,True
ENSG00000259431,0.6864127675167437,False,False
ENSG00000066654,0.10429064116657036,False,False
ENSG00000138050,0.042058563188110264,True,False
ENSG00000134077,0.10148972027241246,True,False
ENSG00000154096,0.0015664854146778243,False,False
ENSG00000151500,0.0007210457473896496,False,True
ENSG00000116001,0.31656750785167814,False,False
ENSG00000151923,0.7773822889285338,False,False
ENSG00000156299,9.903664314685347e-06,False,True
ENSG00000146426,0.06501700254173598,False,False
ENSG00000127666,0.5279285318830353,False,False
ENSG00000243414,0.09226576111285263,False,True
ENSG00000066056,0.044845988040869894,False,False
ENSG00000145365,0.009077166505166611,False,True
ENSG00000255833,0.5433668033512198,False,False
ENSG00000221944,0.003524449189336565,False,False
ENSG00000180346,0.0004765187896497947,False,True
ENSG00000173825,0.0005765580015503739,True,False
ENSG00000169989,0.8263835555599651,False,False
ENSG00000278016,0.0007900512533135226,True,False
ENSG00000164296,0.04347216550870775,True,False
ENSG00000140993,0.6602295377331096,True,False
ENSG00000181847,0.02526912219350792,False,True
ENSG00000145850,3.997045681950372e-05,False,True
ENSG00000111602,0.002036744604290185,True,False
ENSG00000134809,0.1500274071396726,False,False
ENSG00000099800,0.367700641932594,True,False
ENSG00000134375,0.23532984890796718,False,False
ENSG00000292215,0.14973595039385612,True,False
ENSG00000075336,0.6013924664189623,True,False
ENSG00000277649,0.8097846959737904,False,False
ENSG00000265354,0.5640126163946804,False,False
ENSG00000104980,0.5430260650907353,True,False
ENSG00000105197,0.0497145101076509,False,False
ENSG00000126953,0.2546127113195458,False,False
ENSG00000150779,0.25461271131954394,False,False
ENSG00000100575,0.0031731248947087422,True,False
ENSG00000113845,0.5351638569387906,True,False
ENSG00000102265,0.07881963825426955,False,False
ENSG00000035862,0.08978779094001982,False,False
ENSG00000100234,0.0010272247747866602,False,False
ENSG00000157150,0.996118394014622,False,False
ENSG00000137251,0.018983669399293912,True,False
ENSG00000142910,0.0004646236028895167,False,True
ENSG00000284915,0.6602295377331096,False,False
ENSG00000163659,0.10119411935468373,False,False
ENSG00000075131,0.002338285326802777,False,False
ENSG00000143155,0.00017234393192121228,False,False
ENSG00000150455,0.5824027287582181,True,False
ENSG00000137221,0.0023021909548241624,True,False
ENSG00000104067,0.8370018293859048,False,False
ENSG00000119139,0.011285909348371056,False,True
ENSG00000105289,0.7638955157717768,False,False
ENSG00000167900,0.0013697914968163478,False,False
ENSG00000166548,0.04870972780737913,False,True
ENSG00000163931,3.101196131593507e-05,True,False
ENSG00000007350,0.17156049393041456,False,True
ENSG00000151005,0.85201859797383,False,False
ENSG00000160606,3.180592242630835e-05,True,False
ENSG00000185561,0.7462764190832948,False,False
ENSG00000196781,0.20678375939491223,True,False
ENSG00000065717,0.4279243099007961,False,True
ENSG00000140332,0.6784506019178687,False,False
ENSG00000106829,0.00011957109615183667,False,True
ENSG00000104953,0.008172336005894343,True,False
ENSG00000198586,0.6640924006867255,False,False
ENSG00000146872,0.24561588954839772,False,False
ENSG00000038295,0.048073534307040616,False,True
ENSG00000095587,0.21077201379021618,True,False
ENSG00000137076,0.5403925781934952,False,False
ENSG00000171914,0.7206068006934967,False,False
ENSG00000174125,0.012282115684357347,False,True
ENSG00000174123,0.005923496432330278,False,True
ENSG00000137462,0.0005022062043744345,False,True
ENSG00000164342,0.00015775034965083542,False,True
ENSG00000136869,7.660041077613838e-05,False,True
ENSG00000187554,0.8050743765976687,False,False
ENSG00000174130,0.09686203123758377,False,True
ENSG00000196664,0.04108849087312714,False,False
ENSG00000101916,0.0013460270408302373,False,True
ENSG00000233338,0.2156333742490483,False,False
ENSG00000239732,0.9215738736404122,False,False
ENSG00000107807,0.00010765200503810445,True,False
ENSG00000236311,0.00017805847974201714,True,False
ENSG00000115297,0.052699073656862466,False,False
ENSG00000164438,0.3451413592667513,False,False
ENSG00000162604,0.30866513398957124,False,False
ENSG00000169490,0.11371728534494023,False,False
ENSG00000184277,0.2434759776783048,False,True
ENSG00000169908,0.055326318415397334,False,False
ENSG00000163762,0.0008489898762368579,False,True
ENSG00000145107,0.00022794602716189028,True,False
ENSG00000168955,0.5605041740010772,True,False
ENSG00000169903,0.716415207307324,True,False
ENSG00000142484,0.058025984184337784,True,False
ENSG00000136404,0.04577106927310013,False,True
ENSG00000213996,0.00014722781458154533,False,True
ENSG00000149809,0.24585481549216193,True,False
ENSG00000064115,0.12979377179915152,False,True
ENSG00000100926,0.9047054630375765,False,False
ENSG00000125304,0.14486692478915572,False,False
ENSG00000077147,0.190011462456638,False,True
ENSG00000101337,0.047171655742565155,True,False
ENSG00000135926,0.1036840080327548,True,False
ENSG00000155957,0.47622870216349256,False,False
ENSG00000139644,0.0008741185036567904,False,False
ENSG00000165091,0.3674690396062818,True,False
ENSG00000149488,0.19094921792762873,False,False
ENSG00000188869,0.984129534032902,False,False
ENSG00000167608,0.4652445827701792,False,False
ENSG00000103534,0.03402528228336534,False,False
ENSG00000141524,0.29689109581326617,False,True
ENSG00000170537,0.000866502805155841,False,False
ENSG00000167895,0.0036713532787011316,False,True
ENSG00000172765,0.024163853404064625,True,False
ENSG00000133069,0.03150962186463864,False,True
ENSG00000057704,0.7888029805353111,False,False
ENSG00000143183,0.0005643561761200707,True,False
ENSG00000188800,0.15383758562994948,False,False
ENSG00000162542,0.9845637435410837,False,True
ENSG00000166069,0.37889753571400264,False,False
ENSG00000215296,,False,False
ENSG00000113119,0.26368258289232577,False,False
ENSG00000099203,0.9153229121112986,False,True
ENSG00000170348,0.716415207307324,False,False
ENSG00000254618,0.04754000258088901,True,False
ENSG00000215367,0.36787944117145116,False,False
ENSG00000086598,0.44532760991231046,True,False
ENSG00000166557,9.844058742735422e-05,False,False
ENSG00000158604,0.30301535336118823,True,False
ENSG00000117500,0.19582577895800432,False,True
ENSG00000157315,0.5122536621554425,False,False
ENSG00000134970,0.6013924664189623,False,True
ENSG00000251201,0.2515401003707451,True,False
ENSG00000100580,0.07741909119163981,False,False
ENSG00000184840,0.0001798769189013997,False,False
ENSG00000241697,0.262918201883397,False,False
ENSG00000144339,0.00352034762042242,False,False
ENSG00000166292,6.65278346800926e-05,False,True
ENSG00000091947,0.002370331813004586,True,False
ENSG00000284228,0.504836992537959,False,True
ENSG00000185332,0.42875725233373474,False,False
ENSG00000184988,0.06038584920686455,False,True
ENSG00000106460,0.6602295377331096,False,False
ENSG00000134291,0.00021679505573437132,False,False
ENSG00000179029,0.28170537202137336,True,False
ENSG00000144868,0.8050743765976687,False,False
ENSG00000110108,0.008116903707478655,False,False
ENSG00000178307,0.7668722115381088,False,False
ENSG00000232258,0.12713573293203653,False,False
ENSG00000126062,0.04563775557348399,True,False
ENSG00000198270,0.40682668823286516,False,False
ENSG00000139173,0.037645821978377625,False,False
ENSG00000183160,0.08569368195558995,False,False
ENSG00000189077,0.7206068006934967,False,False
ENSG00000188735,0.13080728562909524,True,False
ENSG00000184986,0.08396172292214722,False,True
ENSG00000152558,0.33558453716259506,False,False
ENSG00000179178,0.005640233945905519,False,True
ENSG00000171202,0.011385101275269491,False,False
ENSG00000171204,0.0780569965481117,False,False
ENSG00000135956,0.8035103666449687,True,False
ENSG00000132406,0.6904288229928944,False,True
ENSG00000168936,0.05468455105609742,False,True
ENSG00000166448,0.04581559365604328,False,False
ENSG00000075568,0.6640924006867255,False,False
ENSG00000006118,0.058535974917362184,False,False
ENSG00000139364,0.7247839307442708,False,False
ENSG00000181234,0.0001528169470421459,False,True
ENSG00000151952,0.027010523064531236,False,False
ENSG00000181291,2.2252783005811434e-05,False,True
ENSG00000172663,0.45099217093361643,False,False
ENSG00000166575,0.18617113185875345,False,False
ENSG00000149483,0.16184783303739514,False,False
ENSG00000178826,0.5063116857241694,False,False
ENSG00000146859,0.004476795240437932,False,True
ENSG00000244187,0.3526445732999315,False,False
ENSG00000161558,0.0472634740216183,False,False
ENSG00000164124,0.8634530530416704,False,False
ENSG00000167619,4.101921237961772e-05,True,False
ENSG00000105677,0.025941266625422378,True,False
ENSG00000096092,0.012994640457254694,True,False
ENSG00000137210,0.0018879926054788214,False,False
ENSG00000284936,0.22789900741253097,False,False
ENSG00000168890,0.20083926557103307,True,False
ENSG00000180061,0.05780075017682039,True,False
ENSG00000249242,0.12101832236201393,False,False
ENSG00000179292,0.0016638281292630814,True,False
ENSG00000178233,0.5272591328184606,False,True
ENSG00000170006,0.01625114943399581,False,True
ENSG00000121895,0.4431679264255014,True,False
ENSG00000249992,0.9845637435410837,False,True
ENSG00000130748,0.4044602769610365,False,False
ENSG00000064545,0.09353027464612838,False,False
ENSG00000164180,0.4084119826291387,False,False
ENSG00000152128,0.8316205588347061,False,True
ENSG00000157600,0.15765431691636933,True,False
ENSG00000134851,0.034191097171807044,False,False
ENSG00000174695,0.8584305579681832,False,False
ENSG00000215717,0.8011700468456162,False,False
ENSG00000146802,0.869349782758956,False,False
ENSG00000163449,0.24585481549216193,True,False
ENSG00000186889,0.42626327633819006,True,False
ENSG00000166822,0.16728759262552026,False,False
ENSG00000205269,0.5706317598354691,False,False
ENSG00000157111,0.873586371776637,False,True
ENSG00000164325,,False,False
ENSG00000127419,0.6338113721005718,False,True
ENSG00000002933,0.03857210017041502,False,False
ENSG00000106565,0.007357700859097679,False,False
ENSG00000144120,0.9731431232675515,False,True
ENSG00000258986,0.762228567019829,False,False
ENSG00000185475,0.056467587479820405,False,False
ENSG00000151353,0.3475388054239949,False,False
ENSG00000146433,0.44144772314975445,True,False
ENSG00000170417,0.10148972027241246,False,False
ENSG00000163444,0.3592197004571333,False,False
ENSG00000164855,0.4431679264255014,True,False
ENSG00000198792,0.0005643561761200707,False,False
ENSG00000164168,0.01913479331460357,False,True
ENSG00000269556,0.16518642360838853,False,True
ENSG00000226479,0.016062641368457264,True,False
ENSG00000184857,0.43000970690402607,False,False
ENSG00000177854,0.7404941610992368,False,False
ENSG00000139291,0.6216054675696967,False,False
ENSG00000160472,0.33262581458205576,False,False
ENSG00000226287,0.5645612667564903,False,False
ENSG00000278558,0.10884908446831844,True,False
ENSG00000206140,0.005089856757981897,True,False
ENSG00000170088,0.0005026947317720809,False,True
ENSG00000173452,0.36787944117145116,False,False
ENSG00000188760,0.002993309073514818,False,False
ENSG00000182796,0.001823051454363629,False,False
ENSG00000164484,0.050005379159059664,False,False
ENSG00000253304,0.4951148695123805,True,False
ENSG00000206432,3.5700309558934266e-05,False,True
ENSG00000188807,0.002370331813004586,False,False
ENSG00000187806,0.5962796833959243,False,False
ENSG00000187713,0.8097846959737904,False,False
ENSG00000131634,0.0024192269220246385,False,False
ENSG00000105518,0.09389473701933883,False,False
ENSG00000198398,0.3451413592667513,False,False
ENSG00000168701,0.54514209189753,False,False
ENSG00000146842,0.007097714140714112,True,False
ENSG00000186329,0.22789900741253097,False,True
ENSG00000214128,0.6588817108831786,False,False
ENSG00000119777,0.015876319935373424,False,False
ENSG00000188133,0.005540025424956278,False,False
ENSG00000187049,0.5898108833899778,True,False
ENSG00000172738,0.6375196679718531,False,False
ENSG00000150433,0.9590534611157338,True,False
ENSG00000149932,0.9845637435410837,False,False
ENSG00000187824,2.294185929669267e-05,False,True
ENSG00000188051,0.10932406489318997,False,True
ENSG00000186501,0.729063703322179,False,False
ENSG00000168569,0.016538067685808712,True,False
ENSG00000204300,0.36787944117145116,False,False
ENSG00000234224,0.5170609769744354,False,False
ENSG00000198133,0.00852954092772636,False,True
ENSG00000205084,0.3488930708560918,False,False
ENSG00000186952,0.00021142080394137967,False,True
ENSG00000224982,0.8304606594567725,False,False
ENSG00000160055,0.547798724527359,True,False
ENSG00000204278,0.20468847405526705,False,False
ENSG00000148483,0.43378906487122426,False,True
ENSG00000155755,0.00031614497299468767,True,False
ENSG00000233493,0.6718860612012494,False,True
ENSG00000198326,,False,False
ENSG00000205090,0.412001518064424,True,False
ENSG00000215712,0.3578253511177706,False,True
ENSG00000203756,0.3223293429802801,False,False
ENSG00000149582,1.718768442177471e-05,False,True
ENSG00000196932,1.7406311529223607e-05,False,True
ENSG00000179363,0.3445771189572106,False,False
ENSG00000109133,0.9073482229810683,False,False
ENSG00000171227,0.007837707131853753,False,False
ENSG00000072954,0.41562260194879497,False,False
ENSG00000095209,0.058025984184337784,True,False
ENSG00000176142,0.6718860612012494,False,False
ENSG00000121775,0.8224807192892474,False,False
ENSG00000088726,0.42454519675824554,False,False
ENSG00000163900,0.9544023865431298,False,False
ENSG00000166471,0.006016366610277338,True,False
ENSG00000169964,0.5695231992134334,False,False
ENSG00000170876,0.8097846959737904,False,False
ENSG00000145014,0.9405840623298023,False,False
ENSG00000181458,0.1099125746762891,False,True
ENSG00000151715,0.003600650559262027,True,False
ENSG00000147027,8.328091049520041e-05,False,True
ENSG00000183726,0.8297095074058933,True,False
ENSG00000142188,0.25961231091905224,False,False
ENSG00000171729,0.5122536621554425,False,False
ENSG00000178821,0.5824027287582099,False,False
ENSG00000126106,0.002721260233770995,False,False
ENSG00000121900,0.04124860169234491,False,False
ENSG00000116209,0.006860241458946316,False,False
ENSG00000105696,0.07297831524632985,False,False
ENSG00000135211,0.8786975403013207,False,False
ENSG00000143001,0.0025458407972949577,False,False
ENSG00000137842,0.17562111694644805,False,False
ENSG00000196187,0.24158949047348857,False,True
ENSG00000137216,0.8924739978144933,False,False
ENSG00000165548,0.12741803752648712,False,True
ENSG00000180694,0.3815401716215524,False,False
ENSG00000164983,0.04347216550870775,True,False
ENSG00000164953,0.5107616622540112,False,False
ENSG00000167904,3.567259339217456e-05,True,False
ENSG00000159596,0.37057188668272373,False,False
ENSG00000175606,0.005385135610889873,True,False
ENSG00000165071,0.01935935556370506,False,True
ENSG00000187783,0.03434680713669976,False,False
ENSG00000224812,0.6516877219784616,False,False
ENSG00000164841,0.0010473954589053371,True,False
ENSG00000125895,0.0030669596613122118,True,False
ENSG00000163472,0.00016257748191545417,True,False
ENSG00000177042,0.3886540628705118,True,False
ENSG00000174529,0.0001518805593129436,True,False
ENSG00000162460,0.0014863610351771054,False,True
ENSG00000151117,0.006813708992405283,False,True
ENSG00000180089,0.3101693470724283,False,False
ENSG00000103978,0.30037535253441056,False,False
ENSG00000153214,0.5706317598354691,True,False
ENSG00000167874,0.2129041999228439,False,False
ENSG00000183396,0.5339961099129698,False,False
ENSG00000137103,0.11915025250180777,False,False
ENSG00000116857,0.0001147866252330571,True,False
ENSG00000142046,0.011905862467360221,True,False
ENSG00000167105,0.8097846959737904,True,False
ENSG00000288511,,False,False
ENSG00000109084,0.0005282501115359847,True,False
ENSG00000006042,0.0004508283370385134,False,False
ENSG00000175348,0.5048369925379625,False,False
ENSG00000144747,0.29631432844590533,False,False
ENSG00000181585,0.5403925781934952,False,False
ENSG00000182271,0.11453898598791974,False,False
ENSG00000167664,0.006541067914650231,False,True
ENSG00000185973,0.0009512768756466765,False,False
ENSG00000136842,0.14973595039385398,False,True
ENSG00000128872,0.729063703322179,False,False
ENSG00000138594,0.6108212600394947,True,False
ENSG00000163157,0.8004194193712777,True,False
ENSG00000120802,0.04923348330203543,True,False
ENSG00000188167,0.4818176304934876,False,True
ENSG00000187054,0.3451413592667513,False,False
ENSG00000185873,0.6336180768652935,False,False
ENSG00000250026,0.7191996160971919,False,False
ENSG00000153802,0.9961001816629992,False,False
ENSG00000274058,0.668790744067002,False,False
ENSG00000198092,0.36669096210060714,False,False
ENSG00000229009,,False,False
ENSG00000186452,0.3223293429802801,False,False
ENSG00000137747,0.060739153999353875,False,True
ENSG00000154646,0.20013136329518932,False,False
ENSG00000184012,0.09084152316193816,False,False
ENSG00000160183,0.8534372775192605,True,False
ENSG00000137648,0.0006219384006782644,False,True
ENSG00000166682,0.06785883299191747,False,False
ENSG00000187045,0.001989767498950751,False,True
ENSG00000176040,0.007017225034139866,False,False
ENSG00000178297,0.8786975403013207,False,False
ENSG00000034510,0.3974433123556129,False,False
ENSG00000158164,0.1585258771220292,True,False
ENSG00000158427,0.029960436069981913,False,True
ENSG00000205542,0.3974433123556157,False,False
ENSG00000154620,0.4044602769610365,False,True
ENSG00000133687,0.48747214940996786,False,True
ENSG00000179104,0.5182653724777262,False,False
ENSG00000139324,0.013923381811684897,False,True
ENSG00000125247,0.14973595039385398,False,True
ENSG00000164897,0.5048369925379625,False,False
ENSG00000168591,0.1735753654138531,True,False
ENSG00000139921,0.8924739978144933,False,False
ENSG00000213593,0.0004070745005356868,True,False
ENSG00000288534,0.46128813474268104,True,False
ENSG00000166479,0.00019292040501092661,False,True
ENSG00000125827,0.06145197701271806,True,False
ENSG00000041982,0.656389144107828,False,False
ENSG00000228849,0.0005810601398289284,False,False
ENSG00000109079,0.03786607969598651,False,True
ENSG00000185215,0.7122479953939524,False,False
ENSG00000118503,0.7668722115381088,False,False
ENSG00000123610,0.004525250040818668,False,False
ENSG00000145779,0.1407023784910652,False,False
ENSG00000104689,0.0001677153121860176,True,False
ENSG00000120889,0.22177835186300685,False,False
ENSG00000173535,0.056467587479820405,False,False
ENSG00000173530,0.6338113721005718,True,False
ENSG00000141655,0.8484730417605574,False,False
ENSG00000164761,0.3978299303332715,False,False
ENSG00000006327,0.0019609586309121537,False,False
ENSG00000240505,0.05985377253186355,False,True
ENSG00000159958,0.38141606843633974,False,True
ENSG00000157873,0.4466284686086408,False,True
ENSG00000048462,0.013264509723408159,False,True
ENSG00000186891,0.2738732319413783,False,False
ENSG00000127863,0.7419355118097588,False,False
ENSG00000067182,0.11012651636000098,False,True
ENSG00000028137,0.006415100388647098,False,False
ENSG00000146072,0.3662733729200411,False,False
ENSG00000215788,0.6173891676341228,False,False
ENSG00000186827,0.021212084228799864,False,False
ENSG00000243509,0.43978072036721816,False,False
ENSG00000120949,0.10758647037249232,False,False
ENSG00000049249,0.4951148695123805,False,False
ENSG00000121858,0.00011933880657726546,False,True
ENSG00000120659,0.40210763052438364,False,False
ENSG00000239697,0.044239677848738106,False,True
ENSG00000248871,0.49478560344596023,False,False
ENSG00000161955,0.3375479710932591,False,True
ENSG00000102524,0.0019839720637364455,False,True
ENSG00000125735,0.6264593656375133,False,True
ENSG00000181634,0.15327111795411613,False,False
ENSG00000120337,0.05391538923352261,False,False
ENSG00000117586,0.021755151136953622,False,False
ENSG00000106952,0.017395715193324255,False,True
ENSG00000125657,0.9135309168473494,False,False
ENSG00000154310,0.445760807942287,False,True
ENSG00000145901,0.6338113721005718,True,False
ENSG00000168884,0.08978779094001982,True,False
ENSG00000050730,0.43378906487122426,False,True
ENSG00000174292,0.669929112893902,False,False
ENSG00000061938,0.9424148823115995,False,False
ENSG00000285372,0.8082115353306712,False,False
ENSG00000107854,0.026761071578449175,False,False
ENSG00000000005,0.42790696670156103,False,False
ENSG00000120332,0.0010362530596703633,False,True
ENSG00000114854,0.010553599589786342,False,False
ENSG00000101470,0.29689109581326834,True,False
ENSG00000159173,0.27601181150784243,False,True
ENSG00000288219,0.2239451969650895,False,False
ENSG00000129991,0.0066046382418080965,True,False
ENSG00000116783,0.8994315961644734,False,False
ENSG00000105048,0.12490180787973137,True,False
ENSG00000118194,0.37131023571400906,False,False
ENSG00000130595,0.6788918396429002,False,False
ENSG00000118245,0.9961001816629992,False,False
ENSG00000178279,,False,False
ENSG00000083312,0.8659753094387994,False,False
ENSG00000105576,0.8584305579681832,True,False
ENSG00000064419,0.12866295231736805,True,False
ENSG00000116147,0.04474273159928369,False,True
ENSG00000182095,0.01625114943399581,True,False
ENSG00000090905,0.021755151136953622,False,False
ENSG00000100354,0.061782767599887344,False,False
ENSG00000078687,0.0032670438865221884,False,True
ENSG00000079308,0.26886027935922086,False,True
ENSG00000136205,0.4903242455360224,False,True
ENSG00000131746,0.027941231998108197,False,True
ENSG00000248352,0.00016163149313832396,False,True
ENSG00000229353,0.4818176304934876,False,True
ENSG00000141232,0.01885775002394929,False,True
ENSG00000183864,0.8786975403013207,True,False
ENSG00000176933,4.063661580699273e-05,True,False
ENSG00000132773,0.8864204184047004,False,True
ENSG00000291426,0.34686364525689367,False,False
ENSG00000100284,0.3578253511177706,True,False
ENSG00000141198,0.3368922200202556,False,False
ENSG00000175662,0.4666036214822298,False,False
ENSG00000173726,0.0009105530146620593,True,False
ENSG00000196860,0.8189284564000414,False,False
ENSG00000100216,0.005089856757981897,True,False
ENSG00000025772,0.0009008663723077273,False,False
ENSG00000130204,0.0007337759967888322,True,False
ENSG00000158882,4.531173177225663e-05,False,False
ENSG00000175768,0.06616489455904515,True,False
ENSG00000214736,0.0006177652408756167,True,False
ENSG00000196683,0.8838386131886712,False,False
ENSG00000160949,3.7123365948509814e-05,True,False
ENSG00000198900,0.8264889020158215,True,False
ENSG00000184428,4.989010382611848e-05,True,False
ENSG00000285665,0.03172480869265962,False,True
ENSG00000131747,5.222285743076307e-05,True,False
ENSG00000077097,0.936933085603705,True,False
ENSG00000177302,0.3278443471950506,False,True
ENSG00000100038,0.29631432844590533,True,False
ENSG00000163781,0.003524449189336565,False,False
ENSG00000197579,0.1286629523173662,False,True
ENSG00000136827,0.15903994168049718,False,True
ENSG00000143337,0.6344279200793124,False,False
ENSG00000169905,0.8011700468456162,False,False
ENSG00000136816,0.015464960683030712,True,False
ENSG00000160404,0.18617113185875345,False,False
ENSG00000186283,0.04966619669055434,False,False
ENSG00000198846,0.17664863884262993,False,True
ENSG00000124191,0.7888029805353111,False,True
ENSG00000103460,0.0014144547167671447,True,False
ENSG00000092203,0.90999870276312,False,False
ENSG00000141510,0.936933085603705,False,False
ENSG00000120471,0.8612321301540105,False,False
ENSG00000067369,0.2566008922670948,True,False
ENSG00000143514,0.0016768127226267232,True,False
ENSG00000175274,0.4279243099007961,False,False
ENSG00000167543,0.7535677772790077,False,True
ENSG00000115129,0.005911988914957661,False,False
ENSG00000164938,0.4625383689040139,True,False
ENSG00000078804,0.9424148823115995,False,False
ENSG00000172315,0.2877960642431097,True,False
ENSG00000182165,0.2239451969650895,False,True
ENSG00000183632,0.5958344615198381,False,False
ENSG00000261509,0.28195226065229023,False,False
ENSG00000205457,0.36787944117145116,False,False
ENSG00000124251,0.2969818772348175,False,False
ENSG00000073282,0.01741328325075975,False,True
ENSG00000078900,0.01880282457732865,True,False
ENSG00000146242,0.07897305842632252,False,False
ENSG00000186815,0.34051468229391474,True,False
ENSG00000162341,0.24276682484732598,False,False
ENSG00000076554,0.007914284025709838,True,False
ENSG00000111907,0.006579338315292114,False,True
ENSG00000101150,0.007393557030311296,True,False
ENSG00000170777,0.5962796833959243,False,False
ENSG00000141933,0.8968232777162128,False,False
ENSG00000134779,0.0003559606646699736,False,False
ENSG00000129167,0.3871903261551534,False,False
ENSG00000139287,0.0072076581819414546,False,False
ENSG00000111669,0.44532760991231046,True,False
ENSG00000230359,0.47622870216349256,False,False
ENSG00000186743,0.1213363234428422,False,False
ENSG00000196511,0.010533097217241516,False,True
ENSG00000140416,0.14360478147867944,False,False
ENSG00000198467,0.017497493832315216,False,False
ENSG00000143549,0.0018124472102579682,True,False
ENSG00000167460,0.15046565631381092,False,False
ENSG00000137364,5.47178613204379e-05,False,False
ENSG00000115705,0.5958344615198381,False,False
ENSG00000166340,0.380798957339845,True,False
ENSG00000134900,0.008260209744466514,False,False
ENSG00000171368,0.1752799395561437,False,False
ENSG00000179636,2.0152420757481153e-05,False,True
ENSG00000159713,0.6264593656375133,False,False
ENSG00000047410,0.14571451043171124,True,False
ENSG00000163870,0.9816960841823692,False,False
ENSG00000188001,3.532743312386783e-05,False,True
ENSG00000158109,0.00623068298202166,False,True
ENSG00000291480,0.003929926081213826,False,False
ENSG00000176058,0.03010211205759339,True,False
ENSG00000178928,0.7176100756511743,False,False
ENSG00000180438,0.7326495785238953,False,False
ENSG00000172236,0.04502074081789541,False,False
ENSG00000197253,0.03016070495795876,False,False
ENSG00000095917,0.24573887191270916,False,False
ENSG00000116176,0.4081403765528965,False,False
ENSG00000169902,0.1263079164693031,False,True
ENSG00000128294,0.12630791646930128,False,True
ENSG00000133112,0.0002896562302438056,False,True
ENSG00000170919,0.29344725534065114,False,False
ENSG00000274391,0.17438499498770685,False,False
ENSG00000132958,0.1023083915989866,False,False
ENSG00000253771,0.42667792929805504,True,False
ENSG00000244471,0.1697266152949092,False,False
ENSG00000205822,0.001128184832943286,False,True
ENSG00000100181,0.004548412211626398,False,True
ENSG00000088325,0.00017234393192121228,False,False
ENSG00000164548,0.999028182778181,False,False
ENSG00000136527,0.5563872609782938,False,False
ENSG00000170638,0.22569390609902698,False,False
ENSG00000102871,0.5382949871275216,False,False
ENSG00000056558,0.47622870216349256,False,False
ENSG00000127191,0.013172733592997046,True,False
ENSG00000131323,0.5695231992134334,False,False
ENSG00000056972,0.30037535253440634,False,True
ENSG00000231889,0.9970873807028545,False,False
ENSG00000009790,0.007929688953260974,False,False
ENSG00000076604,0.6864127675167437,False,False
ENSG00000082512,0.12741803752648712,False,False
ENSG00000175104,0.04124860169234491,False,False
ENSG00000131653,0.3882763621588816,False,False
ENSG00000135148,0.46979017045706384,False,True
ENSG00000183763,8.425827922140307e-05,False,False
ENSG00000182606,0.9731431232675515,False,False
ENSG00000115993,0.5197792916729134,False,True
ENSG00000067167,0.06501700254173598,False,False
ENSG00000174599,0.0015846182645958553,False,False
ENSG00000065308,0.007077041201542246,False,True
ENSG00000168016,4.7847276749861896e-05,False,True
ENSG00000126602,0.2883562510527754,True,False
ENSG00000170043,0.445760807942287,False,False
ENSG00000160218,0.009994338368391463,False,True
ENSG00000168538,0.016219578488259088,False,True
ENSG00000171853,0.8468247216543837,False,False
ENSG00000196459,0.2135261202210473,False,False
ENSG00000167515,0.21043458021775974,False,False
ENSG00000054116,0.8386310295131585,True,False
ENSG00000196655,0.005736454443004809,True,False
ENSG00000181029,0.9215738736404122,False,True
ENSG00000007255,0.3974433123556129,True,False
ENSG00000182400,0.0010473954589053302,False,False
ENSG00000153339,0.02064239389742853,False,False
ENSG00000167632,0.0019288124939828184,False,False
ENSG00000163519,0.0015120646476724264,False,True
ENSG00000107614,0.8786975403013207,False,True
ENSG00000186439,0.740289287979337,False,False
ENSG00000118094,0.005091687652406595,False,False
ENSG00000124731,0.6468856075164668,True,False
ENSG00000095970,0.007656931990592898,True,False
ENSG00000161911,0.6084502925805204,True,False
ENSG00000112195,0.11538793061790514,False,True
ENSG00000188056,0.9264452139200153,False,False
ENSG00000124496,0.020542285491310777,False,True
ENSG00000213689,0.023196970456444987,False,True
ENSG00000183479,0.6073869994724799,False,False
ENSG00000170893,0.7795151885097006,False,False
ENSG00000072657,0.9078634566462185,False,False
ENSG00000174417,0.012390163456013325,False,False
ENSG00000170855,0.45187001429844487,False,False
ENSG00000173334,0.030455384647227007,False,True
ENSG00000071575,0.4431679264255014,False,True
ENSG00000101255,6.936822333417799e-05,True,False
ENSG00000255690,0.061811519492814486,False,False
ENSG00000237192,0.873586371776637,False,False
ENSG00000154370,0.000905256550639878,True,False
ENSG00000204977,0.008332808778877139,False,True
ENSG00000106785,0.012994640457254776,False,True
ENSG00000235259,0.30866513398957124,True,False
ENSG00000221926,0.00017167496068352085,False,False
ENSG00000108448,2.75163766138974e-05,True,False
ENSG00000162931,0.054684551056097805,True,False
ENSG00000109654,0.10089937940989221,False,True
ENSG00000132109,0.7535677772790077,False,True
ENSG00000132274,0.00033775358331696444,False,True
ENSG00000113595,0.21043458021775974,False,True
ENSG00000122779,0.007568114061536908,True,False
ENSG00000121060,0.5382949871275255,False,False
ENSG00000234127,0.8668176978057169,False,False
ENSG00000234495,0.06993530104983008,False,False
ENSG00000130726,0.017997881627690844,True,False
ENSG00000137699,0.009510838020894181,False,True
ENSG00000110171,0.5695231992134334,False,False
ENSG00000224168,0.00936402628606458,True,False
ENSG00000119401,0.034191097171807044,True,False
ENSG00000197323,0.7462764190832948,False,False
ENSG00000258659,0.15046565631381092,False,True
ENSG00000104228,0.49607859644832597,False,False
ENSG00000152503,0.26886027935922086,False,True
ENSG00000108395,0.10148972027241246,True,False
ENSG00000112343,0.21666307870822382,False,True
ENSG00000230308,0.12741803752648712,True,False
ENSG00000248167,0.9106804483716134,False,False
ENSG00000146833,0.47345859636325194,False,False
ENSG00000228001,0.06264806984926724,False,False
ENSG00000146063,0.7234148119575021,True,False
ENSG00000155890,0.3223293429802801,False,False
ENSG00000292076,0.3451413592667513,False,False
ENSG00000144010,0.3451413592667513,False,False
ENSG00000166326,0.716415207307324,False,False
ENSG00000134253,0.05044487674502868,True,False
ENSG00000163462,0.1666382481047044,False,False
ENSG00000132481,0.09353027464612838,False,False
ENSG00000150244,0.36787944117145116,False,False
ENSG00000168930,0.5962796833959243,False,False
ENSG00000132256,0.3101693470724283,False,True
ENSG00000146755,0.716415207307324,False,True
ENSG00000183718,0.571186849052267,True,False
ENSG00000138100,0.0011020275987104686,True,False
ENSG00000147573,0.02526912219350826,False,False
ENSG00000169871,0.27360707721798055,True,False
ENSG00000162722,0.0006397714139681936,False,True
ENSG00000213186,0.008196208440762447,True,False
ENSG00000121236,0.025318307817300118,True,False
ENSG00000176979,0.5962796833959243,False,False
ENSG00000183439,0.00908528960447953,False,True
ENSG00000116525,0.7773822889285338,False,False
ENSG00000158022,0.7733427940257591,False,False
ENSG00000204450,0.012390163456013325,False,False
ENSG00000189253,0.12713573293203653,False,False
ENSG00000214891,0.36787944117145116,False,False
ENSG00000141569,0.0015664854146778357,False,False
ENSG00000166436,0.13350557304031743,False,False
ENSG00000119283,0.9047054630375765,False,True
ENSG00000167333,0.34051468229391474,False,False
ENSG00000278211,0.08909210210709169,False,True
ENSG00000258588,0.21276618240265502,False,False
ENSG00000146054,0.025318307817300118,False,False
ENSG00000206557,0.000510773209023705,True,False
ENSG00000177238,0.5938355028604887,False,True
ENSG00000178809,0.02526912219350826,False,True
ENSG00000171206,0.843537681746238,False,False
ENSG00000100505,0.14987050150925785,False,False
ENSG00000184108,0.36787944117145116,False,False
ENSG00000179046,0.36787944117145116,False,False
ENSG00000038382,0.18726037965393566,True,False
ENSG00000100106,0.4401619539926275,False,False
ENSG00000125733,0.24561588954839772,False,False
ENSG00000100815,0.23237405416209425,False,False
ENSG00000153827,0.8786975403013207,False,False
ENSG00000071539,5.345580483589703e-05,False,False
ENSG00000103671,0.0018230514543636548,True,False
ENSG00000087077,0.2833535703875884,False,False
ENSG00000043514,0.7888029805353111,True,False
ENSG00000104907,0.1818771320837836,True,False
ENSG00000066651,0.10884908446831844,False,True
ENSG00000173113,0.0008079179327973297,True,False
ENSG00000121486,0.6108212600394947,False,False
ENSG00000099899,0.2833535703875884,True,False
ENSG00000188917,0.9534748818673352,True,False
ENSG00000126814,0.9506977725270581,False,False
ENSG00000089195,7.19791069629307e-05,True,False
ENSG00000166166,0.023606518977166754,True,False
ENSG00000171103,0.09005007251894852,True,False
ENSG00000100416,0.18472865091461116,True,False
ENSG00000180098,0.10089937940989292,False,False
ENSG00000253368,0.001177014722089391,True,False
ENSG00000072756,0.27360707721798055,False,False
ENSG00000067445,0.0003017295167197432,False,True
ENSG00000135451,6.13699546899118e-05,True,False
ENSG00000104321,0.30856813876580746,False,False
ENSG00000144935,0.04754000258088901,False,False
ENSG00000182048,0.0002896562302438056,False,True
ENSG00000138741,0.8610130579610817,False,True
ENSG00000133107,0.05273914031161002,False,False
ENSG00000100991,0.32784434719504824,True,False
ENSG00000072315,0.004345159714830562,False,True
ENSG00000137672,0.007097714140714112,False,False
ENSG00000069018,,False,False
ENSG00000274965,0.7159740093082375,False,False
ENSG00000142185,0.3526445732999315,False,False
ENSG00000083067,0.6366972840967295,True,False
ENSG00000130529,0.412001518064424,False,False
ENSG00000070985,0.0039057032289311947,True,False
ENSG00000119121,0.06345567113120937,False,False
ENSG00000092439,0.014817310344199636,False,True
ENSG00000144481,0.013855858269218913,False,True
ENSG00000104447,0.1386652177389657,False,False
ENSG00000149743,0.7122479953939524,True,False
ENSG00000196689,0.000674915084831272,False,True
ENSG00000187688,0.09895626471281824,False,False
ENSG00000167723,0.0010334195080960687,False,True
ENSG00000111199,0.00032645314945659325,False,True
ENSG00000274348,0.5544991967429153,False,False
ENSG00000276971,0.014497116247564218,False,True
ENSG00000196367,0.7019357058822984,True,False
ENSG00000165832,0.03628030267088127,False,True
ENSG00000167112,0.9816960841823692,False,False
ENSG00000165699,0.4625383689040139,True,False
ENSG00000103197,0.8264889020158215,False,True
ENSG00000102804,0.36520655802604113,False,True
ENSG00000278156,0.39283309876564215,False,True
ENSG00000196428,0.6301246464787518,False,False
ENSG00000157514,0.012682584540782969,False,True
ENSG00000166925,0.21666307870822382,False,False
ENSG00000198860,0.0034971412455997368,True,False
ENSG00000154743,0.2634263316171772,True,False
ENSG00000274129,0.14318651542098232,True,False
ENSG00000182173,0.02483072923839724,False,False
ENSG00000123297,0.5563872609782938,False,False
ENSG00000074319,0.004627261819917054,False,False
ENSG00000135951,0.10158844567345506,False,True
ENSG00000175513,0.07544234395860365,False,False
ENSG00000213265,,False,False
ENSG00000134200,,False,False
ENSG00000165409,0.0007817085538947704,False,False
ENSG00000179981,0.011733483322113903,False,False
ENSG00000182463,0.6338113721005718,False,False
ENSG00000121297,0.03314367906940857,False,True
ENSG00000270641,0.9314831751655464,False,False
ENSG00000126467,0.001401690763170081,False,True
ENSG00000182704,0.6437484380858923,False,False
ENSG00000145777,2.1333926068824934e-05,False,True
ENSG00000211460,0.0007510999667073711,True,False
ENSG00000171045,0.008841974946785805,True,False
ENSG00000116918,0.003524449189336565,True,False
ENSG00000270106,0.018410708419803825,True,False
ENSG00000102904,0.001457736776142976,False,True
ENSG00000117472,0.22569390609902698,False,False
ENSG00000182612,0.7773822889285338,False,False
ENSG00000110900,4.171415937874871e-05,False,True
ENSG00000106025,5.283573482778173e-05,False,True
ENSG00000106537,0.9260649655225167,False,False
ENSG00000108219,0.13705674616225733,False,False
ENSG00000099282,0.3974433123556129,False,False
ENSG00000130167,0.7548529769350754,False,False
ENSG00000048140,0.0025151680618524463,False,False
ENSG00000157570,0.24205973750856533,False,False
ENSG00000231738,0.36787944117145116,False,False
ENSG00000134198,0.07068728632759921,False,False
ENSG00000140391,0.2521491340072056,False,False
ENSG00000135452,0.9874397796982158,False,True
ENSG00000064201,0.014546095543015688,False,True
ENSG00000158457,0.651303345773445,False,False
ENSG00000214063,0.9884003241552884,False,False
ENSG00000168785,0.4903242455360224,False,False
ENSG00000000003,0.041088490873126854,False,False
ENSG00000156298,0.000310358282022826,False,True
ENSG00000127324,0.030693200014700984,True,False
ENSG00000011105,0.002379568359792589,False,False
ENSG00000175894,0.7240410858401538,False,False
ENSG00000100300,0.6155909480306143,False,False
ENSG00000112212,0.0015756505884998288,True,False
ENSG00000258992,0.1716133831592837,False,False
ENSG00000168757,0.002891998851490716,False,False
ENSG00000228927,0.009740292579521663,False,False
ENSG00000233803,0.007825859080107949,False,False
ENSG00000291455,0.01645309109962302,False,False
ENSG00000189241,2.939712978260494e-05,False,True
ENSG00000184205,0.8659753094387994,False,False
ENSG00000187189,0.0033182654835246213,False,True
ENSG00000180543,7.630307816318621e-05,False,True
ENSG00000178021,0.23694909847866005,False,False
ENSG00000167721,0.6108212600394947,True,False
ENSG00000158526,0.7773822889285338,True,False
ENSG00000184281,0.2086011831321167,True,False
ENSG00000212122,0.002554567867877487,False,False
ENSG00000206203,0.21984390787453015,True,False
ENSG00000162526,0.005179719497162834,False,False
ENSG00000285140,0.09573846307356816,False,False
ENSG00000178093,0.018156065120366018,True,False
ENSG00000128311,0.23995080837324365,False,False
ENSG00000215845,0.8786975403013207,False,True
ENSG00000136925,0.039444392123464594,False,False
ENSG00000146216,0.0035244491893365905,False,True
ENSG00000128881,0.2521491340072056,False,True
ENSG00000113312,0.06805705729028859,False,False
ENSG00000149292,0.09895626471281756,False,True
ENSG00000143643,0.00043574469009374084,True,False
ENSG00000163728,0.18617113185875345,False,False
ENSG00000167094,0.00668989807231619,False,True
ENSG00000052841,0.5596425648013799,False,False
ENSG00000011295,5.823093437510873e-05,False,True
ENSG00000168026,0.10119411935468373,False,False
ENSG00000123607,0.4213187605081594,False,False
ENSG00000006555,0.4960785964483295,True,False
ENSG00000103852,0.36520655802604113,False,False
ENSG00000205838,0.5051521939160825,True,False
ENSG00000187862,0.027266524674628718,False,True
ENSG00000018699,0.011429465958744629,True,False
ENSG00000100154,0.4576177946128047,False,False
ENSG00000235954,0.4666036214822298,True,False
ENSG00000137473,0.3223293429802801,False,False
ENSG00000182670,0.1609064038059837,False,True
ENSG00000115282,0.08831589317703817,False,False
ENSG00000183891,0.39283309876564215,True,False
ENSG00000113638,0.8011700468456162,False,False
ENSG00000275571,0.7528632047588161,False,False
ENSG00000172425,1.1064545000830841e-05,False,True
ENSG00000075234,0.00015055731018477161,False,False
ENSG00000085831,0.0025151680618524463,True,False
ENSG00000155158,0.00033513661954343943,False,True
ENSG00000168234,0.8097846959737904,False,False
ENSG00000215105,0.14571451043171124,False,True
ENSG00000243725,0.5107616622540112,True,False
ENSG00000136319,0.9460872201279513,False,False
ENSG00000068724,0.7826912205822796,False,False
ENSG00000165914,0.010940174150283663,False,True
ENSG00000165533,0.13350557304031743,False,True
ENSG00000133985,0.1818771320837836,True,False
ENSG00000174521,0.03419918354073016,False,False
ENSG00000162222,0.02028426986003777,False,False
ENSG00000125482,0.6072682622725372,False,False
ENSG00000116830,0.045904772399021236,True,False
ENSG00000101407,0.024163853404064625,True,False
ENSG00000129696,0.8145225744292595,False,False
ENSG00000112742,0.0001459451021780027,False,False
ENSG00000114999,0.15046565631381092,False,False
ENSG00000100271,0.0013124265965605872,True,False
ENSG00000162571,0.026910264167156573,False,False
ENSG00000175764,0.8264889020158215,False,False
ENSG00000100304,0.24561588954839772,True,False
ENSG00000213471,0.29748102307095764,True,False
ENSG00000120440,0.005101605112593698,False,False
ENSG00000214021,0.8289031814174833,False,False
ENSG00000135912,0.00012383048477502534,False,False
ENSG00000119685,0.8169018986631806,False,False
ENSG00000170703,0.26690157856287333,False,False
ENSG00000137941,0.19280296201274424,False,True
ENSG00000131044,0.4028298365688023,False,False
ENSG00000155657,0.3785839430081581,False,False
ENSG00000137561,0.00454256480909922,False,True
ENSG00000124120,6.13699546899118e-05,False,False
ENSG00000118271,4.487330529386735e-05,False,True
ENSG00000129845,,False,False
ENSG00000229236,0.10488058098077799,False,True
ENSG00000180910,,False,False
ENSG00000237048,,False,False
ENSG00000184991,,False,False
ENSG00000176728,0.006472030462272377,False,True
ENSG00000290323,,False,False
ENSG00000228240,,False,False
ENSG00000223641,,False,False
ENSG00000233699,,False,False
ENSG00000232419,,False,False
ENSG00000129816,,False,False
ENSG00000212855,0.9704388282920966,False,False
ENSG00000232808,,False,False
ENSG00000224075,0.36787944117145116,False,False
ENSG00000239225,,False,False
ENSG00000250204,,False,False
ENSG00000212856,,False,False
ENSG00000231141,,False,False
ENSG00000226906,0.011533861314010744,False,False
ENSG00000215560,,False,False
ENSG00000131538,0.7548529769350754,False,False
ENSG00000131548,0.36669096210060714,False,False
ENSG00000147753,0.36787944117145116,False,False
ENSG00000147761,0.36787944117145116,False,False
ENSG00000183385,0.36787944117145116,False,False
ENSG00000185700,0.36787944117145116,False,False
ENSG00000290716,,False,False
ENSG00000131007,0.36787944117145116,False,False
ENSG00000276887,0.045108372402551396,False,True
ENSG00000141540,0.7441027999840577,False,False
ENSG00000136295,0.24158949047348857,False,False
ENSG00000166402,0.5302763743030039,False,False
ENSG00000167552,0.11742513441494416,False,False
ENSG00000123416,0.001204803267542482,True,False
ENSG00000167553,0.0004281849734996593,False,False
ENSG00000198033,0.12853872962359847,False,False
ENSG00000075886,0.6612182158128501,True,False
ENSG00000152086,0.6906752228244273,True,False
ENSG00000127824,0.2192057948720231,True,False
ENSG00000243910,0.20299405649874883,False,False
ENSG00000183785,0.025466439864908118,False,False
ENSG00000178462,0.21047689228937558,False,False
ENSG00000232575,0.00657933831529216,False,False
ENSG00000101162,0.2351011513079887,False,False
ENSG00000137267,0.004507368357806101,True,False
ENSG00000137285,0.004546983646113874,True,False
ENSG00000258947,0.018693453148882603,False,False
ENSG00000104833,0.7462764190832948,True,False
ENSG00000188229,0.013172733592997046,True,False
ENSG00000176014,0.23532984890796552,False,False
ENSG00000261456,0.6644598322082775,False,False
ENSG00000159247,0.9314831751655464,False,False
ENSG00000108423,0.058535974917362184,False,False
ENSG00000074935,3.255683938973569e-05,False,True
ENSG00000131462,4.531173177225663e-05,True,False
ENSG00000037042,0.0004340533008965763,False,False
ENSG00000130640,0.8838386131886712,False,True
ENSG00000126216,0.12375510123331274,False,False
ENSG00000137822,0.9153229121112986,False,True
ENSG00000275835,0.6570276548980738,False,False
ENSG00000128159,0.8224807192892474,False,False
ENSG00000178952,0.8864204184047004,False,True
ENSG00000143367,7.19791069629307e-05,True,False
ENSG00000253352,0.14543143230726377,True,False
ENSG00000112041,0.04632724848816227,False,False
ENSG00000104804,0.5837255118051788,False,False
ENSG00000078246,0.010043043624906588,True,False
ENSG00000130338,0.6301246464787518,False,False
ENSG00000198680,0.021628606747512085,False,True
ENSG00000114383,0.020402948819559646,False,False
ENSG00000104723,0.5909589334091598,False,True
ENSG00000149016,0.12520746726694668,False,True
ENSG00000151239,0.2104345802177628,True,False
ENSG00000247596,0.8668176978057169,False,False
ENSG00000122691,0.10000011687168046,False,False
ENSG00000233608,0.008188673578522139,False,False
ENSG00000128791,0.2546127113195458,False,False
ENSG00000074966,0.00010284327539069284,False,True
ENSG00000084652,0.47207959171908154,True,False
ENSG00000164440,0.380798957339845,False,True
ENSG00000086712,0.5107616622540112,True,False
ENSG00000136810,5.4558489021657493e-05,True,False
ENSG00000100348,0.5762070137928841,False,True
ENSG00000153066,0.02637361114396045,False,True
ENSG00000117862,0.5807064113317143,False,False
ENSG00000113621,0.06805705729028812,False,True
ENSG00000087301,0.037976691340025195,False,False
ENSG00000129235,0.9460872201279513,False,True
ENSG00000168454,0.36253040975108564,False,False
ENSG00000239264,0.5863800978415652,False,False
ENSG00000204193,,False,False
ENSG00000115514,0.001414454716767124,False,False
ENSG00000265972,0.003558884179944482,False,True
ENSG00000091164,0.34585336351023777,True,False
ENSG00000141759,0.013224064199745991,True,False
ENSG00000140830,0.5807064113317143,False,False
ENSG00000198431,3.461342871268037e-05,True,False
ENSG00000184470,0.8924739978144933,False,False
ENSG00000197763,0.11371728534494023,False,True
ENSG00000105397,0.9287701192945929,True,False
ENSG00000025708,0.7888029805353111,False,False
ENSG00000176890,0.004507368357806101,True,False
ENSG00000077498,0.04111412154482537,False,False
ENSG00000092445,0.022728135396336932,True,False
ENSG00000259581,0.8025787168002595,False,False
ENSG00000011600,0.016031436635457322,False,True
ENSG00000107165,0.06947162739704416,False,False
ENSG00000156521,0.015152397635842769,False,False
ENSG00000198874,0.41200151806442686,False,False
ENSG00000277149,0.3978299303332715,False,False
ENSG00000162623,0.9646646794477719,False,True
ENSG00000162971,0.5563872609782938,False,False
ENSG00000160201,0.5762070137928801,False,False
ENSG00000161265,0.8468247216543837,False,False
ENSG00000063244,0.08569368195559113,False,False
ENSG00000163714,0.23647667826617091,True,False
ENSG00000137831,0.32404145904006687,False,False
ENSG00000117143,0.4060363500878187,False,False
ENSG00000197355,0.7234148119575021,False,False
ENSG00000130985,0.08978779094001982,False,False
ENSG00000126261,0.00027007236603043225,True,False
ENSG00000144744,0.6602295377331096,False,False
ENSG00000081307,0.7773822889285338,False,False
ENSG00000221983,0.8786975403013207,False,False
ENSG00000033178,0.16374724803506552,False,False
ENSG00000182179,0.04484598804087021,False,True
ENSG00000130560,0.7895702985492836,False,False
ENSG00000134882,0.4466284686086408,True,False
ENSG00000228889,0.8011700468456162,False,False
ENSG00000165006,0.5048369925379625,False,False
ENSG00000246922,0.5187695216330042,False,False
ENSG00000137073,0.0013460270408302373,True,False
ENSG00000143569,0.00043027164079083085,True,False
ENSG00000160185,0.010370505627289556,False,True
ENSG00000154127,0.18617113185875345,False,True
ENSG00000170315,0.0018019046484447818,False,True
ENSG00000150991,0.11788270864238463,True,False
ENSG00000226898,0.05985974156887335,False,False
ENSG00000077721,0.0031363176745153173,False,False
ENSG00000119048,0.6544773324202532,False,False
ENSG00000175063,8.931989207142296e-05,False,False
ENSG00000072401,0.5596425648013879,False,False
ENSG00000131508,0.002184435870723736,False,False
ENSG00000109332,0.0008665028051558283,False,True
ENSG00000078967,0.1286629523173662,False,False
ENSG00000293307,0.2538890356400324,False,False
ENSG00000170142,0.2378602531407626,True,False
ENSG00000182247,0.6864127675167437,True,False
ENSG00000170035,0.10368400803275411,False,False
ENSG00000184182,0.31228756855514384,False,False
ENSG00000258984,0.735471448709095,False,False
ENSG00000132388,0.0015528375161670124,False,True
ENSG00000184787,0.2738732319413783,False,True
ENSG00000186591,0.6544773324202532,False,False
ENSG00000103275,0.04563775557348399,False,False
ENSG00000198833,0.06905689826177262,False,True
ENSG00000160087,0.8838386131886712,False,False
ENSG00000078140,0.7706093981732349,False,False
ENSG00000185651,0.02319697045644532,False,False
ENSG00000156587,0.10696066620686197,False,True
ENSG00000130725,0.006566556700442134,True,False
ENSG00000261461,0.09681222790492451,True,False
ENSG00000177889,0.1085320485244178,True,False
ENSG00000292243,0.3451413592667513,False,False
ENSG00000175931,0.0039837861984937575,True,False
ENSG00000160714,0.0001147866252330571,True,False
ENSG00000140367,0.0023089159479697053,True,False
ENSG00000291638,0.9627906350072438,False,False
ENSG00000290945,0.5640126163946804,False,False
ENSG00000215218,0.011122506200372908,False,False
ENSG00000107341,0.08226476859412933,True,False
ENSG00000108106,0.001204803267542482,True,False
ENSG00000077152,3.274732254987659e-05,True,False
ENSG00000177414,0.5491212451969782,False,False
ENSG00000244687,0.005775630077704069,True,False
ENSG00000169139,0.00017589903559657108,True,False
ENSG00000104343,0.24585481549216193,True,False
ENSG00000159202,0.0024192269220246385,False,False
ENSG00000114062,0.2720155718170121,False,False
ENSG00000151148,0.06073915399935431,True,False
ENSG00000009335,0.3485540105612531,True,False
ENSG00000118420,0.07670278894557792,True,False
ENSG00000110344,0.25961231091905224,False,False
ENSG00000130939,0.9287701192945929,True,False
ENSG00000103353,0.9215738736404122,False,False
ENSG00000120942,0.05389280025307356,True,False
ENSG00000122042,0.0004134567245708224,False,False
ENSG00000102178,0.0030402389821395388,True,False
ENSG00000186150,0.3063911401905858,False,False
ENSG00000198258,0.6917727229543855,True,False
ENSG00000138629,0.2028015291339676,False,False
ENSG00000164332,0.3526445732999315,False,False
ENSG00000118900,0.3378763251248627,True,False
ENSG00000157741,0.5310173297198827,False,False
ENSG00000185019,0.2118716888577065,True,False
ENSG00000153560,0.9287701192945929,False,True
ENSG00000135018,0.6640924006867255,True,False
ENSG00000188021,0.1137172853449419,False,True
ENSG00000175520,0.1252441711919033,False,False
ENSG00000160803,0.00030527055621679274,True,False
ENSG00000175518,0.16643863259241287,False,True
ENSG00000159459,0.3882763621588816,False,False
ENSG00000024048,0.030455384647227007,False,False
ENSG00000144357,0.05468455105609742,False,False
ENSG00000127481,0.33363252404653704,False,False
ENSG00000104517,0.005225244083782977,True,False
ENSG00000012963,0.4466284686086408,True,False
ENSG00000165886,0.45099217093361643,False,False
ENSG00000168246,0.37419249198924803,False,False
ENSG00000108312,0.10991257467628988,True,False
ENSG00000255009,0.1721077142998913,False,False
ENSG00000162191,0.014377365549910514,False,False
ENSG00000162543,0.025466439864908118,False,False
ENSG00000158062,0.8097846959737904,False,False
ENSG00000173960,0.008340914623353957,True,False
ENSG00000215114,0.03808762609477184,True,False
ENSG00000144224,0.551003778645784,False,False
ENSG00000167671,0.25961231091905224,False,True
ENSG00000163960,0.873586371776637,False,False
ENSG00000104691,0.27520789417939867,False,False
ENSG00000154277,0.08404339774345629,False,False
ENSG00000118939,0.12979377179915152,False,True
ENSG00000116750,0.011733483322113903,True,False
ENSG00000130717,0.7213077800163539,False,False
ENSG00000143179,2.9425726210100827e-05,True,False
ENSG00000198276,0.5382949871275216,False,False
ENSG00000280213,0.005555318544139675,False,False
ENSG00000165623,0.5962796833959243,False,False
ENSG00000163794,0.23995080837324365,False,False
ENSG00000145040,0.09231407863458757,True,False
ENSG00000178473,0.36787944117145116,False,False
ENSG00000109424,0.040635169553948886,False,False
ENSG00000175567,0.021129747275694714,False,True
ENSG00000175564,0.8145225744292595,False,False
ENSG00000151116,0.8097846959737904,False,False
ENSG00000143222,0.0015664854146778357,False,False
ENSG00000014123,0.042058563188110264,False,False
ENSG00000120686,0.010522860971966632,False,False
ENSG00000176125,0.08396172292214722,True,False
ENSG00000109775,0.02397662836157582,False,True
ENSG00000148154,0.936933085603705,False,False
ENSG00000109814,0.010290153444869448,True,False
ENSG00000136731,0.1085320485244178,True,False
ENSG00000102595,0.16438532710466444,True,False
ENSG00000169764,0.00010284327539069284,False,True
ENSG00000241635,0.48747214940996786,False,False
ENSG00000242515,0.13366081451861092,True,False
ENSG00000288702,0.0017879432297619286,False,False
ENSG00000244474,0.04502074081789478,False,True
ENSG00000288705,0.9731431232675515,False,False
ENSG00000167165,0.007307794165420352,False,False
ENSG00000244122,0.10298830192776656,False,False
ENSG00000242366,0.06946093552266765,False,False
ENSG00000241119,0.9932170803579593,False,True
ENSG00000173610,0.11844374867974834,True,False
ENSG00000271271,0.33410258195116854,False,True
ENSG00000135220,0.843537681746238,False,False
ENSG00000275190,0.007393557030311296,False,False
ENSG00000213759,0.013172733592997046,True,False
ENSG00000196620,0.022728135396336932,False,False
ENSG00000197888,0.05158566658698333,False,False
ENSG00000135226,0.996118394014622,True,False
ENSG00000156096,0.8994430127919598,True,False
ENSG00000171234,3.0003532589887482e-05,False,True
ENSG00000145626,0.026761071578448984,False,True
ENSG00000168671,0.15219661136126808,False,True
ENSG00000174607,0.7213077800163539,True,False
ENSG00000152332,0.729063703322179,False,False
ENSG00000276043,0.0007824068889251013,False,False
ENSG00000147854,0.8460017628060118,True,False
ENSG00000087206,0.007077041201542296,True,False
ENSG00000111981,0.9294362755968744,False,True
ENSG00000131015,0.7624115035808244,False,False
ENSG00000131019,0.187053851249071,False,True
ENSG00000177169,0.2738732319413783,False,False
ENSG00000083290,0.10571995715072798,False,True
ENSG00000140474,0.15903994168049718,False,False
ENSG00000168038,0.46979017045706384,True,False
ENSG00000282689,0.5823501082214679,False,True
ENSG00000178081,0.4388195243666816,False,True
ENSG00000169344,0.5962796833959243,False,False
ENSG00000177398,0.9925194045050577,False,True
ENSG00000114491,0.033794491527839525,True,False
ENSG00000109103,0.10070336319299901,True,False
ENSG00000175970,0.04923348330203543,True,False
ENSG00000130477,0.1616508019782785,False,False
ENSG00000198722,0.8786975403013207,False,False
ENSG00000137766,0.9704185791261044,False,False
ENSG00000092929,0.010908309587939414,False,True
ENSG00000140553,0.05249642488970277,False,False
ENSG00000141161,0.12626424439656955,False,True
ENSG00000115446,0.1398839471932558,False,False
ENSG00000113763,0.46095247966466435,False,False
ENSG00000107731,0.23647667826617091,True,False
ENSG00000182168,0.00018737444647219512,False,True
ENSG00000124602,0.8821215887400115,False,True
ENSG00000156687,0.7214498640142072,False,False
ENSG00000276416,0.10692071235579943,False,True
ENSG00000144406,0.25845993733918055,False,False
ENSG00000112494,0.1962069482372066,False,False
ENSG00000110057,0.90999870276312,True,False
ENSG00000164853,,False,False
ENSG00000076248,0.0374268454460028,True,False
ENSG00000132478,0.01844072081617171,True,False
ENSG00000059145,0.08404339774345629,True,False
ENSG00000240520,0.6383176988383574,False,False
ENSG00000100024,0.00623068298202166,False,True
ENSG00000005007,0.9874397796982158,False,False
ENSG00000151461,0.936933085603705,False,False
ENSG00000169062,0.5640126163946804,True,False
ENSG00000125351,0.11640207585206441,False,False
ENSG00000105668,0.06311091956866118,True,False
ENSG00000114638,0.570417665695448,False,True
ENSG00000110375,0.004836508066735126,False,False
ENSG00000100373,0.018847195048348312,True,False
ENSG00000276184,0.7796531216557535,False,False
ENSG00000183696,0.8838386131886712,False,False
ENSG00000007001,0.008308538479228359,False,True
ENSG00000094841,0.8968232777162128,False,False
ENSG00000184076,0.8264889020158215,False,True
ENSG00000127540,0.3297624949163444,False,True
ENSG00000156467,0.003443158476459631,True,False
ENSG00000237748,0.36627337292004375,True,False
ENSG00000010256,0.974089760472383,False,False
ENSG00000140740,0.00896315529414574,False,True
ENSG00000169021,0.9884003241552884,False,False
ENSG00000173660,0.06009299891313475,True,False
ENSG00000233954,0.7941899068540217,True,False
ENSG00000164405,0.8864204184047004,False,False
ENSG00000142207,0.9047054630375765,False,False
ENSG00000135763,5.568391933232056e-05,True,False
ENSG00000106608,0.8169018986631806,True,False
ENSG00000270617,0.5307925525179599,False,False
ENSG00000105176,0.42875725233373474,True,False
ENSG00000167118,0.007415154552552487,True,False
ENSG00000159650,2.1853228579951525e-05,False,True
ENSG00000126088,0.7276473585454799,False,False
ENSG00000188690,0.8224807192892474,False,False
ENSG00000053501,0.9534748818673352,False,False
ENSG00000158773,0.0023156605856772213,True,False
ENSG00000105698,0.16137643191568696,False,True
ENSG00000006611,0.1440242693448326,False,False
ENSG00000182040,0.17284885793668522,False,False
ENSG00000042781,2.7436231884384066e-05,False,True
ENSG00000130307,0.239950808373247,False,False
ENSG00000138768,0.0066178326279288545,False,False
ENSG00000162607,0.13480996499116668,False,False
ENSG00000103194,0.34686364525689367,True,False
ENSG00000102226,0.4044602769610365,False,False
ENSG00000152484,0.0017706434792751364,False,True
ENSG00000058056,0.7248229182033002,False,False
ENSG00000101557,0.0020787584898256904,False,False
ENSG00000135655,0.0033150407359811415,False,True
ENSG00000291527,0.06616489455904515,False,False
ENSG00000223443,0.13883260247395265,False,False
ENSG00000227140,0.21153237924169957,False,False
ENSG00000205946,0.49531329809041913,False,False
ENSG00000184979,0.07581306145742386,False,False
ENSG00000172046,0.0783611637101914,True,False
ENSG00000036672,0.9646646794477719,False,False
ENSG00000136878,0.8786975403013207,False,False
ENSG00000143258,0.0005567261758341527,True,False
ENSG00000124422,0.49607859644832597,False,False
ENSG00000162402,0.35367469303578436,False,False
ENSG00000155313,0.17562111694644805,False,True
ENSG00000134588,0.36787944117145116,False,False
ENSG00000273820,0.0472634740216183,True,False
ENSG00000048028,0.6173891676341228,False,False
ENSG00000131864,0.7705574284381035,False,False
ENSG00000140455,0.03432433069929401,True,False
ENSG00000135093,0.5279285318830391,False,False
ENSG00000103404,0.19130909668625085,True,False
ENSG00000170832,0.9703087278278311,True,False
ENSG00000188933,0.7941899068540217,False,False
ENSG00000233327,0.3278443471950506,False,True
ENSG00000077254,0.1613764319156881,False,True
ENSG00000115464,0.4092069448749911,False,True
ENSG00000118369,0.6758171240006762,False,False
ENSG00000055483,0.0629640073835028,True,False
ENSG00000135913,0.2272352243657425,True,False
ENSG00000170185,6.711254822958038e-05,False,True
ENSG00000168883,0.00032172659436488564,False,False
ENSG00000114316,0.939669986539455,False,False
ENSG00000085982,0.5695231992134334,False,False
ENSG00000106346,0.12816353343155473,True,False
ENSG00000154914,0.0030976989708555026,False,True
ENSG00000136014,0.0007658679392523999,False,True
ENSG00000123552,0.25961231091905224,False,False
ENSG00000109189,0.869349782758956,False,False
ENSG00000170242,0.716415207307324,False,False
ENSG00000090686,0.9703087278278311,False,False
ENSG00000164663,0.68574569976798,True,False
ENSG00000111667,0.2118716888577065,False,False
ENSG00000170236,0.12979377179915152,False,False
ENSG00000247746,0.0020546455651842574,False,True
ENSG00000145390,0.00020233401915434196,False,True
ENSG00000166348,0.32028268315495023,True,False
ENSG00000129204,0.5382949871275216,False,True
ENSG00000148429,0.7773822889285338,False,False
ENSG00000187555,0.8592656070832756,True,False
ENSG00000138592,0.2928771782877895,False,True
ENSG00000124486,0.10821593598552688,False,False
ENSG00000114374,0.010350358949557546,False,True
ENSG00000132952,7.396559174280833e-05,False,False
ENSG00000111962,0.00029135094739465785,False,True
ENSG00000171794,0.025143767077323693,False,False
ENSG00000156697,0.00019537434988682573,False,False
ENSG00000253797,0.009318614026662857,False,True
ENSG00000164338,0.03197745736194664,True,False
ENSG00000011260,0.0002221293138728604,True,False
ENSG00000120800,0.025171037417556337,True,False
ENSG00000147679,0.004125697531225403,True,False
ENSG00000132467,0.07670278894557792,False,True
ENSG00000108651,0.007307794165420352,True,False
ENSG00000152818,0.9260649655225167,True,False
ENSG00000049247,0.6226181743521539,False,True
ENSG00000181408,0.6570144777977389,False,False
ENSG00000183878,0.0017706434792751364,False,True
ENSG00000198382,0.7941899068540217,False,False
ENSG00000115652,2.4462327518255376e-05,True,False
ENSG00000126756,0.8994430127919598,False,False
ENSG00000103043,0.016505939346849102,True,False
ENSG00000139190,0.40132646004563294,False,False
ENSG00000220205,0.006813708992405332,False,True
ENSG00000049245,0.28252826931056035,False,True
ENSG00000117533,0.9731431232675515,False,False
ENSG00000168899,0.9073482229810683,False,False
ENSG00000292366,0.8994430127919598,False,False
ENSG00000118640,0.6964970061782193,False,True
ENSG00000173218,0.8145225744292595,False,True
ENSG00000162738,0.0018444464351240137,False,True
ENSG00000101558,0.42667792929805504,True,False
ENSG00000124164,0.5706317598354691,False,False
ENSG00000223494,0.32028268315495023,False,True
ENSG00000071246,0.4790150152650764,False,False
ENSG00000143494,0.10208351509407287,False,False
ENSG00000274334,0.5167558627527982,False,True
ENSG00000125753,0.10429064116657036,False,False
ENSG00000108828,0.00036971762263485024,True,False
ENSG00000171724,0.45187001429844487,False,True
ENSG00000141968,0.011496337339239587,False,True
ENSG00000160293,0.42875725233373474,False,False
ENSG00000134215,0.009669348349029262,False,True
ENSG00000148704,0.33363319844946754,False,False
ENSG00000116035,0.0025578648183974197,False,False
ENSG00000155959,0.002084830808269168,False,False
ENSG00000162692,0.4652445827701792,False,False
ENSG00000038427,0.02439994194452047,False,False
ENSG00000035403,0.20678375939491223,False,False
ENSG00000165280,0.8668176978057169,False,False
ENSG00000175073,0.7462764190832948,False,False
ENSG00000182583,0.010269579533402509,False,False
ENSG00000177504,0.1341896336953899,True,False
ENSG00000169059,0.4532236214684219,False,False
ENSG00000205642,0.6490865427076709,False,False
ENSG00000129864,0.4232994126959576,False,False
ENSG00000129862,0.05930787768772483,False,False
ENSG00000213585,0.0010453606942056365,False,False
ENSG00000165637,0.04866239085502546,True,False
ENSG00000078668,0.005826392126093355,False,False
ENSG00000111424,0.54514209189753,False,False
ENSG00000112715,0.2531316914960054,False,False
ENSG00000173511,0.06552469740524133,True,False
ENSG00000150630,0.24158949047348857,False,False
ENSG00000151650,0.31228756855514384,False,False
ENSG00000293226,,False,False
ENSG00000236380,,False,False
ENSG00000197415,0.15327111795411727,False,True
ENSG00000136451,0.08569368195558995,True,False
ENSG00000028203,0.8370018293859048,False,False
ENSG00000128564,0.013801120025173296,True,False
ENSG00000102243,0.003055878520158318,False,False
ENSG00000170162,0.04111412154482537,False,False
ENSG00000206538,0.13586264850624483,False,False
ENSG00000144560,0.07235616678610683,False,False
ENSG00000134086,0.08720662610258513,True,False
ENSG00000189030,0.04331416803829041,False,False
ENSG00000127831,5.699858013845311e-05,True,False
ENSG00000136059,0.2211323959556799,False,False
ENSG00000026025,0.2211323959556799,False,False
ENSG00000146469,0.22834260631380535,False,False
ENSG00000114812,1.047820752434263e-05,False,True
ENSG00000106018,0.0057364544430047685,False,True
ENSG00000205221,0.37889753571400264,False,False
ENSG00000167397,0.3578253511177706,False,True
ENSG00000196715,0.999028182778181,False,True
ENSG00000147852,0.974089760472383,False,True
ENSG00000160131,0.5351638569387906,False,False
ENSG00000292061,0.14571451043171124,False,False
ENSG00000182853,0.00011019359825607908,False,True
ENSG00000062716,0.0012012941342961737,False,False
ENSG00000178201,0.3974433123556129,True,False
ENSG00000220758,0.36787944117145116,False,False
ENSG00000196131,0.03871122894500783,False,True
ENSG00000228567,,False,False
ENSG00000197617,0.3451413592667513,False,False
ENSG00000112299,0.05696388145459248,False,False
ENSG00000112303,0.04809792289527884,True,False
ENSG00000154978,0.07625662759581507,False,False
ENSG00000169575,0.7548529769350754,False,False
ENSG00000128218,0.4401619539926275,False,True
ENSG00000280616,0.0064526337800191,False,False
ENSG00000197969,0.8634530530416704,False,False
ENSG00000132549,0.10510501003566669,True,False
ENSG00000129003,0.17941818394337153,False,True
ENSG00000048707,0.0006808469176761721,False,False
ENSG00000215305,0.03172480869265962,True,False
ENSG00000104142,0.00454256480909922,False,False
ENSG00000131475,0.06590806850830239,True,False
ENSG00000122958,0.06438791214185696,False,False
ENSG00000151502,0.735471448709095,False,True
ENSG00000160948,0.010492211884038576,True,False
ENSG00000111237,0.3488930708560918,False,False
ENSG00000139719,0.02526912219350826,False,False
ENSG00000184056,0.13350557304031743,False,False
ENSG00000069329,0.04923348330203543,True,False
ENSG00000136100,0.007307794165420352,False,True
ENSG00000155975,0.18347565131987473,True,False
ENSG00000139722,0.018156065120366018,False,True
ENSG00000167987,0.030693200014700984,False,False
ENSG00000176428,0.10644194430549397,True,False
ENSG00000166887,0.8097846959737904,True,False
ENSG00000006715,0.8386310295131585,False,True
ENSG00000136631,0.0010413030158781212,False,False
ENSG00000132612,0.8321331946063107,False,False
ENSG00000119541,0.10948593736855652,False,True
ENSG00000223618,0.14318651542098232,True,False
ENSG00000283883,0.7638955157717768,False,False
ENSG00000143952,0.00023206389555355592,True,False
ENSG00000163159,0.00011681321282780664,True,False
ENSG00000156931,0.3278443471950506,False,False
ENSG00000100749,0.02981085055719824,False,False
ENSG00000028116,0.31016934707242383,False,False
ENSG00000105053,0.2877960642431097,False,True
ENSG00000133980,0.5962796833959243,False,False
ENSG00000101842,0.2434759776783048,False,False
ENSG00000176834,7.948349973010463e-05,True,False
ENSG00000186806,0.013923381811684897,True,False
ENSG00000019102,0.0027371817500670926,False,True
ENSG00000155659,0.00012638485501967483,False,True
ENSG00000243284,0.4271206703893067,False,False
ENSG00000163032,0.9534748818673352,False,False
ENSG00000276066,0.02072379386245503,False,True
ENSG00000170419,,False,False
ENSG00000187135,0.8315497217649173,False,False
ENSG00000132821,0.616391518985486,False,True
ENSG00000165633,0.02255203450530293,False,True
ENSG00000214376,0.3521747537606463,False,False
ENSG00000100987,0.14369322018554265,False,False
ENSG00000119614,0.5882027975753454,False,False
ENSG00000009844,0.6904288229928944,False,False
ENSG00000134258,0.00034146220186788423,False,True
ENSG00000151532,0.6084502925805204,False,False
ENSG00000100568,0.23441639115790464,False,True
ENSG00000109072,0.009483136570542498,False,True
ENSG00000199990,,False,False
ENSG00000202111,0.36787944117145116,False,False
ENSG00000202515,,False,False
ENSG00000270123,,False,False
ENSG00000179403,0.5310173297198827,False,False
ENSG00000165816,0.008648601749966863,False,True
ENSG00000175267,0.04959837610452399,False,True
ENSG00000168658,0.028977024795078275,False,False
ENSG00000110002,0.11788270864238463,False,True
ENSG00000158816,0.32962187665298015,False,False
ENSG00000145198,0.24148563055725616,False,False
ENSG00000204396,0.0023156605856772213,True,False
ENSG00000188730,0.5962796833959243,False,False
ENSG00000174453,,False,False
ENSG00000167992,0.9627906350072438,True,False
ENSG00000146530,0.0018389800890600398,False,True
ENSG00000110799,0.11583756640901166,False,False
ENSG00000095787,0.41562260194879497,False,False
ENSG00000116874,0.29004336230118133,False,False
ENSG00000015285,0.013096111025803556,False,True
ENSG00000112290,0.190011462456638,True,False
ENSG00000158195,0.5218047320440177,False,False
ENSG00000132970,0.23995080837324365,False,False
ENSG00000146556,0.14915473443257996,True,False
ENSG00000185596,0.09172907376313824,True,False
ENSG00000282458,0.9135447234295009,True,False
ENSG00000227232,0.12630791646930128,True,False
ENSG00000106299,0.530501277933769,False,False
ENSG00000239779,0.08602760723072571,False,False
ENSG00000084463,0.7668722115381088,False,False
ENSG00000293029,0.5525720016525411,False,False
ENSG00000132471,0.9912875674532804,False,False
ENSG00000183066,0.8208115540488559,False,False
ENSG00000120688,0.03677752865336121,False,True
ENSG00000085449,0.6666801905045303,False,False
ENSG00000139668,0.014210592770030724,False,False
ENSG00000163625,0.02439994194452047,False,False
ENSG00000180769,0.0023731249990738943,False,True
ENSG00000128815,0.0016525349733534714,False,True
ENSG00000198554,0.0005765580015503739,True,False
ENSG00000143951,0.03409151152239386,False,True
ENSG00000071127,0.21666307870822382,False,False
ENSG00000120008,0.0010721237785863993,False,True
ENSG00000138442,0.00023206389555355454,True,False
ENSG00000101940,0.4865251421327479,True,False
ENSG00000150627,1.9035078776034195e-05,False,True
ENSG00000065268,0.8821215887400115,False,False
ENSG00000157796,0.47622870216349256,False,False
ENSG00000140153,0.8460017628060118,False,False
ENSG00000127580,0.9544023865431298,False,True
ENSG00000176473,0.669929112893902,False,False
ENSG00000162923,0.6264593656375133,False,False
ENSG00000184465,0.8864204184047004,False,False
ENSG00000065183,0.8786975403013207,True,False
ENSG00000148225,0.19582577895800432,False,False
ENSG00000136709,0.6013924664189708,True,False
ENSG00000118965,0.4951148695123805,False,True
ENSG00000134987,0.3871454609338294,False,True
ENSG00000047056,0.7039861495263369,False,False
ENSG00000136918,0.8988107499440141,False,False
ENSG00000160193,0.004529334047177638,True,False
ENSG00000164253,0.11915025250180777,True,False
ENSG00000163811,0.010043043624906588,True,False
ENSG00000131725,0.28252826931056035,False,False
ENSG00000196998,0.5841040013440728,False,False
ENSG00000236222,0.023606518977166754,True,False
ENSG00000085433,0.380798957339845,False,True
ENSG00000114742,0.8968232777162128,False,False
ENSG00000174776,0.16682321498773522,False,False
ENSG00000196363,0.06038584920686455,True,False
ENSG00000185798,0.02226877598366307,False,False
ENSG00000005448,0.8050743765976687,False,False
ENSG00000120314,0.005385135610889949,False,False
ENSG00000103091,0.19582577895800432,False,False
ENSG00000196981,0.8786975403013207,False,False
ENSG00000178252,0.8484730417605634,False,False
ENSG00000075702,0.0003223528259812073,True,False
ENSG00000162843,7.271524890089504e-05,False,True
ENSG00000091157,0.004546983646113906,False,False
ENSG00000082068,0.13441731488568587,True,False
ENSG00000166415,5.47178613204379e-05,False,False
ENSG00000291629,0.6864127675167437,False,False
ENSG00000133316,0.0780569965481117,True,False
ENSG00000115368,0.12569536715643717,True,False
ENSG00000092470,0.00027537553289137053,False,False
ENSG00000116455,0.8003914559964804,True,False
ENSG00000276021,0.1085320485244178,False,True
ENSG00000164091,0.7865054977525469,False,False
ENSG00000123154,0.23995080837324365,True,False
ENSG00000105583,0.8584305579681955,False,True
ENSG00000187260,0.000809573707077738,False,True
ENSG00000171804,0.012130332340473105,False,False
ENSG00000166359,0.9424148823115995,False,False
ENSG00000140006,0.9816960841823692,False,False
ENSG00000161996,0.8484730417605634,True,False
ENSG00000105875,0.6525710891123018,False,False
ENSG00000140527,0.3020990960196186,False,True
ENSG00000196151,0.004007094486357041,True,False
ENSG00000142784,0.04157069748863386,False,True
ENSG00000166483,0.05916538797052582,True,False
ENSG00000214102,0.26840768294261513,False,True
ENSG00000103175,0.00028187696857336406,False,True
ENSG00000180305,0.33262581458205576,False,False
ENSG00000182931,0.04111412154482537,False,False
ENSG00000180083,0.5962796833959243,False,False
ENSG00000168703,,False,False
ENSG00000168634,,False,False
ENSG00000101443,0.015287441200825515,False,True
ENSG00000124116,0.8438959008126035,False,True
ENSG00000175121,0.36669096210060714,False,False
ENSG00000243543,,False,False
ENSG00000158901,0.5621396341622042,False,False
ENSG00000180205,,False,False
ENSG00000127578,0.012547664707893565,False,False
ENSG00000173714,0.01722100397425281,False,True
ENSG00000109501,0.0013831747958210324,False,False
ENSG00000156232,0.08469966302296529,False,False
ENSG00000248334,0.00896315529414574,False,False
ENSG00000276141,0.0022490913827086763,False,False
ENSG00000156076,0.19895186293284806,False,False
ENSG00000115935,0.0011299181168892582,False,True
ENSG00000171475,0.01110089861863634,True,False
ENSG00000122574,0.2037898387282614,True,False
ENSG00000070540,0.12569536715643717,True,False
ENSG00000157954,0.6013924664189623,False,False
ENSG00000011451,0.4625383689040139,False,False
ENSG00000116729,0.6797711866145533,False,True
ENSG00000060237,0.09172907376313824,False,False
ENSG00000165238,0.7470023688500776,True,False
ENSG00000196632,0.11516376763724923,False,False
ENSG00000126562,0.0160314366354572,True,False
ENSG00000125084,0.0544054235915874,False,True
ENSG00000135925,0.15726117911022902,False,False
ENSG00000169884,0.03165260489862413,False,True
ENSG00000085741,0.47622870216349256,False,True
ENSG00000002745,0.4311353720302863,False,False
ENSG00000105989,0.0011855941115955229,False,True
ENSG00000134245,0.42667792929805504,False,False
ENSG00000108379,0.420091619356054,True,False
ENSG00000154342,0.04495192552385807,False,False
ENSG00000162552,0.2434759776783048,False,False
ENSG00000114251,0.002315660585677188,False,True
ENSG00000111186,0.07299210558243631,False,True
ENSG00000115596,0.3108325102412415,False,False
ENSG00000154764,0.06394320292898689,False,False
ENSG00000188064,0.41789177883914697,False,True
ENSG00000061492,,False,False
ENSG00000075290,0.9634164672597145,False,False
ENSG00000143816,0.7824247796074769,False,False
ENSG00000276799,0.09878104318370115,False,True
ENSG00000141499,0.4922349074991902,False,False
ENSG00000116213,0.54514209189753,False,False
ENSG00000165392,0.6412496602955313,True,False
ENSG00000124535,0.003443158476459631,False,False
ENSG00000109046,0.015876319935373424,False,True
ENSG00000176871,0.007914284025709838,False,False
ENSG00000179314,0.07897305842632306,True,False
ENSG00000075035,0.0006891212023712898,False,True
ENSG00000184937,0.4163790595146264,False,True
ENSG00000183242,0.7789323384919882,False,False
ENSG00000146457,0.6155909480306143,False,False
ENSG00000142279,0.3694925518545895,False,False
ENSG00000113645,0.5558465542560704,True,False
ENSG00000151718,0.02430523098382558,False,False
ENSG00000047644,0.9242659083608107,False,False
ENSG00000186153,0.34585336351023777,False,False
ENSG00000123124,0.3641428503576851,False,False
ENSG00000198373,0.04809792289527884,True,False
ENSG00000018408,0.22834260631380535,False,True
ENSG00000241313,0.40567920144426195,False,True
ENSG00000076924,0.7550345754095902,True,False
ENSG00000132530,0.0018142102910628365,False,True
ENSG00000204379,0.023926752624867244,True,False
ENSG00000204382,0.022014209418490555,False,False
ENSG00000155622,0.3451413592667513,False,False
ENSG00000171402,0.04305259061847554,False,False
ENSG00000171405,0.36787944117145116,False,False
ENSG00000100219,0.7683649063695428,False,False
ENSG00000143184,0.42875725233373474,False,True
ENSG00000143185,0.0006396071649187249,False,True
ENSG00000173578,0.00018153925424448154,False,True
ENSG00000158125,2.241270991851664e-05,False,True
ENSG00000124343,0.0006408523502641706,False,False
ENSG00000101966,0.43000970690402607,False,False
ENSG00000168334,0.02182377957519344,True,False
ENSG00000163092,0.21276618240265502,False,False
ENSG00000229807,0.16100539400823563,False,True
ENSG00000047597,0.04169213079332189,True,False
ENSG00000172967,0.0865820150467267,False,False
ENSG00000206579,0.4574627172721536,False,False
ENSG00000285327,0.23399843560938524,False,False
ENSG00000284927,0.009998794452269049,False,False
ENSG00000260903,0.1252441711919033,False,False
ENSG00000158156,0.8264889020158215,False,False
ENSG00000221947,0.09686203123758445,False,False
ENSG00000182489,0.8470316593051006,True,False
ENSG00000290724,0.5962796833959243,False,False
ENSG00000136936,0.9047054630375765,False,False
ENSG00000154767,0.00669549823709803,False,False
ENSG00000108039,0.2566008922670948,True,False
ENSG00000122121,0.6375196679718531,False,True
ENSG00000196236,0.37419249198924803,False,False
ENSG00000082898,0.15811484526585695,True,False
ENSG00000132953,0.12816353343155473,False,False
ENSG00000124571,7.59330348641997e-05,True,False
ENSG00000169180,0.9424148823115995,False,True
ENSG00000130227,0.9506977725270581,False,False
ENSG00000184575,0.0009105530146620593,True,False
ENSG00000143324,0.08978779094001982,True,False
ENSG00000073050,0.09353027464612838,False,False
ENSG00000196584,0.00014708473605580313,False,False
ENSG00000126215,0.04280111801309059,True,False
ENSG00000152422,0.007914284025709893,False,False
ENSG00000079246,0.8864204184047004,False,False
ENSG00000196419,0.0012921676430325934,True,False
ENSG00000114127,0.05968539293045689,False,False
ENSG00000088930,0.06707169252601035,True,False
ENSG00000166435,0.4380273221341927,False,False
ENSG00000173950,0.24276682484732598,False,False
ENSG00000093217,0.2086011831321167,False,False
ENSG00000103489,0.0924453537785658,False,False
ENSG00000015532,0.0009212390894754646,True,False
ENSG00000015153,0.3485540105612581,False,False
ENSG00000137693,0.2129041999228439,False,False
ENSG00000139131,0.22199408954236768,False,False
ENSG00000182362,0.8264889020158215,True,False
ENSG00000065978,0.7888029805353111,False,False
ENSG00000288504,0.49223490749918675,True,False
ENSG00000161179,0.029123269274825263,True,False
ENSG00000163872,0.0018230514543636548,False,False
ENSG00000127337,0.014307640344756328,True,False
ENSG00000176105,0.5182653724777226,False,False
ENSG00000174851,0.29004336230118133,False,False
ENSG00000167645,0.06501700254173598,False,False
ENSG00000058799,0.9534748818673352,False,False
ENSG00000130733,0.2230759299481516,False,False
ENSG00000137207,0.0005282501115359847,True,False
ENSG00000119820,0.6072682622725372,False,False
ENSG00000145817,0.869349782758956,False,True
ENSG00000181704,0.7668722115381088,False,False
ENSG00000177752,0.7946732700886494,False,False
ENSG00000250067,0.9314831751655464,False,True
ENSG00000106636,0.0018230514543636548,True,False
ENSG00000119596,0.8534372775192605,False,False
ENSG00000136758,0.2028015291339676,True,False
ENSG00000180667,0.8786975403013207,False,False
ENSG00000100027,0.2877960642431097,False,True
ENSG00000175155,0.009669348349029262,False,True
ENSG00000090238,0.9287701192945929,False,True
ENSG00000166793,0.3882763621588816,False,False
ENSG00000119801,0.8584305579681832,False,False
ENSG00000196449,0.596152875121186,True,False
ENSG00000083896,0.5258793213338224,False,False
ENSG00000047188,0.004681566473454663,False,True
ENSG00000149658,0.014182985993349915,True,False
ENSG00000198492,0.9287701192945929,False,False
ENSG00000185728,0.4044602769610365,False,False
ENSG00000166913,0.09066504624194888,False,False
ENSG00000274474,0.3065714831894201,False,True
ENSG00000170027,0.002718615666210725,False,False
ENSG00000128245,0.005555318544139675,False,False
ENSG00000134308,0.019701149999669265,True,False
ENSG00000164924,0.0005386228813493541,True,False
ENSG00000100811,0.4903242455360224,True,False
ENSG00000163374,0.00016257748191545417,True,False
ENSG00000230797,0.32341194693316333,False,True
ENSG00000186919,0.3894925128680351,False,False
ENSG00000146839,0.6148864129147144,False,False
ENSG00000115085,0.009840063198199855,False,True
ENSG00000182223,0.15383758562994948,False,False
ENSG00000189167,0.3469545282318325,False,False
ENSG00000169064,0.5962796833959243,False,False
ENSG00000214717,0.007307794165420352,False,True
ENSG00000177494,0.582259205276968,False,False
ENSG00000132846,0.08978779094001982,False,False
ENSG00000100426,0.004681566473454663,True,False
ENSG00000236287,0.361321418713897,False,False
ENSG00000257315,0.6375196679718531,False,False
ENSG00000124256,0.01007238063511268,False,True
ENSG00000126804,0.3368922200202556,False,False
ENSG00000205189,0.7276473585454799,False,False
ENSG00000066422,0.7039861495263369,False,False
ENSG00000206366,0.00012027068126769594,True,False
ENSG00000109906,0.0058037763675435105,False,False
ENSG00000116809,0.2634263316171772,False,False
ENSG00000181472,0.7668722115381088,False,False
ENSG00000181722,0.3224699710555938,False,False
ENSG00000241560,0.3027242870971588,False,True
ENSG00000237056,0.015876319935373424,True,False
ENSG00000112365,0.8668176978057169,False,False
ENSG00000089775,0.1685938824910001,False,False
ENSG00000171448,0.7941899068540217,True,False
ENSG00000185670,0.5167558627527982,False,False
ENSG00000011590,0.21043458021775974,True,False
ENSG00000177485,0.2104345802177628,True,False
ENSG00000177125,0.7773822889285338,False,True
ENSG00000185278,0.9646646794477719,False,False
ENSG00000177311,0.8169018986631806,True,False
ENSG00000166860,0.3485540105612531,False,False
ENSG00000283868,0.06345567113120937,False,True
ENSG00000184677,0.32404145904006687,True,False
ENSG00000177888,0.5279285318830353,True,False
ENSG00000179627,0.5430260650907353,False,False
ENSG00000169155,0.03301502836635483,False,False
ENSG00000196323,0.07478808165730418,False,True
ENSG00000119574,0.08527809750557229,True,False
ENSG00000130584,0.3694925518545895,False,True
ENSG00000114853,0.027313097883434348,False,False
ENSG00000204859,0.011733483322113903,False,False
ENSG00000168826,0.9003179572879716,False,False
ENSG00000168795,0.11788270864238463,False,False
ENSG00000186130,0.7019357058822984,False,False
ENSG00000178951,0.41562260194879497,False,True
ENSG00000160685,0.013096111025803556,True,False
ENSG00000184828,0.0001772725691858902,False,True
ENSG00000160062,0.9242659083608107,True,False
ENSG00000273274,0.7078072313118124,False,False
ENSG00000213588,7.303656761576793e-05,True,False
ENSG00000104427,0.15903994168049718,True,False
ENSG00000118491,0.9724705187835054,False,False
ENSG00000119703,0.06278061720057111,False,True
ENSG00000135482,0.29689109581326617,False,False
ENSG00000058673,0.6998912343999902,False,False
ENSG00000163874,0.9816960841823692,False,True
ENSG00000102053,0.7019357058822984,False,False
ENSG00000149289,0.09389473701933883,False,False
ENSG00000178199,0.0163939808866429,False,True
ENSG00000123200,0.0035141838106158697,False,True
ENSG00000100722,0.02052232214449494,False,False
ENSG00000065548,0.11207082852577047,True,False
ENSG00000158545,0.07951238454121372,True,False
ENSG00000014164,0.022031876357667592,True,False
ENSG00000130749,0.6864127675167437,True,False
ENSG00000188177,0.4363270726588312,False,False
ENSG00000122299,0.6494063470802454,False,False
ENSG00000100403,0.0924453537785658,False,False
ENSG00000144161,0.0636410332326941,True,False
ENSG00000105939,0.9260649655225167,False,False
ENSG00000146858,0.9424148823115995,False,True
ENSG00000091732,0.005555318544139675,False,False
ENSG00000126970,0.8786975403013207,False,True
ENSG00000155329,0.7419355118097588,False,False
ENSG00000174460,0.15625176887796266,False,False
ENSG00000187969,,False,False
ENSG00000140948,0.11077084324322485,False,False
ENSG00000121766,0.7019357058822984,False,False
ENSG00000166707,0.059324632206913544,False,False
ENSG00000141664,0.07235616678610683,False,False
ENSG00000165424,0.00420262196997719,False,True
ENSG00000247315,0.12979377179915244,True,False
ENSG00000168228,0.571186849052267,True,False
ENSG00000147905,0.2037898387282614,False,False
ENSG00000033030,0.2086011831321167,False,False
ENSG00000131732,0.08720662610258513,True,False
ENSG00000139168,0.015419917140115823,True,False
ENSG00000078487,0.02637361114396026,False,True
ENSG00000206559,0.0163939808866429,False,True
ENSG00000204186,0.004529334047177672,False,False
ENSG00000159714,0.04037564834551678,False,False
ENSG00000188818,0.008196208440762447,False,False
ENSG00000160446,0.15267617986527876,False,False
ENSG00000177054,0.4092069448749911,False,False
ENSG00000175048,0.9047054630375765,True,False
ENSG00000102383,0.002210071989394187,False,True
ENSG00000171307,0.8584305579681955,False,True
ENSG00000186908,0.1482871378490298,False,False
ENSG00000204160,0.9405840623298023,False,True
ENSG00000163958,0.010400447635771663,False,False
ENSG00000104219,0.5542275848558886,False,False
ENSG00000180776,0.06946093552266765,False,False
ENSG00000175893,0.02064239389742853,False,True
ENSG00000177108,0.31472914190734447,False,False
ENSG00000184307,0.7248229182033002,True,False
ENSG00000174165,0.06707169252601035,False,False
ENSG00000163812,0.7668722115381088,False,True
ENSG00000136247,0.596152875121186,False,True
ENSG00000156599,0.5978943136367422,True,False
ENSG00000023041,0.03350005929995206,False,True
ENSG00000153786,0.664092400686735,False,False
ENSG00000099904,0.41400931876940616,False,False
ENSG00000188706,0.00011557053085684624,True,False
ENSG00000148516,0.999028182778181,False,False
ENSG00000237036,0.04347216550870775,True,False
ENSG00000169554,0.0003040856161986179,False,True
ENSG00000238057,0.0415246861558839,False,False
ENSG00000160445,0.03921495374876789,False,True
ENSG00000104231,0.044585129904799264,True,False
ENSG00000178381,0.03713685681663713,True,False
ENSG00000158552,0.21750735656533157,False,False
ENSG00000156639,0.001627026019697446,True,False
ENSG00000172671,0.009068345158431503,False,True
ENSG00000107372,0.25961231091905224,False,True
ENSG00000086666,0.2928771782877895,False,False
ENSG00000066827,0.0030402389821395388,True,False
ENSG00000248492,0.006430902993108846,True,False
ENSG00000133858,0.9845637435410837,False,False
ENSG00000136367,0.10644194430549549,False,True
ENSG00000140836,0.4946337083554061,False,False
ENSG00000091656,0.8321331946063107,False,False
ENSG00000184517,2.151589653913592e-05,False,True
ENSG00000142065,0.4794809831420318,False,False
ENSG00000198939,0.4213187605081594,False,True
ENSG00000196867,0.6108212600394947,False,True
ENSG00000180787,0.00022848169774693775,False,True
ENSG00000120784,0.9135447234295009,False,False
ENSG00000128016,0.041088490873126854,False,True
ENSG00000185650,0.0012921676430325934,False,True
ENSG00000152518,0.8097846959737904,False,False
ENSG00000136866,0.9153229121112986,False,True
ENSG00000181638,2.8413571540141132e-05,True,False
ENSG00000179059,0.90445694527025,True,False
ENSG00000234669,0.6115550871440905,False,False
ENSG00000196670,0.15765431691636933,True,False
ENSG00000020256,2.4701332245827943e-05,True,False
ENSG00000181007,0.27360707721798055,False,True
ENSG00000184939,0.4903242455360224,False,True
ENSG00000186660,0.9405840623298023,False,False
ENSG00000255073,0.003464329915915074,False,False
ENSG00000189420,0.7606375521713602,False,False
ENSG00000162300,0.00245476830880017,True,False
ENSG00000179588,0.6228154048378258,False,False
ENSG00000169946,0.00014751438931272302,False,True
ENSG00000056097,0.7441027999840577,False,False
ENSG00000105278,0.052055795922941434,False,False
ENSG00000005889,0.8169018986631806,False,False
ENSG00000067646,0.09226576111285263,False,False
ENSG00000165861,0.04169213079332189,False,True
ENSG00000039319,0.04577106927310079,False,False
ENSG00000166140,0.4363270726588373,True,False
ENSG00000100711,0.1939310112391763,False,True
ENSG00000072121,0.5623698623643318,False,False
ENSG00000155256,0.716415207307324,False,False
ENSG00000159733,0.19582577895800432,False,True
ENSG00000157077,0.4466284686086408,False,False
ENSG00000174992,0.0003722425136925731,False,False
ENSG00000283056,0.8982232769516532,False,False
ENSG00000220201,0.420091619356054,False,True
ENSG00000197114,5.47178613204379e-05,False,False
ENSG00000165156,0.07151685870602109,True,False
ENSG00000259305,9.844058742735422e-05,True,False
ENSG00000178764,0.0012012941342961659,True,False
ENSG00000174306,0.015646454483154437,False,False
ENSG00000152977,0.5413889183990774,True,False
ENSG00000043355,0.00014222765610176445,True,False
ENSG00000156925,0.9961001816629992,False,False
ENSG00000174963,0.1112513013192631,True,False
ENSG00000139800,0.0006718540501862652,True,False
ENSG00000171649,0.46979017045706384,False,False
ENSG00000269699,0.9565140602476342,False,False
ENSG00000141946,0.6666513350391872,False,False
ENSG00000106261,0.030514665182586668,False,False
ENSG00000155592,0.10571995715072798,False,True
ENSG00000189298,5.9721749381728905e-05,True,False
ENSG00000187626,0.9845637435410837,False,True
ENSG00000196652,0.003524449189336565,False,False
ENSG00000166432,0.0222687759836629,False,True
ENSG00000146007,0.037645821978377625,False,False
ENSG00000172667,0.01732819188110967,False,True
ENSG00000165061,0.060036117443711935,False,False
ENSG00000100319,0.002036744604290185,True,False
ENSG00000108175,0.9153229121112986,False,False
ENSG00000122515,0.22834260631380535,True,False
ENSG00000084073,0.9627906350072438,False,False
ENSG00000197056,0.7773822889285338,False,False
ENSG00000121741,0.004272664061538916,False,True
ENSG00000147130,0.028368678392087458,True,False
ENSG00000146463,0.5310173297198827,False,True
ENSG00000132950,0.02895386634557369,False,False
ENSG00000163867,0.013172733592997046,False,True
ENSG00000004838,0.33363252404653704,False,False
ENSG00000015171,0.7594521225252041,False,False
ENSG00000066185,3.303513896982242e-05,False,True
ENSG00000141497,0.9932170803579593,False,False
ENSG00000165724,0.001495057418253519,True,False
ENSG00000101040,0.4388799297915562,False,False
ENSG00000256223,0.0018124472102579682,False,False
ENSG00000197020,0.07647938292234908,False,False
ENSG00000181896,0.27360707721798055,False,False
ENSG00000196247,0.5863800978415652,False,False
ENSG00000178150,0.7941899068540217,False,False
ENSG00000152926,0.7019357058822984,False,True
ENSG00000164631,0.5596425648013799,False,False
ENSG00000197961,0.27069639122831485,False,False
ENSG00000196418,0.651303345773445,False,False
ENSG00000131849,0.05468455105609742,False,True
ENSG00000125846,0.9215738736404122,True,False
ENSG00000213762,0.9759857983375362,False,False
ENSG00000176293,0.24276682484732415,False,False
ENSG00000196646,0.06805705729028859,False,True
ENSG00000123870,0.996118394014622,False,False
ENSG00000197008,0.045815593656043575,True,False
ENSG00000105708,0.3278443471950506,True,False
ENSG00000196387,0.9153229121112986,False,True
ENSG00000131127,0.034191097171807044,False,False
ENSG00000115568,0.028039610918596164,False,False
ENSG00000166478,0.007792117107800387,False,False
ENSG00000167635,0.0472634740216183,True,False
ENSG00000163848,0.651303345773445,False,False
ENSG00000179909,0.021440168970145015,False,True
ENSG00000204920,0.9153229121112986,False,False
ENSG00000147117,0.5958344615198381,False,False
ENSG00000170631,0.0007071598880592039,True,False
ENSG00000170949,0.00948313657054243,False,True
ENSG00000197279,0.0005709793515116292,True,False
ENSG00000175787,0.8634530530416704,False,False
ENSG00000186272,0.6958201383926648,False,False
ENSG00000103343,0.004202621969977131,True,False
ENSG00000105497,0.0030669596613122313,False,True
ENSG00000188629,0.6084502925805204,False,True
ENSG00000154957,0.00014216362962268713,False,True
ENSG00000167384,0.41040229050591726,False,False
ENSG00000197841,0.30390049982138445,False,True
ENSG00000147118,0.3065714831894201,False,False
ENSG00000096654,0.27628030546674437,True,False
ENSG00000292196,0.5048369925379625,False,True
ENSG00000136870,0.0012477210419554272,True,False
ENSG00000157429,0.33104749083823115,False,True
ENSG00000005801,0.27360707721798055,False,False
ENSG00000186448,0.0077921171078003315,False,False
ENSG00000275111,0.8659753094387994,True,False
ENSG00000132010,0.044067956850409255,False,True
ENSG00000010539,0.4931930286714282,True,False
ENSG00000166261,0.04866239085502546,False,False
ENSG00000291112,0.7419355118097588,True,False
ENSG00000122386,0.19168147437256342,True,False
ENSG00000010244,0.0008245836313238678,True,False
ENSG00000160321,0.025024623653682448,False,True
ENSG00000121417,0.5414444368946913,False,True
ENSG00000170260,0.8321331946063107,True,False
ENSG00000085644,0.6437484380858923,True,False
ENSG00000149050,0.0222687759836629,False,False
ENSG00000149054,0.24922428578819572,False,False
ENSG00000171940,0.3641428503576851,False,False
ENSG00000165804,0.013096111025803556,False,False
ENSG00000165512,0.08396172292214722,False,True
ENSG00000159905,0.6777912719387762,False,False
ENSG00000159885,0.27601181150784243,False,False
ENSG00000178386,0.9932170803579593,False,False
ENSG00000267680,0.8786975403013207,False,False
ENSG00000256294,0.5909589334091598,False,False
ENSG00000167380,0.2833535703875884,True,False
ENSG00000131115,0.9153229121112986,True,False
ENSG00000278318,0.3526445732999315,True,False
ENSG00000167377,0.8264889020158215,False,False
ENSG00000159882,0.7535677772790077,False,False
ENSG00000167840,0.6494063470802454,True,False
ENSG00000159915,0.7248229182033002,True,False
ENSG00000263002,0.42378380719059094,False,False
ENSG00000159917,0.8634530530416704,False,False
ENSG00000130856,0.420091619356054,False,False
ENSG00000196793,0.6002241472793903,True,False
ENSG00000172466,0.20083926557103307,False,True
ENSG00000198105,0.9215738736404122,True,False
ENSG00000175395,0.44532760991231046,False,True
ENSG00000196150,0.008332808778877139,True,False
ENSG00000278062,0.016732155263043277,True,False
ENSG00000256771,0.14360478147867944,False,True
ENSG00000213096,0.03979106912921444,False,False
ENSG00000152454,0.9314831751655464,False,False
ENSG00000197134,0.29344725534065114,False,False
ENSG00000198393,0.4213187605081594,True,False
ENSG00000254004,0.5563872609782938,False,False
ENSG00000006194,0.21750735656533157,True,False
ENSG00000083844,0.05468455105609742,False,False
ENSG00000174652,0.22834260631380535,False,False
ENSG00000185947,0.7535677772790077,False,True
ENSG00000090612,0.011790663927167938,False,True
ENSG00000198039,0.09895626471281824,False,False
ENSG00000171606,0.5623698623643318,True,False
ENSG00000063587,0.002961465661891084,False,False
ENSG00000158805,0.1776821725514313,False,True
ENSG00000198839,0.716415207307324,False,False
ENSG00000198538,0.009501595224711548,True,False
ENSG00000275499,0.16895653641471803,False,False
ENSG00000277421,0.08720662610258513,False,True
ENSG00000056277,0.35574396863052726,True,False
ENSG00000137871,0.26368258289232577,False,True
ENSG00000162702,0.7039861495263369,False,False
ENSG00000170265,0.030872779416240555,True,False
ENSG00000167637,0.1666382481047044,True,False
ENSG00000186026,0.11023364331299876,False,False
ENSG00000267508,0.06438791214185696,True,False
ENSG00000187607,0.5739704051993287,False,True
ENSG00000249459,0.39168892550161427,False,False
ENSG00000141040,0.3974433123556157,False,False
ENSG00000188994,0.7888029805353111,False,False
ENSG00000237232,0.7593424785102955,False,False
ENSG00000170684,0.040297210976628944,True,False
ENSG00000166526,0.17157045114709019,True,False
ENSG00000168661,0.09573846307356816,True,False
ENSG00000145908,0.024951736451924746,True,False
ENSG00000197083,0.8838386131886712,False,True
ENSG00000089335,0.6784506019178687,False,False
ENSG00000131845,0.8091657683409961,False,False
ENSG00000235589,0.0034431584764596044,False,True
ENSG00000130803,0.8994430127919598,True,False
ENSG00000171467,0.06852183539348727,True,False
ENSG00000166188,0.2192057948720231,True,False
ENSG00000169740,0.7773822889285338,True,False
ENSG00000182986,0.034191097171807044,True,False
ENSG00000293246,0.19850959519351905,True,False
ENSG00000181315,0.23327955347312515,True,False
ENSG00000083812,0.5446123134242818,False,False
ENSG00000249471,0.9242659083608107,False,False
ENSG00000162664,0.0034431584764596044,False,False
ENSG00000181894,0.4363270726588373,False,False
ENSG00000130844,0.07179554070655211,True,False
ENSG00000160961,0.9424148823115995,False,False
ENSG00000198185,0.000921239089475458,False,True
ENSG00000198026,0.027180638891089032,True,False
ENSG00000130684,0.029123269274825263,False,False
ENSG00000189180,0.4168366885315731,False,False
ENSG00000196693,0.0019609586309121537,False,True
ENSG00000196378,9.617007504425476e-05,True,False
ENSG00000131061,0.025318307817300118,True,False
ENSG00000088876,0.00767929886465469,True,False
ENSG00000251247,0.24922428578819572,False,True
ENSG00000113761,0.09389473701933883,False,False
ENSG00000197937,0.06707169252601082,False,True
ENSG00000169981,0.2272352243657425,False,False
ENSG00000256683,0.9287701192945929,True,False
ENSG00000169131,0.5978943136367422,False,False
ENSG00000178338,0.49607859644832597,False,False
ENSG00000177932,0.021755151136953622,False,True
ENSG00000198816,0.3578253511177706,False,True
ENSG00000160094,0.7528354471352348,False,True
ENSG00000138311,0.007268380669713593,False,False
ENSG00000178175,0.09066504624194888,False,True
ENSG00000165244,0.012719631986359116,True,False
ENSG00000075407,0.6375196679718531,False,False
ENSG00000293313,0.7248229182033002,False,False
ENSG00000161298,0.7941899068540217,False,False
ENSG00000188283,0.09657990901624115,False,False
ENSG00000126746,0.4044602769610365,True,False
ENSG00000161642,0.6958201383926648,False,False
ENSG00000144331,0.0003840062514027944,False,True
ENSG00000187595,0.08909210210709169,True,False
ENSG00000151789,0.11916111258797471,False,False
ENSG00000124613,0.5449209043381835,False,False
ENSG00000160908,0.8240816544909277,False,True
ENSG00000186918,0.3368922200202556,False,False
ENSG00000186496,0.030160704957958535,False,False
ENSG00000186812,0.7276473585454799,False,True
ENSG00000197024,0.5279285318830353,False,False
ENSG00000176222,0.7895702985492836,False,False
ENSG00000215421,0.5142497771684864,False,True
ENSG00000175213,0.014433390284026286,True,False
ENSG00000147124,0.016538067685808476,False,False
ENSG00000119725,0.12816353343155473,False,False
ENSG00000133250,0.47622870216349256,False,False
ENSG00000170954,0.20083926557103307,False,True
ENSG00000083817,0.14207708552231263,False,False
ENSG00000173480,0.12208195314395245,False,False
ENSG00000196724,0.9759857983375362,False,False
ENSG00000105136,0.02526912219350826,True,False
ENSG00000197050,0.2850114120127689,False,False
ENSG00000102935,0.24276682484732598,False,False
ENSG00000204947,0.05024906960952281,False,False
ENSG00000130818,0.551003778645784,False,False
ENSG00000131116,0.32028268315495023,False,False
ENSG00000197013,0.20860118313211531,False,False
ENSG00000198521,0.54514209189753,True,False
ENSG00000278780,0.5640126163946804,False,False
ENSG00000196705,0.7706093981732294,False,False
ENSG00000256087,0.3684163607179038,True,False
ENSG00000197647,0.12231958217487691,False,True
ENSG00000125945,0.5640126163946804,False,False
ENSG00000183621,0.8838386131886712,False,False
ENSG00000171291,0.004886193227052997,False,True
ENSG00000197857,0.15327111795411613,False,False
ENSG00000171295,0.19850959519351905,False,False
ENSG00000197044,0.010131311997292844,False,False
ENSG00000198342,0.0004252806292324789,False,True
ENSG00000180855,0.1666382481047044,False,True
ENSG00000167685,0.9656030691398102,True,False
ENSG00000185219,0.45187001429844487,False,False
ENSG00000083838,0.3475388054239949,True,False
ENSG00000173275,0.8968232777162128,True,False
ENSG00000124459,0.7773822889285338,False,False
ENSG00000112200,0.6013924664189708,False,False
ENSG00000178187,0.19681955453665276,False,True
ENSG00000197714,0.6758171240006762,False,False
ENSG00000197808,0.31656750785168053,False,False
ENSG00000148143,0.0019609586309121537,False,True
ENSG00000181444,0.5875214699347704,False,False
ENSG00000204604,0.0015214530441473833,True,False
ENSG00000225614,0.5739704051993287,False,False
ENSG00000197016,0.14571451043171124,False,False
ENSG00000196263,0.037136856816636886,False,True
ENSG00000142528,0.0004601280057886394,True,False
ENSG00000164185,0.2875871561686232,False,False
ENSG00000185177,0.1252441711919033,False,False
ENSG00000180035,0.01913479331460371,True,False
ENSG00000198464,0.9242659083608107,False,False
ENSG00000173258,0.5841040013440686,False,False
ENSG00000127081,0.47622870216349256,False,False
ENSG00000198298,0.329121868610169,True,False
ENSG00000256229,0.2566008922670948,False,False
ENSG00000265763,0.3041184797113441,False,True
ENSG00000188033,0.3458533635102353,False,True
ENSG00000177599,0.4903242455360224,False,True
ENSG00000229676,0.5909589334091598,False,False
ENSG00000196268,0.656389144107828,False,True
ENSG00000291884,0.5351638569387906,True,False
ENSG00000174586,0.9884003241552884,False,False
ENSG00000103199,0.651303345773445,False,False
ENSG00000186446,0.9135447234295009,False,True
ENSG00000196653,0.08771685357050264,False,True
ENSG00000165655,0.9703087278278311,False,False
ENSG00000226051,0.0001397617046039697,False,True
ENSG00000237149,0.23327955347312515,True,False
ENSG00000081665,0.6437484380858923,False,True
ENSG00000168813,0.40603635008782446,False,False
ENSG00000081386,0.2917403444795648,False,False
ENSG00000198546,0.45099217093361643,False,True
ENSG00000243943,0.5107616622540112,True,False
ENSG00000196700,0.09583159386688303,True,False
ENSG00000163795,0.41562260194879497,True,False
ENSG00000144026,0.7039861495263369,True,False
ENSG00000101493,0.05405022799013312,False,False
ENSG00000197363,0.00041345672457081945,True,False
ENSG00000177853,0.4666036214822298,False,False
ENSG00000178163,0.3278443471950506,False,True
ENSG00000175322,0.23441639115790464,False,False
ENSG00000198795,0.002086858853642658,False,False
ENSG00000171443,0.551003778645784,False,False
ENSG00000203326,0.013641975687516954,True,False
ENSG00000167625,0.004437791463880172,True,False
ENSG00000189164,0.9506977725270581,False,True
ENSG00000167555,0.6904288229928944,False,False
ENSG00000186020,0.8468247216543837,True,False
ENSG00000183647,0.017582764101747823,True,False
ENSG00000074657,0.41562260194879497,False,False
ENSG00000198633,0.6157904912859272,False,True
ENSG00000198597,0.6539840903783154,False,False
ENSG00000171817,0.00045082833703851007,False,False
ENSG00000118156,0.6325800730766368,False,False
ENSG00000178229,0.8169018986631806,False,False
ENSG00000198131,0.0006416402677940054,True,False
ENSG00000187187,0.02637361114396026,False,False
ENSG00000152433,0.9627906350072438,False,True
ENSG00000188785,0.9816960841823692,False,False
ENSG00000121406,0.5019004793146815,False,True
ENSG00000251369,0.2900433623011773,False,False
ENSG00000204519,0.9731431232675515,True,False
ENSG00000178935,0.43378906487122426,False,False
ENSG00000172006,0.7911071745580447,False,False
ENSG00000186300,0.9460872201279513,True,False
ENSG00000172000,0.24449046178006295,True,False
ENSG00000130544,0.04136909411416726,False,False
ENSG00000167785,0.8484730417605634,False,False
ENSG00000188321,0.9884003241552884,True,False
ENSG00000270011,0.40540324786885584,True,False
ENSG00000198028,0.09488052086796442,False,False
ENSG00000171469,0.024951736451924746,False,True
ENSG00000171466,0.8976956738320017,False,False
ENSG00000188868,0.9627906350072438,False,False
ENSG00000249709,0.05956944271357314,False,False
ENSG00000196357,0.007097714140714112,True,False
ENSG00000186017,0.08396172292214722,False,False
ENSG00000189042,0.21104928644210127,True,False
ENSG00000198453,0.3488930708560868,False,False
ENSG00000196437,0.7528354471352348,True,False
ENSG00000171970,0.011653896047618779,False,False
ENSG00000171827,0.843537681746238,False,False
ENSG00000180479,0.9912875674532804,True,False
ENSG00000180938,0.006415100388647098,True,False
ENSG00000189144,0.5182653724777262,False,False
ENSG00000105732,0.021088698726644022,True,False
ENSG00000176472,0.30331011535484415,False,True
ENSG00000124444,0.2611312474719329,True,False
ENSG00000161551,0.7683649063695428,False,True
ENSG00000258405,0.22701439326129677,True,False
ENSG00000218891,0.255356467494421,True,False
ENSG00000213015,0.05916538797052582,False,False
ENSG00000171425,0.05044487674502868,False,False
ENSG00000018869,0.1685938824910001,False,True
ENSG00000198440,0.26419583350005504,False,False
ENSG00000171574,0.8169018986631806,False,False
ENSG00000196967,0.4213187605081594,True,False
ENSG00000245680,0.6102276534195306,False,False
ENSG00000083828,0.512751963343949,False,True
ENSG00000198466,0.6084502925805204,False,False
ENSG00000269343,0.8082115353306712,True,False
ENSG00000164048,0.6758171240006762,False,False
ENSG00000166716,0.3278443471950506,False,True
ENSG00000142684,0.869349782758956,False,True
ENSG00000180626,0.046624479826893044,False,True
ENSG00000272602,0.6325800730766368,False,False
ENSG00000172748,0.0035278776415851526,False,True
ENSG00000167981,0.48747214940996786,False,False
ENSG00000292232,0.9656030691398102,False,True
ENSG00000153896,0.8838386131886712,True,False
ENSG00000189190,0.0018444464351240137,True,False
ENSG00000196458,0.5310173297198827,True,False
ENSG00000166704,0.8994430127919598,False,False
ENSG00000198182,0.05098728957634094,True,False
ENSG00000168916,0.7941899068540217,False,False
ENSG00000180357,0.18635223216729938,False,False
ENSG00000167554,0.5182653724777262,False,False
ENSG00000213020,0.7276473585454799,True,False
ENSG00000176024,0.6228154048378303,True,False
ENSG00000142556,0.9506977725270581,False,True
ENSG00000197619,0.3752855559414257,False,False
ENSG00000204611,0.41562260194879497,False,False
ENSG00000157657,0.18472865091461116,True,False
ENSG00000177873,0.6718860612012494,False,False
ENSG00000177842,0.021755151136953622,True,False
ENSG00000172888,0.7462764190832948,False,False
ENSG00000173545,0.12891339107500147,True,False
ENSG00000183309,0.0001147866252330571,True,False
ENSG00000197566,0.7683649063695428,False,False
ENSG00000257591,0.3877433584095274,False,False
ENSG00000213297,0.9345694517348019,False,False
ENSG00000188171,0.17941818394337153,False,True
ENSG00000198551,0.07897305842632306,False,False
ENSG00000197483,0.27681807718123913,True,False
ENSG00000102870,0.9260649655225167,True,False
ENSG00000221994,0.007553411561917691,False,True
ENSG00000075292,0.11077084324322485,False,False
ENSG00000121864,0.5403925781934952,False,False
ENSG00000167528,0.026761071578448984,False,True
ENSG00000122482,0.07745219961233833,False,False
ENSG00000167395,0.1701907266733598,False,False
ENSG00000179930,0.9534748818673352,False,False
ENSG00000198093,0.5414444368946989,False,True
ENSG00000198740,0.8864204184047004,True,False
ENSG00000161914,0.8264889020158215,False,False
ENSG00000175105,0.007350550518689816,False,False
ENSG00000197343,0.5310173297198827,False,False
ENSG00000274349,0.37419249198924803,False,True
ENSG00000198416,0.3499019420373608,False,False
ENSG00000144792,0.11059559603962513,False,True
ENSG00000182983,0.00032804404860352566,False,True
ENSG00000179195,0.3428401394095986,True,False
ENSG00000197497,0.716415207307324,False,True
ENSG00000198046,0.1379927398276936,False,True
ENSG00000167394,0.06062115665136346,False,False
ENSG00000188295,0.0924453537785658,True,False
ENSG00000277462,0.380798957339845,False,False
ENSG00000135747,0.098971361848031,False,False
ENSG00000083814,0.13350557304031743,False,True
ENSG00000171161,0.002356544173003338,True,False
ENSG00000251192,0.43378906487122426,False,False
ENSG00000197372,0.7594521225252041,False,False
ENSG00000196109,0.8166254017941111,False,False
ENSG00000197928,0.044067956850409255,False,True
ENSG00000181450,0.25961231091905224,False,False
ENSG00000197123,0.0988408687646491,False,False
ENSG00000173041,0.0586499135187321,False,True
ENSG00000196172,0.025466439864908118,False,False
ENSG00000197124,0.6301246464787518,False,False
ENSG00000176083,0.11811216396395953,False,True
ENSG00000117010,1.827341660372359e-05,False,True
ENSG00000143373,0.00018163437366389146,True,False
ENSG00000229809,0.5558465542560704,False,False
ENSG00000156853,0.45187001429844487,False,True
ENSG00000198429,0.015876319935373424,False,True
ENSG00000164011,0.9506977725270581,True,False
ENSG00000171163,5.9721749381728905e-05,True,False
ENSG00000197472,0.00775256157734753,False,False
ENSG00000185730,4.7615234156532364e-05,True,False
ENSG00000143067,0.14207708552231263,False,False
ENSG00000196110,0.24276682484732598,False,False
ENSG00000147789,0.00011116209047105967,True,False
ENSG00000187792,0.6640924006867255,False,False
ENSG00000196757,0.06438791214185696,False,False
ENSG00000167562,0.5807064113317143,True,False
ENSG00000242779,0.159039941680496,False,False
ENSG00000183779,0.5258793213338224,False,False
ENSG00000164684,0.14713818758765998,True,False
ENSG00000196946,0.17721824024615668,False,False
ENSG00000285124,0.3893771984308027,False,False
ENSG00000292386,0.3999458711295486,False,False
ENSG00000120963,0.0017501045888789933,True,False
ENSG00000274352,0.005686475970612797,True,False
ENSG00000182141,0.4044602769610365,False,True
ENSG00000242852,0.04406795685040955,False,True
ENSG00000197951,0.058535974917362184,False,False
ENSG00000140548,0.4960785964483295,False,False
ENSG00000147180,0.2877960642431118,False,False
ENSG00000178665,0.8289031814174833,False,False
ENSG00000160352,0.6525710891123018,False,False
ENSG00000182111,0.23675259184245495,False,False
ENSG00000227124,0.16184783303739514,False,True
ENSG00000250312,0.5182653724777262,False,False
ENSG00000182903,0.20162188227606184,False,False
ENSG00000213967,0.18617113185875345,True,False
ENSG00000214652,0.7397484863712742,False,True
ENSG00000279552,0.16583011075886686,False,False
ENSG00000186777,0.2680738758225977,True,False
ENSG00000223614,0.16895653641471803,False,False
ENSG00000234444,0.9874397796982158,False,False
ENSG00000237440,0.2278990074125342,False,True
ENSG00000172687,0.6338113721005718,False,False
ENSG00000185252,0.00454256480909922,True,False
ENSG00000139651,0.06694139301865497,True,False
ENSG00000181220,0.016505939346849102,True,False
ENSG00000169955,0.9797889530019297,False,False
ENSG00000186230,0.29689109581326834,False,False
ENSG00000141579,0.4589149670747682,False,False
ENSG00000162086,0.9215738736404122,True,False
ENSG00000186376,0.002097028711018977,False,False
ENSG00000065029,0.06694139301865497,True,False
ENSG00000160336,0.05554191022657251,True,False
ENSG00000197054,0.0098400631982,False,True
ENSG00000169951,0.656389144107828,True,False
ENSG00000196417,0.015419917140115823,True,False
ENSG00000196214,0.09226576111285263,True,False
ENSG00000169957,0.1374571063828397,True,False
ENSG00000175691,0.9874397796982158,False,False
ENSG00000198146,0.18562888622752893,False,True
ENSG00000179965,0.7773822889285338,False,False
ENSG00000197128,0.5167558627527982,False,False
ENSG00000152439,0.11516376763724923,False,False
ENSG00000196391,0.3978299303332715,False,False
ENSG00000196456,0.021755151136953622,False,False
ENSG00000152443,0.0713085573232822,False,False
ENSG00000196453,0.01828005727994793,True,False
ENSG00000170100,0.5142497771684864,False,False
ENSG00000197782,0.07670278894557792,False,False
ENSG00000128000,0.022728135396336932,False,False
ENSG00000290988,0.5695231992134334,False,False
ENSG00000196597,0.6468856075164668,False,False
ENSG00000204946,0.8634530530416704,False,False
ENSG00000179922,0.7865054977525469,False,False
ENSG00000197162,0.5107616622540112,False,False
ENSG00000197362,0.034191097171807044,False,False
ENSG00000142409,0.018369141203876973,True,False
ENSG00000198556,0.26368258289232577,True,False
ENSG00000196152,0.45099217093361643,True,False
ENSG00000197863,0.0207026929604483,False,True
ENSG00000173875,0.23237405416209425,False,True
ENSG00000180884,0.002750520816081404,True,False
ENSG00000188227,0.9759857983375362,False,True
ENSG00000196466,0.3278443471950506,False,True
ENSG00000278129,0.03779251764105622,True,False
ENSG00000174255,0.11640207585206441,False,True
ENSG00000048405,0.10368400803275411,False,False
ENSG00000170396,0.09005007251894914,False,False
ENSG00000182348,0.16895653641471803,False,False
ENSG00000204524,0.31016934707242383,False,False
ENSG00000198482,0.4380273221341927,False,False
ENSG00000197779,0.1286629523173662,False,False
ENSG00000198346,0.43378906487122426,True,False
ENSG00000204514,0.41040229050591726,False,True
ENSG00000180257,0.3974433123556129,False,False
ENSG00000221874,0.8722849608800702,False,False
ENSG00000102984,0.13080728562909524,True,False
ENSG00000197933,0.008340914623353957,False,False
ENSG00000291130,0.6516627906218719,False,False
ENSG00000151612,0.45187001429844487,False,False
ENSG00000185869,0.9153229121112986,True,False
ENSG00000167766,0.451870014298448,True,False
ENSG00000198783,0.8821215887400115,False,True
ENSG00000124203,0.0034971412455997368,False,True
ENSG00000197332,0.01625114943399581,False,True
ENSG00000127903,0.08527809750557229,False,False
ENSG00000196267,0.8289031814174833,True,False
ENSG00000152475,0.9646646794477719,False,False
ENSG00000022976,0.8050743765976687,False,False
ENSG00000198040,0.8838386131886712,False,True
ENSG00000197608,0.41400931876940616,True,False
ENSG00000176723,0.7297729092033649,False,False
ENSG00000223547,0.037136856816636886,False,False
ENSG00000213799,0.27681807718123913,True,False
ENSG00000196605,0.014127933230027392,False,True
ENSG00000215812,,False,False
ENSG00000278091,0.13586264850624483,False,False
ENSG00000267041,0.8994430127919598,False,True
ENSG00000236609,0.18294125659728158,False,False
ENSG00000197385,0.7039861495263369,False,False
ENSG00000106479,0.00623068298202166,False,True
ENSG00000261221,0.03402528228336534,False,False
ENSG00000198155,0.420091619356054,False,False
ENSG00000257446,0.8935425283246468,False,False
ENSG00000234284,0.021088698726644022,False,False
ENSG00000221923,0.07027611568422966,False,True
ENSG00000228623,0.03786607969598651,True,False
ENSG00000159904,0.19735491346486317,False,False
ENSG00000213988,0.34686364525689367,False,False
ENSG00000167232,0.6494063470802454,False,False
ENSG00000146757,0.7026185226629964,False,False
ENSG00000184635,0.22789900741253097,False,False
ENSG00000197360,0.581347874013252,True,False
ENSG00000213973,0.09334857431547947,True,False
ENSG00000124201,0.3485540105612531,False,False
ENSG00000106400,0.1099125746762891,False,True
ENSG00000174276,0.11012651636000251,False,False
ENSG00000273611,0.12891339107500147,True,False
ENSG00000117174,0.8659753094387994,False,False
ENSG00000186187,0.9627906350072438,False,False
ENSG00000180233,0.5142497771684864,False,False
ENSG00000237004,0.7638955157717768,True,False
ENSG00000225264,0.23998338590011148,False,False
ENSG00000183579,0.36520655802604113,True,False
ENSG00000105428,0.36787944117145116,False,False
ENSG00000149506,0.3359979728819632,False,False
ENSG00000284588,0.57693818937874,False,False
ENSG00000188372,3.0533252727768746e-05,True,False
ENSG00000116996,,False,False
ENSG00000042813,0.040635169553948886,False,False
ENSG00000186075,0.7214498640142072,False,False
ENSG00000170044,0.04771204183274121,False,True
ENSG00000019995,0.016732155263043277,False,True
ENSG00000132485,0.4951148695123805,False,True
ENSG00000235079,0.03301502836635483,False,True
ENSG00000121988,0.367700641932594,True,False
ENSG00000169249,0.2252554528012141,False,True
ENSG00000152467,0.05511789128336228,False,False
ENSG00000130182,0.4295148190856908,False,False
ENSG00000158691,0.48747214940996786,False,True
ENSG00000219891,0.047401536651985224,True,False
ENSG00000196812,0.009483136570542498,False,False
ENSG00000121413,0.8534372775192605,False,True
ENSG00000291625,0.0011498671138575143,False,False
ENSG00000121903,0.43000970690402607,True,False
ENSG00000166529,0.30037535253440634,False,False
ENSG00000182318,0.1992831337984575,True,False
ENSG00000187987,0.026054039269215082,False,True
ENSG00000140265,0.12891339107500147,True,False
ENSG00000186814,0.6102276534195306,False,False
ENSG00000180532,0.5965474038028857,False,False
ENSG00000131848,0.7376198545313661,False,False
ENSG00000197213,0.3941275391291588,False,False
ENSG00000168612,0.02483072923839724,True,False
ENSG00000163012,0.36787944117145116,False,False
ENSG00000132801,0.3021327849956571,False,False
ENSG00000132003,0.28362920613472287,False,False
ENSG00000162415,0.000136077649780189,True,False
ENSG00000130449,0.03857210017041502,False,True
ENSG00000214941,0.0004949350069719048,False,True
ENSG00000086827,0.09573846307356816,False,False
ENSG00000174442,0.0001518805593129436,False,False
ENSG00000122952,0.0002740400576641056,True,False
ENSG00000198205,0.09353027464612773,False,True
ENSG00000198455,0.7528354471352348,False,False
ENSG00000070476,0.2900433623011773,False,False
ENSG00000203995,0.6666801905045303,False,False
ENSG00000162378,0.0005810601398289326,False,True
ENSG00000285443,0.24158949047348857,True,False
ENSG00000074755,0.0019288124939828184,False,True
ENSG00000036549,0.2833535703875884,False,False
